2026-03-20 17:08:01,587 - INFO - 📂 正在加载数据: E:\document\PG\studio\content\bertopic_ready_data\bertopic_train_data.csv
2026-03-20 17:08:01,882 - INFO - 🔧 初始化 BERTopic 优化版流水线...
2026-03-20 17:08:01,884 - INFO - Use pytorch device_name: cuda:0
2026-03-20 17:08:01,884 - INFO - Load pretrained SentenceTransformer: paraphrase-multilingual-MiniLM-L12-v2
2026-03-20 17:08:02,854 - INFO - HTTP Request: HEAD https://hf-mirror.com/sentence-transformers/paraphrase-multilingual-MiniLM-L12-v2/resolve/main/modules.json "HTTP/1.1 307 Temporary Redirect"
2026-03-20 17:08:03,086 - INFO - HTTP Request: HEAD https://hf-mirror.com/api/resolve-cache/models/sentence-transformers/paraphrase-multilingual-MiniLM-L12-v2/e8f8c211226b894fcb81acc59f3b34ba3efd5f42/modules.json "HTTP/1.1 200 OK"
2026-03-20 17:08:03,414 - INFO - HTTP Request: HEAD https://hf-mirror.com/sentence-transformers/paraphrase-multilingual-MiniLM-L12-v2/resolve/main/config_sentence_transformers.json "HTTP/1.1 307 Temporary Redirect"
2026-03-20 17:08:03,641 - INFO - HTTP Request: HEAD https://hf-mirror.com/api/resolve-cache/models/sentence-transformers/paraphrase-multilingual-MiniLM-L12-v2/e8f8c211226b894fcb81acc59f3b34ba3efd5f42/config_sentence_transformers.json "HTTP/1.1 200 OK"
2026-03-20 17:08:04,013 - INFO - HTTP Request: HEAD https://hf-mirror.com/sentence-transformers/paraphrase-multilingual-MiniLM-L12-v2/resolve/main/config_sentence_transformers.json "HTTP/1.1 307 Temporary Redirect"
2026-03-20 17:08:04,148 - INFO - HTTP Request: HEAD https://hf-mirror.com/api/resolve-cache/models/sentence-transformers/paraphrase-multilingual-MiniLM-L12-v2/e8f8c211226b894fcb81acc59f3b34ba3efd5f42/config_sentence_transformers.json "HTTP/1.1 200 OK"
2026-03-20 17:08:04,448 - INFO - HTTP Request: HEAD https://hf-mirror.com/sentence-transformers/paraphrase-multilingual-MiniLM-L12-v2/resolve/main/README.md "HTTP/1.1 307 Temporary Redirect"
2026-03-20 17:08:04,598 - INFO - HTTP Request: HEAD https://hf-mirror.com/api/resolve-cache/models/sentence-transformers/paraphrase-multilingual-MiniLM-L12-v2/e8f8c211226b894fcb81acc59f3b34ba3efd5f42/README.md "HTTP/1.1 200 OK"
2026-03-20 17:08:04,960 - INFO - HTTP Request: HEAD https://hf-mirror.com/sentence-transformers/paraphrase-multilingual-MiniLM-L12-v2/resolve/main/modules.json "HTTP/1.1 307 Temporary Redirect"
2026-03-20 17:08:05,172 - INFO - HTTP Request: HEAD https://hf-mirror.com/api/resolve-cache/models/sentence-transformers/paraphrase-multilingual-MiniLM-L12-v2/e8f8c211226b894fcb81acc59f3b34ba3efd5f42/modules.json "HTTP/1.1 200 OK"
2026-03-20 17:08:05,575 - INFO - HTTP Request: HEAD https://hf-mirror.com/sentence-transformers/paraphrase-multilingual-MiniLM-L12-v2/resolve/main/sentence_bert_config.json "HTTP/1.1 307 Temporary Redirect"
2026-03-20 17:08:05,722 - INFO - HTTP Request: HEAD https://hf-mirror.com/api/resolve-cache/models/sentence-transformers/paraphrase-multilingual-MiniLM-L12-v2/e8f8c211226b894fcb81acc59f3b34ba3efd5f42/sentence_bert_config.json "HTTP/1.1 200 OK"
2026-03-20 17:08:06,088 - INFO - HTTP Request: HEAD https://hf-mirror.com/sentence-transformers/paraphrase-multilingual-MiniLM-L12-v2/resolve/main/adapter_config.json "HTTP/1.1 404 Not Found"
2026-03-20 17:08:06,397 - INFO - HTTP Request: HEAD https://hf-mirror.com/sentence-transformers/paraphrase-multilingual-MiniLM-L12-v2/resolve/main/config.json "HTTP/1.1 307 Temporary Redirect"
2026-03-20 17:08:06,562 - INFO - HTTP Request: HEAD https://hf-mirror.com/api/resolve-cache/models/sentence-transformers/paraphrase-multilingual-MiniLM-L12-v2/e8f8c211226b894fcb81acc59f3b34ba3efd5f42/config.json "HTTP/1.1 200 OK"
2026-03-20 17:08:07,015 - INFO - HTTP Request: HEAD https://hf-mirror.com/sentence-transformers/paraphrase-multilingual-MiniLM-L12-v2/resolve/main/config.json "HTTP/1.1 307 Temporary Redirect"
2026-03-20 17:08:07,243 - INFO - HTTP Request: HEAD https://hf-mirror.com/api/resolve-cache/models/sentence-transformers/paraphrase-multilingual-MiniLM-L12-v2/e8f8c211226b894fcb81acc59f3b34ba3efd5f42/config.json "HTTP/1.1 200 OK"
2026-03-20 17:08:07,568 - INFO - HTTP Request: HEAD https://hf-mirror.com/sentence-transformers/paraphrase-multilingual-MiniLM-L12-v2/resolve/main/tokenizer_config.json "HTTP/1.1 307 Temporary Redirect"
2026-03-20 17:08:07,732 - INFO - HTTP Request: HEAD https://hf-mirror.com/api/resolve-cache/models/sentence-transformers/paraphrase-multilingual-MiniLM-L12-v2/e8f8c211226b894fcb81acc59f3b34ba3efd5f42/tokenizer_config.json "HTTP/1.1 200 OK"
2026-03-20 17:08:08,066 - INFO - HTTP Request: HEAD https://hf-mirror.com/sentence-transformers/paraphrase-multilingual-MiniLM-L12-v2/resolve/main/tokenizer_config.json "HTTP/1.1 307 Temporary Redirect"
2026-03-20 17:08:08,200 - INFO - HTTP Request: HEAD https://hf-mirror.com/api/resolve-cache/models/sentence-transformers/paraphrase-multilingual-MiniLM-L12-v2/e8f8c211226b894fcb81acc59f3b34ba3efd5f42/tokenizer_config.json "HTTP/1.1 200 OK"
2026-03-20 17:08:08,375 - INFO - HTTP Request: GET https://hf-mirror.com/api/models/sentence-transformers/paraphrase-multilingual-MiniLM-L12-v2/tree/main/additional_chat_templates?recursive=false&expand=false "HTTP/1.1 404 Not Found"
2026-03-20 17:08:08,526 - INFO - HTTP Request: GET https://hf-mirror.com/api/models/sentence-transformers/paraphrase-multilingual-MiniLM-L12-v2/tree/main?recursive=true&expand=false "HTTP/1.1 200 OK"
2026-03-20 17:08:10,215 - INFO - HTTP Request: GET https://hf-mirror.com/api/models/sentence-transformers/paraphrase-multilingual-MiniLM-L12-v2 "HTTP/1.1 200 OK"
2026-03-20 17:08:10,680 - INFO - HTTP Request: HEAD https://hf-mirror.com/sentence-transformers/paraphrase-multilingual-MiniLM-L12-v2/resolve/main/1_Pooling/config.json "HTTP/1.1 307 Temporary Redirect"
2026-03-20 17:08:10,842 - INFO - HTTP Request: HEAD https://hf-mirror.com/api/resolve-cache/models/sentence-transformers/paraphrase-multilingual-MiniLM-L12-v2/e8f8c211226b894fcb81acc59f3b34ba3efd5f42/1_Pooling%2Fconfig.json "HTTP/1.1 200 OK"
2026-03-20 17:08:10,970 - INFO - HTTP Request: GET https://hf-mirror.com/api/models/sentence-transformers/paraphrase-multilingual-MiniLM-L12-v2 "HTTP/1.1 200 OK"
2026-03-20 17:08:11,304 - INFO - 🚀 阶段1：开始执行基础主题建模...
2026-03-20 17:08:49,910 - INFO - ⚠️ 降噪前，产生噪声/离群数据：8222 条
2026-03-20 17:08:49,911 - INFO - 🧹 阶段2：启动空间向量降噪！正在将散落笔记强行收编入最相似主题...
2026-03-20 17:08:57,975 - INFO - ✨ 降噪完成！当前剩余噪声数据：0 条 (挽救了 8222 条数据！)
2026-03-20 17:08:57,975 - INFO - 🎯 阶段3：基于【完整语义坐标】执行微观->宏观双层映射...
2026-03-20 17:08:58,357 - INFO - 💾 阶段4：正在保存结果与【微调好的本地模型】...
2026-03-20 17:08:58,870 - INFO - 🏆 【成功】专属 BERTopic 模型已成功保存在本地文件夹：E:\document\PG\studio\content\bertopic_results\saved_model
2026-03-20 17:08:59,008 - INFO - ✅ 聚类大功告成！树状报告已保存至：optimized_mapping_report.txt
2026-03-20 18:26:48,858 - INFO - 📂 正在加载数据: E:\document\PG\studio\content\bertopic_ready_data\bertopic_train_data.csv
2026-03-20 18:26:49,138 - INFO - 📊 有效数据量: 17675 条
2026-03-20 18:26:49,144 - INFO - 📊 平均文本长度: 285 字符
2026-03-20 18:26:49,175 - INFO - 🔧 初始化优化版 BERTopic 流水线...
2026-03-20 18:26:49,175 - INFO - 🤖 正在加载 BAAI/bge-large-zh-v1.5 模型，使用设备: cuda
2026-03-20 18:26:49,177 - INFO - Load pretrained SentenceTransformer: BAAI/bge-large-zh-v1.5
2026-03-20 18:26:49,989 - INFO - HTTP Request: HEAD https://hf-mirror.com/BAAI/bge-large-zh-v1.5/resolve/main/modules.json "HTTP/1.1 307 Temporary Redirect"
2026-03-20 18:26:50,173 - INFO - HTTP Request: HEAD https://hf-mirror.com/api/resolve-cache/models/BAAI/bge-large-zh-v1.5/79e7739b6ab944e86d6171e44d24c997fc1e0116/modules.json "HTTP/1.1 200 OK"
2026-03-20 18:26:50,481 - INFO - HTTP Request: HEAD https://hf-mirror.com/BAAI/bge-large-zh-v1.5/resolve/main/config_sentence_transformers.json "HTTP/1.1 307 Temporary Redirect"
2026-03-20 18:26:50,577 - INFO - HTTP Request: HEAD https://hf-mirror.com/api/resolve-cache/models/BAAI/bge-large-zh-v1.5/79e7739b6ab944e86d6171e44d24c997fc1e0116/config_sentence_transformers.json "HTTP/1.1 200 OK"
2026-03-20 18:26:50,867 - INFO - HTTP Request: HEAD https://hf-mirror.com/BAAI/bge-large-zh-v1.5/resolve/main/config_sentence_transformers.json "HTTP/1.1 307 Temporary Redirect"
2026-03-20 18:26:50,961 - INFO - HTTP Request: HEAD https://hf-mirror.com/api/resolve-cache/models/BAAI/bge-large-zh-v1.5/79e7739b6ab944e86d6171e44d24c997fc1e0116/config_sentence_transformers.json "HTTP/1.1 200 OK"
2026-03-20 18:26:51,208 - INFO - HTTP Request: HEAD https://hf-mirror.com/BAAI/bge-large-zh-v1.5/resolve/main/README.md "HTTP/1.1 307 Temporary Redirect"
2026-03-20 18:26:51,299 - INFO - HTTP Request: HEAD https://hf-mirror.com/api/resolve-cache/models/BAAI/bge-large-zh-v1.5/79e7739b6ab944e86d6171e44d24c997fc1e0116/README.md "HTTP/1.1 200 OK"
2026-03-20 18:26:51,595 - INFO - HTTP Request: HEAD https://hf-mirror.com/BAAI/bge-large-zh-v1.5/resolve/main/modules.json "HTTP/1.1 307 Temporary Redirect"
2026-03-20 18:26:51,699 - INFO - HTTP Request: HEAD https://hf-mirror.com/api/resolve-cache/models/BAAI/bge-large-zh-v1.5/79e7739b6ab944e86d6171e44d24c997fc1e0116/modules.json "HTTP/1.1 200 OK"
2026-03-20 18:26:51,954 - INFO - HTTP Request: HEAD https://hf-mirror.com/BAAI/bge-large-zh-v1.5/resolve/main/sentence_bert_config.json "HTTP/1.1 307 Temporary Redirect"
2026-03-20 18:26:52,037 - INFO - HTTP Request: HEAD https://hf-mirror.com/api/resolve-cache/models/BAAI/bge-large-zh-v1.5/79e7739b6ab944e86d6171e44d24c997fc1e0116/sentence_bert_config.json "HTTP/1.1 200 OK"
2026-03-20 18:26:52,300 - INFO - HTTP Request: HEAD https://hf-mirror.com/BAAI/bge-large-zh-v1.5/resolve/main/adapter_config.json "HTTP/1.1 404 Not Found"
2026-03-20 18:26:52,574 - INFO - HTTP Request: HEAD https://hf-mirror.com/BAAI/bge-large-zh-v1.5/resolve/main/config.json "HTTP/1.1 307 Temporary Redirect"
2026-03-20 18:26:52,666 - INFO - HTTP Request: HEAD https://hf-mirror.com/api/resolve-cache/models/BAAI/bge-large-zh-v1.5/79e7739b6ab944e86d6171e44d24c997fc1e0116/config.json "HTTP/1.1 200 OK"
2026-03-20 18:26:52,925 - INFO - HTTP Request: HEAD https://hf-mirror.com/BAAI/bge-large-zh-v1.5/resolve/main/model.safetensors "HTTP/1.1 404 Not Found"
2026-03-20 18:26:53,026 - INFO - HTTP Request: GET https://hf-mirror.com/api/models/BAAI/bge-large-zh-v1.5 "HTTP/1.1 200 OK"
2026-03-20 18:26:53,131 - INFO - HTTP Request: GET https://hf-mirror.com/api/models/BAAI/bge-large-zh-v1.5/commits/main "HTTP/1.1 200 OK"
2026-03-20 18:26:53,221 - INFO - HTTP Request: GET https://hf-mirror.com/api/models/BAAI/bge-large-zh-v1.5/discussions?p=0 "HTTP/1.1 200 OK"
2026-03-20 18:26:53,319 - INFO - HTTP Request: GET https://hf-mirror.com/api/models/BAAI/bge-large-zh-v1.5/commits/refs%2Fpr%2F35 "HTTP/1.1 200 OK"
2026-03-20 18:26:53,496 - INFO - HTTP Request: HEAD https://hf-mirror.com/BAAI/bge-large-zh-v1.5/resolve/main/config.json "HTTP/1.1 307 Temporary Redirect"
2026-03-20 18:26:53,608 - INFO - HTTP Request: HEAD https://hf-mirror.com/BAAI/bge-large-zh-v1.5/resolve/refs%2Fpr%2F35/model.safetensors.index.json "HTTP/1.1 404 Not Found"
2026-03-20 18:26:53,611 - INFO - HTTP Request: HEAD https://hf-mirror.com/api/resolve-cache/models/BAAI/bge-large-zh-v1.5/79e7739b6ab944e86d6171e44d24c997fc1e0116/config.json "HTTP/1.1 200 OK"
2026-03-20 18:26:53,888 - INFO - HTTP Request: HEAD https://hf-mirror.com/BAAI/bge-large-zh-v1.5/resolve/refs%2Fpr%2F35/model.safetensors "HTTP/1.1 302 Found"
2026-03-20 18:26:53,891 - INFO - HTTP Request: HEAD https://hf-mirror.com/BAAI/bge-large-zh-v1.5/resolve/main/tokenizer_config.json "HTTP/1.1 307 Temporary Redirect"
2026-03-20 18:26:53,979 - INFO - HTTP Request: HEAD https://hf-mirror.com/api/resolve-cache/models/BAAI/bge-large-zh-v1.5/79e7739b6ab944e86d6171e44d24c997fc1e0116/tokenizer_config.json "HTTP/1.1 200 OK"
2026-03-20 18:26:54,063 - INFO - HTTP Request: GET https://hf-mirror.com/api/models/BAAI/bge-large-zh-v1.5/tree/main/additional_chat_templates?recursive=false&expand=false "HTTP/1.1 404 Not Found"
2026-03-20 18:26:54,185 - INFO - HTTP Request: GET https://hf-mirror.com/api/models/BAAI/bge-large-zh-v1.5/tree/main?recursive=true&expand=false "HTTP/1.1 200 OK"
2026-03-20 18:26:54,475 - INFO - HTTP Request: HEAD https://hf-mirror.com/BAAI/bge-large-zh-v1.5/resolve/main/1_Pooling/config.json "HTTP/1.1 307 Temporary Redirect"
2026-03-20 18:26:54,682 - INFO - HTTP Request: HEAD https://hf-mirror.com/api/resolve-cache/models/BAAI/bge-large-zh-v1.5/79e7739b6ab944e86d6171e44d24c997fc1e0116/1_Pooling%2Fconfig.json "HTTP/1.1 200 OK"
2026-03-20 18:26:54,782 - INFO - HTTP Request: GET https://hf-mirror.com/api/models/BAAI/bge-large-zh-v1.5 "HTTP/1.1 200 OK"
2026-03-20 18:26:55,547 - INFO - 🚀 阶段1：开始执行 Guided BERTopic (先验引导聚类)...
2026-03-20 18:32:48,481 - INFO - 📊 初始聚类完成！噪声数据: 7087 条 (40.1%)
2026-03-20 18:32:48,481 - INFO - 📊 发现有效主题数: 49 个
2026-03-20 18:32:48,481 - INFO - 🔄 阶段2：执行多策略离群点回收...
2026-03-20 18:32:48,481 - INFO -    → 策略A: 基于嵌入向量相似度回收...
2026-03-20 18:34:49,409 - INFO -    → 策略B: 基于c-TF-IDF分布回收...
2026-03-20 18:34:49,412 - INFO -    → 策略C: 基于概率分布兜底回收...
2026-03-20 18:34:51,162 - INFO - ✅ 离群点回收完成！回收 7066 条，剩余噪声: 21 条 (0.1%)
2026-03-20 18:34:51,162 - INFO - 🎯 阶段3：基于【关键词+真实语境】执行高精度语义映射...
2026-03-20 18:34:53,120 - INFO - 📈 正在评估聚类质量...
2026-03-20 18:34:53,150 - INFO - 💾 阶段4：正在保存结果与本地微调模型...
2026-03-20 18:34:53,663 - INFO - 🏆 模型已保存至：E:\document\PG\studio\content\bertopic_results_optimized\saved_model
2026-03-20 18:34:53,911 - INFO - 📄 分类结果CSV已保存至：E:\document\PG\studio\content\bertopic_results_optimized\final_pro_topics.csv
2026-03-20 22:09:36,646 - INFO - 📂 正在加载数据: E:\document\PG\studio\content\bertopic_ready_data\bertopic_train_data.csv
2026-03-20 22:09:36,925 - INFO - 📊 有效数据量: 17675 条
2026-03-20 22:09:36,932 - INFO - 📊 平均文本长度: 285 字符
2026-03-20 22:09:36,970 - INFO - 🔧 初始化优化版 BERTopic 流水线...
2026-03-20 22:09:36,971 - INFO - 🤖 正在加载 BAAI/bge-large-zh-v1.5 模型，使用设备: cuda
2026-03-20 22:09:36,973 - INFO - Load pretrained SentenceTransformer: BAAI/bge-large-zh-v1.5
2026-03-20 22:11:47,493 - WARNING - '_ssl.c:999: The handshake operation timed out' thrown while requesting HEAD https://hf-mirror.com/BAAI/bge-large-zh-v1.5/resolve/main/adapter_config.json
2026-03-20 22:11:47,493 - WARNING - Retrying in 1s [Retry 1/5].
2026-03-20 22:12:48,530 - WARNING - '_ssl.c:999: The handshake operation timed out' thrown while requesting HEAD https://hf-mirror.com/BAAI/bge-large-zh-v1.5/resolve/main/adapter_config.json
2026-03-20 22:12:48,530 - WARNING - Retrying in 2s [Retry 2/5].
2026-03-20 22:13:50,553 - WARNING - '_ssl.c:999: The handshake operation timed out' thrown while requesting HEAD https://hf-mirror.com/BAAI/bge-large-zh-v1.5/resolve/main/adapter_config.json
2026-03-20 22:13:50,554 - WARNING - Retrying in 4s [Retry 3/5].
2026-03-20 22:14:54,560 - WARNING - '_ssl.c:999: The handshake operation timed out' thrown while requesting HEAD https://hf-mirror.com/BAAI/bge-large-zh-v1.5/resolve/main/adapter_config.json
2026-03-20 22:14:54,561 - WARNING - Retrying in 8s [Retry 4/5].
2026-03-20 22:16:02,593 - WARNING - '_ssl.c:999: The handshake operation timed out' thrown while requesting HEAD https://hf-mirror.com/BAAI/bge-large-zh-v1.5/resolve/main/adapter_config.json
2026-03-20 22:16:02,593 - WARNING - Retrying in 8s [Retry 5/5].
2026-03-20 22:24:28,379 - INFO - 📂 正在加载数据: E:\document\PG\studio\content\bertopic_ready_data\bertopic_train_data.csv
2026-03-20 22:24:28,636 - INFO - 📊 有效数据量: 17675 条
2026-03-20 22:24:28,640 - INFO - 📊 平均文本长度: 285 字符
2026-03-20 22:24:28,674 - INFO - 🔧 初始化优化版 BERTopic 流水线...
2026-03-20 22:24:28,676 - INFO - 🤖 正在加载 BAAI/bge-large-zh-v1.5 模型，使用设备: cuda
2026-03-20 22:24:28,678 - INFO - Load pretrained SentenceTransformer: BAAI/bge-large-zh-v1.5
2026-03-20 22:24:29,552 - INFO - HTTP Request: HEAD https://hf-mirror.com/BAAI/bge-large-zh-v1.5/resolve/main/modules.json "HTTP/1.1 307 Temporary Redirect"
2026-03-20 22:24:29,652 - INFO - HTTP Request: HEAD https://hf-mirror.com/api/resolve-cache/models/BAAI/bge-large-zh-v1.5/79e7739b6ab944e86d6171e44d24c997fc1e0116/modules.json "HTTP/1.1 200 OK"
2026-03-20 22:24:29,941 - INFO - HTTP Request: HEAD https://hf-mirror.com/BAAI/bge-large-zh-v1.5/resolve/main/config_sentence_transformers.json "HTTP/1.1 307 Temporary Redirect"
2026-03-20 22:24:30,039 - INFO - HTTP Request: HEAD https://hf-mirror.com/api/resolve-cache/models/BAAI/bge-large-zh-v1.5/79e7739b6ab944e86d6171e44d24c997fc1e0116/config_sentence_transformers.json "HTTP/1.1 200 OK"
2026-03-20 22:24:30,335 - INFO - HTTP Request: HEAD https://hf-mirror.com/BAAI/bge-large-zh-v1.5/resolve/main/config_sentence_transformers.json "HTTP/1.1 307 Temporary Redirect"
2026-03-20 22:24:30,567 - INFO - HTTP Request: HEAD https://hf-mirror.com/api/resolve-cache/models/BAAI/bge-large-zh-v1.5/79e7739b6ab944e86d6171e44d24c997fc1e0116/config_sentence_transformers.json "HTTP/1.1 200 OK"
2026-03-20 22:24:30,845 - INFO - HTTP Request: HEAD https://hf-mirror.com/BAAI/bge-large-zh-v1.5/resolve/main/README.md "HTTP/1.1 307 Temporary Redirect"
2026-03-20 22:24:31,054 - INFO - HTTP Request: HEAD https://hf-mirror.com/api/resolve-cache/models/BAAI/bge-large-zh-v1.5/79e7739b6ab944e86d6171e44d24c997fc1e0116/README.md "HTTP/1.1 200 OK"
2026-03-20 22:24:31,375 - INFO - HTTP Request: HEAD https://hf-mirror.com/BAAI/bge-large-zh-v1.5/resolve/main/modules.json "HTTP/1.1 307 Temporary Redirect"
2026-03-20 22:24:31,607 - INFO - HTTP Request: HEAD https://hf-mirror.com/api/resolve-cache/models/BAAI/bge-large-zh-v1.5/79e7739b6ab944e86d6171e44d24c997fc1e0116/modules.json "HTTP/1.1 200 OK"
2026-03-20 22:24:31,960 - INFO - HTTP Request: HEAD https://hf-mirror.com/BAAI/bge-large-zh-v1.5/resolve/main/sentence_bert_config.json "HTTP/1.1 307 Temporary Redirect"
2026-03-20 22:24:32,196 - INFO - HTTP Request: HEAD https://hf-mirror.com/api/resolve-cache/models/BAAI/bge-large-zh-v1.5/79e7739b6ab944e86d6171e44d24c997fc1e0116/sentence_bert_config.json "HTTP/1.1 200 OK"
2026-03-20 22:24:32,499 - INFO - HTTP Request: HEAD https://hf-mirror.com/BAAI/bge-large-zh-v1.5/resolve/main/adapter_config.json "HTTP/1.1 404 Not Found"
2026-03-20 22:24:32,819 - INFO - HTTP Request: HEAD https://hf-mirror.com/BAAI/bge-large-zh-v1.5/resolve/main/config.json "HTTP/1.1 307 Temporary Redirect"
2026-03-20 22:24:32,973 - INFO - HTTP Request: HEAD https://hf-mirror.com/api/resolve-cache/models/BAAI/bge-large-zh-v1.5/79e7739b6ab944e86d6171e44d24c997fc1e0116/config.json "HTTP/1.1 200 OK"
2026-03-20 22:24:33,293 - INFO - HTTP Request: HEAD https://hf-mirror.com/BAAI/bge-large-zh-v1.5/resolve/main/model.safetensors "HTTP/1.1 404 Not Found"
2026-03-20 22:24:33,461 - INFO - HTTP Request: GET https://hf-mirror.com/api/models/BAAI/bge-large-zh-v1.5 "HTTP/1.1 200 OK"
2026-03-20 22:24:33,645 - INFO - HTTP Request: GET https://hf-mirror.com/api/models/BAAI/bge-large-zh-v1.5/commits/main "HTTP/1.1 200 OK"
2026-03-20 22:24:33,927 - INFO - HTTP Request: GET https://hf-mirror.com/api/models/BAAI/bge-large-zh-v1.5/discussions?p=0 "HTTP/1.1 200 OK"
2026-03-20 22:24:34,117 - INFO - HTTP Request: GET https://hf-mirror.com/api/models/BAAI/bge-large-zh-v1.5/commits/refs%2Fpr%2F35 "HTTP/1.1 200 OK"
2026-03-20 22:24:34,271 - INFO - HTTP Request: HEAD https://hf-mirror.com/BAAI/bge-large-zh-v1.5/resolve/main/config.json "HTTP/1.1 307 Temporary Redirect"
2026-03-20 22:24:34,409 - INFO - HTTP Request: HEAD https://hf-mirror.com/BAAI/bge-large-zh-v1.5/resolve/refs%2Fpr%2F35/model.safetensors.index.json "HTTP/1.1 404 Not Found"
2026-03-20 22:24:34,415 - INFO - HTTP Request: HEAD https://hf-mirror.com/api/resolve-cache/models/BAAI/bge-large-zh-v1.5/79e7739b6ab944e86d6171e44d24c997fc1e0116/config.json "HTTP/1.1 200 OK"
2026-03-20 22:24:34,729 - INFO - HTTP Request: HEAD https://hf-mirror.com/BAAI/bge-large-zh-v1.5/resolve/main/tokenizer_config.json "HTTP/1.1 307 Temporary Redirect"
2026-03-20 22:24:34,742 - INFO - HTTP Request: HEAD https://hf-mirror.com/BAAI/bge-large-zh-v1.5/resolve/refs%2Fpr%2F35/model.safetensors "HTTP/1.1 302 Found"
2026-03-20 22:24:34,889 - INFO - HTTP Request: HEAD https://hf-mirror.com/api/resolve-cache/models/BAAI/bge-large-zh-v1.5/79e7739b6ab944e86d6171e44d24c997fc1e0116/tokenizer_config.json "HTTP/1.1 200 OK"
2026-03-20 22:24:35,009 - INFO - HTTP Request: GET https://hf-mirror.com/api/models/BAAI/bge-large-zh-v1.5/tree/main/additional_chat_templates?recursive=false&expand=false "HTTP/1.1 404 Not Found"
2026-03-20 22:24:35,213 - INFO - HTTP Request: GET https://hf-mirror.com/api/models/BAAI/bge-large-zh-v1.5/tree/main?recursive=true&expand=false "HTTP/1.1 200 OK"
2026-03-20 22:24:35,542 - INFO - HTTP Request: HEAD https://hf-mirror.com/BAAI/bge-large-zh-v1.5/resolve/main/1_Pooling/config.json "HTTP/1.1 307 Temporary Redirect"
2026-03-20 22:24:35,653 - INFO - HTTP Request: HEAD https://hf-mirror.com/api/resolve-cache/models/BAAI/bge-large-zh-v1.5/79e7739b6ab944e86d6171e44d24c997fc1e0116/1_Pooling%2Fconfig.json "HTTP/1.1 200 OK"
2026-03-20 22:24:35,774 - INFO - HTTP Request: GET https://hf-mirror.com/api/models/BAAI/bge-large-zh-v1.5 "HTTP/1.1 200 OK"
2026-03-20 22:24:37,185 - INFO - 🚀 阶段1：开始执行 Guided BERTopic (先验引导聚类)...
2026-03-20 22:30:20,410 - INFO - 📊 初始聚类完成！噪声数据: 7087 条 (40.1%)
2026-03-20 22:30:20,410 - INFO - 📊 发现有效主题数: 49 个
2026-03-20 22:30:20,410 - INFO - 🔄 阶段2：执行多策略离群点回收...
2026-03-20 22:30:20,411 - INFO -    → 策略A: 基于嵌入向量相似度回收...
2026-03-20 22:32:17,765 - INFO -    → 策略B: 基于c-TF-IDF分布回收...
2026-03-20 22:32:17,768 - INFO -    → 策略C: 基于概率分布兜底回收...
2026-03-20 22:32:19,511 - INFO - ✅ 离群点回收完成！回收 7066 条，剩余噪声: 21 条 (0.1%)
2026-03-20 22:32:19,511 - INFO - 🎯 阶段3：基于【关键词+真实语境】执行高精度语义映射...
2026-03-20 22:32:21,461 - INFO - 📈 正在评估聚类质量...
2026-03-20 22:32:21,491 - INFO - 💾 阶段4：正在保存结果与本地微调模型...
2026-03-20 22:32:22,017 - INFO - 🏆 模型已保存至：E:\document\PG\studio\content\bertopic_results_optimized\saved_model
2026-03-20 22:32:22,262 - INFO - 📄 分类结果CSV已保存至：E:\document\PG\studio\content\bertopic_results_optimized\final_pro_topics.csv
2026-03-20 22:32:22,295 - INFO - ✅ 详细审查报告已保存至：E:\document\PG\studio\content\bertopic_results_optimized\pro_mapping_report.txt
2026-03-20 22:32:22,312 - INFO - 📊 主题分布统计已保存至：E:\document\PG\studio\content\bertopic_results_optimized\topic_distribution_stats.csv
2026-03-20 22:32:22,312 - INFO - 🎉 全部流程执行完毕！
2026-03-27 14:44:24,791 - INFO - 📂 正在加载数据: E:\document\PG\studio\content\bertopic_ready_data\bertopic_train_data.csv
2026-03-27 14:44:25,098 - INFO - 📊 有效数据量: 17763 条
2026-03-27 14:44:25,103 - INFO - 📊 平均文本长度: 285 字符
2026-03-27 14:44:25,142 - INFO - 🔧 初始化优化版 BERTopic 流水线...
2026-03-27 14:44:25,142 - INFO - 🤖 正在加载 BAAI/bge-large-zh-v1.5 模型，使用设备: cuda
2026-03-27 14:44:25,145 - INFO - Load pretrained SentenceTransformer: BAAI/bge-large-zh-v1.5
2026-03-27 14:44:25,852 - INFO - HTTP Request: HEAD https://hf-mirror.com/BAAI/bge-large-zh-v1.5/resolve/main/modules.json "HTTP/1.1 307 Temporary Redirect"
2026-03-27 14:44:25,953 - INFO - HTTP Request: HEAD https://hf-mirror.com/api/resolve-cache/models/BAAI/bge-large-zh-v1.5/79e7739b6ab944e86d6171e44d24c997fc1e0116/modules.json "HTTP/1.1 200 OK"
2026-03-27 14:44:26,260 - INFO - HTTP Request: HEAD https://hf-mirror.com/BAAI/bge-large-zh-v1.5/resolve/main/config_sentence_transformers.json "HTTP/1.1 307 Temporary Redirect"
2026-03-27 14:44:26,363 - INFO - HTTP Request: HEAD https://hf-mirror.com/api/resolve-cache/models/BAAI/bge-large-zh-v1.5/79e7739b6ab944e86d6171e44d24c997fc1e0116/config_sentence_transformers.json "HTTP/1.1 200 OK"
2026-03-27 14:44:26,669 - INFO - HTTP Request: HEAD https://hf-mirror.com/BAAI/bge-large-zh-v1.5/resolve/main/config_sentence_transformers.json "HTTP/1.1 307 Temporary Redirect"
2026-03-27 14:44:26,874 - INFO - HTTP Request: HEAD https://hf-mirror.com/api/resolve-cache/models/BAAI/bge-large-zh-v1.5/79e7739b6ab944e86d6171e44d24c997fc1e0116/config_sentence_transformers.json "HTTP/1.1 200 OK"
2026-03-27 14:44:27,180 - INFO - HTTP Request: HEAD https://hf-mirror.com/BAAI/bge-large-zh-v1.5/resolve/main/README.md "HTTP/1.1 307 Temporary Redirect"
2026-03-27 14:44:27,289 - INFO - HTTP Request: HEAD https://hf-mirror.com/api/resolve-cache/models/BAAI/bge-large-zh-v1.5/79e7739b6ab944e86d6171e44d24c997fc1e0116/README.md "HTTP/1.1 200 OK"
2026-03-27 14:44:27,590 - INFO - HTTP Request: HEAD https://hf-mirror.com/BAAI/bge-large-zh-v1.5/resolve/main/modules.json "HTTP/1.1 307 Temporary Redirect"
2026-03-27 14:44:27,692 - INFO - HTTP Request: HEAD https://hf-mirror.com/api/resolve-cache/models/BAAI/bge-large-zh-v1.5/79e7739b6ab944e86d6171e44d24c997fc1e0116/modules.json "HTTP/1.1 200 OK"
2026-03-27 14:44:28,000 - INFO - HTTP Request: HEAD https://hf-mirror.com/BAAI/bge-large-zh-v1.5/resolve/main/sentence_bert_config.json "HTTP/1.1 307 Temporary Redirect"
2026-03-27 14:44:28,077 - INFO - HTTP Request: HEAD https://hf-mirror.com/api/resolve-cache/models/BAAI/bge-large-zh-v1.5/79e7739b6ab944e86d6171e44d24c997fc1e0116/sentence_bert_config.json "HTTP/1.1 200 OK"
2026-03-27 14:44:28,413 - INFO - HTTP Request: HEAD https://hf-mirror.com/BAAI/bge-large-zh-v1.5/resolve/main/adapter_config.json "HTTP/1.1 404 Not Found"
2026-03-27 14:44:28,655 - INFO - HTTP Request: HEAD https://hf-mirror.com/BAAI/bge-large-zh-v1.5/resolve/main/config.json "HTTP/1.1 307 Temporary Redirect"
2026-03-27 14:44:28,820 - INFO - HTTP Request: HEAD https://hf-mirror.com/api/resolve-cache/models/BAAI/bge-large-zh-v1.5/79e7739b6ab944e86d6171e44d24c997fc1e0116/config.json "HTTP/1.1 200 OK"
2026-03-27 14:44:29,229 - INFO - HTTP Request: HEAD https://hf-mirror.com/BAAI/bge-large-zh-v1.5/resolve/main/model.safetensors "HTTP/1.1 404 Not Found"
2026-03-27 14:44:29,332 - INFO - HTTP Request: GET https://hf-mirror.com/api/models/BAAI/bge-large-zh-v1.5 "HTTP/1.1 200 OK"
2026-03-27 14:44:29,434 - INFO - HTTP Request: GET https://hf-mirror.com/api/models/BAAI/bge-large-zh-v1.5/commits/main "HTTP/1.1 200 OK"
2026-03-27 14:44:29,571 - INFO - HTTP Request: GET https://hf-mirror.com/api/models/BAAI/bge-large-zh-v1.5/discussions?p=0 "HTTP/1.1 200 OK"
2026-03-27 14:44:29,648 - INFO - HTTP Request: GET https://hf-mirror.com/api/models/BAAI/bge-large-zh-v1.5/commits/refs%2Fpr%2F35 "HTTP/1.1 200 OK"
2026-03-27 14:44:29,947 - INFO - HTTP Request: HEAD https://hf-mirror.com/BAAI/bge-large-zh-v1.5/resolve/refs%2Fpr%2F35/model.safetensors.index.json "HTTP/1.1 404 Not Found"
2026-03-27 14:44:30,151 - INFO - HTTP Request: HEAD https://hf-mirror.com/BAAI/bge-large-zh-v1.5/resolve/main/config.json "HTTP/1.1 307 Temporary Redirect"
2026-03-27 14:44:30,254 - INFO - HTTP Request: HEAD https://hf-mirror.com/BAAI/bge-large-zh-v1.5/resolve/refs%2Fpr%2F35/model.safetensors "HTTP/1.1 302 Found"
2026-03-27 14:44:30,261 - INFO - HTTP Request: HEAD https://hf-mirror.com/api/resolve-cache/models/BAAI/bge-large-zh-v1.5/79e7739b6ab944e86d6171e44d24c997fc1e0116/config.json "HTTP/1.1 200 OK"
2026-03-27 14:44:30,561 - INFO - HTTP Request: HEAD https://hf-mirror.com/BAAI/bge-large-zh-v1.5/resolve/main/tokenizer_config.json "HTTP/1.1 307 Temporary Redirect"
2026-03-27 14:44:30,650 - INFO - HTTP Request: HEAD https://hf-mirror.com/api/resolve-cache/models/BAAI/bge-large-zh-v1.5/79e7739b6ab944e86d6171e44d24c997fc1e0116/tokenizer_config.json "HTTP/1.1 200 OK"
2026-03-27 14:44:30,765 - INFO - HTTP Request: GET https://hf-mirror.com/api/models/BAAI/bge-large-zh-v1.5/tree/main/additional_chat_templates?recursive=false&expand=false "HTTP/1.1 404 Not Found"
2026-03-27 14:44:30,838 - INFO - HTTP Request: GET https://hf-mirror.com/api/models/BAAI/bge-large-zh-v1.5/tree/main?recursive=true&expand=false "HTTP/1.1 200 OK"
2026-03-27 14:44:31,135 - INFO - HTTP Request: HEAD https://hf-mirror.com/BAAI/bge-large-zh-v1.5/resolve/main/1_Pooling/config.json "HTTP/1.1 307 Temporary Redirect"
2026-03-27 14:44:31,315 - INFO - HTTP Request: HEAD https://hf-mirror.com/api/resolve-cache/models/BAAI/bge-large-zh-v1.5/79e7739b6ab944e86d6171e44d24c997fc1e0116/1_Pooling%2Fconfig.json "HTTP/1.1 200 OK"
2026-03-27 14:44:31,403 - INFO - HTTP Request: GET https://hf-mirror.com/api/models/BAAI/bge-large-zh-v1.5 "HTTP/1.1 200 OK"
2026-03-27 14:44:33,427 - INFO - 🚀 阶段1：开始执行 Guided BERTopic (先验引导聚类)...
2026-03-27 14:52:43,344 - INFO - 📊 初始聚类完成！噪声数据: 6375 条 (35.9%)
2026-03-27 14:52:43,346 - INFO - 📊 发现有效主题数: 49 个
2026-03-27 14:52:43,347 - INFO - 🔄 阶段2：执行多策略离群点回收...
2026-03-27 14:52:43,347 - INFO -    → 策略A: 基于嵌入向量相似度回收...
2026-03-27 14:55:26,541 - INFO -    → 策略B: 基于c-TF-IDF分布回收...
2026-03-27 18:49:43,097 - INFO - 📂 正在加载数据: E:\document\PG\studio\content\bertopic_ready_data\bertopic_train_data.csv
2026-03-27 18:49:43,379 - INFO - 📊 有效数据量: 17763 条
2026-03-27 18:49:43,385 - INFO - 📊 平均文本长度: 285 字符
2026-03-27 18:49:43,429 - INFO - 🔧 初始化最终优化版 BERTopic 流水线...
2026-03-27 18:49:43,429 - INFO - 🤖 正在加载 BAAI/bge-large-zh-v1.5 模型，使用设备: cuda
2026-03-27 18:49:43,431 - INFO - Load pretrained SentenceTransformer: BAAI/bge-large-zh-v1.5
2026-03-27 18:49:44,530 - INFO - HTTP Request: HEAD https://hf-mirror.com/BAAI/bge-large-zh-v1.5/resolve/main/modules.json "HTTP/1.1 307 Temporary Redirect"
2026-03-27 18:49:44,939 - INFO - HTTP Request: HEAD https://hf-mirror.com/api/resolve-cache/models/BAAI/bge-large-zh-v1.5/79e7739b6ab944e86d6171e44d24c997fc1e0116/modules.json "HTTP/1.1 200 OK"
2026-03-27 18:49:45,348 - INFO - HTTP Request: HEAD https://hf-mirror.com/BAAI/bge-large-zh-v1.5/resolve/main/config_sentence_transformers.json "HTTP/1.1 307 Temporary Redirect"
2026-03-27 18:49:45,653 - INFO - HTTP Request: HEAD https://hf-mirror.com/api/resolve-cache/models/BAAI/bge-large-zh-v1.5/79e7739b6ab944e86d6171e44d24c997fc1e0116/config_sentence_transformers.json "HTTP/1.1 200 OK"
2026-03-27 18:49:46,141 - INFO - HTTP Request: HEAD https://hf-mirror.com/BAAI/bge-large-zh-v1.5/resolve/main/config_sentence_transformers.json "HTTP/1.1 307 Temporary Redirect"
2026-03-27 18:49:46,372 - INFO - HTTP Request: HEAD https://hf-mirror.com/api/resolve-cache/models/BAAI/bge-large-zh-v1.5/79e7739b6ab944e86d6171e44d24c997fc1e0116/config_sentence_transformers.json "HTTP/1.1 200 OK"
2026-03-27 18:49:46,784 - INFO - HTTP Request: HEAD https://hf-mirror.com/BAAI/bge-large-zh-v1.5/resolve/main/README.md "HTTP/1.1 307 Temporary Redirect"
2026-03-27 18:49:47,089 - INFO - HTTP Request: HEAD https://hf-mirror.com/api/resolve-cache/models/BAAI/bge-large-zh-v1.5/79e7739b6ab944e86d6171e44d24c997fc1e0116/README.md "HTTP/1.1 200 OK"
2026-03-27 18:49:47,499 - INFO - HTTP Request: HEAD https://hf-mirror.com/BAAI/bge-large-zh-v1.5/resolve/main/modules.json "HTTP/1.1 307 Temporary Redirect"
2026-03-27 18:49:47,806 - INFO - HTTP Request: HEAD https://hf-mirror.com/api/resolve-cache/models/BAAI/bge-large-zh-v1.5/79e7739b6ab944e86d6171e44d24c997fc1e0116/modules.json "HTTP/1.1 200 OK"
2026-03-27 18:49:48,216 - INFO - HTTP Request: HEAD https://hf-mirror.com/BAAI/bge-large-zh-v1.5/resolve/main/sentence_bert_config.json "HTTP/1.1 307 Temporary Redirect"
2026-03-27 18:49:48,420 - INFO - HTTP Request: HEAD https://hf-mirror.com/api/resolve-cache/models/BAAI/bge-large-zh-v1.5/79e7739b6ab944e86d6171e44d24c997fc1e0116/sentence_bert_config.json "HTTP/1.1 200 OK"
2026-03-27 18:49:48,830 - INFO - HTTP Request: HEAD https://hf-mirror.com/BAAI/bge-large-zh-v1.5/resolve/main/adapter_config.json "HTTP/1.1 404 Not Found"
2026-03-27 18:49:49,239 - INFO - HTTP Request: HEAD https://hf-mirror.com/BAAI/bge-large-zh-v1.5/resolve/main/config.json "HTTP/1.1 307 Temporary Redirect"
2026-03-27 18:49:49,547 - INFO - HTTP Request: HEAD https://hf-mirror.com/api/resolve-cache/models/BAAI/bge-large-zh-v1.5/79e7739b6ab944e86d6171e44d24c997fc1e0116/config.json "HTTP/1.1 200 OK"
2026-03-27 18:49:49,957 - INFO - HTTP Request: HEAD https://hf-mirror.com/BAAI/bge-large-zh-v1.5/resolve/main/model.safetensors "HTTP/1.1 404 Not Found"
2026-03-27 18:49:50,154 - INFO - HTTP Request: GET https://hf-mirror.com/api/models/BAAI/bge-large-zh-v1.5 "HTTP/1.1 200 OK"
2026-03-27 18:49:50,325 - INFO - HTTP Request: GET https://hf-mirror.com/api/models/BAAI/bge-large-zh-v1.5/commits/main "HTTP/1.1 200 OK"
2026-03-27 18:49:50,506 - INFO - HTTP Request: GET https://hf-mirror.com/api/models/BAAI/bge-large-zh-v1.5/discussions?p=0 "HTTP/1.1 200 OK"
2026-03-27 18:49:50,672 - INFO - HTTP Request: GET https://hf-mirror.com/api/models/BAAI/bge-large-zh-v1.5/commits/refs%2Fpr%2F35 "HTTP/1.1 200 OK"
2026-03-27 18:49:50,981 - INFO - HTTP Request: HEAD https://hf-mirror.com/BAAI/bge-large-zh-v1.5/resolve/main/config.json "HTTP/1.1 307 Temporary Redirect"
2026-03-27 18:49:51,083 - INFO - HTTP Request: HEAD https://hf-mirror.com/BAAI/bge-large-zh-v1.5/resolve/refs%2Fpr%2F35/model.safetensors.index.json "HTTP/1.1 404 Not Found"
2026-03-27 18:49:51,288 - INFO - HTTP Request: HEAD https://hf-mirror.com/api/resolve-cache/models/BAAI/bge-large-zh-v1.5/79e7739b6ab944e86d6171e44d24c997fc1e0116/config.json "HTTP/1.1 200 OK"
2026-03-27 18:49:51,568 - INFO - HTTP Request: HEAD https://hf-mirror.com/BAAI/bge-large-zh-v1.5/resolve/refs%2Fpr%2F35/model.safetensors "HTTP/1.1 302 Found"
2026-03-27 18:49:51,609 - INFO - HTTP Request: HEAD https://hf-mirror.com/BAAI/bge-large-zh-v1.5/resolve/main/tokenizer_config.json "HTTP/1.1 307 Temporary Redirect"
2026-03-27 18:49:51,781 - INFO - HTTP Request: HEAD https://hf-mirror.com/api/resolve-cache/models/BAAI/bge-large-zh-v1.5/79e7739b6ab944e86d6171e44d24c997fc1e0116/tokenizer_config.json "HTTP/1.1 200 OK"
2026-03-27 18:49:52,047 - INFO - HTTP Request: GET https://hf-mirror.com/api/models/BAAI/bge-large-zh-v1.5/tree/main/additional_chat_templates?recursive=false&expand=false "HTTP/1.1 404 Not Found"
2026-03-27 18:49:52,230 - INFO - HTTP Request: GET https://hf-mirror.com/api/models/BAAI/bge-large-zh-v1.5/tree/main?recursive=true&expand=false "HTTP/1.1 200 OK"
2026-03-27 18:49:52,611 - INFO - HTTP Request: HEAD https://hf-mirror.com/BAAI/bge-large-zh-v1.5/resolve/main/1_Pooling/config.json "HTTP/1.1 307 Temporary Redirect"
2026-03-27 18:49:52,785 - INFO - HTTP Request: HEAD https://hf-mirror.com/api/resolve-cache/models/BAAI/bge-large-zh-v1.5/79e7739b6ab944e86d6171e44d24c997fc1e0116/1_Pooling%2Fconfig.json "HTTP/1.1 200 OK"
2026-03-27 18:49:53,028 - INFO - HTTP Request: GET https://hf-mirror.com/api/models/BAAI/bge-large-zh-v1.5 "HTTP/1.1 200 OK"
2026-03-27 18:49:53,883 - INFO - 🚀 阶段1：开始执行 Guided BERTopic (先验引导聚类)...
2026-03-27 19:04:04,968 - INFO - 📊 初始聚类完成！噪声数据: 5152 条 (29.0%)
2026-03-27 19:04:04,970 - INFO - 📊 发现有效主题数: 39 个
2026-03-27 19:04:04,970 - INFO - 🔄 阶段2：执行离群点回收（只回收高置信度文档）...
2026-03-27 19:04:04,970 - INFO -    → 策略A: 基于嵌入向量相似度回收（高阈值）...
2026-03-27 19:05:52,661 - INFO -    → 策略B: 基于c-TF-IDF分布回收（高阈值）...
2026-03-27 19:05:52,669 - INFO -    → 策略C: 基于概率分布兜底回收...
2026-03-27 19:05:54,940 - INFO - ✅ 离群点回收完成！回收 4920 条，剩余噪声: 232 条 (1.3%)
2026-03-27 19:05:54,941 - INFO - 🎯 阶段3：执行主题合并，减少碎片化...
2026-03-27 19:05:54,944 - INFO - 🗺️ 阶段4：执行微观→宏观语义映射...
2026-03-27 19:05:56,704 - WARNING - ⚠️ 发现 1 个低置信度主题（<0.35），可能需要人工审查
2026-03-27 19:05:56,704 - WARNING -    主题 23 -> AI社会反思 (置信度: 0.348)
2026-03-27 19:05:56,704 - INFO - 📈 正在评估聚类质量...
2026-03-27 19:05:56,728 - INFO - 💾 阶段5：正在保存结果与本地微调模型...
2026-03-27 19:05:57,506 - INFO - 🏆 模型已保存至：E:\document\PG\studio\content\bertopic_results_optimized\saved_model
2026-03-27 19:05:57,810 - INFO - 📄 分类结果CSV已保存至：E:\document\PG\studio\content\bertopic_results_optimized\final_pro_topics.csv
2026-03-27 19:05:57,842 - INFO - ✅ 详细审查报告已保存至：E:\document\PG\studio\content\bertopic_results_optimized\pro_mapping_report.txt
2026-03-27 19:05:57,860 - INFO - 📊 主题分布统计已保存至：E:\document\PG\studio\content\bertopic_results_optimized\topic_distribution_stats.csv
2026-03-27 19:05:57,860 - INFO - 🎉 全部流程执行完毕！
2026-03-27 20:06:38,803 - INFO - 📂 正在加载数据: E:\document\PG\studio\content\bertopic_ready_data\bertopic_train_data.csv
2026-03-27 20:06:39,111 - INFO - 📊 有效数据量: 17763 条
2026-03-27 20:06:39,115 - INFO - 📊 平均文本长度: 285 字符
2026-03-27 20:06:39,155 - INFO - 🔧 初始化优化版 BERTopic 流水线...
2026-03-27 20:06:39,156 - INFO - 🤖 正在加载 BAAI/bge-large-zh-v1.5 模型，使用设备: cuda
2026-03-27 20:06:39,158 - INFO - Load pretrained SentenceTransformer: BAAI/bge-large-zh-v1.5
2026-03-27 20:06:40,405 - INFO - HTTP Request: HEAD https://hf-mirror.com/BAAI/bge-large-zh-v1.5/resolve/main/modules.json "HTTP/1.1 307 Temporary Redirect"
2026-03-27 20:06:40,661 - INFO - HTTP Request: HEAD https://hf-mirror.com/api/resolve-cache/models/BAAI/bge-large-zh-v1.5/79e7739b6ab944e86d6171e44d24c997fc1e0116/modules.json "HTTP/1.1 200 OK"
2026-03-27 20:06:41,070 - INFO - HTTP Request: HEAD https://hf-mirror.com/BAAI/bge-large-zh-v1.5/resolve/main/config_sentence_transformers.json "HTTP/1.1 307 Temporary Redirect"
2026-03-27 20:06:41,264 - INFO - HTTP Request: HEAD https://hf-mirror.com/api/resolve-cache/models/BAAI/bge-large-zh-v1.5/79e7739b6ab944e86d6171e44d24c997fc1e0116/config_sentence_transformers.json "HTTP/1.1 200 OK"
2026-03-27 20:06:41,685 - INFO - HTTP Request: HEAD https://hf-mirror.com/BAAI/bge-large-zh-v1.5/resolve/main/config_sentence_transformers.json "HTTP/1.1 307 Temporary Redirect"
2026-03-27 20:06:41,994 - INFO - HTTP Request: HEAD https://hf-mirror.com/api/resolve-cache/models/BAAI/bge-large-zh-v1.5/79e7739b6ab944e86d6171e44d24c997fc1e0116/config_sentence_transformers.json "HTTP/1.1 200 OK"
2026-03-27 20:06:42,402 - INFO - HTTP Request: HEAD https://hf-mirror.com/BAAI/bge-large-zh-v1.5/resolve/main/README.md "HTTP/1.1 307 Temporary Redirect"
2026-03-27 20:06:42,709 - INFO - HTTP Request: HEAD https://hf-mirror.com/api/resolve-cache/models/BAAI/bge-large-zh-v1.5/79e7739b6ab944e86d6171e44d24c997fc1e0116/README.md "HTTP/1.1 200 OK"
2026-03-27 20:06:43,119 - INFO - HTTP Request: HEAD https://hf-mirror.com/BAAI/bge-large-zh-v1.5/resolve/main/modules.json "HTTP/1.1 307 Temporary Redirect"
2026-03-27 20:06:43,325 - INFO - HTTP Request: HEAD https://hf-mirror.com/api/resolve-cache/models/BAAI/bge-large-zh-v1.5/79e7739b6ab944e86d6171e44d24c997fc1e0116/modules.json "HTTP/1.1 200 OK"
2026-03-27 20:06:43,680 - INFO - HTTP Request: HEAD https://hf-mirror.com/BAAI/bge-large-zh-v1.5/resolve/main/sentence_bert_config.json "HTTP/1.1 307 Temporary Redirect"
2026-03-27 20:06:43,939 - INFO - HTTP Request: HEAD https://hf-mirror.com/api/resolve-cache/models/BAAI/bge-large-zh-v1.5/79e7739b6ab944e86d6171e44d24c997fc1e0116/sentence_bert_config.json "HTTP/1.1 200 OK"
2026-03-27 20:06:44,349 - INFO - HTTP Request: HEAD https://hf-mirror.com/BAAI/bge-large-zh-v1.5/resolve/main/adapter_config.json "HTTP/1.1 404 Not Found"
2026-03-27 20:06:44,758 - INFO - HTTP Request: HEAD https://hf-mirror.com/BAAI/bge-large-zh-v1.5/resolve/main/config.json "HTTP/1.1 307 Temporary Redirect"
2026-03-27 20:06:44,963 - INFO - HTTP Request: HEAD https://hf-mirror.com/api/resolve-cache/models/BAAI/bge-large-zh-v1.5/79e7739b6ab944e86d6171e44d24c997fc1e0116/config.json "HTTP/1.1 200 OK"
2026-03-27 20:06:45,476 - INFO - HTTP Request: HEAD https://hf-mirror.com/BAAI/bge-large-zh-v1.5/resolve/main/model.safetensors "HTTP/1.1 404 Not Found"
2026-03-27 20:06:45,780 - INFO - HTTP Request: GET https://hf-mirror.com/api/models/BAAI/bge-large-zh-v1.5 "HTTP/1.1 200 OK"
2026-03-27 20:06:46,088 - INFO - HTTP Request: GET https://hf-mirror.com/api/models/BAAI/bge-large-zh-v1.5/commits/main "HTTP/1.1 200 OK"
2026-03-27 20:06:46,402 - INFO - HTTP Request: GET https://hf-mirror.com/api/models/BAAI/bge-large-zh-v1.5/discussions?p=0 "HTTP/1.1 200 OK"
2026-03-27 20:06:46,601 - INFO - HTTP Request: GET https://hf-mirror.com/api/models/BAAI/bge-large-zh-v1.5/commits/refs%2Fpr%2F35 "HTTP/1.1 200 OK"
2026-03-27 20:06:46,806 - INFO - HTTP Request: HEAD https://hf-mirror.com/BAAI/bge-large-zh-v1.5/resolve/main/config.json "HTTP/1.1 307 Temporary Redirect"
2026-03-27 20:06:47,010 - INFO - HTTP Request: HEAD https://hf-mirror.com/BAAI/bge-large-zh-v1.5/resolve/refs%2Fpr%2F35/model.safetensors.index.json "HTTP/1.1 404 Not Found"
2026-03-27 20:06:47,010 - INFO - HTTP Request: HEAD https://hf-mirror.com/api/resolve-cache/models/BAAI/bge-large-zh-v1.5/79e7739b6ab944e86d6171e44d24c997fc1e0116/config.json "HTTP/1.1 200 OK"
2026-03-27 20:06:47,463 - INFO - HTTP Request: HEAD https://hf-mirror.com/BAAI/bge-large-zh-v1.5/resolve/main/tokenizer_config.json "HTTP/1.1 307 Temporary Redirect"
2026-03-27 20:06:47,463 - INFO - HTTP Request: HEAD https://hf-mirror.com/BAAI/bge-large-zh-v1.5/resolve/refs%2Fpr%2F35/model.safetensors "HTTP/1.1 302 Found"
2026-03-27 20:06:47,876 - INFO - HTTP Request: HEAD https://hf-mirror.com/api/resolve-cache/models/BAAI/bge-large-zh-v1.5/79e7739b6ab944e86d6171e44d24c997fc1e0116/tokenizer_config.json "HTTP/1.1 200 OK"
2026-03-27 20:06:48,090 - INFO - HTTP Request: GET https://hf-mirror.com/api/models/BAAI/bge-large-zh-v1.5/tree/main/additional_chat_templates?recursive=false&expand=false "HTTP/1.1 404 Not Found"
2026-03-27 20:06:48,345 - INFO - HTTP Request: GET https://hf-mirror.com/api/models/BAAI/bge-large-zh-v1.5/tree/main?recursive=true&expand=false "HTTP/1.1 200 OK"
2026-03-27 20:06:48,834 - INFO - HTTP Request: HEAD https://hf-mirror.com/BAAI/bge-large-zh-v1.5/resolve/main/1_Pooling/config.json "HTTP/1.1 307 Temporary Redirect"
2026-03-27 20:06:49,000 - INFO - HTTP Request: HEAD https://hf-mirror.com/api/resolve-cache/models/BAAI/bge-large-zh-v1.5/79e7739b6ab944e86d6171e44d24c997fc1e0116/1_Pooling%2Fconfig.json "HTTP/1.1 200 OK"
2026-03-27 20:06:49,218 - INFO - HTTP Request: GET https://hf-mirror.com/api/models/BAAI/bge-large-zh-v1.5 "HTTP/1.1 200 OK"
2026-03-27 20:06:51,226 - INFO - 🚀 阶段1：开始执行 Guided BERTopic (先验引导聚类)...
2026-03-27 20:15:03,042 - INFO - 📊 初始聚类完成！噪声数据: 6989 条 (39.3%)
2026-03-27 20:15:03,043 - INFO - 📊 发现有效主题数: 49 个
2026-03-27 20:15:03,043 - INFO - 🔄 阶段2：执行多策略离群点回收...
2026-03-27 20:15:03,043 - INFO -    → 策略A: 基于嵌入向量相似度回收...
2026-03-27 20:17:46,759 - INFO -    → 策略B: 基于c-TF-IDF分布回收...
2026-03-27 20:17:46,765 - INFO -    → 策略C: 基于概率分布兜底回收...
2026-03-27 20:17:48,775 - INFO - ✅ 离群点回收完成！回收 6970 条，剩余噪声: 19 条 (0.1%)
2026-03-27 20:17:48,776 - INFO - 🎯 阶段3：基于【关键词+真实语境】执行高精度语义映射...
2026-03-27 20:17:51,173 - INFO - 📈 正在评估聚类质量...
2026-03-27 20:17:51,204 - INFO - 💾 阶段4：正在保存结果与本地微调模型...
2026-03-27 20:17:51,869 - INFO - 🏆 模型已保存至：E:\document\PG\studio\content\bertopic_results_optimized\saved_model
2026-03-27 20:17:52,207 - INFO - 📄 分类结果CSV已保存至：E:\document\PG\studio\content\bertopic_results_optimized\final_pro_topics.csv
2026-03-27 20:17:52,245 - INFO - ✅ 详细审查报告已保存至：E:\document\PG\studio\content\bertopic_results_optimized\pro_mapping_report.txt
2026-03-27 20:17:52,263 - INFO - 📊 主题分布统计已保存至：E:\document\PG\studio\content\bertopic_results_optimized\topic_distribution_stats.csv
2026-03-27 20:17:52,263 - INFO - 🎉 全部流程执行完毕！
2026-03-27 20:29:26,945 - INFO - 📂 正在加载数据: E:\document\PG\studio\content\bertopic_ready_data\bertopic_train_data.csv
2026-03-27 20:29:27,241 - INFO - 📊 有效数据量: 17763 条
2026-03-27 20:29:27,247 - INFO - 📊 平均文本长度: 285 字符
2026-03-27 20:29:27,294 - INFO - 🔧 初始化高置信度 BERTopic 流水线...
2026-03-27 20:29:27,294 - INFO - 🤖 正在加载 BAAI/bge-large-zh-v1.5 模型，使用设备: cuda
2026-03-27 20:29:27,296 - INFO - Load pretrained SentenceTransformer: BAAI/bge-large-zh-v1.5
2026-03-27 20:29:28,333 - INFO - HTTP Request: HEAD https://hf-mirror.com/BAAI/bge-large-zh-v1.5/resolve/main/modules.json "HTTP/1.1 307 Temporary Redirect"
2026-03-27 20:29:28,523 - INFO - HTTP Request: HEAD https://hf-mirror.com/api/resolve-cache/models/BAAI/bge-large-zh-v1.5/79e7739b6ab944e86d6171e44d24c997fc1e0116/modules.json "HTTP/1.1 200 OK"
2026-03-27 20:29:28,946 - INFO - HTTP Request: HEAD https://hf-mirror.com/BAAI/bge-large-zh-v1.5/resolve/main/config_sentence_transformers.json "HTTP/1.1 307 Temporary Redirect"
2026-03-27 20:29:29,199 - INFO - HTTP Request: HEAD https://hf-mirror.com/api/resolve-cache/models/BAAI/bge-large-zh-v1.5/79e7739b6ab944e86d6171e44d24c997fc1e0116/config_sentence_transformers.json "HTTP/1.1 200 OK"
2026-03-27 20:29:29,663 - INFO - HTTP Request: HEAD https://hf-mirror.com/BAAI/bge-large-zh-v1.5/resolve/main/config_sentence_transformers.json "HTTP/1.1 307 Temporary Redirect"
2026-03-27 20:29:29,844 - INFO - HTTP Request: HEAD https://hf-mirror.com/api/resolve-cache/models/BAAI/bge-large-zh-v1.5/79e7739b6ab944e86d6171e44d24c997fc1e0116/config_sentence_transformers.json "HTTP/1.1 200 OK"
2026-03-27 20:29:30,229 - INFO - HTTP Request: HEAD https://hf-mirror.com/BAAI/bge-large-zh-v1.5/resolve/main/README.md "HTTP/1.1 307 Temporary Redirect"
2026-03-27 20:29:30,420 - INFO - HTTP Request: HEAD https://hf-mirror.com/api/resolve-cache/models/BAAI/bge-large-zh-v1.5/79e7739b6ab944e86d6171e44d24c997fc1e0116/README.md "HTTP/1.1 200 OK"
2026-03-27 20:29:30,803 - INFO - HTTP Request: HEAD https://hf-mirror.com/BAAI/bge-large-zh-v1.5/resolve/main/modules.json "HTTP/1.1 307 Temporary Redirect"
2026-03-27 20:29:30,999 - INFO - HTTP Request: HEAD https://hf-mirror.com/api/resolve-cache/models/BAAI/bge-large-zh-v1.5/79e7739b6ab944e86d6171e44d24c997fc1e0116/modules.json "HTTP/1.1 200 OK"
2026-03-27 20:29:31,371 - INFO - HTTP Request: HEAD https://hf-mirror.com/BAAI/bge-large-zh-v1.5/resolve/main/sentence_bert_config.json "HTTP/1.1 307 Temporary Redirect"
2026-03-27 20:29:31,562 - INFO - HTTP Request: HEAD https://hf-mirror.com/api/resolve-cache/models/BAAI/bge-large-zh-v1.5/79e7739b6ab944e86d6171e44d24c997fc1e0116/sentence_bert_config.json "HTTP/1.1 200 OK"
2026-03-27 20:29:31,955 - INFO - HTTP Request: HEAD https://hf-mirror.com/BAAI/bge-large-zh-v1.5/resolve/main/adapter_config.json "HTTP/1.1 404 Not Found"
2026-03-27 20:29:32,366 - INFO - HTTP Request: HEAD https://hf-mirror.com/BAAI/bge-large-zh-v1.5/resolve/main/config.json "HTTP/1.1 307 Temporary Redirect"
2026-03-27 20:29:32,524 - INFO - HTTP Request: HEAD https://hf-mirror.com/api/resolve-cache/models/BAAI/bge-large-zh-v1.5/79e7739b6ab944e86d6171e44d24c997fc1e0116/config.json "HTTP/1.1 200 OK"
2026-03-27 20:29:32,900 - INFO - HTTP Request: HEAD https://hf-mirror.com/BAAI/bge-large-zh-v1.5/resolve/main/model.safetensors "HTTP/1.1 404 Not Found"
2026-03-27 20:29:33,078 - INFO - HTTP Request: GET https://hf-mirror.com/api/models/BAAI/bge-large-zh-v1.5 "HTTP/1.1 200 OK"
2026-03-27 20:29:33,289 - INFO - HTTP Request: GET https://hf-mirror.com/api/models/BAAI/bge-large-zh-v1.5/commits/main "HTTP/1.1 200 OK"
2026-03-27 20:29:33,493 - INFO - HTTP Request: GET https://hf-mirror.com/api/models/BAAI/bge-large-zh-v1.5/discussions?p=0 "HTTP/1.1 200 OK"
2026-03-27 20:29:33,690 - INFO - HTTP Request: GET https://hf-mirror.com/api/models/BAAI/bge-large-zh-v1.5/commits/refs%2Fpr%2F35 "HTTP/1.1 200 OK"
2026-03-27 20:29:33,875 - INFO - HTTP Request: HEAD https://hf-mirror.com/BAAI/bge-large-zh-v1.5/resolve/main/config.json "HTTP/1.1 307 Temporary Redirect"
2026-03-27 20:29:34,028 - INFO - HTTP Request: HEAD https://hf-mirror.com/BAAI/bge-large-zh-v1.5/resolve/refs%2Fpr%2F35/model.safetensors.index.json "HTTP/1.1 404 Not Found"
2026-03-27 20:29:34,069 - INFO - HTTP Request: HEAD https://hf-mirror.com/api/resolve-cache/models/BAAI/bge-large-zh-v1.5/79e7739b6ab944e86d6171e44d24c997fc1e0116/config.json "HTTP/1.1 200 OK"
2026-03-27 20:29:34,393 - INFO - HTTP Request: HEAD https://hf-mirror.com/BAAI/bge-large-zh-v1.5/resolve/refs%2Fpr%2F35/model.safetensors "HTTP/1.1 302 Found"
2026-03-27 20:29:34,405 - INFO - HTTP Request: HEAD https://hf-mirror.com/BAAI/bge-large-zh-v1.5/resolve/main/tokenizer_config.json "HTTP/1.1 307 Temporary Redirect"
2026-03-27 20:29:34,601 - INFO - HTTP Request: HEAD https://hf-mirror.com/api/resolve-cache/models/BAAI/bge-large-zh-v1.5/79e7739b6ab944e86d6171e44d24c997fc1e0116/tokenizer_config.json "HTTP/1.1 200 OK"
2026-03-27 20:29:34,833 - INFO - HTTP Request: GET https://hf-mirror.com/api/models/BAAI/bge-large-zh-v1.5/tree/main/additional_chat_templates?recursive=false&expand=false "HTTP/1.1 404 Not Found"
2026-03-27 20:29:35,154 - INFO - HTTP Request: GET https://hf-mirror.com/api/models/BAAI/bge-large-zh-v1.5/tree/main?recursive=true&expand=false "HTTP/1.1 200 OK"
2026-03-27 20:29:35,636 - INFO - HTTP Request: HEAD https://hf-mirror.com/BAAI/bge-large-zh-v1.5/resolve/main/1_Pooling/config.json "HTTP/1.1 307 Temporary Redirect"
2026-03-27 20:29:35,815 - INFO - HTTP Request: HEAD https://hf-mirror.com/api/resolve-cache/models/BAAI/bge-large-zh-v1.5/79e7739b6ab944e86d6171e44d24c997fc1e0116/1_Pooling%2Fconfig.json "HTTP/1.1 200 OK"
2026-03-27 20:29:36,016 - INFO - HTTP Request: GET https://hf-mirror.com/api/models/BAAI/bge-large-zh-v1.5 "HTTP/1.1 200 OK"
2026-03-27 20:29:36,853 - INFO - 🚀 阶段1：开始执行 Guided BERTopic (先验引导聚类)...
2026-03-27 20:38:01,336 - INFO - 📊 初始聚类完成！噪声数据: 6837 条 (38.5%)
2026-03-27 20:38:01,336 - INFO - 📊 发现有效主题数: 39 个
2026-03-27 20:38:01,336 - INFO - 🔄 阶段2：执行保守离群点回收（仅高置信度）...
2026-03-27 20:40:41,356 - INFO - ✅ 离群点回收完成！回收了 3573 条，剩余噪声: 3264 条
2026-03-27 20:40:41,357 - INFO - 🎯 阶段3：执行加权多层映射策略...
2026-03-27 20:40:43,092 - INFO - 🔍 阶段4：置信度校准与低置信度主题处理...
2026-03-27 20:40:44,673 - INFO -    合并主题 T38 -> T12 (相似度: 0.631)
2026-03-27 20:40:44,673 - INFO -    共合并/清理了 1 个低置信度主题
2026-03-27 20:40:44,674 - INFO - 📊 最终统计：噪声数据 3264 条，有效主题 38 个
2026-03-27 20:40:44,674 - INFO - 📈 正在评估聚类质量...
2026-03-27 20:40:44,699 - INFO - 💾 阶段5：正在保存完整结果...
2026-03-27 20:40:45,334 - INFO - 🏆 模型已保存至：E:\document\PG\studio\content\bertopic_results_optimized\saved_model
2026-03-27 20:40:45,621 - INFO - 📄 完整分类结果CSV已保存至：E:\document\PG\studio\content\bertopic_results_optimized\final_pro_topics_complete.csv
2026-03-27 21:02:10,879 - INFO - 📂 正在加载数据: E:\document\PG\studio\content\bertopic_ready_data\bertopic_train_data.csv
2026-03-27 21:02:11,153 - INFO - 📊 有效数据量: 17763 条
2026-03-27 21:02:11,158 - INFO - 📊 平均文本长度: 285 字符
2026-03-27 21:02:11,197 - INFO - 🔧 初始化高置信度 BERTopic 流水线...
2026-03-27 21:02:11,197 - INFO - 🤖 正在加载 BAAI/bge-large-zh-v1.5 模型，使用设备: cuda
2026-03-27 21:02:11,202 - INFO - Load pretrained SentenceTransformer: BAAI/bge-large-zh-v1.5
2026-03-27 21:02:12,055 - INFO - HTTP Request: HEAD https://hf-mirror.com/BAAI/bge-large-zh-v1.5/resolve/main/modules.json "HTTP/1.1 307 Temporary Redirect"
2026-03-27 21:02:12,260 - INFO - HTTP Request: HEAD https://hf-mirror.com/api/resolve-cache/models/BAAI/bge-large-zh-v1.5/79e7739b6ab944e86d6171e44d24c997fc1e0116/modules.json "HTTP/1.1 200 OK"
2026-03-27 21:02:12,742 - INFO - HTTP Request: HEAD https://hf-mirror.com/BAAI/bge-large-zh-v1.5/resolve/main/config_sentence_transformers.json "HTTP/1.1 307 Temporary Redirect"
2026-03-27 21:02:12,980 - INFO - HTTP Request: HEAD https://hf-mirror.com/api/resolve-cache/models/BAAI/bge-large-zh-v1.5/79e7739b6ab944e86d6171e44d24c997fc1e0116/config_sentence_transformers.json "HTTP/1.1 200 OK"
2026-03-27 21:02:13,321 - INFO - HTTP Request: HEAD https://hf-mirror.com/BAAI/bge-large-zh-v1.5/resolve/main/config_sentence_transformers.json "HTTP/1.1 307 Temporary Redirect"
2026-03-27 21:02:13,497 - INFO - HTTP Request: HEAD https://hf-mirror.com/api/resolve-cache/models/BAAI/bge-large-zh-v1.5/79e7739b6ab944e86d6171e44d24c997fc1e0116/config_sentence_transformers.json "HTTP/1.1 200 OK"
2026-03-27 21:02:13,899 - INFO - HTTP Request: HEAD https://hf-mirror.com/BAAI/bge-large-zh-v1.5/resolve/main/README.md "HTTP/1.1 307 Temporary Redirect"
2026-03-27 21:02:14,213 - INFO - HTTP Request: HEAD https://hf-mirror.com/api/resolve-cache/models/BAAI/bge-large-zh-v1.5/79e7739b6ab944e86d6171e44d24c997fc1e0116/README.md "HTTP/1.1 200 OK"
2026-03-27 21:02:14,616 - INFO - HTTP Request: HEAD https://hf-mirror.com/BAAI/bge-large-zh-v1.5/resolve/main/modules.json "HTTP/1.1 307 Temporary Redirect"
2026-03-27 21:02:15,025 - INFO - HTTP Request: HEAD https://hf-mirror.com/api/resolve-cache/models/BAAI/bge-large-zh-v1.5/79e7739b6ab944e86d6171e44d24c997fc1e0116/modules.json "HTTP/1.1 200 OK"
2026-03-27 21:02:15,388 - INFO - HTTP Request: HEAD https://hf-mirror.com/BAAI/bge-large-zh-v1.5/resolve/main/sentence_bert_config.json "HTTP/1.1 307 Temporary Redirect"
2026-03-27 21:02:15,617 - INFO - HTTP Request: HEAD https://hf-mirror.com/api/resolve-cache/models/BAAI/bge-large-zh-v1.5/79e7739b6ab944e86d6171e44d24c997fc1e0116/sentence_bert_config.json "HTTP/1.1 200 OK"
2026-03-27 21:02:15,925 - INFO - HTTP Request: HEAD https://hf-mirror.com/BAAI/bge-large-zh-v1.5/resolve/main/adapter_config.json "HTTP/1.1 404 Not Found"
2026-03-27 21:02:16,253 - INFO - HTTP Request: HEAD https://hf-mirror.com/BAAI/bge-large-zh-v1.5/resolve/main/config.json "HTTP/1.1 307 Temporary Redirect"
2026-03-27 21:02:16,593 - INFO - HTTP Request: HEAD https://hf-mirror.com/api/resolve-cache/models/BAAI/bge-large-zh-v1.5/79e7739b6ab944e86d6171e44d24c997fc1e0116/config.json "HTTP/1.1 200 OK"
2026-03-27 21:02:16,906 - INFO - HTTP Request: HEAD https://hf-mirror.com/BAAI/bge-large-zh-v1.5/resolve/main/model.safetensors "HTTP/1.1 404 Not Found"
2026-03-27 21:02:17,057 - INFO - HTTP Request: GET https://hf-mirror.com/api/models/BAAI/bge-large-zh-v1.5 "HTTP/1.1 200 OK"
2026-03-27 21:02:17,202 - INFO - HTTP Request: GET https://hf-mirror.com/api/models/BAAI/bge-large-zh-v1.5/commits/main "HTTP/1.1 200 OK"
2026-03-27 21:02:17,350 - INFO - HTTP Request: GET https://hf-mirror.com/api/models/BAAI/bge-large-zh-v1.5/discussions?p=0 "HTTP/1.1 200 OK"
2026-03-27 21:02:17,526 - INFO - HTTP Request: GET https://hf-mirror.com/api/models/BAAI/bge-large-zh-v1.5/commits/refs%2Fpr%2F35 "HTTP/1.1 200 OK"
2026-03-27 21:02:17,693 - INFO - HTTP Request: HEAD https://hf-mirror.com/BAAI/bge-large-zh-v1.5/resolve/main/config.json "HTTP/1.1 307 Temporary Redirect"
2026-03-27 21:02:17,806 - INFO - HTTP Request: HEAD https://hf-mirror.com/api/resolve-cache/models/BAAI/bge-large-zh-v1.5/79e7739b6ab944e86d6171e44d24c997fc1e0116/config.json "HTTP/1.1 200 OK"
2026-03-27 21:02:17,862 - INFO - HTTP Request: HEAD https://hf-mirror.com/BAAI/bge-large-zh-v1.5/resolve/refs%2Fpr%2F35/model.safetensors.index.json "HTTP/1.1 404 Not Found"
2026-03-27 21:02:18,103 - INFO - HTTP Request: HEAD https://hf-mirror.com/BAAI/bge-large-zh-v1.5/resolve/main/tokenizer_config.json "HTTP/1.1 307 Temporary Redirect"
2026-03-27 21:02:18,205 - INFO - HTTP Request: HEAD https://hf-mirror.com/BAAI/bge-large-zh-v1.5/resolve/refs%2Fpr%2F35/model.safetensors "HTTP/1.1 302 Found"
2026-03-27 21:02:18,227 - INFO - HTTP Request: HEAD https://hf-mirror.com/api/resolve-cache/models/BAAI/bge-large-zh-v1.5/79e7739b6ab944e86d6171e44d24c997fc1e0116/tokenizer_config.json "HTTP/1.1 200 OK"
2026-03-27 21:02:18,380 - INFO - HTTP Request: GET https://hf-mirror.com/api/models/BAAI/bge-large-zh-v1.5/tree/main/additional_chat_templates?recursive=false&expand=false "HTTP/1.1 404 Not Found"
2026-03-27 21:02:18,543 - INFO - HTTP Request: GET https://hf-mirror.com/api/models/BAAI/bge-large-zh-v1.5/tree/main?recursive=true&expand=false "HTTP/1.1 200 OK"
2026-03-27 21:02:19,009 - INFO - HTTP Request: HEAD https://hf-mirror.com/BAAI/bge-large-zh-v1.5/resolve/main/1_Pooling/config.json "HTTP/1.1 307 Temporary Redirect"
2026-03-27 21:02:19,254 - INFO - HTTP Request: HEAD https://hf-mirror.com/api/resolve-cache/models/BAAI/bge-large-zh-v1.5/79e7739b6ab944e86d6171e44d24c997fc1e0116/1_Pooling%2Fconfig.json "HTTP/1.1 200 OK"
2026-03-27 21:02:19,374 - INFO - HTTP Request: GET https://hf-mirror.com/api/models/BAAI/bge-large-zh-v1.5 "HTTP/1.1 200 OK"
2026-03-27 21:02:20,208 - INFO - 🚀 阶段1：开始执行 Guided BERTopic (先验引导聚类)...
2026-03-27 21:10:21,155 - INFO - 📊 初始聚类完成！噪声数据: 6683 条 (37.6%)
2026-03-27 21:10:21,157 - INFO - 📊 发现有效主题数: 39 个
2026-03-27 21:10:21,157 - INFO - 🔄 阶段2：执行保守离群点回收（仅高置信度）...
2026-03-27 21:12:57,998 - INFO - ✅ 离群点回收完成！回收了 3562 条，剩余噪声: 3121 条
2026-03-27 21:12:57,998 - INFO - 🎯 阶段3：执行加权多层映射策略...
2026-03-27 21:12:59,711 - INFO - 🔍 阶段4：置信度校准与低置信度主题处理...
2026-03-27 21:13:01,474 - INFO - 📊 最终统计：噪声数据 3121 条，有效主题 39 个
2026-03-27 21:13:01,474 - INFO - 📈 正在评估聚类质量...
2026-03-27 21:13:01,498 - INFO - 💾 阶段5：正在保存完整结果...
2026-03-27 21:13:02,149 - INFO - 🏆 模型已保存至：E:\document\PG\studio\content\bertopic_results_optimized\saved_model
2026-03-27 21:13:02,448 - INFO - 📄 完整分类结果CSV已保存至：E:\document\PG\studio\content\bertopic_results_optimized\final_pro_topics_complete.csv
2026-03-27 21:13:02,485 - INFO - ✅ 审查报告已保存至：E:\document\PG\studio\content\bertopic_results_optimized\pro_mapping_report_complete.txt
2026-03-27 21:13:02,505 - INFO - 📊 主题分布统计已保存至：E:\document\PG\studio\content\bertopic_results_optimized\topic_distribution_stats_complete.csv
2026-03-27 21:13:02,698 - INFO - 📄 文档级别详细结果已保存至：E:\document\PG\studio\content\bertopic_results_optimized\document_classification_details.csv
2026-03-27 21:13:02,702 - INFO - 🎉 全部流程执行完毕！
2026-03-27 21:31:27,314 - INFO - 📂 正在加载数据: E:\document\PG\studio\content\bertopic_ready_data\bertopic_train_data.csv
2026-03-27 21:31:27,586 - INFO - 📊 有效数据量: 17763 条
2026-03-27 21:31:27,590 - INFO - 📊 平均文本长度: 285 字符
2026-03-27 21:31:27,633 - INFO - 🔧 初始化 BERTopic 流水线...
2026-03-27 21:31:27,633 - INFO - 🤖 正在加载 BAAI/bge-large-zh-v1.5 模型，使用设备: cuda
2026-03-27 21:31:27,637 - INFO - Load pretrained SentenceTransformer: BAAI/bge-large-zh-v1.5
2026-03-27 21:31:29,200 - INFO - HTTP Request: HEAD https://hf-mirror.com/BAAI/bge-large-zh-v1.5/resolve/main/modules.json "HTTP/1.1 307 Temporary Redirect"
2026-03-27 21:31:29,486 - INFO - HTTP Request: HEAD https://hf-mirror.com/api/resolve-cache/models/BAAI/bge-large-zh-v1.5/79e7739b6ab944e86d6171e44d24c997fc1e0116/modules.json "HTTP/1.1 200 OK"
2026-03-27 21:31:29,885 - INFO - HTTP Request: HEAD https://hf-mirror.com/BAAI/bge-large-zh-v1.5/resolve/main/config_sentence_transformers.json "HTTP/1.1 307 Temporary Redirect"
2026-03-27 21:31:30,125 - INFO - HTTP Request: HEAD https://hf-mirror.com/api/resolve-cache/models/BAAI/bge-large-zh-v1.5/79e7739b6ab944e86d6171e44d24c997fc1e0116/config_sentence_transformers.json "HTTP/1.1 200 OK"
2026-03-27 21:31:30,672 - INFO - HTTP Request: HEAD https://hf-mirror.com/BAAI/bge-large-zh-v1.5/resolve/main/config_sentence_transformers.json "HTTP/1.1 307 Temporary Redirect"
2026-03-27 21:31:31,138 - INFO - HTTP Request: HEAD https://hf-mirror.com/api/resolve-cache/models/BAAI/bge-large-zh-v1.5/79e7739b6ab944e86d6171e44d24c997fc1e0116/config_sentence_transformers.json "HTTP/1.1 200 OK"
2026-03-27 21:31:31,539 - INFO - HTTP Request: HEAD https://hf-mirror.com/BAAI/bge-large-zh-v1.5/resolve/main/README.md "HTTP/1.1 307 Temporary Redirect"
2026-03-27 21:31:31,959 - INFO - HTTP Request: HEAD https://hf-mirror.com/api/resolve-cache/models/BAAI/bge-large-zh-v1.5/79e7739b6ab944e86d6171e44d24c997fc1e0116/README.md "HTTP/1.1 200 OK"
2026-03-27 21:31:32,571 - INFO - HTTP Request: HEAD https://hf-mirror.com/BAAI/bge-large-zh-v1.5/resolve/main/modules.json "HTTP/1.1 307 Temporary Redirect"
2026-03-27 21:31:32,878 - INFO - HTTP Request: HEAD https://hf-mirror.com/api/resolve-cache/models/BAAI/bge-large-zh-v1.5/79e7739b6ab944e86d6171e44d24c997fc1e0116/modules.json "HTTP/1.1 200 OK"
2026-03-27 21:31:33,289 - INFO - HTTP Request: HEAD https://hf-mirror.com/BAAI/bge-large-zh-v1.5/resolve/main/sentence_bert_config.json "HTTP/1.1 307 Temporary Redirect"
2026-03-27 21:31:33,596 - INFO - HTTP Request: HEAD https://hf-mirror.com/api/resolve-cache/models/BAAI/bge-large-zh-v1.5/79e7739b6ab944e86d6171e44d24c997fc1e0116/sentence_bert_config.json "HTTP/1.1 200 OK"
2026-03-27 21:31:34,008 - INFO - HTTP Request: HEAD https://hf-mirror.com/BAAI/bge-large-zh-v1.5/resolve/main/adapter_config.json "HTTP/1.1 404 Not Found"
2026-03-27 21:31:34,465 - INFO - HTTP Request: HEAD https://hf-mirror.com/BAAI/bge-large-zh-v1.5/resolve/main/config.json "HTTP/1.1 307 Temporary Redirect"
2026-03-27 21:31:34,823 - INFO - HTTP Request: HEAD https://hf-mirror.com/api/resolve-cache/models/BAAI/bge-large-zh-v1.5/79e7739b6ab944e86d6171e44d24c997fc1e0116/config.json "HTTP/1.1 200 OK"
2026-03-27 21:31:35,336 - INFO - HTTP Request: HEAD https://hf-mirror.com/BAAI/bge-large-zh-v1.5/resolve/main/model.safetensors "HTTP/1.1 404 Not Found"
2026-03-27 21:31:35,541 - INFO - HTTP Request: GET https://hf-mirror.com/api/models/BAAI/bge-large-zh-v1.5 "HTTP/1.1 200 OK"
2026-03-27 21:31:35,754 - INFO - HTTP Request: GET https://hf-mirror.com/api/models/BAAI/bge-large-zh-v1.5/commits/main "HTTP/1.1 200 OK"
2026-03-27 21:31:36,068 - INFO - HTTP Request: GET https://hf-mirror.com/api/models/BAAI/bge-large-zh-v1.5/discussions?p=0 "HTTP/1.1 200 OK"
2026-03-27 21:31:36,360 - INFO - HTTP Request: GET https://hf-mirror.com/api/models/BAAI/bge-large-zh-v1.5/commits/refs%2Fpr%2F35 "HTTP/1.1 200 OK"
2026-03-27 21:31:36,462 - INFO - HTTP Request: HEAD https://hf-mirror.com/BAAI/bge-large-zh-v1.5/resolve/main/config.json "HTTP/1.1 307 Temporary Redirect"
2026-03-27 21:31:36,617 - INFO - HTTP Request: HEAD https://hf-mirror.com/api/resolve-cache/models/BAAI/bge-large-zh-v1.5/79e7739b6ab944e86d6171e44d24c997fc1e0116/config.json "HTTP/1.1 200 OK"
2026-03-27 21:31:36,880 - INFO - HTTP Request: HEAD https://hf-mirror.com/BAAI/bge-large-zh-v1.5/resolve/refs%2Fpr%2F35/model.safetensors.index.json "HTTP/1.1 404 Not Found"
2026-03-27 21:31:36,977 - INFO - HTTP Request: HEAD https://hf-mirror.com/BAAI/bge-large-zh-v1.5/resolve/main/tokenizer_config.json "HTTP/1.1 307 Temporary Redirect"
2026-03-27 21:31:37,283 - INFO - HTTP Request: HEAD https://hf-mirror.com/api/resolve-cache/models/BAAI/bge-large-zh-v1.5/79e7739b6ab944e86d6171e44d24c997fc1e0116/tokenizer_config.json "HTTP/1.1 200 OK"
2026-03-27 21:31:37,290 - INFO - HTTP Request: HEAD https://hf-mirror.com/BAAI/bge-large-zh-v1.5/resolve/refs%2Fpr%2F35/model.safetensors "HTTP/1.1 302 Found"
2026-03-27 21:31:37,435 - INFO - HTTP Request: GET https://hf-mirror.com/api/models/BAAI/bge-large-zh-v1.5/tree/main/additional_chat_templates?recursive=false&expand=false "HTTP/1.1 404 Not Found"
2026-03-27 21:31:37,763 - INFO - HTTP Request: GET https://hf-mirror.com/api/models/BAAI/bge-large-zh-v1.5/tree/main?recursive=true&expand=false "HTTP/1.1 200 OK"
2026-03-27 21:31:38,253 - INFO - HTTP Request: HEAD https://hf-mirror.com/BAAI/bge-large-zh-v1.5/resolve/main/1_Pooling/config.json "HTTP/1.1 307 Temporary Redirect"
2026-03-27 21:31:38,498 - INFO - HTTP Request: HEAD https://hf-mirror.com/api/resolve-cache/models/BAAI/bge-large-zh-v1.5/79e7739b6ab944e86d6171e44d24c997fc1e0116/1_Pooling%2Fconfig.json "HTTP/1.1 200 OK"
2026-03-27 21:31:38,716 - INFO - HTTP Request: GET https://hf-mirror.com/api/models/BAAI/bge-large-zh-v1.5 "HTTP/1.1 200 OK"
2026-03-27 21:31:39,517 - INFO - 🚀 阶段1：开始执行 Guided BERTopic 聚类...
2026-03-27 21:39:47,792 - INFO - 📊 初始聚类完成！噪声数据: 6487 条 (36.5%)
2026-03-27 21:39:47,792 - INFO - 📊 初始发现主题数: 258 个
2026-03-27 21:39:47,792 - INFO - 🔧 主题数 258 超过上限 40，执行合并...
2026-03-27 21:39:49,336 - INFO - 📊 合并后主题数: 39 个
2026-03-27 21:39:49,337 - INFO - 🔄 阶段2：执行离群点回收（单次高阈值）...
2026-03-27 21:42:17,152 - INFO - ✅ 离群点回收完成！回收了 4880 条，剩余噪声: 1607 条
2026-03-27 21:42:17,152 - INFO - 🎯 阶段3：执行加权多层映射策略...
2026-03-27 21:42:18,893 - INFO - 🔍 阶段4：低置信度主题处理...
2026-03-27 21:42:18,924 - INFO - 📊 最终统计：噪声数据 1607 条，有效主题 39 个
2026-03-27 21:42:18,926 - INFO - 📈 正在评估聚类质量...
2026-03-27 21:42:18,951 - INFO - 💾 阶段5：正在保存完整结果...
2026-03-27 21:42:19,552 - INFO - 🏆 模型已保存至：E:\document\PG\studio\content\bertopic_results_optimized\saved_model
2026-03-27 21:42:19,823 - INFO - 📄 完整分类结果CSV已保存至：E:\document\PG\studio\content\bertopic_results_optimized\final_pro_topics.csv
2026-03-27 21:42:19,855 - INFO - ✅ 审查报告已保存至：E:\document\PG\studio\content\bertopic_results_optimized\pro_mapping_report.txt
2026-03-27 21:42:19,867 - INFO - 📊 主题分布统计已保存至：E:\document\PG\studio\content\bertopic_results_optimized\topic_distribution_stats.csv
2026-03-27 21:42:20,049 - INFO - 📄 文档级别详细结果已保存至：E:\document\PG\studio\content\bertopic_results_optimized\document_classification_details.csv
2026-03-27 21:42:20,052 - INFO - 🎉 全部流程执行完毕！
2026-03-27 21:55:06,562 - INFO - 📂 正在加载数据: E:\document\PG\studio\content\bertopic_ready_data\bertopic_train_data.csv
2026-03-27 21:55:06,837 - INFO - 📊 有效数据量: 17763 条
2026-03-27 21:55:06,842 - INFO - 📊 平均文本长度: 285 字符
2026-03-27 21:55:06,878 - INFO - 🔧 初始化 BERTopic 流水线...
2026-03-27 21:55:06,878 - INFO - 🤖 正在加载 BAAI/bge-large-zh-v1.5 模型，使用设备: cuda
2026-03-27 21:55:06,883 - INFO - Load pretrained SentenceTransformer: BAAI/bge-large-zh-v1.5
2026-03-27 21:55:07,999 - INFO - HTTP Request: HEAD https://hf-mirror.com/BAAI/bge-large-zh-v1.5/resolve/main/modules.json "HTTP/1.1 307 Temporary Redirect"
2026-03-27 21:55:08,310 - INFO - HTTP Request: HEAD https://hf-mirror.com/api/resolve-cache/models/BAAI/bge-large-zh-v1.5/79e7739b6ab944e86d6171e44d24c997fc1e0116/modules.json "HTTP/1.1 200 OK"
2026-03-27 21:55:08,658 - INFO - HTTP Request: HEAD https://hf-mirror.com/BAAI/bge-large-zh-v1.5/resolve/main/config_sentence_transformers.json "HTTP/1.1 307 Temporary Redirect"
2026-03-27 21:55:08,950 - INFO - HTTP Request: HEAD https://hf-mirror.com/api/resolve-cache/models/BAAI/bge-large-zh-v1.5/79e7739b6ab944e86d6171e44d24c997fc1e0116/config_sentence_transformers.json "HTTP/1.1 200 OK"
2026-03-27 21:55:09,277 - INFO - HTTP Request: HEAD https://hf-mirror.com/BAAI/bge-large-zh-v1.5/resolve/main/config_sentence_transformers.json "HTTP/1.1 307 Temporary Redirect"
2026-03-27 21:55:09,426 - INFO - HTTP Request: HEAD https://hf-mirror.com/api/resolve-cache/models/BAAI/bge-large-zh-v1.5/79e7739b6ab944e86d6171e44d24c997fc1e0116/config_sentence_transformers.json "HTTP/1.1 200 OK"
2026-03-27 21:55:09,778 - INFO - HTTP Request: HEAD https://hf-mirror.com/BAAI/bge-large-zh-v1.5/resolve/main/README.md "HTTP/1.1 307 Temporary Redirect"
2026-03-27 21:55:10,129 - INFO - HTTP Request: HEAD https://hf-mirror.com/api/resolve-cache/models/BAAI/bge-large-zh-v1.5/79e7739b6ab944e86d6171e44d24c997fc1e0116/README.md "HTTP/1.1 200 OK"
2026-03-27 21:55:10,486 - INFO - HTTP Request: HEAD https://hf-mirror.com/BAAI/bge-large-zh-v1.5/resolve/main/modules.json "HTTP/1.1 307 Temporary Redirect"
2026-03-27 21:55:10,946 - INFO - HTTP Request: HEAD https://hf-mirror.com/api/resolve-cache/models/BAAI/bge-large-zh-v1.5/79e7739b6ab944e86d6171e44d24c997fc1e0116/modules.json "HTTP/1.1 200 OK"
2026-03-27 21:55:11,461 - INFO - HTTP Request: HEAD https://hf-mirror.com/BAAI/bge-large-zh-v1.5/resolve/main/sentence_bert_config.json "HTTP/1.1 307 Temporary Redirect"
2026-03-27 21:55:11,872 - INFO - HTTP Request: HEAD https://hf-mirror.com/api/resolve-cache/models/BAAI/bge-large-zh-v1.5/79e7739b6ab944e86d6171e44d24c997fc1e0116/sentence_bert_config.json "HTTP/1.1 200 OK"
2026-03-27 21:55:12,221 - INFO - HTTP Request: HEAD https://hf-mirror.com/BAAI/bge-large-zh-v1.5/resolve/main/adapter_config.json "HTTP/1.1 404 Not Found"
2026-03-27 21:55:12,611 - INFO - HTTP Request: HEAD https://hf-mirror.com/BAAI/bge-large-zh-v1.5/resolve/main/config.json "HTTP/1.1 307 Temporary Redirect"
2026-03-27 21:55:12,817 - INFO - HTTP Request: HEAD https://hf-mirror.com/api/resolve-cache/models/BAAI/bge-large-zh-v1.5/79e7739b6ab944e86d6171e44d24c997fc1e0116/config.json "HTTP/1.1 200 OK"
2026-03-27 21:55:13,244 - INFO - HTTP Request: HEAD https://hf-mirror.com/BAAI/bge-large-zh-v1.5/resolve/main/model.safetensors "HTTP/1.1 404 Not Found"
2026-03-27 21:55:13,462 - INFO - HTTP Request: GET https://hf-mirror.com/api/models/BAAI/bge-large-zh-v1.5 "HTTP/1.1 200 OK"
2026-03-27 21:55:13,666 - INFO - HTTP Request: GET https://hf-mirror.com/api/models/BAAI/bge-large-zh-v1.5/commits/main "HTTP/1.1 200 OK"
2026-03-27 21:55:13,882 - INFO - HTTP Request: GET https://hf-mirror.com/api/models/BAAI/bge-large-zh-v1.5/discussions?p=0 "HTTP/1.1 200 OK"
2026-03-27 21:55:14,096 - INFO - HTTP Request: GET https://hf-mirror.com/api/models/BAAI/bge-large-zh-v1.5/commits/refs%2Fpr%2F35 "HTTP/1.1 200 OK"
2026-03-27 21:55:14,237 - INFO - HTTP Request: HEAD https://hf-mirror.com/BAAI/bge-large-zh-v1.5/resolve/main/config.json "HTTP/1.1 307 Temporary Redirect"
2026-03-27 21:55:14,432 - INFO - HTTP Request: HEAD https://hf-mirror.com/api/resolve-cache/models/BAAI/bge-large-zh-v1.5/79e7739b6ab944e86d6171e44d24c997fc1e0116/config.json "HTTP/1.1 200 OK"
2026-03-27 21:55:14,503 - INFO - HTTP Request: HEAD https://hf-mirror.com/BAAI/bge-large-zh-v1.5/resolve/refs%2Fpr%2F35/model.safetensors.index.json "HTTP/1.1 404 Not Found"
2026-03-27 21:55:14,762 - INFO - HTTP Request: HEAD https://hf-mirror.com/BAAI/bge-large-zh-v1.5/resolve/main/tokenizer_config.json "HTTP/1.1 307 Temporary Redirect"
2026-03-27 21:55:14,884 - INFO - HTTP Request: HEAD https://hf-mirror.com/BAAI/bge-large-zh-v1.5/resolve/refs%2Fpr%2F35/model.safetensors "HTTP/1.1 302 Found"
2026-03-27 21:55:14,931 - INFO - HTTP Request: HEAD https://hf-mirror.com/api/resolve-cache/models/BAAI/bge-large-zh-v1.5/79e7739b6ab944e86d6171e44d24c997fc1e0116/tokenizer_config.json "HTTP/1.1 200 OK"
2026-03-27 21:55:15,088 - INFO - HTTP Request: GET https://hf-mirror.com/api/models/BAAI/bge-large-zh-v1.5/tree/main/additional_chat_templates?recursive=false&expand=false "HTTP/1.1 404 Not Found"
2026-03-27 21:55:15,243 - INFO - HTTP Request: GET https://hf-mirror.com/api/models/BAAI/bge-large-zh-v1.5/tree/main?recursive=true&expand=false "HTTP/1.1 200 OK"
2026-03-27 21:55:15,627 - INFO - HTTP Request: HEAD https://hf-mirror.com/BAAI/bge-large-zh-v1.5/resolve/main/1_Pooling/config.json "HTTP/1.1 307 Temporary Redirect"
2026-03-27 21:55:15,803 - INFO - HTTP Request: HEAD https://hf-mirror.com/api/resolve-cache/models/BAAI/bge-large-zh-v1.5/79e7739b6ab944e86d6171e44d24c997fc1e0116/1_Pooling%2Fconfig.json "HTTP/1.1 200 OK"
2026-03-27 21:55:15,995 - INFO - HTTP Request: GET https://hf-mirror.com/api/models/BAAI/bge-large-zh-v1.5 "HTTP/1.1 200 OK"
2026-03-27 21:55:16,811 - INFO - 🚀 阶段1：开始执行 Guided BERTopic 聚类...
2026-03-27 22:03:19,361 - INFO - 📊 初始聚类完成！噪声数据: 6487 条 (36.5%)
2026-03-27 22:03:19,362 - INFO - 📊 初始发现主题数: 258 个
2026-03-27 22:03:19,362 - INFO - 🔄 阶段2：执行离群点回收（单次高阈值）...
2026-03-27 22:05:46,166 - INFO - ✅ 离群点回收完成！回收了 5342 条，剩余噪声: 1145 条
2026-03-27 22:05:46,168 - INFO - 🔧 主题数 258 超过上限 40，执行合并...
2026-03-27 22:05:48,638 - INFO - 📊 合并后主题数: 39 个
2026-03-27 22:05:48,640 - INFO - 🎯 阶段3：执行加权多层映射策略...
2026-03-27 22:05:50,389 - INFO - 🔍 阶段4：低置信度主题处理...
2026-03-27 22:05:50,565 - INFO -    合并主题 T2 -> T18 (相似度: 0.626)
2026-03-27 22:05:50,670 - INFO -    合并主题 T13 -> T11 (相似度: 0.633)
2026-03-27 22:05:50,670 - INFO -    舍弃主题 T16 (置信度: 0.000, 文档数: 202)
2026-03-27 22:05:50,672 - INFO -    舍弃主题 T24 (置信度: 0.000, 文档数: 132)
2026-03-27 22:05:50,672 - INFO -    舍弃主题 T25 (置信度: 0.000, 文档数: 128)
2026-03-27 22:05:50,753 - INFO -    舍弃主题 T27 (置信度: 0.000, 文档数: 115)
2026-03-27 22:05:50,753 - INFO -    舍弃主题 T28 (置信度: 0.000, 文档数: 103)
2026-03-27 22:05:50,753 - INFO -    舍弃主题 T30 (置信度: 0.000, 文档数: 68)
2026-03-27 22:05:50,755 - INFO -    舍弃主题 T33 (置信度: 0.000, 文档数: 43)
2026-03-27 22:05:50,755 - INFO -    舍弃主题 T35 (置信度: 0.000, 文档数: 18)
2026-03-27 22:05:50,756 - INFO -    舍弃主题 T36 (置信度: 0.000, 文档数: 17)
2026-03-27 22:05:50,756 - INFO -    舍弃主题 T37 (置信度: 0.000, 文档数: 16)
2026-03-27 22:05:50,756 - INFO -    舍弃主题 T38 (置信度: 0.000, 文档数: 16)
2026-03-27 22:05:50,756 - INFO -    共舍弃 11 个低置信度主题
2026-03-27 22:05:50,758 - INFO -    共合并 2 个中置信度主题
2026-03-27 22:05:50,758 - INFO - 📊 最终统计：噪声数据 2003 条，有效主题 26 个
2026-03-27 22:05:50,761 - INFO - 📈 正在评估聚类质量...
2026-03-27 22:05:50,770 - INFO - 💾 阶段5：正在保存完整结果...
2026-03-27 22:05:51,346 - INFO - 🏆 模型已保存至：E:\document\PG\studio\content\bertopic_results_optimized\saved_model
2026-03-27 22:05:51,592 - INFO - 📄 完整分类结果CSV已保存至：E:\document\PG\studio\content\bertopic_results_optimized\final_pro_topics.csv
2026-03-27 22:05:51,606 - INFO - ✅ 审查报告已保存至：E:\document\PG\studio\content\bertopic_results_optimized\pro_mapping_report.txt
2026-03-27 22:05:51,615 - INFO - 📊 主题分布统计已保存至：E:\document\PG\studio\content\bertopic_results_optimized\topic_distribution_stats.csv
2026-03-27 22:05:51,762 - INFO - 📄 文档级别详细结果已保存至：E:\document\PG\studio\content\bertopic_results_optimized\document_classification_details.csv
2026-03-27 22:05:51,765 - INFO - 🎉 全部流程执行完毕！
2026-03-27 22:57:54,644 - INFO - 📂 正在加载数据: E:\document\PG\studio\content\bertopic_ready_data\bertopic_train_data.csv
2026-03-27 22:57:54,977 - INFO - 📊 有效数据量: 18429 条
2026-03-27 22:57:54,982 - INFO - 📊 平均文本长度: 324 字符
2026-03-27 22:57:55,027 - INFO - 🔧 初始化 BERTopic 流水线...
2026-03-27 22:57:55,028 - INFO - 🤖 正在加载 BAAI/bge-large-zh-v1.5 模型，使用设备: cuda
2026-03-27 22:57:55,031 - INFO - Load pretrained SentenceTransformer: BAAI/bge-large-zh-v1.5
2026-03-27 22:57:56,205 - INFO - HTTP Request: HEAD https://hf-mirror.com/BAAI/bge-large-zh-v1.5/resolve/main/modules.json "HTTP/1.1 307 Temporary Redirect"
2026-03-27 22:57:56,409 - INFO - HTTP Request: HEAD https://hf-mirror.com/api/resolve-cache/models/BAAI/bge-large-zh-v1.5/79e7739b6ab944e86d6171e44d24c997fc1e0116/modules.json "HTTP/1.1 200 OK"
2026-03-27 22:57:56,834 - INFO - HTTP Request: HEAD https://hf-mirror.com/BAAI/bge-large-zh-v1.5/resolve/main/config_sentence_transformers.json "HTTP/1.1 307 Temporary Redirect"
2026-03-27 22:57:57,130 - INFO - HTTP Request: HEAD https://hf-mirror.com/api/resolve-cache/models/BAAI/bge-large-zh-v1.5/79e7739b6ab944e86d6171e44d24c997fc1e0116/config_sentence_transformers.json "HTTP/1.1 200 OK"
2026-03-27 22:57:57,534 - INFO - HTTP Request: HEAD https://hf-mirror.com/BAAI/bge-large-zh-v1.5/resolve/main/config_sentence_transformers.json "HTTP/1.1 307 Temporary Redirect"
2026-03-27 22:57:57,750 - INFO - HTTP Request: HEAD https://hf-mirror.com/api/resolve-cache/models/BAAI/bge-large-zh-v1.5/79e7739b6ab944e86d6171e44d24c997fc1e0116/config_sentence_transformers.json "HTTP/1.1 200 OK"
2026-03-27 22:57:58,148 - INFO - HTTP Request: HEAD https://hf-mirror.com/BAAI/bge-large-zh-v1.5/resolve/main/README.md "HTTP/1.1 307 Temporary Redirect"
2026-03-27 22:57:58,466 - INFO - HTTP Request: HEAD https://hf-mirror.com/api/resolve-cache/models/BAAI/bge-large-zh-v1.5/79e7739b6ab944e86d6171e44d24c997fc1e0116/README.md "HTTP/1.1 200 OK"
2026-03-27 22:57:58,862 - INFO - HTTP Request: HEAD https://hf-mirror.com/BAAI/bge-large-zh-v1.5/resolve/main/modules.json "HTTP/1.1 307 Temporary Redirect"
2026-03-27 22:57:59,078 - INFO - HTTP Request: HEAD https://hf-mirror.com/api/resolve-cache/models/BAAI/bge-large-zh-v1.5/79e7739b6ab944e86d6171e44d24c997fc1e0116/modules.json "HTTP/1.1 200 OK"
2026-03-27 22:57:59,479 - INFO - HTTP Request: HEAD https://hf-mirror.com/BAAI/bge-large-zh-v1.5/resolve/main/sentence_bert_config.json "HTTP/1.1 307 Temporary Redirect"
2026-03-27 22:57:59,686 - INFO - HTTP Request: HEAD https://hf-mirror.com/api/resolve-cache/models/BAAI/bge-large-zh-v1.5/79e7739b6ab944e86d6171e44d24c997fc1e0116/sentence_bert_config.json "HTTP/1.1 200 OK"
2026-03-27 22:58:00,103 - INFO - HTTP Request: HEAD https://hf-mirror.com/BAAI/bge-large-zh-v1.5/resolve/main/adapter_config.json "HTTP/1.1 404 Not Found"
2026-03-27 22:58:00,458 - INFO - HTTP Request: HEAD https://hf-mirror.com/BAAI/bge-large-zh-v1.5/resolve/main/config.json "HTTP/1.1 307 Temporary Redirect"
2026-03-27 22:58:00,664 - INFO - HTTP Request: HEAD https://hf-mirror.com/api/resolve-cache/models/BAAI/bge-large-zh-v1.5/79e7739b6ab944e86d6171e44d24c997fc1e0116/config.json "HTTP/1.1 200 OK"
2026-03-27 22:58:01,178 - INFO - HTTP Request: HEAD https://hf-mirror.com/BAAI/bge-large-zh-v1.5/resolve/main/model.safetensors "HTTP/1.1 404 Not Found"
2026-03-27 22:58:01,403 - INFO - HTTP Request: GET https://hf-mirror.com/api/models/BAAI/bge-large-zh-v1.5 "HTTP/1.1 200 OK"
2026-03-27 22:58:01,627 - INFO - HTTP Request: GET https://hf-mirror.com/api/models/BAAI/bge-large-zh-v1.5/commits/main "HTTP/1.1 200 OK"
2026-03-27 22:58:01,871 - INFO - HTTP Request: GET https://hf-mirror.com/api/models/BAAI/bge-large-zh-v1.5/discussions?p=0 "HTTP/1.1 200 OK"
2026-03-27 22:58:02,056 - INFO - HTTP Request: GET https://hf-mirror.com/api/models/BAAI/bge-large-zh-v1.5/commits/refs%2Fpr%2F35 "HTTP/1.1 200 OK"
2026-03-27 22:58:02,364 - INFO - HTTP Request: HEAD https://hf-mirror.com/BAAI/bge-large-zh-v1.5/resolve/main/config.json "HTTP/1.1 307 Temporary Redirect"
2026-03-27 22:58:02,446 - INFO - HTTP Request: HEAD https://hf-mirror.com/BAAI/bge-large-zh-v1.5/resolve/refs%2Fpr%2F35/model.safetensors.index.json "HTTP/1.1 404 Not Found"
2026-03-27 22:58:02,726 - INFO - HTTP Request: HEAD https://hf-mirror.com/api/resolve-cache/models/BAAI/bge-large-zh-v1.5/79e7739b6ab944e86d6171e44d24c997fc1e0116/config.json "HTTP/1.1 200 OK"
2026-03-27 22:58:02,815 - INFO - HTTP Request: HEAD https://hf-mirror.com/BAAI/bge-large-zh-v1.5/resolve/refs%2Fpr%2F35/model.safetensors "HTTP/1.1 302 Found"
2026-03-27 22:58:03,142 - INFO - HTTP Request: HEAD https://hf-mirror.com/BAAI/bge-large-zh-v1.5/resolve/main/tokenizer_config.json "HTTP/1.1 307 Temporary Redirect"
2026-03-27 22:58:03,359 - INFO - HTTP Request: HEAD https://hf-mirror.com/api/resolve-cache/models/BAAI/bge-large-zh-v1.5/79e7739b6ab944e86d6171e44d24c997fc1e0116/tokenizer_config.json "HTTP/1.1 200 OK"
2026-03-27 22:58:03,557 - INFO - HTTP Request: GET https://hf-mirror.com/api/models/BAAI/bge-large-zh-v1.5/tree/main/additional_chat_templates?recursive=false&expand=false "HTTP/1.1 404 Not Found"
2026-03-27 22:58:03,836 - INFO - HTTP Request: GET https://hf-mirror.com/api/models/BAAI/bge-large-zh-v1.5/tree/main?recursive=true&expand=false "HTTP/1.1 200 OK"
2026-03-27 22:58:04,447 - INFO - HTTP Request: HEAD https://hf-mirror.com/BAAI/bge-large-zh-v1.5/resolve/main/1_Pooling/config.json "HTTP/1.1 307 Temporary Redirect"
2026-03-27 22:58:04,632 - INFO - HTTP Request: HEAD https://hf-mirror.com/api/resolve-cache/models/BAAI/bge-large-zh-v1.5/79e7739b6ab944e86d6171e44d24c997fc1e0116/1_Pooling%2Fconfig.json "HTTP/1.1 200 OK"
2026-03-27 22:58:04,852 - INFO - HTTP Request: GET https://hf-mirror.com/api/models/BAAI/bge-large-zh-v1.5 "HTTP/1.1 200 OK"
2026-03-27 22:58:05,755 - INFO - 🚀 阶段1：开始执行 Guided BERTopic 聚类...
2026-03-27 23:07:29,796 - INFO - 📊 初始聚类完成！噪声数据: 5577 条 (30.3%)
2026-03-27 23:07:29,796 - INFO - 📊 初始发现主题数: 245 个
2026-03-27 23:07:29,797 - INFO - 🔄 阶段2：执行离群点回收（单次高阈值）...
2026-03-27 23:10:03,518 - INFO - ✅ 离群点回收完成！回收了 4985 条，剩余噪声: 592 条
2026-03-27 23:10:03,519 - INFO - 🔧 主题数 245 超过上限 40，执行合并...
2026-03-27 23:10:06,784 - INFO - 📊 合并后主题数: 39 个
2026-03-27 23:10:06,784 - INFO - 🎯 阶段3：执行加权多层映射策略...
2026-03-27 23:10:08,346 - INFO - 🔍 阶段4：低置信度主题处理...
2026-03-27 23:10:08,533 - INFO -    合并主题 T0 -> T10 (相似度: 0.642)
2026-03-27 23:10:08,535 - INFO -    舍弃主题 T5 (置信度: 0.000, 文档数: 787)
2026-03-27 23:10:08,535 - INFO -    舍弃主题 T6 (置信度: 0.000, 文档数: 764)
2026-03-27 23:10:08,536 - INFO -    舍弃主题 T8 (置信度: 0.000, 文档数: 351)
2026-03-27 23:10:08,536 - INFO -    舍弃主题 T12 (置信度: 0.000, 文档数: 250)
2026-03-27 23:10:08,538 - INFO -    舍弃主题 T13 (置信度: 0.000, 文档数: 221)
2026-03-27 23:10:08,538 - INFO -    舍弃主题 T15 (置信度: 0.000, 文档数: 208)
2026-03-27 23:10:08,539 - INFO -    舍弃主题 T16 (置信度: 0.000, 文档数: 206)
2026-03-27 23:10:08,539 - INFO -    舍弃主题 T19 (置信度: 0.000, 文档数: 135)
2026-03-27 23:10:08,541 - INFO -    舍弃主题 T22 (置信度: 0.000, 文档数: 77)
2026-03-27 23:10:08,541 - INFO -    舍弃主题 T24 (置信度: 0.000, 文档数: 62)
2026-03-27 23:10:08,541 - INFO -    舍弃主题 T25 (置信度: 0.000, 文档数: 60)
2026-03-27 23:10:08,542 - INFO -    舍弃主题 T26 (置信度: 0.000, 文档数: 54)
2026-03-27 23:10:08,542 - INFO -    舍弃主题 T27 (置信度: 0.000, 文档数: 51)
2026-03-27 23:10:08,544 - INFO -    舍弃主题 T28 (置信度: 0.000, 文档数: 49)
2026-03-27 23:10:08,544 - INFO -    舍弃主题 T29 (置信度: 0.000, 文档数: 49)
2026-03-27 23:10:08,545 - INFO -    舍弃主题 T30 (置信度: 0.000, 文档数: 43)
2026-03-27 23:10:08,546 - INFO -    舍弃主题 T32 (置信度: 0.000, 文档数: 33)
2026-03-27 23:10:08,546 - INFO -    舍弃主题 T33 (置信度: 0.000, 文档数: 25)
2026-03-27 23:10:08,547 - INFO -    舍弃主题 T34 (置信度: 0.000, 文档数: 22)
2026-03-27 23:10:08,547 - INFO -    舍弃主题 T35 (置信度: 0.000, 文档数: 21)
2026-03-27 23:10:08,548 - INFO -    舍弃主题 T36 (置信度: 0.000, 文档数: 17)
2026-03-27 23:10:08,548 - INFO -    舍弃主题 T37 (置信度: 0.000, 文档数: 17)
2026-03-27 23:10:08,550 - INFO -    舍弃主题 T38 (置信度: 0.000, 文档数: 16)
2026-03-27 23:10:08,550 - INFO -    共舍弃 23 个低置信度主题
2026-03-27 23:10:08,550 - INFO -    共合并 1 个中置信度主题
2026-03-27 23:10:08,550 - INFO - 📊 最终统计：噪声数据 4110 条，有效主题 15 个
2026-03-27 23:10:08,552 - INFO - 📈 正在评估聚类质量...
2026-03-27 23:10:08,559 - INFO - 💾 阶段5：正在保存完整结果...
2026-03-27 23:10:09,309 - INFO - 🏆 模型已保存至：E:\document\PG\studio\content\bertopic_results_optimized\saved_model
2026-03-27 23:10:09,743 - INFO - 📄 完整分类结果CSV已保存至：E:\document\PG\studio\content\bertopic_results_optimized\final_pro_topics.csv
2026-03-27 23:10:09,752 - INFO - ✅ 审查报告已保存至：E:\document\PG\studio\content\bertopic_results_optimized\pro_mapping_report.txt
2026-03-27 23:10:09,758 - INFO - 📊 主题分布统计已保存至：E:\document\PG\studio\content\bertopic_results_optimized\topic_distribution_stats.csv
2026-03-27 23:10:10,028 - INFO - 📄 文档级别详细结果已保存至：E:\document\PG\studio\content\bertopic_results_optimized\document_classification_details.csv
2026-03-27 23:10:10,030 - INFO - 🎉 全部流程执行完毕！
2026-03-27 23:55:10,957 - INFO - 📂 正在加载数据: E:\document\PG\studio\content\bertopic_ready_data\bertopic_train_data.csv
2026-03-27 23:55:11,292 - INFO - 📊 有效数据量: 18431 条
2026-03-27 23:55:11,296 - INFO - 📊 平均文本长度: 324 字符
2026-03-27 23:55:11,351 - INFO - 🔧 初始化 BERTopic 流水线...
2026-03-27 23:55:11,352 - INFO - 🤖 正在加载 BAAI/bge-large-zh-v1.5 模型，使用设备: cuda
2026-03-27 23:55:11,353 - INFO - Load pretrained SentenceTransformer: BAAI/bge-large-zh-v1.5
2026-03-27 23:55:12,407 - INFO - HTTP Request: HEAD https://hf-mirror.com/BAAI/bge-large-zh-v1.5/resolve/main/modules.json "HTTP/1.1 307 Temporary Redirect"
2026-03-27 23:55:12,592 - INFO - HTTP Request: HEAD https://hf-mirror.com/api/resolve-cache/models/BAAI/bge-large-zh-v1.5/79e7739b6ab944e86d6171e44d24c997fc1e0116/modules.json "HTTP/1.1 200 OK"
2026-03-27 23:55:13,020 - INFO - HTTP Request: HEAD https://hf-mirror.com/BAAI/bge-large-zh-v1.5/resolve/main/config_sentence_transformers.json "HTTP/1.1 307 Temporary Redirect"
2026-03-27 23:55:13,429 - INFO - HTTP Request: HEAD https://hf-mirror.com/api/resolve-cache/models/BAAI/bge-large-zh-v1.5/79e7739b6ab944e86d6171e44d24c997fc1e0116/config_sentence_transformers.json "HTTP/1.1 200 OK"
2026-03-27 23:55:13,788 - INFO - HTTP Request: HEAD https://hf-mirror.com/BAAI/bge-large-zh-v1.5/resolve/main/config_sentence_transformers.json "HTTP/1.1 307 Temporary Redirect"
2026-03-27 23:55:13,956 - INFO - HTTP Request: HEAD https://hf-mirror.com/api/resolve-cache/models/BAAI/bge-large-zh-v1.5/79e7739b6ab944e86d6171e44d24c997fc1e0116/config_sentence_transformers.json "HTTP/1.1 200 OK"
2026-03-27 23:55:14,352 - INFO - HTTP Request: HEAD https://hf-mirror.com/BAAI/bge-large-zh-v1.5/resolve/main/README.md "HTTP/1.1 307 Temporary Redirect"
2026-03-27 23:55:14,659 - INFO - HTTP Request: HEAD https://hf-mirror.com/api/resolve-cache/models/BAAI/bge-large-zh-v1.5/79e7739b6ab944e86d6171e44d24c997fc1e0116/README.md "HTTP/1.1 200 OK"
2026-03-27 23:55:15,176 - INFO - HTTP Request: HEAD https://hf-mirror.com/BAAI/bge-large-zh-v1.5/resolve/main/modules.json "HTTP/1.1 307 Temporary Redirect"
2026-03-27 23:55:15,492 - INFO - HTTP Request: HEAD https://hf-mirror.com/api/resolve-cache/models/BAAI/bge-large-zh-v1.5/79e7739b6ab944e86d6171e44d24c997fc1e0116/modules.json "HTTP/1.1 200 OK"
2026-03-27 23:55:15,869 - INFO - HTTP Request: HEAD https://hf-mirror.com/BAAI/bge-large-zh-v1.5/resolve/main/sentence_bert_config.json "HTTP/1.1 307 Temporary Redirect"
2026-03-27 23:55:16,050 - INFO - HTTP Request: HEAD https://hf-mirror.com/api/resolve-cache/models/BAAI/bge-large-zh-v1.5/79e7739b6ab944e86d6171e44d24c997fc1e0116/sentence_bert_config.json "HTTP/1.1 200 OK"
2026-03-27 23:55:16,381 - INFO - HTTP Request: HEAD https://hf-mirror.com/BAAI/bge-large-zh-v1.5/resolve/main/adapter_config.json "HTTP/1.1 404 Not Found"
2026-03-27 23:55:16,822 - INFO - HTTP Request: HEAD https://hf-mirror.com/BAAI/bge-large-zh-v1.5/resolve/main/config.json "HTTP/1.1 307 Temporary Redirect"
2026-03-27 23:55:17,218 - INFO - HTTP Request: HEAD https://hf-mirror.com/api/resolve-cache/models/BAAI/bge-large-zh-v1.5/79e7739b6ab944e86d6171e44d24c997fc1e0116/config.json "HTTP/1.1 200 OK"
2026-03-27 23:55:17,631 - INFO - HTTP Request: HEAD https://hf-mirror.com/BAAI/bge-large-zh-v1.5/resolve/main/model.safetensors "HTTP/1.1 404 Not Found"
2026-03-27 23:55:17,858 - INFO - HTTP Request: GET https://hf-mirror.com/api/models/BAAI/bge-large-zh-v1.5 "HTTP/1.1 200 OK"
2026-03-27 23:55:18,052 - INFO - HTTP Request: GET https://hf-mirror.com/api/models/BAAI/bge-large-zh-v1.5/commits/main "HTTP/1.1 200 OK"
2026-03-27 23:55:18,244 - INFO - HTTP Request: GET https://hf-mirror.com/api/models/BAAI/bge-large-zh-v1.5/discussions?p=0 "HTTP/1.1 200 OK"
2026-03-27 23:55:18,447 - INFO - HTTP Request: GET https://hf-mirror.com/api/models/BAAI/bge-large-zh-v1.5/commits/refs%2Fpr%2F35 "HTTP/1.1 200 OK"
2026-03-27 23:55:18,858 - INFO - HTTP Request: HEAD https://hf-mirror.com/BAAI/bge-large-zh-v1.5/resolve/refs%2Fpr%2F35/model.safetensors.index.json "HTTP/1.1 404 Not Found"
2026-03-27 23:55:18,858 - INFO - HTTP Request: HEAD https://hf-mirror.com/BAAI/bge-large-zh-v1.5/resolve/main/config.json "HTTP/1.1 307 Temporary Redirect"
2026-03-27 23:55:19,174 - INFO - HTTP Request: HEAD https://hf-mirror.com/api/resolve-cache/models/BAAI/bge-large-zh-v1.5/79e7739b6ab944e86d6171e44d24c997fc1e0116/config.json "HTTP/1.1 200 OK"
2026-03-27 23:55:19,285 - INFO - HTTP Request: HEAD https://hf-mirror.com/BAAI/bge-large-zh-v1.5/resolve/refs%2Fpr%2F35/model.safetensors "HTTP/1.1 302 Found"
2026-03-27 23:55:19,579 - INFO - HTTP Request: HEAD https://hf-mirror.com/BAAI/bge-large-zh-v1.5/resolve/main/tokenizer_config.json "HTTP/1.1 307 Temporary Redirect"
2026-03-27 23:55:19,882 - INFO - HTTP Request: HEAD https://hf-mirror.com/api/resolve-cache/models/BAAI/bge-large-zh-v1.5/79e7739b6ab944e86d6171e44d24c997fc1e0116/tokenizer_config.json "HTTP/1.1 200 OK"
2026-03-27 23:55:20,087 - INFO - HTTP Request: GET https://hf-mirror.com/api/models/BAAI/bge-large-zh-v1.5/tree/main/additional_chat_templates?recursive=false&expand=false "HTTP/1.1 404 Not Found"
2026-03-27 23:55:20,200 - INFO - HTTP Request: GET https://hf-mirror.com/api/models/BAAI/bge-large-zh-v1.5/tree/main?recursive=true&expand=false "HTTP/1.1 200 OK"
2026-03-27 23:55:20,598 - INFO - HTTP Request: HEAD https://hf-mirror.com/BAAI/bge-large-zh-v1.5/resolve/main/1_Pooling/config.json "HTTP/1.1 307 Temporary Redirect"
2026-03-27 23:55:20,845 - INFO - HTTP Request: HEAD https://hf-mirror.com/api/resolve-cache/models/BAAI/bge-large-zh-v1.5/79e7739b6ab944e86d6171e44d24c997fc1e0116/1_Pooling%2Fconfig.json "HTTP/1.1 200 OK"
2026-03-27 23:55:21,010 - INFO - HTTP Request: GET https://hf-mirror.com/api/models/BAAI/bge-large-zh-v1.5 "HTTP/1.1 200 OK"
2026-03-27 23:55:21,906 - INFO - 🚀 阶段1：开始执行 Guided BERTopic 聚类...
2026-03-28 00:05:42,288 - INFO - 📊 初始聚类完成！噪声数据: 5815 条 (31.6%)
2026-03-28 00:05:42,288 - INFO - 📊 初始发现主题数: 256 个
2026-03-28 00:05:42,288 - INFO - 🔄 阶段2：执行离群点回收（单次高阈值）...
2026-03-28 00:08:53,472 - INFO - ✅ 离群点回收完成！回收了 5202 条，剩余噪声: 613 条
2026-03-28 00:08:53,474 - INFO - 🔧 主题数 256 超过上限 40，执行合并...
2026-03-28 00:08:56,729 - INFO - 📊 合并后主题数: 39 个
2026-03-28 00:08:56,729 - INFO - 🎯 阶段3：执行加权多层映射策略...
2026-03-28 00:08:58,616 - INFO - 🔍 阶段4：低置信度主题处理...
2026-03-28 00:08:58,618 - INFO -    舍弃主题 T1 (置信度: 0.000, 文档数: 2625)
2026-03-28 00:08:58,618 - INFO -    舍弃主题 T2 (置信度: 0.000, 文档数: 1097)
2026-03-28 00:08:58,619 - INFO -    舍弃主题 T4 (置信度: 0.000, 文档数: 1036)
2026-03-28 00:08:58,619 - INFO -    舍弃主题 T8 (置信度: 0.000, 文档数: 372)
2026-03-28 00:08:58,620 - INFO -    舍弃主题 T9 (置信度: 0.000, 文档数: 335)
2026-03-28 00:08:58,620 - INFO -    舍弃主题 T10 (置信度: 0.000, 文档数: 259)
2026-03-28 00:08:58,622 - INFO -    舍弃主题 T11 (置信度: 0.000, 文档数: 240)
2026-03-28 00:08:58,622 - INFO -    舍弃主题 T12 (置信度: 0.000, 文档数: 217)
2026-03-28 00:08:58,623 - INFO -    舍弃主题 T15 (置信度: 0.000, 文档数: 154)
2026-03-28 00:08:58,623 - INFO -    舍弃主题 T16 (置信度: 0.000, 文档数: 134)
2026-03-28 00:08:58,623 - INFO -    舍弃主题 T17 (置信度: 0.000, 文档数: 120)
2026-03-28 00:08:58,698 - INFO -    舍弃主题 T19 (置信度: 0.000, 文档数: 111)
2026-03-28 00:08:58,698 - INFO -    舍弃主题 T22 (置信度: 0.000, 文档数: 63)
2026-03-28 00:08:58,700 - INFO -    舍弃主题 T23 (置信度: 0.000, 文档数: 59)
2026-03-28 00:08:58,700 - INFO -    舍弃主题 T24 (置信度: 0.000, 文档数: 56)
2026-03-28 00:08:58,701 - INFO -    舍弃主题 T25 (置信度: 0.000, 文档数: 53)
2026-03-28 00:08:58,701 - INFO -    舍弃主题 T27 (置信度: 0.000, 文档数: 33)
2026-03-28 00:08:58,703 - INFO -    舍弃主题 T31 (置信度: 0.000, 文档数: 23)
2026-03-28 00:08:58,703 - INFO -    舍弃主题 T32 (置信度: 0.000, 文档数: 22)
2026-03-28 00:08:58,704 - INFO -    舍弃主题 T35 (置信度: 0.000, 文档数: 19)
2026-03-28 00:08:58,704 - INFO -    舍弃主题 T36 (置信度: 0.000, 文档数: 19)
2026-03-28 00:08:58,706 - INFO -    舍弃主题 T37 (置信度: 0.000, 文档数: 17)
2026-03-28 00:08:58,706 - INFO -    舍弃主题 T38 (置信度: 0.000, 文档数: 17)
2026-03-28 00:08:58,706 - INFO -    共舍弃 23 个低置信度主题
2026-03-28 00:08:58,706 - INFO - 📊 最终统计：噪声数据 7694 条，有效主题 16 个
2026-03-28 00:08:58,710 - INFO - 📈 正在评估聚类质量...
2026-03-28 00:08:58,718 - INFO - 💾 阶段5：正在保存完整结果...
2026-03-28 00:08:59,556 - INFO - 🏆 模型已保存至：E:\document\PG\studio\content\bertopic_results_optimized\saved_model
2026-03-28 00:08:59,999 - INFO - 📄 完整分类结果CSV已保存至：E:\document\PG\studio\content\bertopic_results_optimized\final_pro_topics.csv
2026-03-28 00:09:00,010 - INFO - ✅ 审查报告已保存至：E:\document\PG\studio\content\bertopic_results_optimized\pro_mapping_report.txt
2026-03-28 00:09:00,022 - INFO - 📊 主题分布统计已保存至：E:\document\PG\studio\content\bertopic_results_optimized\topic_distribution_stats.csv
2026-03-28 00:09:00,277 - INFO - 📄 文档级别详细结果已保存至：E:\document\PG\studio\content\bertopic_results_optimized\document_classification_details.csv
2026-03-28 00:09:00,281 - INFO - 🎉 全部流程执行完毕！
2026-03-28 00:12:55,813 - INFO - 📂 正在加载数据: E:\document\PG\studio\content\bertopic_ready_data\bertopic_train_data.csv
2026-03-28 00:12:56,150 - INFO - 📊 有效数据量: 18431 条
2026-03-28 00:12:56,156 - INFO - 📊 平均文本长度: 324 字符
2026-03-28 00:12:56,207 - INFO - 🔧 初始化 BERTopic 流水线...
2026-03-28 00:12:56,207 - INFO - 🤖 正在加载 BAAI/bge-large-zh-v1.5 模型，使用设备: cuda
2026-03-28 00:12:56,210 - INFO - Load pretrained SentenceTransformer: BAAI/bge-large-zh-v1.5
2026-03-28 00:12:57,398 - INFO - HTTP Request: HEAD https://hf-mirror.com/BAAI/bge-large-zh-v1.5/resolve/main/modules.json "HTTP/1.1 307 Temporary Redirect"
2026-03-28 00:12:57,703 - INFO - HTTP Request: HEAD https://hf-mirror.com/api/resolve-cache/models/BAAI/bge-large-zh-v1.5/79e7739b6ab944e86d6171e44d24c997fc1e0116/modules.json "HTTP/1.1 200 OK"
2026-03-28 00:12:58,065 - INFO - HTTP Request: HEAD https://hf-mirror.com/BAAI/bge-large-zh-v1.5/resolve/main/config_sentence_transformers.json "HTTP/1.1 307 Temporary Redirect"
2026-03-28 00:12:58,316 - INFO - HTTP Request: HEAD https://hf-mirror.com/api/resolve-cache/models/BAAI/bge-large-zh-v1.5/79e7739b6ab944e86d6171e44d24c997fc1e0116/config_sentence_transformers.json "HTTP/1.1 200 OK"
2026-03-28 00:12:58,741 - INFO - HTTP Request: HEAD https://hf-mirror.com/BAAI/bge-large-zh-v1.5/resolve/main/config_sentence_transformers.json "HTTP/1.1 307 Temporary Redirect"
2026-03-28 00:12:59,034 - INFO - HTTP Request: HEAD https://hf-mirror.com/api/resolve-cache/models/BAAI/bge-large-zh-v1.5/79e7739b6ab944e86d6171e44d24c997fc1e0116/config_sentence_transformers.json "HTTP/1.1 200 OK"
2026-03-28 00:12:59,443 - INFO - HTTP Request: HEAD https://hf-mirror.com/BAAI/bge-large-zh-v1.5/resolve/main/README.md "HTTP/1.1 307 Temporary Redirect"
2026-03-28 00:12:59,661 - INFO - HTTP Request: HEAD https://hf-mirror.com/api/resolve-cache/models/BAAI/bge-large-zh-v1.5/79e7739b6ab944e86d6171e44d24c997fc1e0116/README.md "HTTP/1.1 200 OK"
2026-03-28 00:13:00,058 - INFO - HTTP Request: HEAD https://hf-mirror.com/BAAI/bge-large-zh-v1.5/resolve/main/modules.json "HTTP/1.1 307 Temporary Redirect"
2026-03-28 00:13:00,274 - INFO - HTTP Request: HEAD https://hf-mirror.com/api/resolve-cache/models/BAAI/bge-large-zh-v1.5/79e7739b6ab944e86d6171e44d24c997fc1e0116/modules.json "HTTP/1.1 200 OK"
2026-03-28 00:13:00,689 - INFO - HTTP Request: HEAD https://hf-mirror.com/BAAI/bge-large-zh-v1.5/resolve/main/sentence_bert_config.json "HTTP/1.1 307 Temporary Redirect"
2026-03-28 00:13:00,990 - INFO - HTTP Request: HEAD https://hf-mirror.com/api/resolve-cache/models/BAAI/bge-large-zh-v1.5/79e7739b6ab944e86d6171e44d24c997fc1e0116/sentence_bert_config.json "HTTP/1.1 200 OK"
2026-03-28 00:13:01,396 - INFO - HTTP Request: HEAD https://hf-mirror.com/BAAI/bge-large-zh-v1.5/resolve/main/adapter_config.json "HTTP/1.1 404 Not Found"
2026-03-28 00:13:01,906 - INFO - HTTP Request: HEAD https://hf-mirror.com/BAAI/bge-large-zh-v1.5/resolve/main/config.json "HTTP/1.1 307 Temporary Redirect"
2026-03-28 00:13:02,192 - INFO - HTTP Request: HEAD https://hf-mirror.com/api/resolve-cache/models/BAAI/bge-large-zh-v1.5/79e7739b6ab944e86d6171e44d24c997fc1e0116/config.json "HTTP/1.1 200 OK"
2026-03-28 00:13:02,728 - INFO - HTTP Request: HEAD https://hf-mirror.com/BAAI/bge-large-zh-v1.5/resolve/main/model.safetensors "HTTP/1.1 404 Not Found"
2026-03-28 00:13:02,934 - INFO - HTTP Request: GET https://hf-mirror.com/api/models/BAAI/bge-large-zh-v1.5 "HTTP/1.1 200 OK"
2026-03-28 00:13:03,146 - INFO - HTTP Request: GET https://hf-mirror.com/api/models/BAAI/bge-large-zh-v1.5/commits/main "HTTP/1.1 200 OK"
2026-03-28 00:13:03,339 - INFO - HTTP Request: GET https://hf-mirror.com/api/models/BAAI/bge-large-zh-v1.5/discussions?p=0 "HTTP/1.1 200 OK"
2026-03-28 00:13:03,550 - INFO - HTTP Request: GET https://hf-mirror.com/api/models/BAAI/bge-large-zh-v1.5/commits/refs%2Fpr%2F35 "HTTP/1.1 200 OK"
2026-03-28 00:13:03,753 - INFO - HTTP Request: HEAD https://hf-mirror.com/BAAI/bge-large-zh-v1.5/resolve/main/config.json "HTTP/1.1 307 Temporary Redirect"
2026-03-28 00:13:03,956 - INFO - HTTP Request: HEAD https://hf-mirror.com/BAAI/bge-large-zh-v1.5/resolve/refs%2Fpr%2F35/model.safetensors.index.json "HTTP/1.1 404 Not Found"
2026-03-28 00:13:04,042 - INFO - HTTP Request: HEAD https://hf-mirror.com/api/resolve-cache/models/BAAI/bge-large-zh-v1.5/79e7739b6ab944e86d6171e44d24c997fc1e0116/config.json "HTTP/1.1 200 OK"
2026-03-28 00:13:04,271 - INFO - HTTP Request: HEAD https://hf-mirror.com/BAAI/bge-large-zh-v1.5/resolve/refs%2Fpr%2F35/model.safetensors "HTTP/1.1 302 Found"
2026-03-28 00:13:04,340 - INFO - HTTP Request: HEAD https://hf-mirror.com/BAAI/bge-large-zh-v1.5/resolve/main/tokenizer_config.json "HTTP/1.1 307 Temporary Redirect"
2026-03-28 00:13:04,678 - INFO - HTTP Request: HEAD https://hf-mirror.com/api/resolve-cache/models/BAAI/bge-large-zh-v1.5/79e7739b6ab944e86d6171e44d24c997fc1e0116/tokenizer_config.json "HTTP/1.1 200 OK"
2026-03-28 00:13:04,870 - INFO - HTTP Request: GET https://hf-mirror.com/api/models/BAAI/bge-large-zh-v1.5/tree/main/additional_chat_templates?recursive=false&expand=false "HTTP/1.1 404 Not Found"
2026-03-28 00:13:05,082 - INFO - HTTP Request: GET https://hf-mirror.com/api/models/BAAI/bge-large-zh-v1.5/tree/main?recursive=true&expand=false "HTTP/1.1 200 OK"
2026-03-28 00:13:05,588 - INFO - HTTP Request: HEAD https://hf-mirror.com/BAAI/bge-large-zh-v1.5/resolve/main/1_Pooling/config.json "HTTP/1.1 307 Temporary Redirect"
2026-03-28 00:13:05,888 - INFO - HTTP Request: HEAD https://hf-mirror.com/api/resolve-cache/models/BAAI/bge-large-zh-v1.5/79e7739b6ab944e86d6171e44d24c997fc1e0116/1_Pooling%2Fconfig.json "HTTP/1.1 200 OK"
2026-03-28 00:13:06,069 - INFO - HTTP Request: GET https://hf-mirror.com/api/models/BAAI/bge-large-zh-v1.5 "HTTP/1.1 200 OK"
2026-03-28 00:13:06,979 - INFO - 🚀 阶段1：开始执行 Guided BERTopic 聚类...
2026-03-28 00:24:23,093 - INFO - 📊 初始聚类完成！噪声数据: 5815 条 (31.6%)
2026-03-28 00:24:23,093 - INFO - 📊 初始发现主题数: 256 个
2026-03-28 00:24:23,093 - INFO - 🔄 阶段2：执行离群点回收（单次高阈值）...
2026-03-28 00:27:27,087 - INFO - ✅ 离群点回收完成！回收了 5202 条，剩余噪声: 613 条
2026-03-28 00:27:27,089 - INFO - 🔧 主题数 256 超过上限 40，执行合并...
2026-03-28 00:27:30,253 - INFO - 📊 合并后主题数: 39 个
2026-03-28 00:27:30,253 - INFO - 🎯 阶段3：执行加权多层映射策略...
2026-03-28 00:27:31,970 - INFO - 🔍 阶段4：低置信度主题处理...
2026-03-28 00:27:31,971 - INFO -    舍弃主题 T1 (置信度: 0.000, 文档数: 2625)
2026-03-28 00:27:31,971 - INFO -    舍弃主题 T2 (置信度: 0.000, 文档数: 1097)
2026-03-28 00:27:31,971 - INFO -    舍弃主题 T4 (置信度: 0.000, 文档数: 1036)
2026-03-28 00:27:31,973 - INFO -    舍弃主题 T8 (置信度: 0.000, 文档数: 372)
2026-03-28 00:27:31,973 - INFO -    舍弃主题 T9 (置信度: 0.000, 文档数: 335)
2026-03-28 00:27:31,975 - INFO -    舍弃主题 T10 (置信度: 0.000, 文档数: 259)
2026-03-28 00:27:31,975 - INFO -    舍弃主题 T11 (置信度: 0.000, 文档数: 240)
2026-03-28 00:27:31,975 - INFO -    舍弃主题 T12 (置信度: 0.000, 文档数: 217)
2026-03-28 00:27:31,976 - INFO -    舍弃主题 T15 (置信度: 0.000, 文档数: 154)
2026-03-28 00:27:31,976 - INFO -    舍弃主题 T16 (置信度: 0.000, 文档数: 134)
2026-03-28 00:27:31,978 - INFO -    舍弃主题 T17 (置信度: 0.000, 文档数: 120)
2026-03-28 00:27:32,044 - INFO -    舍弃主题 T19 (置信度: 0.000, 文档数: 111)
2026-03-28 00:27:32,046 - INFO -    舍弃主题 T22 (置信度: 0.000, 文档数: 63)
2026-03-28 00:27:32,046 - INFO -    舍弃主题 T23 (置信度: 0.000, 文档数: 59)
2026-03-28 00:27:32,048 - INFO -    舍弃主题 T24 (置信度: 0.000, 文档数: 56)
2026-03-28 00:27:32,049 - INFO -    舍弃主题 T25 (置信度: 0.000, 文档数: 53)
2026-03-28 00:27:32,049 - INFO -    舍弃主题 T27 (置信度: 0.000, 文档数: 33)
2026-03-28 00:27:32,049 - INFO -    舍弃主题 T31 (置信度: 0.000, 文档数: 23)
2026-03-28 00:27:32,049 - INFO -    舍弃主题 T32 (置信度: 0.000, 文档数: 22)
2026-03-28 00:27:32,051 - INFO -    舍弃主题 T35 (置信度: 0.000, 文档数: 19)
2026-03-28 00:27:32,051 - INFO -    舍弃主题 T36 (置信度: 0.000, 文档数: 19)
2026-03-28 00:27:32,051 - INFO -    舍弃主题 T37 (置信度: 0.000, 文档数: 17)
2026-03-28 00:27:32,052 - INFO -    舍弃主题 T38 (置信度: 0.000, 文档数: 17)
2026-03-28 00:27:32,052 - INFO -    共舍弃 23 个低置信度主题
2026-03-28 00:27:32,052 - INFO - 📊 最终统计：噪声数据 7694 条，有效主题 16 个
2026-03-28 00:27:32,055 - INFO - 📈 正在评估聚类质量...
2026-03-28 00:27:32,064 - INFO - 💾 阶段5：正在保存完整结果...
2026-03-28 00:27:32,853 - INFO - 🏆 模型已保存至：E:\document\PG\studio\content\bertopic_results_optimized\saved_model
2026-03-28 00:27:33,267 - INFO - 📄 完整分类结果CSV已保存至：E:\document\PG\studio\content\bertopic_results_optimized\final_pro_topics.csv
2026-03-28 00:27:33,278 - INFO - ✅ 审查报告已保存至：E:\document\PG\studio\content\bertopic_results_optimized\pro_mapping_report.txt
2026-03-28 00:27:33,293 - INFO - 📊 主题分布统计已保存至：E:\document\PG\studio\content\bertopic_results_optimized\topic_distribution_stats.csv
2026-03-28 00:27:33,506 - INFO - 📄 文档级别详细结果已保存至：E:\document\PG\studio\content\bertopic_results_optimized\document_classification_details.csv
2026-03-28 00:27:33,509 - INFO - 🎉 全部流程执行完毕！
2026-03-28 00:30:22,675 - INFO - 📂 正在加载数据: E:\document\PG\studio\content\bertopic_ready_data\bertopic_train_data.csv
2026-03-28 00:30:22,990 - INFO - 📊 有效数据量: 18431 条
2026-03-28 00:30:22,995 - INFO - 📊 平均文本长度: 324 字符
2026-03-28 00:30:23,045 - INFO - 🔧 初始化 BERTopic 流水线...
2026-03-28 00:30:23,045 - INFO - 🤖 正在加载 BAAI/bge-large-zh-v1.5 模型，使用设备: cuda
2026-03-28 00:30:23,046 - INFO - Load pretrained SentenceTransformer: BAAI/bge-large-zh-v1.5
2026-03-28 00:30:24,158 - INFO - HTTP Request: HEAD https://hf-mirror.com/BAAI/bge-large-zh-v1.5/resolve/main/modules.json "HTTP/1.1 307 Temporary Redirect"
2026-03-28 00:30:24,453 - INFO - HTTP Request: HEAD https://hf-mirror.com/api/resolve-cache/models/BAAI/bge-large-zh-v1.5/79e7739b6ab944e86d6171e44d24c997fc1e0116/modules.json "HTTP/1.1 200 OK"
2026-03-28 00:30:24,774 - INFO - HTTP Request: HEAD https://hf-mirror.com/BAAI/bge-large-zh-v1.5/resolve/main/config_sentence_transformers.json "HTTP/1.1 307 Temporary Redirect"
2026-03-28 00:30:24,976 - INFO - HTTP Request: HEAD https://hf-mirror.com/api/resolve-cache/models/BAAI/bge-large-zh-v1.5/79e7739b6ab944e86d6171e44d24c997fc1e0116/config_sentence_transformers.json "HTTP/1.1 200 OK"
2026-03-28 00:30:25,387 - INFO - HTTP Request: HEAD https://hf-mirror.com/BAAI/bge-large-zh-v1.5/resolve/main/config_sentence_transformers.json "HTTP/1.1 307 Temporary Redirect"
2026-03-28 00:30:25,563 - INFO - HTTP Request: HEAD https://hf-mirror.com/api/resolve-cache/models/BAAI/bge-large-zh-v1.5/79e7739b6ab944e86d6171e44d24c997fc1e0116/config_sentence_transformers.json "HTTP/1.1 200 OK"
2026-03-28 00:30:25,920 - INFO - HTTP Request: HEAD https://hf-mirror.com/BAAI/bge-large-zh-v1.5/resolve/main/README.md "HTTP/1.1 307 Temporary Redirect"
2026-03-28 00:30:26,114 - INFO - HTTP Request: HEAD https://hf-mirror.com/api/resolve-cache/models/BAAI/bge-large-zh-v1.5/79e7739b6ab944e86d6171e44d24c997fc1e0116/README.md "HTTP/1.1 200 OK"
2026-03-28 00:30:26,481 - INFO - HTTP Request: HEAD https://hf-mirror.com/BAAI/bge-large-zh-v1.5/resolve/main/modules.json "HTTP/1.1 307 Temporary Redirect"
2026-03-28 00:30:26,754 - INFO - HTTP Request: HEAD https://hf-mirror.com/api/resolve-cache/models/BAAI/bge-large-zh-v1.5/79e7739b6ab944e86d6171e44d24c997fc1e0116/modules.json "HTTP/1.1 200 OK"
2026-03-28 00:30:27,067 - INFO - HTTP Request: HEAD https://hf-mirror.com/BAAI/bge-large-zh-v1.5/resolve/main/sentence_bert_config.json "HTTP/1.1 307 Temporary Redirect"
2026-03-28 00:30:27,226 - INFO - HTTP Request: HEAD https://hf-mirror.com/api/resolve-cache/models/BAAI/bge-large-zh-v1.5/79e7739b6ab944e86d6171e44d24c997fc1e0116/sentence_bert_config.json "HTTP/1.1 200 OK"
2026-03-28 00:30:27,543 - INFO - HTTP Request: HEAD https://hf-mirror.com/BAAI/bge-large-zh-v1.5/resolve/main/adapter_config.json "HTTP/1.1 404 Not Found"
2026-03-28 00:30:27,911 - INFO - HTTP Request: HEAD https://hf-mirror.com/BAAI/bge-large-zh-v1.5/resolve/main/config.json "HTTP/1.1 307 Temporary Redirect"
2026-03-28 00:30:28,056 - INFO - HTTP Request: HEAD https://hf-mirror.com/api/resolve-cache/models/BAAI/bge-large-zh-v1.5/79e7739b6ab944e86d6171e44d24c997fc1e0116/config.json "HTTP/1.1 200 OK"
2026-03-28 00:30:28,422 - INFO - HTTP Request: HEAD https://hf-mirror.com/BAAI/bge-large-zh-v1.5/resolve/main/model.safetensors "HTTP/1.1 404 Not Found"
2026-03-28 00:30:28,580 - INFO - HTTP Request: GET https://hf-mirror.com/api/models/BAAI/bge-large-zh-v1.5 "HTTP/1.1 200 OK"
2026-03-28 00:30:28,696 - INFO - HTTP Request: GET https://hf-mirror.com/api/models/BAAI/bge-large-zh-v1.5/commits/main "HTTP/1.1 200 OK"
2026-03-28 00:30:28,811 - INFO - HTTP Request: GET https://hf-mirror.com/api/models/BAAI/bge-large-zh-v1.5/discussions?p=0 "HTTP/1.1 200 OK"
2026-03-28 00:30:28,959 - INFO - HTTP Request: GET https://hf-mirror.com/api/models/BAAI/bge-large-zh-v1.5/commits/refs%2Fpr%2F35 "HTTP/1.1 200 OK"
2026-03-28 00:30:29,302 - INFO - HTTP Request: HEAD https://hf-mirror.com/BAAI/bge-large-zh-v1.5/resolve/refs%2Fpr%2F35/model.safetensors.index.json "HTTP/1.1 404 Not Found"
2026-03-28 00:30:29,424 - INFO - HTTP Request: HEAD https://hf-mirror.com/BAAI/bge-large-zh-v1.5/resolve/main/config.json "HTTP/1.1 307 Temporary Redirect"
2026-03-28 00:30:29,583 - INFO - HTTP Request: HEAD https://hf-mirror.com/api/resolve-cache/models/BAAI/bge-large-zh-v1.5/79e7739b6ab944e86d6171e44d24c997fc1e0116/config.json "HTTP/1.1 200 OK"
2026-03-28 00:30:29,616 - INFO - HTTP Request: HEAD https://hf-mirror.com/BAAI/bge-large-zh-v1.5/resolve/refs%2Fpr%2F35/model.safetensors "HTTP/1.1 302 Found"
2026-03-28 00:30:29,956 - INFO - HTTP Request: HEAD https://hf-mirror.com/BAAI/bge-large-zh-v1.5/resolve/main/tokenizer_config.json "HTTP/1.1 307 Temporary Redirect"
2026-03-28 00:30:30,196 - INFO - HTTP Request: HEAD https://hf-mirror.com/api/resolve-cache/models/BAAI/bge-large-zh-v1.5/79e7739b6ab944e86d6171e44d24c997fc1e0116/tokenizer_config.json "HTTP/1.1 200 OK"
2026-03-28 00:30:30,417 - INFO - HTTP Request: GET https://hf-mirror.com/api/models/BAAI/bge-large-zh-v1.5/tree/main/additional_chat_templates?recursive=false&expand=false "HTTP/1.1 404 Not Found"
2026-03-28 00:30:30,618 - INFO - HTTP Request: GET https://hf-mirror.com/api/models/BAAI/bge-large-zh-v1.5/tree/main?recursive=true&expand=false "HTTP/1.1 200 OK"
2026-03-28 00:30:31,043 - INFO - HTTP Request: HEAD https://hf-mirror.com/BAAI/bge-large-zh-v1.5/resolve/main/1_Pooling/config.json "HTTP/1.1 307 Temporary Redirect"
2026-03-28 00:30:31,201 - INFO - HTTP Request: HEAD https://hf-mirror.com/api/resolve-cache/models/BAAI/bge-large-zh-v1.5/79e7739b6ab944e86d6171e44d24c997fc1e0116/1_Pooling%2Fconfig.json "HTTP/1.1 200 OK"
2026-03-28 00:30:31,436 - INFO - HTTP Request: GET https://hf-mirror.com/api/models/BAAI/bge-large-zh-v1.5 "HTTP/1.1 200 OK"
2026-03-28 00:30:33,328 - INFO - 🚀 阶段1：开始执行 Guided BERTopic 聚类...
2026-03-28 00:40:37,497 - INFO - 📊 初始聚类完成！噪声数据: 5815 条 (31.6%)
2026-03-28 00:40:37,497 - INFO - 📊 初始发现主题数: 256 个
2026-03-28 00:40:37,497 - INFO - 🔄 阶段2：执行离群点回收（单次高阈值）...
2026-03-28 00:43:27,685 - INFO - ✅ 离群点回收完成！回收了 5202 条，剩余噪声: 613 条
2026-03-28 00:43:27,687 - INFO - 🔧 主题数 256 超过上限 40，执行合并...
2026-03-28 00:43:30,946 - INFO - 📊 合并后主题数: 39 个
2026-03-28 00:43:30,946 - INFO - 🎯 阶段3：执行加权多层映射策略...
2026-03-28 00:43:32,719 - INFO - 🔍 阶段4：低置信度主题处理...
2026-03-28 00:43:32,719 - INFO -    舍弃主题 T1 (置信度: 0.000, 文档数: 2625)
2026-03-28 00:43:32,721 - INFO -    舍弃主题 T2 (置信度: 0.000, 文档数: 1097)
2026-03-28 00:43:32,721 - INFO -    舍弃主题 T4 (置信度: 0.000, 文档数: 1036)
2026-03-28 00:43:32,723 - INFO -    舍弃主题 T8 (置信度: 0.000, 文档数: 372)
2026-03-28 00:43:32,723 - INFO -    舍弃主题 T9 (置信度: 0.000, 文档数: 335)
2026-03-28 00:43:32,723 - INFO -    舍弃主题 T10 (置信度: 0.000, 文档数: 259)
2026-03-28 00:43:32,724 - INFO -    舍弃主题 T11 (置信度: 0.000, 文档数: 240)
2026-03-28 00:43:32,724 - INFO -    舍弃主题 T12 (置信度: 0.000, 文档数: 217)
2026-03-28 00:43:32,726 - INFO -    舍弃主题 T15 (置信度: 0.000, 文档数: 154)
2026-03-28 00:43:32,726 - INFO -    舍弃主题 T16 (置信度: 0.000, 文档数: 134)
2026-03-28 00:43:32,727 - INFO -    舍弃主题 T17 (置信度: 0.000, 文档数: 120)
2026-03-28 00:43:32,812 - INFO -    舍弃主题 T19 (置信度: 0.000, 文档数: 111)
2026-03-28 00:43:32,813 - INFO -    舍弃主题 T21 (置信度: 0.000, 文档数: 88)
2026-03-28 00:43:32,814 - INFO -    舍弃主题 T22 (置信度: 0.000, 文档数: 63)
2026-03-28 00:43:32,814 - INFO -    舍弃主题 T23 (置信度: 0.000, 文档数: 59)
2026-03-28 00:43:32,815 - INFO -    舍弃主题 T24 (置信度: 0.000, 文档数: 56)
2026-03-28 00:43:32,815 - INFO -    舍弃主题 T25 (置信度: 0.000, 文档数: 53)
2026-03-28 00:43:32,816 - INFO -    舍弃主题 T27 (置信度: 0.000, 文档数: 33)
2026-03-28 00:43:32,816 - INFO -    舍弃主题 T31 (置信度: 0.000, 文档数: 23)
2026-03-28 00:43:32,817 - INFO -    舍弃主题 T32 (置信度: 0.000, 文档数: 22)
2026-03-28 00:43:32,817 - INFO -    舍弃主题 T35 (置信度: 0.000, 文档数: 19)
2026-03-28 00:43:32,818 - INFO -    舍弃主题 T36 (置信度: 0.000, 文档数: 19)
2026-03-28 00:43:32,819 - INFO -    舍弃主题 T37 (置信度: 0.000, 文档数: 17)
2026-03-28 00:43:32,819 - INFO -    舍弃主题 T38 (置信度: 0.000, 文档数: 17)
2026-03-28 00:43:32,819 - INFO -    共舍弃 24 个低置信度主题
2026-03-28 00:43:32,820 - INFO - 📊 最终统计：噪声数据 7782 条，有效主题 15 个
2026-03-28 00:43:32,824 - INFO - 📈 正在评估聚类质量...
2026-03-28 00:43:32,831 - INFO - 💾 阶段5：正在保存完整结果...
2026-03-28 00:43:33,647 - INFO - 🏆 模型已保存至：E:\document\PG\studio\content\bertopic_results_optimized\saved_model
2026-03-28 00:43:34,053 - INFO - 📄 完整分类结果CSV已保存至：E:\document\PG\studio\content\bertopic_results_optimized\final_pro_topics.csv
2026-03-28 00:43:34,060 - INFO - ✅ 审查报告已保存至：E:\document\PG\studio\content\bertopic_results_optimized\pro_mapping_report.txt
2026-03-28 00:43:34,070 - INFO - 📊 主题分布统计已保存至：E:\document\PG\studio\content\bertopic_results_optimized\topic_distribution_stats.csv
2026-03-28 00:43:34,299 - INFO - 📄 文档级别详细结果已保存至：E:\document\PG\studio\content\bertopic_results_optimized\document_classification_details.csv
2026-03-28 00:43:34,302 - INFO - 🎉 全部流程执行完毕！
2026-03-28 10:30:17,217 - INFO - 📂 正在加载数据: E:\document\PG\studio\content\bertopic_ready_data\bertopic_train_data.csv
2026-03-28 10:30:17,490 - INFO - 📊 有效数据量: 17763 条
2026-03-28 10:30:17,494 - INFO - 📊 平均文本长度: 285 字符
2026-03-28 10:30:17,529 - INFO - 🔧 初始化 BERTopic 流水线...
2026-03-28 10:30:17,529 - INFO - 🤖 正在加载 BAAI/bge-large-zh-v1.5 模型，使用设备: cuda
2026-03-28 10:30:17,532 - INFO - Load pretrained SentenceTransformer: BAAI/bge-large-zh-v1.5
2026-03-28 10:30:21,906 - INFO - HTTP Request: HEAD https://hf-mirror.com/BAAI/bge-large-zh-v1.5/resolve/main/modules.json "HTTP/1.1 307 Temporary Redirect"
2026-03-28 10:30:22,112 - INFO - HTTP Request: HEAD https://hf-mirror.com/api/resolve-cache/models/BAAI/bge-large-zh-v1.5/79e7739b6ab944e86d6171e44d24c997fc1e0116/modules.json "HTTP/1.1 200 OK"
2026-03-28 10:30:24,472 - INFO - HTTP Request: HEAD https://hf-mirror.com/BAAI/bge-large-zh-v1.5/resolve/main/config_sentence_transformers.json "HTTP/1.1 307 Temporary Redirect"
2026-03-28 10:30:24,876 - INFO - HTTP Request: HEAD https://hf-mirror.com/api/resolve-cache/models/BAAI/bge-large-zh-v1.5/79e7739b6ab944e86d6171e44d24c997fc1e0116/config_sentence_transformers.json "HTTP/1.1 200 OK"
2026-03-28 10:30:26,424 - INFO - HTTP Request: HEAD https://hf-mirror.com/BAAI/bge-large-zh-v1.5/resolve/main/config_sentence_transformers.json "HTTP/1.1 307 Temporary Redirect"
2026-03-28 10:30:26,733 - INFO - HTTP Request: HEAD https://hf-mirror.com/api/resolve-cache/models/BAAI/bge-large-zh-v1.5/79e7739b6ab944e86d6171e44d24c997fc1e0116/config_sentence_transformers.json "HTTP/1.1 200 OK"
2026-03-28 10:30:30,205 - INFO - HTTP Request: HEAD https://hf-mirror.com/BAAI/bge-large-zh-v1.5/resolve/main/README.md "HTTP/1.1 307 Temporary Redirect"
2026-03-28 10:30:30,327 - INFO - HTTP Request: HEAD https://hf-mirror.com/api/resolve-cache/models/BAAI/bge-large-zh-v1.5/79e7739b6ab944e86d6171e44d24c997fc1e0116/README.md "HTTP/1.1 200 OK"
2026-03-28 10:30:33,287 - INFO - HTTP Request: HEAD https://hf-mirror.com/BAAI/bge-large-zh-v1.5/resolve/main/modules.json "HTTP/1.1 307 Temporary Redirect"
2026-03-28 10:30:33,488 - INFO - HTTP Request: HEAD https://hf-mirror.com/api/resolve-cache/models/BAAI/bge-large-zh-v1.5/79e7739b6ab944e86d6171e44d24c997fc1e0116/modules.json "HTTP/1.1 200 OK"
2026-03-28 10:30:37,623 - INFO - HTTP Request: HEAD https://hf-mirror.com/BAAI/bge-large-zh-v1.5/resolve/main/sentence_bert_config.json "HTTP/1.1 307 Temporary Redirect"
2026-03-28 10:30:37,783 - INFO - HTTP Request: HEAD https://hf-mirror.com/api/resolve-cache/models/BAAI/bge-large-zh-v1.5/79e7739b6ab944e86d6171e44d24c997fc1e0116/sentence_bert_config.json "HTTP/1.1 200 OK"
2026-03-28 10:30:41,366 - INFO - HTTP Request: HEAD https://hf-mirror.com/BAAI/bge-large-zh-v1.5/resolve/main/adapter_config.json "HTTP/1.1 404 Not Found"
2026-03-28 10:30:45,576 - INFO - HTTP Request: HEAD https://hf-mirror.com/BAAI/bge-large-zh-v1.5/resolve/main/config.json "HTTP/1.1 307 Temporary Redirect"
2026-03-28 10:30:45,788 - INFO - HTTP Request: HEAD https://hf-mirror.com/api/resolve-cache/models/BAAI/bge-large-zh-v1.5/79e7739b6ab944e86d6171e44d24c997fc1e0116/config.json "HTTP/1.1 200 OK"
2026-03-28 10:30:49,763 - INFO - HTTP Request: HEAD https://hf-mirror.com/BAAI/bge-large-zh-v1.5/resolve/main/model.safetensors "HTTP/1.1 404 Not Found"
2026-03-28 10:30:49,977 - INFO - HTTP Request: GET https://hf-mirror.com/api/models/BAAI/bge-large-zh-v1.5 "HTTP/1.1 200 OK"
2026-03-28 10:30:50,185 - INFO - HTTP Request: GET https://hf-mirror.com/api/models/BAAI/bge-large-zh-v1.5/commits/main "HTTP/1.1 200 OK"
2026-03-28 10:30:50,605 - INFO - HTTP Request: GET https://hf-mirror.com/api/models/BAAI/bge-large-zh-v1.5/discussions?p=0 "HTTP/1.1 200 OK"
2026-03-28 10:30:50,986 - INFO - HTTP Request: GET https://hf-mirror.com/api/models/BAAI/bge-large-zh-v1.5/commits/refs%2Fpr%2F35 "HTTP/1.1 200 OK"
2026-03-28 10:30:54,292 - INFO - HTTP Request: HEAD https://hf-mirror.com/BAAI/bge-large-zh-v1.5/resolve/main/config.json "HTTP/1.1 307 Temporary Redirect"
2026-03-28 10:30:54,474 - INFO - HTTP Request: HEAD https://hf-mirror.com/api/resolve-cache/models/BAAI/bge-large-zh-v1.5/79e7739b6ab944e86d6171e44d24c997fc1e0116/config.json "HTTP/1.1 200 OK"
2026-03-28 10:30:54,782 - INFO - HTTP Request: HEAD https://hf-mirror.com/BAAI/bge-large-zh-v1.5/resolve/refs%2Fpr%2F35/model.safetensors.index.json "HTTP/1.1 404 Not Found"
2026-03-28 10:30:58,693 - INFO - HTTP Request: HEAD https://hf-mirror.com/BAAI/bge-large-zh-v1.5/resolve/refs%2Fpr%2F35/model.safetensors "HTTP/1.1 302 Found"
2026-03-28 10:30:58,859 - INFO - HTTP Request: HEAD https://hf-mirror.com/BAAI/bge-large-zh-v1.5/resolve/main/tokenizer_config.json "HTTP/1.1 307 Temporary Redirect"
2026-03-28 10:30:59,186 - INFO - HTTP Request: HEAD https://hf-mirror.com/api/resolve-cache/models/BAAI/bge-large-zh-v1.5/79e7739b6ab944e86d6171e44d24c997fc1e0116/tokenizer_config.json "HTTP/1.1 200 OK"
2026-03-28 10:30:59,494 - INFO - HTTP Request: GET https://hf-mirror.com/api/models/BAAI/bge-large-zh-v1.5/tree/main/additional_chat_templates?recursive=false&expand=false "HTTP/1.1 404 Not Found"
2026-03-28 10:30:59,635 - INFO - HTTP Request: GET https://hf-mirror.com/api/models/BAAI/bge-large-zh-v1.5/tree/main?recursive=true&expand=false "HTTP/1.1 200 OK"
2026-03-28 10:31:03,581 - INFO - HTTP Request: HEAD https://hf-mirror.com/BAAI/bge-large-zh-v1.5/resolve/main/1_Pooling/config.json "HTTP/1.1 307 Temporary Redirect"
2026-03-28 10:31:03,739 - INFO - HTTP Request: HEAD https://hf-mirror.com/api/resolve-cache/models/BAAI/bge-large-zh-v1.5/79e7739b6ab944e86d6171e44d24c997fc1e0116/1_Pooling%2Fconfig.json "HTTP/1.1 200 OK"
2026-03-28 10:31:03,992 - INFO - HTTP Request: GET https://hf-mirror.com/api/models/BAAI/bge-large-zh-v1.5 "HTTP/1.1 200 OK"
2026-03-28 10:31:05,946 - INFO - 🚀 阶段1：开始执行 Guided BERTopic 聚类...
2026-03-28 10:37:06,943 - INFO - 📊 初始聚类完成！噪声数据: 6250 条 (35.2%)
2026-03-28 10:37:06,944 - INFO - 📊 初始发现主题数: 246 个
2026-03-28 10:37:06,944 - INFO - 🔄 阶段2：执行离群点回收（单次高阈值）...
2026-03-28 10:38:51,907 - INFO - ✅ 离群点回收完成！回收了 5099 条，剩余噪声: 1151 条
2026-03-28 10:38:51,909 - INFO - 🔧 主题数 246 超过上限 40，执行合并...
2026-03-28 10:38:54,511 - INFO - 📊 合并后主题数: 39 个
2026-03-28 10:38:54,511 - INFO - 🎯 阶段3：执行加权多层映射策略...
2026-03-28 10:38:55,813 - INFO - 🔍 阶段4：低置信度主题处理...
2026-03-28 10:38:56,004 - INFO -    合并主题 T9 -> T15 (相似度: 0.622)
2026-03-28 10:38:56,004 - INFO -    舍弃主题 T11 (置信度: 0.000, 文档数: 324)
2026-03-28 10:38:56,004 - INFO -    舍弃主题 T12 (置信度: 0.000, 文档数: 189)
2026-03-28 10:38:56,136 - INFO -    合并主题 T14 -> T0 (相似度: 0.613)
2026-03-28 10:38:56,138 - INFO -    舍弃主题 T16 (置信度: 0.000, 文档数: 127)
2026-03-28 10:38:56,138 - INFO -    舍弃主题 T17 (置信度: 0.000, 文档数: 114)
2026-03-28 10:38:56,184 - INFO -    舍弃主题 T19 (置信度: 0.000, 文档数: 98)
2026-03-28 10:38:56,184 - INFO -    舍弃主题 T20 (置信度: 0.000, 文档数: 98)
2026-03-28 10:38:56,184 - INFO -    舍弃主题 T27 (置信度: 0.000, 文档数: 43)
2026-03-28 10:38:56,186 - INFO -    舍弃主题 T28 (置信度: 0.000, 文档数: 42)
2026-03-28 10:38:56,186 - INFO -    舍弃主题 T29 (置信度: 0.000, 文档数: 36)
2026-03-28 10:38:56,186 - INFO -    舍弃主题 T31 (置信度: 0.000, 文档数: 29)
2026-03-28 10:38:56,186 - INFO -    舍弃主题 T35 (置信度: 0.000, 文档数: 21)
2026-03-28 10:38:56,188 - INFO -    舍弃主题 T36 (置信度: 0.000, 文档数: 18)
2026-03-28 10:38:56,188 - INFO -    舍弃主题 T37 (置信度: 0.000, 文档数: 17)
2026-03-28 10:38:56,188 - INFO -    舍弃主题 T38 (置信度: 0.000, 文档数: 16)
2026-03-28 10:38:56,188 - INFO -    共舍弃 14 个低置信度主题
2026-03-28 10:38:56,188 - INFO -    共合并 2 个中置信度主题
2026-03-28 10:38:56,189 - INFO - 📊 最终统计：噪声数据 2323 条，有效主题 23 个
2026-03-28 10:38:56,191 - INFO - 📈 正在评估聚类质量...
2026-03-28 10:38:56,199 - INFO - 💾 阶段5：正在保存完整结果...
2026-03-28 10:38:56,779 - INFO - 🏆 模型已保存至：E:\document\PG\studio\content\bertopic_results_optimized\saved_model
2026-03-28 10:38:57,065 - INFO - 📄 完整分类结果CSV已保存至：E:\document\PG\studio\content\bertopic_results_optimized\final_pro_topics.csv
2026-03-28 10:38:57,078 - INFO - ✅ 审查报告已保存至：E:\document\PG\studio\content\bertopic_results_optimized\pro_mapping_report.txt
2026-03-28 10:38:57,086 - INFO - 📊 主题分布统计已保存至：E:\document\PG\studio\content\bertopic_results_optimized\topic_distribution_stats.csv
2026-03-28 10:38:57,250 - INFO - 📄 文档级别详细结果已保存至：E:\document\PG\studio\content\bertopic_results_optimized\document_classification_details.csv
2026-03-28 10:38:57,253 - INFO - 🎉 全部流程执行完毕！
2026-03-28 11:09:38,252 - INFO - 📂 正在加载数据: E:\document\PG\studio\content\bertopic_ready_data\bertopic_train_data.csv
2026-03-28 11:09:38,621 - INFO - 📊 有效数据量: 18429 条
2026-03-28 11:09:38,627 - INFO - 📊 平均文本长度: 324 字符
2026-03-28 11:09:38,680 - INFO - 🔧 初始化 BERTopic 流水线...
2026-03-28 11:09:38,680 - INFO - 🤖 正在加载 BAAI/bge-large-zh-v1.5 模型，使用设备: cuda
2026-03-28 11:09:38,682 - INFO - Load pretrained SentenceTransformer: BAAI/bge-large-zh-v1.5
2026-03-28 11:09:39,687 - INFO - HTTP Request: HEAD https://hf-mirror.com/BAAI/bge-large-zh-v1.5/resolve/main/modules.json "HTTP/1.1 307 Temporary Redirect"
2026-03-28 11:09:39,839 - INFO - HTTP Request: HEAD https://hf-mirror.com/api/resolve-cache/models/BAAI/bge-large-zh-v1.5/79e7739b6ab944e86d6171e44d24c997fc1e0116/modules.json "HTTP/1.1 200 OK"
2026-03-28 11:09:40,157 - INFO - HTTP Request: HEAD https://hf-mirror.com/BAAI/bge-large-zh-v1.5/resolve/main/config_sentence_transformers.json "HTTP/1.1 307 Temporary Redirect"
2026-03-28 11:09:40,259 - INFO - HTTP Request: HEAD https://hf-mirror.com/api/resolve-cache/models/BAAI/bge-large-zh-v1.5/79e7739b6ab944e86d6171e44d24c997fc1e0116/config_sentence_transformers.json "HTTP/1.1 200 OK"
2026-03-28 11:09:40,557 - INFO - HTTP Request: HEAD https://hf-mirror.com/BAAI/bge-large-zh-v1.5/resolve/main/config_sentence_transformers.json "HTTP/1.1 307 Temporary Redirect"
2026-03-28 11:09:40,691 - INFO - HTTP Request: HEAD https://hf-mirror.com/api/resolve-cache/models/BAAI/bge-large-zh-v1.5/79e7739b6ab944e86d6171e44d24c997fc1e0116/config_sentence_transformers.json "HTTP/1.1 200 OK"
2026-03-28 11:09:41,032 - INFO - HTTP Request: HEAD https://hf-mirror.com/BAAI/bge-large-zh-v1.5/resolve/main/README.md "HTTP/1.1 307 Temporary Redirect"
2026-03-28 11:09:41,153 - INFO - HTTP Request: HEAD https://hf-mirror.com/api/resolve-cache/models/BAAI/bge-large-zh-v1.5/79e7739b6ab944e86d6171e44d24c997fc1e0116/README.md "HTTP/1.1 200 OK"
2026-03-28 11:09:41,550 - INFO - HTTP Request: HEAD https://hf-mirror.com/BAAI/bge-large-zh-v1.5/resolve/main/modules.json "HTTP/1.1 307 Temporary Redirect"
2026-03-28 11:09:41,689 - INFO - HTTP Request: HEAD https://hf-mirror.com/api/resolve-cache/models/BAAI/bge-large-zh-v1.5/79e7739b6ab944e86d6171e44d24c997fc1e0116/modules.json "HTTP/1.1 200 OK"
2026-03-28 11:09:41,994 - INFO - HTTP Request: HEAD https://hf-mirror.com/BAAI/bge-large-zh-v1.5/resolve/main/sentence_bert_config.json "HTTP/1.1 307 Temporary Redirect"
2026-03-28 11:09:42,095 - INFO - HTTP Request: HEAD https://hf-mirror.com/api/resolve-cache/models/BAAI/bge-large-zh-v1.5/79e7739b6ab944e86d6171e44d24c997fc1e0116/sentence_bert_config.json "HTTP/1.1 200 OK"
2026-03-28 11:09:42,400 - INFO - HTTP Request: HEAD https://hf-mirror.com/BAAI/bge-large-zh-v1.5/resolve/main/adapter_config.json "HTTP/1.1 404 Not Found"
2026-03-28 11:09:42,728 - INFO - HTTP Request: HEAD https://hf-mirror.com/BAAI/bge-large-zh-v1.5/resolve/main/config.json "HTTP/1.1 307 Temporary Redirect"
2026-03-28 11:09:42,958 - INFO - HTTP Request: HEAD https://hf-mirror.com/api/resolve-cache/models/BAAI/bge-large-zh-v1.5/79e7739b6ab944e86d6171e44d24c997fc1e0116/config.json "HTTP/1.1 200 OK"
2026-03-28 11:09:43,338 - INFO - HTTP Request: HEAD https://hf-mirror.com/BAAI/bge-large-zh-v1.5/resolve/main/model.safetensors "HTTP/1.1 404 Not Found"
2026-03-28 11:09:43,579 - INFO - HTTP Request: GET https://hf-mirror.com/api/models/BAAI/bge-large-zh-v1.5 "HTTP/1.1 200 OK"
2026-03-28 11:09:43,743 - INFO - HTTP Request: GET https://hf-mirror.com/api/models/BAAI/bge-large-zh-v1.5/commits/main "HTTP/1.1 200 OK"
2026-03-28 11:09:43,941 - INFO - HTTP Request: GET https://hf-mirror.com/api/models/BAAI/bge-large-zh-v1.5/discussions?p=0 "HTTP/1.1 200 OK"
2026-03-28 11:09:44,043 - INFO - HTTP Request: GET https://hf-mirror.com/api/models/BAAI/bge-large-zh-v1.5/commits/refs%2Fpr%2F35 "HTTP/1.1 200 OK"
2026-03-28 11:09:44,043 - INFO - HTTP Request: HEAD https://hf-mirror.com/BAAI/bge-large-zh-v1.5/resolve/main/config.json "HTTP/1.1 307 Temporary Redirect"
2026-03-28 11:09:44,246 - INFO - HTTP Request: HEAD https://hf-mirror.com/api/resolve-cache/models/BAAI/bge-large-zh-v1.5/79e7739b6ab944e86d6171e44d24c997fc1e0116/config.json "HTTP/1.1 200 OK"
2026-03-28 11:09:44,426 - INFO - HTTP Request: HEAD https://hf-mirror.com/BAAI/bge-large-zh-v1.5/resolve/refs%2Fpr%2F35/model.safetensors.index.json "HTTP/1.1 404 Not Found"
2026-03-28 11:09:44,595 - INFO - HTTP Request: HEAD https://hf-mirror.com/BAAI/bge-large-zh-v1.5/resolve/main/tokenizer_config.json "HTTP/1.1 307 Temporary Redirect"
2026-03-28 11:09:44,698 - INFO - HTTP Request: HEAD https://hf-mirror.com/api/resolve-cache/models/BAAI/bge-large-zh-v1.5/79e7739b6ab944e86d6171e44d24c997fc1e0116/tokenizer_config.json "HTTP/1.1 200 OK"
2026-03-28 11:09:44,712 - INFO - HTTP Request: HEAD https://hf-mirror.com/BAAI/bge-large-zh-v1.5/resolve/refs%2Fpr%2F35/model.safetensors "HTTP/1.1 302 Found"
2026-03-28 11:09:44,861 - INFO - HTTP Request: GET https://hf-mirror.com/api/models/BAAI/bge-large-zh-v1.5/tree/main/additional_chat_templates?recursive=false&expand=false "HTTP/1.1 404 Not Found"
2026-03-28 11:09:44,990 - INFO - HTTP Request: GET https://hf-mirror.com/api/models/BAAI/bge-large-zh-v1.5/tree/main?recursive=true&expand=false "HTTP/1.1 200 OK"
2026-03-28 11:09:45,313 - INFO - HTTP Request: HEAD https://hf-mirror.com/BAAI/bge-large-zh-v1.5/resolve/main/1_Pooling/config.json "HTTP/1.1 307 Temporary Redirect"
2026-03-28 11:09:45,418 - INFO - HTTP Request: HEAD https://hf-mirror.com/api/resolve-cache/models/BAAI/bge-large-zh-v1.5/79e7739b6ab944e86d6171e44d24c997fc1e0116/1_Pooling%2Fconfig.json "HTTP/1.1 200 OK"
2026-03-28 11:09:45,536 - INFO - HTTP Request: GET https://hf-mirror.com/api/models/BAAI/bge-large-zh-v1.5 "HTTP/1.1 200 OK"
2026-03-28 11:09:46,361 - INFO - 🚀 阶段1：开始执行 Guided BERTopic 聚类...
2026-03-28 11:16:24,435 - INFO - 📊 初始聚类完成！噪声数据: 5577 条 (30.3%)
2026-03-28 11:16:24,435 - INFO - 📊 初始发现主题数: 245 个
2026-03-28 11:16:24,435 - INFO - 🔄 阶段2：执行离群点回收（单次高阈值）...
2026-03-28 11:18:11,501 - INFO - ✅ 离群点回收完成！回收了 4985 条，剩余噪声: 592 条
2026-03-28 11:18:11,501 - INFO - 🔧 主题数 245 超过上限 40，执行合并...
2026-03-28 11:18:14,260 - INFO - 📊 合并后主题数: 39 个
2026-03-28 11:18:14,260 - INFO - 🎯 阶段3：执行加权多层映射策略...
2026-03-28 11:18:15,565 - INFO - 🔍 阶段4：低置信度主题处理...
2026-03-28 11:18:15,747 - INFO -    合并主题 T0 -> T10 (相似度: 0.642)
2026-03-28 11:18:15,747 - INFO -    舍弃主题 T5 (置信度: 0.000, 文档数: 787)
2026-03-28 11:18:15,749 - INFO -    舍弃主题 T6 (置信度: 0.000, 文档数: 764)
2026-03-28 11:18:15,749 - INFO -    舍弃主题 T8 (置信度: 0.000, 文档数: 351)
2026-03-28 11:18:15,750 - INFO -    舍弃主题 T12 (置信度: 0.000, 文档数: 250)
2026-03-28 11:18:15,752 - INFO -    舍弃主题 T13 (置信度: 0.000, 文档数: 221)
2026-03-28 11:18:15,752 - INFO -    舍弃主题 T15 (置信度: 0.000, 文档数: 208)
2026-03-28 11:18:15,752 - INFO -    舍弃主题 T16 (置信度: 0.000, 文档数: 206)
2026-03-28 11:18:15,753 - INFO -    舍弃主题 T19 (置信度: 0.000, 文档数: 135)
2026-03-28 11:18:15,753 - INFO -    舍弃主题 T22 (置信度: 0.000, 文档数: 77)
2026-03-28 11:18:15,755 - INFO -    舍弃主题 T24 (置信度: 0.000, 文档数: 62)
2026-03-28 11:18:15,755 - INFO -    舍弃主题 T25 (置信度: 0.000, 文档数: 60)
2026-03-28 11:18:15,755 - INFO -    舍弃主题 T26 (置信度: 0.000, 文档数: 54)
2026-03-28 11:18:15,756 - INFO -    舍弃主题 T27 (置信度: 0.000, 文档数: 51)
2026-03-28 11:18:15,756 - INFO -    舍弃主题 T28 (置信度: 0.000, 文档数: 49)
2026-03-28 11:18:15,756 - INFO -    舍弃主题 T29 (置信度: 0.000, 文档数: 49)
2026-03-28 11:18:15,758 - INFO -    舍弃主题 T30 (置信度: 0.000, 文档数: 43)
2026-03-28 11:18:15,758 - INFO -    舍弃主题 T32 (置信度: 0.000, 文档数: 33)
2026-03-28 11:18:15,758 - INFO -    舍弃主题 T33 (置信度: 0.000, 文档数: 25)
2026-03-28 11:18:15,760 - INFO -    舍弃主题 T34 (置信度: 0.000, 文档数: 22)
2026-03-28 11:18:15,760 - INFO -    舍弃主题 T35 (置信度: 0.000, 文档数: 21)
2026-03-28 11:18:15,760 - INFO -    舍弃主题 T36 (置信度: 0.000, 文档数: 17)
2026-03-28 11:18:15,760 - INFO -    舍弃主题 T37 (置信度: 0.000, 文档数: 17)
2026-03-28 11:18:15,761 - INFO -    舍弃主题 T38 (置信度: 0.000, 文档数: 16)
2026-03-28 11:18:15,761 - INFO -    共舍弃 23 个低置信度主题
2026-03-28 11:18:15,761 - INFO -    共合并 1 个中置信度主题
2026-03-28 11:18:15,761 - INFO - 📊 最终统计：噪声数据 4110 条，有效主题 15 个
2026-03-28 11:18:15,763 - INFO - 📈 正在评估聚类质量...
2026-03-28 11:18:15,770 - INFO - 💾 阶段5：正在保存完整结果...
2026-03-28 11:18:16,424 - INFO - 🏆 模型已保存至：E:\document\PG\studio\content\bertopic_results_optimized\saved_model
2026-03-28 11:18:16,779 - INFO - 📄 完整分类结果CSV已保存至：E:\document\PG\studio\content\bertopic_results_optimized\final_pro_topics.csv
2026-03-28 11:18:16,787 - INFO - ✅ 审查报告已保存至：E:\document\PG\studio\content\bertopic_results_optimized\pro_mapping_report.txt
2026-03-28 11:18:16,796 - INFO - 📊 主题分布统计已保存至：E:\document\PG\studio\content\bertopic_results_optimized\topic_distribution_stats.csv
2026-03-28 11:18:17,005 - INFO - 📄 文档级别详细结果已保存至：E:\document\PG\studio\content\bertopic_results_optimized\document_classification_details.csv
2026-03-28 11:18:17,007 - INFO - 🎉 全部流程执行完毕！
2026-03-28 11:22:06,348 - INFO - 📂 正在加载数据: E:\document\PG\studio\content\bertopic_ready_data\bertopic_train_data.csv
2026-03-28 11:22:06,643 - INFO - 📊 有效数据量: 18429 条
2026-03-28 11:22:06,649 - INFO - 📊 平均文本长度: 324 字符
2026-03-28 11:22:06,697 - INFO - 🔧 初始化 BERTopic 流水线...
2026-03-28 11:22:06,697 - INFO - 🤖 正在加载 BAAI/bge-large-zh-v1.5 模型，使用设备: cuda
2026-03-28 11:22:06,698 - INFO - Load pretrained SentenceTransformer: BAAI/bge-large-zh-v1.5
2026-03-28 11:22:07,591 - INFO - HTTP Request: HEAD https://hf-mirror.com/BAAI/bge-large-zh-v1.5/resolve/main/modules.json "HTTP/1.1 307 Temporary Redirect"
2026-03-28 11:22:07,693 - INFO - HTTP Request: HEAD https://hf-mirror.com/api/resolve-cache/models/BAAI/bge-large-zh-v1.5/79e7739b6ab944e86d6171e44d24c997fc1e0116/modules.json "HTTP/1.1 200 OK"
2026-03-28 11:22:08,616 - INFO - HTTP Request: HEAD https://hf-mirror.com/BAAI/bge-large-zh-v1.5/resolve/main/config_sentence_transformers.json "HTTP/1.1 307 Temporary Redirect"
2026-03-28 11:22:08,974 - INFO - HTTP Request: HEAD https://hf-mirror.com/api/resolve-cache/models/BAAI/bge-large-zh-v1.5/79e7739b6ab944e86d6171e44d24c997fc1e0116/config_sentence_transformers.json "HTTP/1.1 200 OK"
2026-03-28 11:22:09,216 - INFO - HTTP Request: HEAD https://hf-mirror.com/BAAI/bge-large-zh-v1.5/resolve/main/config_sentence_transformers.json "HTTP/1.1 307 Temporary Redirect"
2026-03-28 11:22:09,430 - INFO - HTTP Request: HEAD https://hf-mirror.com/api/resolve-cache/models/BAAI/bge-large-zh-v1.5/79e7739b6ab944e86d6171e44d24c997fc1e0116/config_sentence_transformers.json "HTTP/1.1 200 OK"
2026-03-28 11:22:09,739 - INFO - HTTP Request: HEAD https://hf-mirror.com/BAAI/bge-large-zh-v1.5/resolve/main/README.md "HTTP/1.1 307 Temporary Redirect"
2026-03-28 11:22:09,959 - INFO - HTTP Request: HEAD https://hf-mirror.com/api/resolve-cache/models/BAAI/bge-large-zh-v1.5/79e7739b6ab944e86d6171e44d24c997fc1e0116/README.md "HTTP/1.1 200 OK"
2026-03-28 11:22:10,355 - INFO - HTTP Request: HEAD https://hf-mirror.com/BAAI/bge-large-zh-v1.5/resolve/main/modules.json "HTTP/1.1 307 Temporary Redirect"
2026-03-28 11:22:10,580 - INFO - HTTP Request: HEAD https://hf-mirror.com/api/resolve-cache/models/BAAI/bge-large-zh-v1.5/79e7739b6ab944e86d6171e44d24c997fc1e0116/modules.json "HTTP/1.1 200 OK"
2026-03-28 11:22:10,972 - INFO - HTTP Request: HEAD https://hf-mirror.com/BAAI/bge-large-zh-v1.5/resolve/main/sentence_bert_config.json "HTTP/1.1 307 Temporary Redirect"
2026-03-28 11:22:11,172 - INFO - HTTP Request: HEAD https://hf-mirror.com/api/resolve-cache/models/BAAI/bge-large-zh-v1.5/79e7739b6ab944e86d6171e44d24c997fc1e0116/sentence_bert_config.json "HTTP/1.1 200 OK"
2026-03-28 11:22:11,584 - INFO - HTTP Request: HEAD https://hf-mirror.com/BAAI/bge-large-zh-v1.5/resolve/main/adapter_config.json "HTTP/1.1 404 Not Found"
2026-03-28 11:22:11,873 - INFO - HTTP Request: HEAD https://hf-mirror.com/BAAI/bge-large-zh-v1.5/resolve/main/config.json "HTTP/1.1 307 Temporary Redirect"
2026-03-28 11:22:12,094 - INFO - HTTP Request: HEAD https://hf-mirror.com/api/resolve-cache/models/BAAI/bge-large-zh-v1.5/79e7739b6ab944e86d6171e44d24c997fc1e0116/config.json "HTTP/1.1 200 OK"
2026-03-28 11:22:12,503 - INFO - HTTP Request: HEAD https://hf-mirror.com/BAAI/bge-large-zh-v1.5/resolve/main/model.safetensors "HTTP/1.1 404 Not Found"
2026-03-28 11:22:12,724 - INFO - HTTP Request: GET https://hf-mirror.com/api/models/BAAI/bge-large-zh-v1.5 "HTTP/1.1 200 OK"
2026-03-28 11:22:12,915 - INFO - HTTP Request: GET https://hf-mirror.com/api/models/BAAI/bge-large-zh-v1.5/commits/main "HTTP/1.1 200 OK"
2026-03-28 11:22:13,144 - INFO - HTTP Request: GET https://hf-mirror.com/api/models/BAAI/bge-large-zh-v1.5/discussions?p=0 "HTTP/1.1 200 OK"
2026-03-28 11:22:13,325 - INFO - HTTP Request: GET https://hf-mirror.com/api/models/BAAI/bge-large-zh-v1.5/commits/refs%2Fpr%2F35 "HTTP/1.1 200 OK"
2026-03-28 11:22:13,326 - INFO - HTTP Request: HEAD https://hf-mirror.com/BAAI/bge-large-zh-v1.5/resolve/main/config.json "HTTP/1.1 307 Temporary Redirect"
2026-03-28 11:22:13,643 - INFO - HTTP Request: HEAD https://hf-mirror.com/BAAI/bge-large-zh-v1.5/resolve/refs%2Fpr%2F35/model.safetensors.index.json "HTTP/1.1 404 Not Found"
2026-03-28 11:22:13,643 - INFO - HTTP Request: HEAD https://hf-mirror.com/api/resolve-cache/models/BAAI/bge-large-zh-v1.5/79e7739b6ab944e86d6171e44d24c997fc1e0116/config.json "HTTP/1.1 200 OK"
2026-03-28 11:22:13,927 - INFO - HTTP Request: HEAD https://hf-mirror.com/BAAI/bge-large-zh-v1.5/resolve/refs%2Fpr%2F35/model.safetensors "HTTP/1.1 302 Found"
2026-03-28 11:22:14,041 - INFO - HTTP Request: HEAD https://hf-mirror.com/BAAI/bge-large-zh-v1.5/resolve/main/tokenizer_config.json "HTTP/1.1 307 Temporary Redirect"
2026-03-28 11:22:14,250 - INFO - HTTP Request: HEAD https://hf-mirror.com/api/resolve-cache/models/BAAI/bge-large-zh-v1.5/79e7739b6ab944e86d6171e44d24c997fc1e0116/tokenizer_config.json "HTTP/1.1 200 OK"
2026-03-28 11:22:14,450 - INFO - HTTP Request: GET https://hf-mirror.com/api/models/BAAI/bge-large-zh-v1.5/tree/main/additional_chat_templates?recursive=false&expand=false "HTTP/1.1 404 Not Found"
2026-03-28 11:22:14,758 - INFO - HTTP Request: GET https://hf-mirror.com/api/models/BAAI/bge-large-zh-v1.5/tree/main?recursive=true&expand=false "HTTP/1.1 200 OK"
2026-03-28 11:22:15,078 - INFO - HTTP Request: HEAD https://hf-mirror.com/BAAI/bge-large-zh-v1.5/resolve/main/1_Pooling/config.json "HTTP/1.1 307 Temporary Redirect"
2026-03-28 11:22:15,166 - INFO - HTTP Request: HEAD https://hf-mirror.com/api/resolve-cache/models/BAAI/bge-large-zh-v1.5/79e7739b6ab944e86d6171e44d24c997fc1e0116/1_Pooling%2Fconfig.json "HTTP/1.1 200 OK"
2026-03-28 11:22:15,303 - INFO - HTTP Request: GET https://hf-mirror.com/api/models/BAAI/bge-large-zh-v1.5 "HTTP/1.1 200 OK"
2026-03-28 11:22:16,910 - INFO - 🚀 阶段1：开始执行 Guided BERTopic 聚类...
2026-03-28 11:28:51,835 - INFO - 📊 初始聚类完成！噪声数据: 5577 条 (30.3%)
2026-03-28 11:28:51,835 - INFO - 📊 初始发现主题数: 245 个
2026-03-28 11:28:51,835 - INFO - 🔄 阶段2：执行离群点回收（单次高阈值）...
2026-03-28 11:30:37,736 - INFO - ✅ 离群点回收完成！回收了 4985 条，剩余噪声: 592 条
2026-03-28 11:30:37,736 - INFO - 🔧 主题数 245 超过上限 40，执行合并...
2026-03-28 11:30:40,426 - INFO - 📊 合并后主题数: 39 个
2026-03-28 11:30:40,426 - INFO - 🎯 阶段3：执行加权多层映射策略...
2026-03-28 11:30:41,686 - INFO - 🔍 阶段4：低置信度主题处理...
2026-03-28 11:30:41,826 - INFO -    合并主题 T0 -> T10 (相似度: 0.642)
2026-03-28 11:30:41,828 - INFO -    舍弃主题 T5 (置信度: 0.000, 文档数: 787)
2026-03-28 11:30:41,828 - INFO -    舍弃主题 T6 (置信度: 0.000, 文档数: 764)
2026-03-28 11:30:41,828 - INFO -    舍弃主题 T8 (置信度: 0.000, 文档数: 351)
2026-03-28 11:30:41,829 - INFO -    舍弃主题 T12 (置信度: 0.000, 文档数: 250)
2026-03-28 11:30:41,829 - INFO -    舍弃主题 T13 (置信度: 0.000, 文档数: 221)
2026-03-28 11:30:41,829 - INFO -    舍弃主题 T15 (置信度: 0.000, 文档数: 208)
2026-03-28 11:30:41,831 - INFO -    舍弃主题 T16 (置信度: 0.000, 文档数: 206)
2026-03-28 11:30:41,831 - INFO -    舍弃主题 T19 (置信度: 0.000, 文档数: 135)
2026-03-28 11:30:41,831 - INFO -    舍弃主题 T22 (置信度: 0.000, 文档数: 77)
2026-03-28 11:30:41,833 - INFO -    舍弃主题 T24 (置信度: 0.000, 文档数: 62)
2026-03-28 11:30:41,833 - INFO -    舍弃主题 T25 (置信度: 0.000, 文档数: 60)
2026-03-28 11:30:41,833 - INFO -    舍弃主题 T26 (置信度: 0.000, 文档数: 54)
2026-03-28 11:30:41,834 - INFO -    舍弃主题 T27 (置信度: 0.000, 文档数: 51)
2026-03-28 11:30:41,834 - INFO -    舍弃主题 T28 (置信度: 0.000, 文档数: 49)
2026-03-28 11:30:41,834 - INFO -    舍弃主题 T29 (置信度: 0.000, 文档数: 49)
2026-03-28 11:30:41,834 - INFO -    舍弃主题 T30 (置信度: 0.000, 文档数: 43)
2026-03-28 11:30:41,836 - INFO -    舍弃主题 T32 (置信度: 0.000, 文档数: 33)
2026-03-28 11:30:41,836 - INFO -    舍弃主题 T33 (置信度: 0.000, 文档数: 25)
2026-03-28 11:30:41,837 - INFO -    舍弃主题 T34 (置信度: 0.000, 文档数: 22)
2026-03-28 11:30:41,837 - INFO -    舍弃主题 T35 (置信度: 0.000, 文档数: 21)
2026-03-28 11:30:41,838 - INFO -    舍弃主题 T36 (置信度: 0.000, 文档数: 17)
2026-03-28 11:30:41,839 - INFO -    舍弃主题 T37 (置信度: 0.000, 文档数: 17)
2026-03-28 11:30:41,839 - INFO -    舍弃主题 T38 (置信度: 0.000, 文档数: 16)
2026-03-28 11:30:41,839 - INFO -    共舍弃 23 个低置信度主题
2026-03-28 11:30:41,839 - INFO -    共合并 1 个中置信度主题
2026-03-28 11:30:41,839 - INFO - 📊 最终统计：噪声数据 4110 条，有效主题 15 个
2026-03-28 11:30:41,842 - INFO - 📈 正在评估聚类质量...
2026-03-28 11:30:41,846 - INFO - 💾 阶段5：正在保存完整结果...
2026-03-28 11:30:42,480 - INFO - 🏆 模型已保存至：E:\document\PG\studio\content\bertopic_results_optimized\saved_model
2026-03-28 11:30:42,819 - INFO - 📄 完整分类结果CSV已保存至：E:\document\PG\studio\content\bertopic_results_optimized\final_pro_topics.csv
2026-03-28 11:30:42,828 - INFO - ✅ 审查报告已保存至：E:\document\PG\studio\content\bertopic_results_optimized\pro_mapping_report.txt
2026-03-28 11:30:42,833 - INFO - 📊 主题分布统计已保存至：E:\document\PG\studio\content\bertopic_results_optimized\topic_distribution_stats.csv
2026-03-28 11:30:43,034 - INFO - 📄 文档级别详细结果已保存至：E:\document\PG\studio\content\bertopic_results_optimized\document_classification_details.csv
2026-03-28 11:30:43,038 - INFO - 🎉 全部流程执行完毕！
2026-03-28 12:23:27,391 - INFO - 📂 正在加载数据: E:\document\PG\studio\content\bertopic_ready_data\bertopic_train_data.csv
2026-03-28 12:23:27,681 - INFO - 📊 有效数据量: 18429 条
2026-03-28 12:23:27,686 - INFO - 📊 平均文本长度: 324 字符
2026-03-28 12:23:27,728 - INFO - 🔧 初始化 BERTopic 流水线...
2026-03-28 12:23:27,729 - INFO - 🤖 正在加载 BAAI/bge-large-zh-v1.5 模型，使用设备: cuda
2026-03-28 12:23:27,731 - INFO - Load pretrained SentenceTransformer: BAAI/bge-large-zh-v1.5
2026-03-28 12:23:28,881 - INFO - HTTP Request: HEAD https://hf-mirror.com/BAAI/bge-large-zh-v1.5/resolve/main/modules.json "HTTP/1.1 307 Temporary Redirect"
2026-03-28 12:23:29,172 - INFO - HTTP Request: HEAD https://hf-mirror.com/api/resolve-cache/models/BAAI/bge-large-zh-v1.5/79e7739b6ab944e86d6171e44d24c997fc1e0116/modules.json "HTTP/1.1 200 OK"
2026-03-28 12:23:29,497 - INFO - HTTP Request: HEAD https://hf-mirror.com/BAAI/bge-large-zh-v1.5/resolve/main/config_sentence_transformers.json "HTTP/1.1 307 Temporary Redirect"
2026-03-28 12:23:29,802 - INFO - HTTP Request: HEAD https://hf-mirror.com/api/resolve-cache/models/BAAI/bge-large-zh-v1.5/79e7739b6ab944e86d6171e44d24c997fc1e0116/config_sentence_transformers.json "HTTP/1.1 200 OK"
2026-03-28 12:23:30,204 - INFO - HTTP Request: HEAD https://hf-mirror.com/BAAI/bge-large-zh-v1.5/resolve/main/config_sentence_transformers.json "HTTP/1.1 307 Temporary Redirect"
2026-03-28 12:23:30,512 - INFO - HTTP Request: HEAD https://hf-mirror.com/api/resolve-cache/models/BAAI/bge-large-zh-v1.5/79e7739b6ab944e86d6171e44d24c997fc1e0116/config_sentence_transformers.json "HTTP/1.1 200 OK"
2026-03-28 12:23:30,833 - INFO - HTTP Request: HEAD https://hf-mirror.com/BAAI/bge-large-zh-v1.5/resolve/main/README.md "HTTP/1.1 307 Temporary Redirect"
2026-03-28 12:23:31,033 - INFO - HTTP Request: HEAD https://hf-mirror.com/api/resolve-cache/models/BAAI/bge-large-zh-v1.5/79e7739b6ab944e86d6171e44d24c997fc1e0116/README.md "HTTP/1.1 200 OK"
2026-03-28 12:23:31,338 - INFO - HTTP Request: HEAD https://hf-mirror.com/BAAI/bge-large-zh-v1.5/resolve/main/modules.json "HTTP/1.1 307 Temporary Redirect"
2026-03-28 12:23:31,544 - INFO - HTTP Request: HEAD https://hf-mirror.com/api/resolve-cache/models/BAAI/bge-large-zh-v1.5/79e7739b6ab944e86d6171e44d24c997fc1e0116/modules.json "HTTP/1.1 200 OK"
2026-03-28 12:23:31,956 - INFO - HTTP Request: HEAD https://hf-mirror.com/BAAI/bge-large-zh-v1.5/resolve/main/sentence_bert_config.json "HTTP/1.1 307 Temporary Redirect"
2026-03-28 12:23:32,210 - INFO - HTTP Request: HEAD https://hf-mirror.com/api/resolve-cache/models/BAAI/bge-large-zh-v1.5/79e7739b6ab944e86d6171e44d24c997fc1e0116/sentence_bert_config.json "HTTP/1.1 200 OK"
2026-03-28 12:23:32,670 - INFO - HTTP Request: HEAD https://hf-mirror.com/BAAI/bge-large-zh-v1.5/resolve/main/adapter_config.json "HTTP/1.1 404 Not Found"
2026-03-28 12:23:32,983 - INFO - HTTP Request: HEAD https://hf-mirror.com/BAAI/bge-large-zh-v1.5/resolve/main/config.json "HTTP/1.1 307 Temporary Redirect"
2026-03-28 12:23:33,188 - INFO - HTTP Request: HEAD https://hf-mirror.com/api/resolve-cache/models/BAAI/bge-large-zh-v1.5/79e7739b6ab944e86d6171e44d24c997fc1e0116/config.json "HTTP/1.1 200 OK"
2026-03-28 12:23:33,584 - INFO - HTTP Request: HEAD https://hf-mirror.com/BAAI/bge-large-zh-v1.5/resolve/main/model.safetensors "HTTP/1.1 404 Not Found"
2026-03-28 12:23:33,803 - INFO - HTTP Request: GET https://hf-mirror.com/api/models/BAAI/bge-large-zh-v1.5 "HTTP/1.1 200 OK"
2026-03-28 12:23:33,999 - INFO - HTTP Request: GET https://hf-mirror.com/api/models/BAAI/bge-large-zh-v1.5/commits/main "HTTP/1.1 200 OK"
2026-03-28 12:23:34,513 - INFO - HTTP Request: GET https://hf-mirror.com/api/models/BAAI/bge-large-zh-v1.5/discussions?p=0 "HTTP/1.1 200 OK"
2026-03-28 12:23:34,721 - INFO - HTTP Request: GET https://hf-mirror.com/api/models/BAAI/bge-large-zh-v1.5/commits/refs%2Fpr%2F35 "HTTP/1.1 200 OK"
2026-03-28 12:23:34,974 - INFO - HTTP Request: HEAD https://hf-mirror.com/BAAI/bge-large-zh-v1.5/resolve/main/config.json "HTTP/1.1 307 Temporary Redirect"
2026-03-28 12:23:35,119 - INFO - HTTP Request: HEAD https://hf-mirror.com/BAAI/bge-large-zh-v1.5/resolve/refs%2Fpr%2F35/model.safetensors.index.json "HTTP/1.1 404 Not Found"
2026-03-28 12:23:35,212 - INFO - HTTP Request: HEAD https://hf-mirror.com/api/resolve-cache/models/BAAI/bge-large-zh-v1.5/79e7739b6ab944e86d6171e44d24c997fc1e0116/config.json "HTTP/1.1 200 OK"
2026-03-28 12:23:35,492 - INFO - HTTP Request: HEAD https://hf-mirror.com/BAAI/bge-large-zh-v1.5/resolve/refs%2Fpr%2F35/model.safetensors "HTTP/1.1 302 Found"
2026-03-28 12:23:35,616 - INFO - HTTP Request: HEAD https://hf-mirror.com/BAAI/bge-large-zh-v1.5/resolve/main/tokenizer_config.json "HTTP/1.1 307 Temporary Redirect"
2026-03-28 12:23:35,803 - INFO - HTTP Request: HEAD https://hf-mirror.com/api/resolve-cache/models/BAAI/bge-large-zh-v1.5/79e7739b6ab944e86d6171e44d24c997fc1e0116/tokenizer_config.json "HTTP/1.1 200 OK"
2026-03-28 12:23:35,978 - INFO - HTTP Request: GET https://hf-mirror.com/api/models/BAAI/bge-large-zh-v1.5/tree/main/additional_chat_templates?recursive=false&expand=false "HTTP/1.1 404 Not Found"
2026-03-28 12:23:36,144 - INFO - HTTP Request: GET https://hf-mirror.com/api/models/BAAI/bge-large-zh-v1.5/tree/main?recursive=true&expand=false "HTTP/1.1 200 OK"
2026-03-28 12:23:36,546 - INFO - HTTP Request: HEAD https://hf-mirror.com/BAAI/bge-large-zh-v1.5/resolve/main/1_Pooling/config.json "HTTP/1.1 307 Temporary Redirect"
2026-03-28 12:23:36,707 - INFO - HTTP Request: HEAD https://hf-mirror.com/api/resolve-cache/models/BAAI/bge-large-zh-v1.5/79e7739b6ab944e86d6171e44d24c997fc1e0116/1_Pooling%2Fconfig.json "HTTP/1.1 200 OK"
2026-03-28 12:23:36,890 - INFO - HTTP Request: GET https://hf-mirror.com/api/models/BAAI/bge-large-zh-v1.5 "HTTP/1.1 200 OK"
2026-03-28 12:23:37,657 - INFO - 🚀 阶段1：开始执行 Guided BERTopic 聚类...
2026-03-28 12:31:41,023 - INFO - 📂 正在加载数据: E:\document\PG\studio\content\bertopic_ready_data\bertopic_train_data.csv
2026-03-28 12:31:41,357 - INFO - 📊 有效数据量: 18429 条
2026-03-28 12:31:41,400 - INFO - 🔧 初始化 BERTopic 流水线...
2026-03-28 12:31:41,400 - INFO - 🤖 正在加载 BAAI/bge-large-zh-v1.5 模型，使用设备: cuda
2026-03-28 12:31:41,401 - INFO - Load pretrained SentenceTransformer: BAAI/bge-large-zh-v1.5
2026-03-28 12:31:42,251 - INFO - HTTP Request: HEAD https://hf-mirror.com/BAAI/bge-large-zh-v1.5/resolve/main/modules.json "HTTP/1.1 307 Temporary Redirect"
2026-03-28 12:31:42,405 - INFO - HTTP Request: HEAD https://hf-mirror.com/api/resolve-cache/models/BAAI/bge-large-zh-v1.5/79e7739b6ab944e86d6171e44d24c997fc1e0116/modules.json "HTTP/1.1 200 OK"
2026-03-28 12:31:42,763 - INFO - HTTP Request: HEAD https://hf-mirror.com/BAAI/bge-large-zh-v1.5/resolve/main/config_sentence_transformers.json "HTTP/1.1 307 Temporary Redirect"
2026-03-28 12:31:42,875 - INFO - HTTP Request: HEAD https://hf-mirror.com/api/resolve-cache/models/BAAI/bge-large-zh-v1.5/79e7739b6ab944e86d6171e44d24c997fc1e0116/config_sentence_transformers.json "HTTP/1.1 200 OK"
2026-03-28 12:31:43,176 - INFO - HTTP Request: HEAD https://hf-mirror.com/BAAI/bge-large-zh-v1.5/resolve/main/config_sentence_transformers.json "HTTP/1.1 307 Temporary Redirect"
2026-03-28 12:31:43,391 - INFO - HTTP Request: HEAD https://hf-mirror.com/api/resolve-cache/models/BAAI/bge-large-zh-v1.5/79e7739b6ab944e86d6171e44d24c997fc1e0116/config_sentence_transformers.json "HTTP/1.1 200 OK"
2026-03-28 12:31:43,693 - INFO - HTTP Request: HEAD https://hf-mirror.com/BAAI/bge-large-zh-v1.5/resolve/main/README.md "HTTP/1.1 307 Temporary Redirect"
2026-03-28 12:31:43,907 - INFO - HTTP Request: HEAD https://hf-mirror.com/api/resolve-cache/models/BAAI/bge-large-zh-v1.5/79e7739b6ab944e86d6171e44d24c997fc1e0116/README.md "HTTP/1.1 200 OK"
2026-03-28 12:31:44,310 - INFO - HTTP Request: HEAD https://hf-mirror.com/BAAI/bge-large-zh-v1.5/resolve/main/modules.json "HTTP/1.1 307 Temporary Redirect"
2026-03-28 12:31:44,398 - INFO - HTTP Request: HEAD https://hf-mirror.com/api/resolve-cache/models/BAAI/bge-large-zh-v1.5/79e7739b6ab944e86d6171e44d24c997fc1e0116/modules.json "HTTP/1.1 200 OK"
2026-03-28 12:31:44,695 - INFO - HTTP Request: HEAD https://hf-mirror.com/BAAI/bge-large-zh-v1.5/resolve/main/sentence_bert_config.json "HTTP/1.1 307 Temporary Redirect"
2026-03-28 12:31:44,854 - INFO - HTTP Request: HEAD https://hf-mirror.com/api/resolve-cache/models/BAAI/bge-large-zh-v1.5/79e7739b6ab944e86d6171e44d24c997fc1e0116/sentence_bert_config.json "HTTP/1.1 200 OK"
2026-03-28 12:31:45,260 - INFO - HTTP Request: HEAD https://hf-mirror.com/BAAI/bge-large-zh-v1.5/resolve/main/adapter_config.json "HTTP/1.1 404 Not Found"
2026-03-28 12:31:45,634 - INFO - HTTP Request: HEAD https://hf-mirror.com/BAAI/bge-large-zh-v1.5/resolve/main/config.json "HTTP/1.1 307 Temporary Redirect"
2026-03-28 12:31:45,787 - INFO - HTTP Request: HEAD https://hf-mirror.com/api/resolve-cache/models/BAAI/bge-large-zh-v1.5/79e7739b6ab944e86d6171e44d24c997fc1e0116/config.json "HTTP/1.1 200 OK"
2026-03-28 12:31:46,155 - INFO - HTTP Request: HEAD https://hf-mirror.com/BAAI/bge-large-zh-v1.5/resolve/main/model.safetensors "HTTP/1.1 404 Not Found"
2026-03-28 12:31:46,338 - INFO - HTTP Request: GET https://hf-mirror.com/api/models/BAAI/bge-large-zh-v1.5 "HTTP/1.1 200 OK"
2026-03-28 12:31:46,554 - INFO - HTTP Request: GET https://hf-mirror.com/api/models/BAAI/bge-large-zh-v1.5/commits/main "HTTP/1.1 200 OK"
2026-03-28 12:31:46,662 - INFO - HTTP Request: GET https://hf-mirror.com/api/models/BAAI/bge-large-zh-v1.5/discussions?p=0 "HTTP/1.1 200 OK"
2026-03-28 12:31:46,800 - INFO - HTTP Request: GET https://hf-mirror.com/api/models/BAAI/bge-large-zh-v1.5/commits/refs%2Fpr%2F35 "HTTP/1.1 200 OK"
2026-03-28 12:31:46,895 - INFO - HTTP Request: HEAD https://hf-mirror.com/BAAI/bge-large-zh-v1.5/resolve/main/config.json "HTTP/1.1 307 Temporary Redirect"
2026-03-28 12:31:47,050 - INFO - HTTP Request: HEAD https://hf-mirror.com/api/resolve-cache/models/BAAI/bge-large-zh-v1.5/79e7739b6ab944e86d6171e44d24c997fc1e0116/config.json "HTTP/1.1 200 OK"
2026-03-28 12:31:47,074 - INFO - HTTP Request: HEAD https://hf-mirror.com/BAAI/bge-large-zh-v1.5/resolve/refs%2Fpr%2F35/model.safetensors.index.json "HTTP/1.1 404 Not Found"
2026-03-28 12:31:47,372 - INFO - HTTP Request: HEAD https://hf-mirror.com/BAAI/bge-large-zh-v1.5/resolve/main/tokenizer_config.json "HTTP/1.1 307 Temporary Redirect"
2026-03-28 12:31:47,372 - INFO - HTTP Request: HEAD https://hf-mirror.com/BAAI/bge-large-zh-v1.5/resolve/refs%2Fpr%2F35/model.safetensors "HTTP/1.1 302 Found"
2026-03-28 12:31:47,579 - INFO - HTTP Request: HEAD https://hf-mirror.com/api/resolve-cache/models/BAAI/bge-large-zh-v1.5/79e7739b6ab944e86d6171e44d24c997fc1e0116/tokenizer_config.json "HTTP/1.1 200 OK"
2026-03-28 12:31:47,685 - INFO - HTTP Request: GET https://hf-mirror.com/api/models/BAAI/bge-large-zh-v1.5/tree/main/additional_chat_templates?recursive=false&expand=false "HTTP/1.1 404 Not Found"
2026-03-28 12:31:47,799 - INFO - HTTP Request: GET https://hf-mirror.com/api/models/BAAI/bge-large-zh-v1.5/tree/main?recursive=true&expand=false "HTTP/1.1 200 OK"
2026-03-28 12:31:48,100 - INFO - HTTP Request: HEAD https://hf-mirror.com/BAAI/bge-large-zh-v1.5/resolve/main/1_Pooling/config.json "HTTP/1.1 307 Temporary Redirect"
2026-03-28 12:31:48,187 - INFO - HTTP Request: HEAD https://hf-mirror.com/api/resolve-cache/models/BAAI/bge-large-zh-v1.5/79e7739b6ab944e86d6171e44d24c997fc1e0116/1_Pooling%2Fconfig.json "HTTP/1.1 200 OK"
2026-03-28 12:31:48,282 - INFO - HTTP Request: GET https://hf-mirror.com/api/models/BAAI/bge-large-zh-v1.5 "HTTP/1.1 200 OK"
2026-03-28 12:31:49,108 - INFO - 🚀 阶段0：预计算文档完整语义 Embedding (提速及强化特征)...
2026-03-28 12:37:26,011 - INFO - 🚀 阶段1：开始执行 Guided BERTopic 聚类...
2026-03-28 12:37:56,359 - INFO - 📊 初始发现主题数: 261 个
2026-03-28 12:37:56,360 - INFO - 🔄 阶段2.1：主题数超过上限 40，执行合并...
2026-03-28 12:37:58,951 - INFO - 🔄 阶段2.2：执行离群点回收...
2026-03-28 12:37:59,810 - INFO - 🎯 阶段3：执行加权多层映射策略...
2026-03-28 12:38:01,118 - INFO - 🔍 阶段4：低置信度主题合法合规处理...
2026-03-28 12:38:01,118 - INFO - 📈 正在评估聚类质量...
2026-03-28 12:38:01,126 - INFO - 💾 阶段5：正在保存完整结果...
2026-03-28 12:38:01,236 - INFO - 🏆 模型已保存至：E:\document\PG\studio\content\bertopic_results_optimized\saved_model
2026-03-28 12:38:01,511 - INFO - ✅ 处理全流程结束，所有文件均已输出至：E:\document\PG\studio\content\bertopic_results_optimized
2026-03-28 12:42:19,192 - INFO - 📂 正在加载数据: E:\document\PG\studio\content\bertopic_ready_data\bertopic_train_data.csv
2026-03-28 12:42:19,482 - INFO - 📊 有效数据量: 18429 条
2026-03-28 12:42:19,527 - INFO - 🔧 初始化 BERTopic 流水线...
2026-03-28 12:42:19,529 - INFO - 🤖 正在加载 BAAI/bge-large-zh-v1.5 模型，使用设备: cuda
2026-03-28 12:42:19,531 - INFO - Load pretrained SentenceTransformer: BAAI/bge-large-zh-v1.5
2026-03-28 12:42:20,325 - INFO - HTTP Request: HEAD https://hf-mirror.com/BAAI/bge-large-zh-v1.5/resolve/main/modules.json "HTTP/1.1 307 Temporary Redirect"
2026-03-28 12:42:20,429 - INFO - HTTP Request: HEAD https://hf-mirror.com/api/resolve-cache/models/BAAI/bge-large-zh-v1.5/79e7739b6ab944e86d6171e44d24c997fc1e0116/modules.json "HTTP/1.1 200 OK"
2026-03-28 12:42:20,739 - INFO - HTTP Request: HEAD https://hf-mirror.com/BAAI/bge-large-zh-v1.5/resolve/main/config_sentence_transformers.json "HTTP/1.1 307 Temporary Redirect"
2026-03-28 12:42:20,970 - INFO - HTTP Request: HEAD https://hf-mirror.com/api/resolve-cache/models/BAAI/bge-large-zh-v1.5/79e7739b6ab944e86d6171e44d24c997fc1e0116/config_sentence_transformers.json "HTTP/1.1 200 OK"
2026-03-28 12:42:21,349 - INFO - HTTP Request: HEAD https://hf-mirror.com/BAAI/bge-large-zh-v1.5/resolve/main/config_sentence_transformers.json "HTTP/1.1 307 Temporary Redirect"
2026-03-28 12:42:21,454 - INFO - HTTP Request: HEAD https://hf-mirror.com/api/resolve-cache/models/BAAI/bge-large-zh-v1.5/79e7739b6ab944e86d6171e44d24c997fc1e0116/config_sentence_transformers.json "HTTP/1.1 200 OK"
2026-03-28 12:42:21,764 - INFO - HTTP Request: HEAD https://hf-mirror.com/BAAI/bge-large-zh-v1.5/resolve/main/README.md "HTTP/1.1 307 Temporary Redirect"
2026-03-28 12:42:22,019 - INFO - HTTP Request: HEAD https://hf-mirror.com/api/resolve-cache/models/BAAI/bge-large-zh-v1.5/79e7739b6ab944e86d6171e44d24c997fc1e0116/README.md "HTTP/1.1 200 OK"
2026-03-28 12:42:22,286 - INFO - HTTP Request: HEAD https://hf-mirror.com/BAAI/bge-large-zh-v1.5/resolve/main/modules.json "HTTP/1.1 307 Temporary Redirect"
2026-03-28 12:42:22,492 - INFO - HTTP Request: HEAD https://hf-mirror.com/api/resolve-cache/models/BAAI/bge-large-zh-v1.5/79e7739b6ab944e86d6171e44d24c997fc1e0116/modules.json "HTTP/1.1 200 OK"
2026-03-28 12:42:22,760 - INFO - HTTP Request: HEAD https://hf-mirror.com/BAAI/bge-large-zh-v1.5/resolve/main/sentence_bert_config.json "HTTP/1.1 307 Temporary Redirect"
2026-03-28 12:42:22,945 - INFO - HTTP Request: HEAD https://hf-mirror.com/api/resolve-cache/models/BAAI/bge-large-zh-v1.5/79e7739b6ab944e86d6171e44d24c997fc1e0116/sentence_bert_config.json "HTTP/1.1 200 OK"
2026-03-28 12:42:23,238 - INFO - HTTP Request: HEAD https://hf-mirror.com/BAAI/bge-large-zh-v1.5/resolve/main/adapter_config.json "HTTP/1.1 404 Not Found"
2026-03-28 12:42:23,528 - INFO - HTTP Request: HEAD https://hf-mirror.com/BAAI/bge-large-zh-v1.5/resolve/main/config.json "HTTP/1.1 307 Temporary Redirect"
2026-03-28 12:42:23,659 - INFO - HTTP Request: HEAD https://hf-mirror.com/api/resolve-cache/models/BAAI/bge-large-zh-v1.5/79e7739b6ab944e86d6171e44d24c997fc1e0116/config.json "HTTP/1.1 200 OK"
2026-03-28 12:42:23,978 - INFO - HTTP Request: HEAD https://hf-mirror.com/BAAI/bge-large-zh-v1.5/resolve/main/model.safetensors "HTTP/1.1 404 Not Found"
2026-03-28 12:42:24,090 - INFO - HTTP Request: GET https://hf-mirror.com/api/models/BAAI/bge-large-zh-v1.5 "HTTP/1.1 200 OK"
2026-03-28 12:42:24,195 - INFO - HTTP Request: GET https://hf-mirror.com/api/models/BAAI/bge-large-zh-v1.5/commits/main "HTTP/1.1 200 OK"
2026-03-28 12:42:24,313 - INFO - HTTP Request: GET https://hf-mirror.com/api/models/BAAI/bge-large-zh-v1.5/discussions?p=0 "HTTP/1.1 200 OK"
2026-03-28 12:42:24,405 - INFO - HTTP Request: GET https://hf-mirror.com/api/models/BAAI/bge-large-zh-v1.5/commits/refs%2Fpr%2F35 "HTTP/1.1 200 OK"
2026-03-28 12:42:24,575 - INFO - HTTP Request: HEAD https://hf-mirror.com/BAAI/bge-large-zh-v1.5/resolve/main/config.json "HTTP/1.1 307 Temporary Redirect"
2026-03-28 12:42:24,670 - INFO - HTTP Request: HEAD https://hf-mirror.com/BAAI/bge-large-zh-v1.5/resolve/refs%2Fpr%2F35/model.safetensors.index.json "HTTP/1.1 404 Not Found"
2026-03-28 12:42:24,688 - INFO - HTTP Request: HEAD https://hf-mirror.com/api/resolve-cache/models/BAAI/bge-large-zh-v1.5/79e7739b6ab944e86d6171e44d24c997fc1e0116/config.json "HTTP/1.1 200 OK"
2026-03-28 12:42:24,928 - INFO - HTTP Request: HEAD https://hf-mirror.com/BAAI/bge-large-zh-v1.5/resolve/refs%2Fpr%2F35/model.safetensors "HTTP/1.1 302 Found"
2026-03-28 12:42:24,948 - INFO - HTTP Request: HEAD https://hf-mirror.com/BAAI/bge-large-zh-v1.5/resolve/main/tokenizer_config.json "HTTP/1.1 307 Temporary Redirect"
2026-03-28 12:42:25,047 - INFO - HTTP Request: HEAD https://hf-mirror.com/api/resolve-cache/models/BAAI/bge-large-zh-v1.5/79e7739b6ab944e86d6171e44d24c997fc1e0116/tokenizer_config.json "HTTP/1.1 200 OK"
2026-03-28 12:42:25,153 - INFO - HTTP Request: GET https://hf-mirror.com/api/models/BAAI/bge-large-zh-v1.5/tree/main/additional_chat_templates?recursive=false&expand=false "HTTP/1.1 404 Not Found"
2026-03-28 12:42:25,248 - INFO - HTTP Request: GET https://hf-mirror.com/api/models/BAAI/bge-large-zh-v1.5/tree/main?recursive=true&expand=false "HTTP/1.1 200 OK"
2026-03-28 12:42:25,560 - INFO - HTTP Request: HEAD https://hf-mirror.com/BAAI/bge-large-zh-v1.5/resolve/main/1_Pooling/config.json "HTTP/1.1 307 Temporary Redirect"
2026-03-28 12:42:25,747 - INFO - HTTP Request: HEAD https://hf-mirror.com/api/resolve-cache/models/BAAI/bge-large-zh-v1.5/79e7739b6ab944e86d6171e44d24c997fc1e0116/1_Pooling%2Fconfig.json "HTTP/1.1 200 OK"
2026-03-28 12:42:25,835 - INFO - HTTP Request: GET https://hf-mirror.com/api/models/BAAI/bge-large-zh-v1.5 "HTTP/1.1 200 OK"
2026-03-28 12:42:26,577 - INFO - 🚀 阶段0：预计算文档完整语义 Embedding...
2026-03-28 12:48:05,869 - INFO - 🚀 阶段1：开始执行 Guided BERTopic 聚类...
2026-03-28 12:48:45,761 - INFO - 📊 初始发现主题数: 253 个
2026-03-28 12:48:45,761 - INFO - 🔄 阶段2.1：主题数超过上限 40，执行合并...
2026-03-28 12:48:50,402 - INFO -    主题合并完成，当前主题数: 39
2026-03-28 12:48:50,402 - INFO - 🔄 阶段2.2：执行离群点回收（阈值: 0.55）...
2026-03-28 12:48:52,748 - INFO - 🎯 阶段3：执行低置信度主题处理...
2026-03-28 12:48:52,748 - INFO - 📊 训练完成，总耗时: 386.17秒
2026-03-28 12:48:52,748 - INFO - 📈 正在评估聚类质量...
2026-03-28 12:48:52,757 - INFO - 💾 阶段5：正在保存完整结果...
2026-03-28 12:48:52,883 - INFO - 🏆 模型已保存至：E:\document\PG\studio\content\bertopic_results_optimized\saved_model
2026-03-28 12:48:53,252 - INFO - ✅ 处理全流程结束，所有文件均已输出至：E:\document\PG\studio\content\bertopic_results_optimized
2026-03-28 12:48:53,252 - INFO - 🎉 全部流程执行完毕！
2026-03-28 13:05:35,218 - INFO - 📂 正在加载数据: E:\document\PG\studio\content\bertopic_ready_data\bertopic_train_data.csv
2026-03-28 13:05:35,514 - INFO - 📊 原始有效数据量: 18429 条
2026-03-28 13:05:35,562 - INFO - 🔧 初始化 BERTopic 流水线...
2026-03-28 13:05:35,562 - INFO - 🤖 使用设备: cuda
2026-03-28 13:05:35,563 - INFO - Load pretrained SentenceTransformer: BAAI/bge-large-zh-v1.5
2026-03-28 13:07:26,435 - WARNING - '[SSL: UNEXPECTED_EOF_WHILE_READING] EOF occurred in violation of protocol (_ssl.c:1016)' thrown while requesting HEAD https://hf-mirror.com/BAAI/bge-large-zh-v1.5/resolve/main/adapter_config.json
2026-03-28 13:07:26,435 - WARNING - Retrying in 1s [Retry 1/5].
2026-03-28 13:10:23,498 - INFO - 📂 正在加载数据: E:\document\PG\studio\content\bertopic_ready_data\bertopic_train_data.csv
2026-03-28 13:10:23,789 - INFO - 📊 原始有效数据量: 18429 条
2026-03-28 13:10:23,836 - INFO - 🔧 初始化 BERTopic 流水线...
2026-03-28 13:10:23,836 - INFO - 🤖 使用设备: cuda
2026-03-28 13:10:23,838 - INFO - Load pretrained SentenceTransformer: BAAI/bge-large-zh-v1.5
2026-03-28 13:10:24,656 - INFO - HTTP Request: HEAD https://hf-mirror.com/BAAI/bge-large-zh-v1.5/resolve/main/modules.json "HTTP/1.1 307 Temporary Redirect"
2026-03-28 13:10:24,851 - INFO - HTTP Request: HEAD https://hf-mirror.com/api/resolve-cache/models/BAAI/bge-large-zh-v1.5/79e7739b6ab944e86d6171e44d24c997fc1e0116/modules.json "HTTP/1.1 200 OK"
2026-03-28 13:10:25,261 - INFO - HTTP Request: HEAD https://hf-mirror.com/BAAI/bge-large-zh-v1.5/resolve/main/config_sentence_transformers.json "HTTP/1.1 307 Temporary Redirect"
2026-03-28 13:10:25,373 - INFO - HTTP Request: HEAD https://hf-mirror.com/api/resolve-cache/models/BAAI/bge-large-zh-v1.5/79e7739b6ab944e86d6171e44d24c997fc1e0116/config_sentence_transformers.json "HTTP/1.1 200 OK"
2026-03-28 13:10:25,670 - INFO - HTTP Request: HEAD https://hf-mirror.com/BAAI/bge-large-zh-v1.5/resolve/main/config_sentence_transformers.json "HTTP/1.1 307 Temporary Redirect"
2026-03-28 13:10:25,989 - INFO - HTTP Request: HEAD https://hf-mirror.com/api/resolve-cache/models/BAAI/bge-large-zh-v1.5/79e7739b6ab944e86d6171e44d24c997fc1e0116/config_sentence_transformers.json "HTTP/1.1 200 OK"
2026-03-28 13:10:26,388 - INFO - HTTP Request: HEAD https://hf-mirror.com/BAAI/bge-large-zh-v1.5/resolve/main/README.md "HTTP/1.1 307 Temporary Redirect"
2026-03-28 13:10:26,499 - INFO - HTTP Request: HEAD https://hf-mirror.com/api/resolve-cache/models/BAAI/bge-large-zh-v1.5/79e7739b6ab944e86d6171e44d24c997fc1e0116/README.md "HTTP/1.1 200 OK"
2026-03-28 13:10:26,771 - INFO - HTTP Request: HEAD https://hf-mirror.com/BAAI/bge-large-zh-v1.5/resolve/main/modules.json "HTTP/1.1 307 Temporary Redirect"
2026-03-28 13:10:26,904 - INFO - HTTP Request: HEAD https://hf-mirror.com/api/resolve-cache/models/BAAI/bge-large-zh-v1.5/79e7739b6ab944e86d6171e44d24c997fc1e0116/modules.json "HTTP/1.1 200 OK"
2026-03-28 13:10:27,222 - INFO - HTTP Request: HEAD https://hf-mirror.com/BAAI/bge-large-zh-v1.5/resolve/main/sentence_bert_config.json "HTTP/1.1 307 Temporary Redirect"
2026-03-28 13:10:27,408 - INFO - HTTP Request: HEAD https://hf-mirror.com/api/resolve-cache/models/BAAI/bge-large-zh-v1.5/79e7739b6ab944e86d6171e44d24c997fc1e0116/sentence_bert_config.json "HTTP/1.1 200 OK"
2026-03-28 13:10:27,793 - INFO - HTTP Request: HEAD https://hf-mirror.com/BAAI/bge-large-zh-v1.5/resolve/main/adapter_config.json "HTTP/1.1 404 Not Found"
2026-03-28 13:10:28,230 - INFO - HTTP Request: HEAD https://hf-mirror.com/BAAI/bge-large-zh-v1.5/resolve/main/config.json "HTTP/1.1 307 Temporary Redirect"
2026-03-28 13:10:28,537 - INFO - HTTP Request: HEAD https://hf-mirror.com/api/resolve-cache/models/BAAI/bge-large-zh-v1.5/79e7739b6ab944e86d6171e44d24c997fc1e0116/config.json "HTTP/1.1 200 OK"
2026-03-28 13:10:28,846 - INFO - HTTP Request: HEAD https://hf-mirror.com/BAAI/bge-large-zh-v1.5/resolve/main/model.safetensors "HTTP/1.1 404 Not Found"
2026-03-28 13:10:29,059 - INFO - HTTP Request: GET https://hf-mirror.com/api/models/BAAI/bge-large-zh-v1.5 "HTTP/1.1 200 OK"
2026-03-28 13:10:29,186 - INFO - HTTP Request: GET https://hf-mirror.com/api/models/BAAI/bge-large-zh-v1.5/commits/main "HTTP/1.1 200 OK"
2026-03-28 13:10:29,357 - INFO - HTTP Request: GET https://hf-mirror.com/api/models/BAAI/bge-large-zh-v1.5/discussions?p=0 "HTTP/1.1 200 OK"
2026-03-28 13:10:29,562 - INFO - HTTP Request: GET https://hf-mirror.com/api/models/BAAI/bge-large-zh-v1.5/commits/refs%2Fpr%2F35 "HTTP/1.1 200 OK"
2026-03-28 13:10:29,708 - INFO - HTTP Request: HEAD https://hf-mirror.com/BAAI/bge-large-zh-v1.5/resolve/main/config.json "HTTP/1.1 307 Temporary Redirect"
2026-03-28 13:10:29,815 - INFO - HTTP Request: HEAD https://hf-mirror.com/api/resolve-cache/models/BAAI/bge-large-zh-v1.5/79e7739b6ab944e86d6171e44d24c997fc1e0116/config.json "HTTP/1.1 200 OK"
2026-03-28 13:10:29,868 - INFO - HTTP Request: HEAD https://hf-mirror.com/BAAI/bge-large-zh-v1.5/resolve/refs%2Fpr%2F35/model.safetensors.index.json "HTTP/1.1 404 Not Found"
2026-03-28 13:10:30,176 - INFO - HTTP Request: HEAD https://hf-mirror.com/BAAI/bge-large-zh-v1.5/resolve/main/tokenizer_config.json "HTTP/1.1 307 Temporary Redirect"
2026-03-28 13:10:30,176 - INFO - HTTP Request: HEAD https://hf-mirror.com/BAAI/bge-large-zh-v1.5/resolve/refs%2Fpr%2F35/model.safetensors "HTTP/1.1 302 Found"
2026-03-28 13:10:30,277 - INFO - HTTP Request: HEAD https://hf-mirror.com/api/resolve-cache/models/BAAI/bge-large-zh-v1.5/79e7739b6ab944e86d6171e44d24c997fc1e0116/tokenizer_config.json "HTTP/1.1 200 OK"
2026-03-28 13:10:30,482 - INFO - HTTP Request: GET https://hf-mirror.com/api/models/BAAI/bge-large-zh-v1.5/tree/main/additional_chat_templates?recursive=false&expand=false "HTTP/1.1 404 Not Found"
2026-03-28 13:10:30,639 - INFO - HTTP Request: GET https://hf-mirror.com/api/models/BAAI/bge-large-zh-v1.5/tree/main?recursive=true&expand=false "HTTP/1.1 200 OK"
2026-03-28 13:10:31,098 - INFO - HTTP Request: HEAD https://hf-mirror.com/BAAI/bge-large-zh-v1.5/resolve/main/1_Pooling/config.json "HTTP/1.1 307 Temporary Redirect"
2026-03-28 13:10:31,207 - INFO - HTTP Request: HEAD https://hf-mirror.com/api/resolve-cache/models/BAAI/bge-large-zh-v1.5/79e7739b6ab944e86d6171e44d24c997fc1e0116/1_Pooling%2Fconfig.json "HTTP/1.1 200 OK"
2026-03-28 13:10:31,405 - INFO - HTTP Request: GET https://hf-mirror.com/api/models/BAAI/bge-large-zh-v1.5 "HTTP/1.1 200 OK"
2026-03-28 13:10:32,161 - INFO - 🚀 阶段0：预计算文档完整语义 Embedding...
2026-03-28 13:16:08,609 - INFO - 🚀 阶段1：开始执行 Guided BERTopic 聚类...
2026-03-28 13:16:44,130 - INFO - 📊 初始发现主题数: 260 个
2026-03-28 13:16:44,130 - INFO - 🔄 阶段2.1：执行合并控制主题数不超过 40...
2026-03-28 13:16:46,887 - INFO - 🔄 阶段2.2：执行离群点回收（阈值: 0.55）...
2026-03-28 13:16:49,221 - INFO - 🎯 阶段3：执行低置信度主题处理...
2026-03-28 13:16:49,221 - INFO - 📊 训练完成，总耗时: 377.06秒
2026-03-28 13:16:49,221 - INFO - 📈 正在评估聚类质量...
2026-03-28 13:16:49,228 - INFO - 💾 阶段5：正在保存完整结果...
2026-03-28 13:16:49,654 - INFO - ✅ 处理全流程结束，所有文件均已输出至：E:\document\PG\studio\content\bertopic_results_optimized
2026-03-28 13:16:49,654 - INFO - 🎉 全部流程执行完毕！
2026-03-28 13:21:14,847 - INFO - 📂 正在加载数据: E:\document\PG\studio\content\bertopic_ready_data\bertopic_train_data.csv
2026-03-28 13:21:15,151 - INFO - 📊 有效数据量: 18429 条
2026-03-28 13:21:15,191 - INFO - 🔧 初始化 BERTopic 流水线...
2026-03-28 13:21:15,193 - INFO - 🤖 正在加载 BAAI/bge-large-zh-v1.5 模型，使用设备: cuda
2026-03-28 13:21:15,194 - INFO - Load pretrained SentenceTransformer: BAAI/bge-large-zh-v1.5
2026-03-28 13:21:15,995 - INFO - HTTP Request: HEAD https://hf-mirror.com/BAAI/bge-large-zh-v1.5/resolve/main/modules.json "HTTP/1.1 307 Temporary Redirect"
2026-03-28 13:21:16,135 - INFO - HTTP Request: HEAD https://hf-mirror.com/api/resolve-cache/models/BAAI/bge-large-zh-v1.5/79e7739b6ab944e86d6171e44d24c997fc1e0116/modules.json "HTTP/1.1 200 OK"
2026-03-28 13:21:16,545 - INFO - HTTP Request: HEAD https://hf-mirror.com/BAAI/bge-large-zh-v1.5/resolve/main/config_sentence_transformers.json "HTTP/1.1 307 Temporary Redirect"
2026-03-28 13:21:16,752 - INFO - HTTP Request: HEAD https://hf-mirror.com/api/resolve-cache/models/BAAI/bge-large-zh-v1.5/79e7739b6ab944e86d6171e44d24c997fc1e0116/config_sentence_transformers.json "HTTP/1.1 200 OK"
2026-03-28 13:21:17,159 - INFO - HTTP Request: HEAD https://hf-mirror.com/BAAI/bge-large-zh-v1.5/resolve/main/config_sentence_transformers.json "HTTP/1.1 307 Temporary Redirect"
2026-03-28 13:21:17,366 - INFO - HTTP Request: HEAD https://hf-mirror.com/api/resolve-cache/models/BAAI/bge-large-zh-v1.5/79e7739b6ab944e86d6171e44d24c997fc1e0116/config_sentence_transformers.json "HTTP/1.1 200 OK"
2026-03-28 13:21:17,671 - INFO - HTTP Request: HEAD https://hf-mirror.com/BAAI/bge-large-zh-v1.5/resolve/main/README.md "HTTP/1.1 307 Temporary Redirect"
2026-03-28 13:21:17,889 - INFO - HTTP Request: HEAD https://hf-mirror.com/api/resolve-cache/models/BAAI/bge-large-zh-v1.5/79e7739b6ab944e86d6171e44d24c997fc1e0116/README.md "HTTP/1.1 200 OK"
2026-03-28 13:21:18,388 - INFO - HTTP Request: HEAD https://hf-mirror.com/BAAI/bge-large-zh-v1.5/resolve/main/modules.json "HTTP/1.1 307 Temporary Redirect"
2026-03-28 13:21:18,606 - INFO - HTTP Request: HEAD https://hf-mirror.com/api/resolve-cache/models/BAAI/bge-large-zh-v1.5/79e7739b6ab944e86d6171e44d24c997fc1e0116/modules.json "HTTP/1.1 200 OK"
2026-03-28 13:21:19,005 - INFO - HTTP Request: HEAD https://hf-mirror.com/BAAI/bge-large-zh-v1.5/resolve/main/sentence_bert_config.json "HTTP/1.1 307 Temporary Redirect"
2026-03-28 13:21:19,213 - INFO - HTTP Request: HEAD https://hf-mirror.com/api/resolve-cache/models/BAAI/bge-large-zh-v1.5/79e7739b6ab944e86d6171e44d24c997fc1e0116/sentence_bert_config.json "HTTP/1.1 200 OK"
2026-03-28 13:21:19,618 - INFO - HTTP Request: HEAD https://hf-mirror.com/BAAI/bge-large-zh-v1.5/resolve/main/adapter_config.json "HTTP/1.1 404 Not Found"
2026-03-28 13:21:19,924 - INFO - HTTP Request: HEAD https://hf-mirror.com/BAAI/bge-large-zh-v1.5/resolve/main/config.json "HTTP/1.1 307 Temporary Redirect"
2026-03-28 13:21:20,128 - INFO - HTTP Request: HEAD https://hf-mirror.com/api/resolve-cache/models/BAAI/bge-large-zh-v1.5/79e7739b6ab944e86d6171e44d24c997fc1e0116/config.json "HTTP/1.1 200 OK"
2026-03-28 13:21:20,435 - INFO - HTTP Request: HEAD https://hf-mirror.com/BAAI/bge-large-zh-v1.5/resolve/main/model.safetensors "HTTP/1.1 404 Not Found"
2026-03-28 13:21:20,600 - INFO - HTTP Request: GET https://hf-mirror.com/api/models/BAAI/bge-large-zh-v1.5 "HTTP/1.1 200 OK"
2026-03-28 13:21:20,742 - INFO - HTTP Request: GET https://hf-mirror.com/api/models/BAAI/bge-large-zh-v1.5/commits/main "HTTP/1.1 200 OK"
2026-03-28 13:21:20,948 - INFO - HTTP Request: GET https://hf-mirror.com/api/models/BAAI/bge-large-zh-v1.5/discussions?p=0 "HTTP/1.1 200 OK"
2026-03-28 13:21:21,153 - INFO - HTTP Request: GET https://hf-mirror.com/api/models/BAAI/bge-large-zh-v1.5/commits/refs%2Fpr%2F35 "HTTP/1.1 200 OK"
2026-03-28 13:21:21,264 - INFO - HTTP Request: HEAD https://hf-mirror.com/BAAI/bge-large-zh-v1.5/resolve/main/config.json "HTTP/1.1 307 Temporary Redirect"
2026-03-28 13:21:21,431 - INFO - HTTP Request: HEAD https://hf-mirror.com/BAAI/bge-large-zh-v1.5/resolve/refs%2Fpr%2F35/model.safetensors.index.json "HTTP/1.1 404 Not Found"
2026-03-28 13:21:21,563 - INFO - HTTP Request: HEAD https://hf-mirror.com/api/resolve-cache/models/BAAI/bge-large-zh-v1.5/79e7739b6ab944e86d6171e44d24c997fc1e0116/config.json "HTTP/1.1 200 OK"
2026-03-28 13:21:21,726 - INFO - HTTP Request: HEAD https://hf-mirror.com/BAAI/bge-large-zh-v1.5/resolve/refs%2Fpr%2F35/model.safetensors "HTTP/1.1 302 Found"
2026-03-28 13:21:21,892 - INFO - HTTP Request: HEAD https://hf-mirror.com/BAAI/bge-large-zh-v1.5/resolve/main/tokenizer_config.json "HTTP/1.1 307 Temporary Redirect"
2026-03-28 13:21:22,168 - INFO - HTTP Request: HEAD https://hf-mirror.com/api/resolve-cache/models/BAAI/bge-large-zh-v1.5/79e7739b6ab944e86d6171e44d24c997fc1e0116/tokenizer_config.json "HTTP/1.1 200 OK"
2026-03-28 13:21:22,303 - INFO - HTTP Request: GET https://hf-mirror.com/api/models/BAAI/bge-large-zh-v1.5/tree/main/additional_chat_templates?recursive=false&expand=false "HTTP/1.1 404 Not Found"
2026-03-28 13:21:22,407 - INFO - HTTP Request: GET https://hf-mirror.com/api/models/BAAI/bge-large-zh-v1.5/tree/main?recursive=true&expand=false "HTTP/1.1 200 OK"
2026-03-28 13:21:22,769 - INFO - HTTP Request: HEAD https://hf-mirror.com/BAAI/bge-large-zh-v1.5/resolve/main/1_Pooling/config.json "HTTP/1.1 307 Temporary Redirect"
2026-03-28 13:21:22,911 - INFO - HTTP Request: HEAD https://hf-mirror.com/api/resolve-cache/models/BAAI/bge-large-zh-v1.5/79e7739b6ab944e86d6171e44d24c997fc1e0116/1_Pooling%2Fconfig.json "HTTP/1.1 200 OK"
2026-03-28 13:21:23,045 - INFO - HTTP Request: GET https://hf-mirror.com/api/models/BAAI/bge-large-zh-v1.5 "HTTP/1.1 200 OK"
2026-03-28 13:21:23,807 - INFO - 🚀 阶段0：预计算文档完整语义 Embedding...
2026-03-28 13:27:03,342 - INFO - 🚀 阶段1：开始执行 Guided BERTopic 聚类...
2026-03-28 13:27:36,191 - INFO - 📊 初始发现主题数: 253 个
2026-03-28 13:27:36,191 - INFO - 🔄 阶段2.1：主题数超过上限 40，执行合并...
2026-03-28 13:27:40,286 - INFO -    主题合并完成，当前主题数: 39
2026-03-28 13:27:40,286 - INFO - 🔄 阶段2.2：执行离群点回收（阈值: 0.55）...
2026-03-28 13:27:42,452 - INFO - 🎯 阶段3：执行低置信度主题处理...
2026-03-28 13:27:42,452 - INFO - 📊 训练完成，总耗时: 378.65秒
2026-03-28 13:27:42,454 - INFO - 📈 正在评估聚类质量...
2026-03-28 13:27:42,462 - INFO - 💾 阶段5：正在保存完整结果...
2026-03-28 13:27:42,573 - INFO - 🏆 模型已保存至：E:\document\PG\studio\content\bertopic_results_optimized\saved_model
2026-03-28 13:27:42,851 - INFO - ✅ 处理全流程结束，所有文件均已输出至：E:\document\PG\studio\content\bertopic_results_optimized
2026-03-28 13:27:42,851 - INFO - 🎉 全部流程执行完毕！
2026-03-28 13:32:05,557 - INFO - 📂 正在加载数据: E:\document\PG\studio\content\bertopic_ready_data\bertopic_train_data.csv
2026-03-28 13:32:05,847 - INFO - 📊 原始有效数据量: 18429 条
2026-03-28 13:32:05,890 - INFO - 🔧 初始化 BERTopic 流水线...
2026-03-28 13:32:05,890 - INFO - 🤖 使用设备: cuda
2026-03-28 13:32:05,891 - INFO - Load pretrained SentenceTransformer: BAAI/bge-large-zh-v1.5
2026-03-28 13:32:06,679 - INFO - HTTP Request: HEAD https://hf-mirror.com/BAAI/bge-large-zh-v1.5/resolve/main/modules.json "HTTP/1.1 307 Temporary Redirect"
2026-03-28 13:32:06,902 - INFO - HTTP Request: HEAD https://hf-mirror.com/api/resolve-cache/models/BAAI/bge-large-zh-v1.5/79e7739b6ab944e86d6171e44d24c997fc1e0116/modules.json "HTTP/1.1 200 OK"
2026-03-28 13:32:07,178 - INFO - HTTP Request: HEAD https://hf-mirror.com/BAAI/bge-large-zh-v1.5/resolve/main/config_sentence_transformers.json "HTTP/1.1 307 Temporary Redirect"
2026-03-28 13:32:07,292 - INFO - HTTP Request: HEAD https://hf-mirror.com/api/resolve-cache/models/BAAI/bge-large-zh-v1.5/79e7739b6ab944e86d6171e44d24c997fc1e0116/config_sentence_transformers.json "HTTP/1.1 200 OK"
2026-03-28 13:32:07,611 - INFO - HTTP Request: HEAD https://hf-mirror.com/BAAI/bge-large-zh-v1.5/resolve/main/config_sentence_transformers.json "HTTP/1.1 307 Temporary Redirect"
2026-03-28 13:32:07,726 - INFO - HTTP Request: HEAD https://hf-mirror.com/api/resolve-cache/models/BAAI/bge-large-zh-v1.5/79e7739b6ab944e86d6171e44d24c997fc1e0116/config_sentence_transformers.json "HTTP/1.1 200 OK"
2026-03-28 13:32:07,962 - INFO - HTTP Request: HEAD https://hf-mirror.com/BAAI/bge-large-zh-v1.5/resolve/main/README.md "HTTP/1.1 307 Temporary Redirect"
2026-03-28 13:32:08,093 - INFO - HTTP Request: HEAD https://hf-mirror.com/api/resolve-cache/models/BAAI/bge-large-zh-v1.5/79e7739b6ab944e86d6171e44d24c997fc1e0116/README.md "HTTP/1.1 200 OK"
2026-03-28 13:32:08,407 - INFO - HTTP Request: HEAD https://hf-mirror.com/BAAI/bge-large-zh-v1.5/resolve/main/modules.json "HTTP/1.1 307 Temporary Redirect"
2026-03-28 13:32:08,538 - INFO - HTTP Request: HEAD https://hf-mirror.com/api/resolve-cache/models/BAAI/bge-large-zh-v1.5/79e7739b6ab944e86d6171e44d24c997fc1e0116/modules.json "HTTP/1.1 200 OK"
2026-03-28 13:32:08,914 - INFO - HTTP Request: HEAD https://hf-mirror.com/BAAI/bge-large-zh-v1.5/resolve/main/sentence_bert_config.json "HTTP/1.1 307 Temporary Redirect"
2026-03-28 13:32:08,997 - INFO - HTTP Request: HEAD https://hf-mirror.com/api/resolve-cache/models/BAAI/bge-large-zh-v1.5/79e7739b6ab944e86d6171e44d24c997fc1e0116/sentence_bert_config.json "HTTP/1.1 200 OK"
2026-03-28 13:32:09,264 - INFO - HTTP Request: HEAD https://hf-mirror.com/BAAI/bge-large-zh-v1.5/resolve/main/adapter_config.json "HTTP/1.1 404 Not Found"
2026-03-28 13:32:09,508 - INFO - HTTP Request: HEAD https://hf-mirror.com/BAAI/bge-large-zh-v1.5/resolve/main/config.json "HTTP/1.1 307 Temporary Redirect"
2026-03-28 13:32:09,613 - INFO - HTTP Request: HEAD https://hf-mirror.com/api/resolve-cache/models/BAAI/bge-large-zh-v1.5/79e7739b6ab944e86d6171e44d24c997fc1e0116/config.json "HTTP/1.1 200 OK"
2026-03-28 13:32:09,936 - INFO - HTTP Request: HEAD https://hf-mirror.com/BAAI/bge-large-zh-v1.5/resolve/main/model.safetensors "HTTP/1.1 404 Not Found"
2026-03-28 13:32:10,090 - INFO - HTTP Request: GET https://hf-mirror.com/api/models/BAAI/bge-large-zh-v1.5 "HTTP/1.1 200 OK"
2026-03-28 13:32:10,196 - INFO - HTTP Request: GET https://hf-mirror.com/api/models/BAAI/bge-large-zh-v1.5/commits/main "HTTP/1.1 200 OK"
2026-03-28 13:32:10,287 - INFO - HTTP Request: GET https://hf-mirror.com/api/models/BAAI/bge-large-zh-v1.5/discussions?p=0 "HTTP/1.1 200 OK"
2026-03-28 13:32:10,410 - INFO - HTTP Request: GET https://hf-mirror.com/api/models/BAAI/bge-large-zh-v1.5/commits/refs%2Fpr%2F35 "HTTP/1.1 200 OK"
2026-03-28 13:32:10,546 - INFO - HTTP Request: HEAD https://hf-mirror.com/BAAI/bge-large-zh-v1.5/resolve/main/config.json "HTTP/1.1 307 Temporary Redirect"
2026-03-28 13:32:10,661 - INFO - HTTP Request: HEAD https://hf-mirror.com/api/resolve-cache/models/BAAI/bge-large-zh-v1.5/79e7739b6ab944e86d6171e44d24c997fc1e0116/config.json "HTTP/1.1 200 OK"
2026-03-28 13:32:10,672 - INFO - HTTP Request: HEAD https://hf-mirror.com/BAAI/bge-large-zh-v1.5/resolve/refs%2Fpr%2F35/model.safetensors.index.json "HTTP/1.1 404 Not Found"
2026-03-28 13:32:10,912 - INFO - HTTP Request: HEAD https://hf-mirror.com/BAAI/bge-large-zh-v1.5/resolve/main/tokenizer_config.json "HTTP/1.1 307 Temporary Redirect"
2026-03-28 13:32:10,926 - INFO - HTTP Request: HEAD https://hf-mirror.com/BAAI/bge-large-zh-v1.5/resolve/refs%2Fpr%2F35/model.safetensors "HTTP/1.1 302 Found"
2026-03-28 13:32:10,999 - INFO - HTTP Request: HEAD https://hf-mirror.com/api/resolve-cache/models/BAAI/bge-large-zh-v1.5/79e7739b6ab944e86d6171e44d24c997fc1e0116/tokenizer_config.json "HTTP/1.1 200 OK"
2026-03-28 13:32:11,104 - INFO - HTTP Request: GET https://hf-mirror.com/api/models/BAAI/bge-large-zh-v1.5/tree/main/additional_chat_templates?recursive=false&expand=false "HTTP/1.1 404 Not Found"
2026-03-28 13:32:11,194 - INFO - HTTP Request: GET https://hf-mirror.com/api/models/BAAI/bge-large-zh-v1.5/tree/main?recursive=true&expand=false "HTTP/1.1 200 OK"
2026-03-28 13:32:11,500 - INFO - HTTP Request: HEAD https://hf-mirror.com/BAAI/bge-large-zh-v1.5/resolve/main/1_Pooling/config.json "HTTP/1.1 307 Temporary Redirect"
2026-03-28 13:32:11,647 - INFO - HTTP Request: HEAD https://hf-mirror.com/api/resolve-cache/models/BAAI/bge-large-zh-v1.5/79e7739b6ab944e86d6171e44d24c997fc1e0116/1_Pooling%2Fconfig.json "HTTP/1.1 200 OK"
2026-03-28 13:32:11,771 - INFO - HTTP Request: GET https://hf-mirror.com/api/models/BAAI/bge-large-zh-v1.5 "HTTP/1.1 200 OK"
2026-03-28 13:32:12,514 - INFO - 📐 动态设定 HDBSCAN 最小聚类体积: 115 (从源头消灭微小碎片主题)
2026-03-28 13:32:12,514 - INFO - 🚀 阶段0：预计算文档完整语义 Embedding...
2026-03-28 13:37:49,038 - INFO - 🚀 阶段1：开始执行 Guided BERTopic 聚类...
2026-03-28 13:38:30,649 - INFO - 📊 动态平衡后的初始主题数: 35 个
2026-03-28 13:38:30,651 - INFO - 🔄 阶段2.2：执行严格离群点回收（高阈值: 0.75）...
2026-03-28 13:38:32,792 - INFO - 🎯 阶段3：执行低置信度主题处理...
2026-03-28 13:38:33,149 - INFO - 📊 训练完成，总耗时: 380.64秒
2026-03-28 13:38:33,150 - INFO - 📈 正在评估聚类质量...
2026-03-28 13:38:33,163 - INFO - 💾 阶段5：正在保存完整结果...
2026-03-28 13:38:33,563 - INFO - ✅ 处理全流程结束，所有文件均已输出至：E:\document\PG\studio\content\bertopic_results_optimized
2026-03-28 13:38:33,563 - INFO - 🎉 全部流程执行完毕！
2026-03-28 14:01:38,164 - INFO - 📂 正在加载数据: E:\document\PG\studio\content\bertopic_ready_data\bertopic_train_data.csv
2026-03-28 14:01:38,458 - INFO - 📊 原始有效数据量: 18432 条
2026-03-28 14:01:38,504 - INFO - 🔧 初始化 BERTopic 流水线...
2026-03-28 14:01:38,505 - INFO - 🤖 使用设备: cuda
2026-03-28 14:01:38,507 - INFO - Load pretrained SentenceTransformer: BAAI/bge-large-zh-v1.5
2026-03-28 14:01:39,719 - INFO - HTTP Request: HEAD https://hf-mirror.com/BAAI/bge-large-zh-v1.5/resolve/main/modules.json "HTTP/1.1 307 Temporary Redirect"
2026-03-28 14:01:39,910 - INFO - HTTP Request: HEAD https://hf-mirror.com/api/resolve-cache/models/BAAI/bge-large-zh-v1.5/79e7739b6ab944e86d6171e44d24c997fc1e0116/modules.json "HTTP/1.1 200 OK"
2026-03-28 14:01:40,834 - INFO - HTTP Request: HEAD https://hf-mirror.com/BAAI/bge-large-zh-v1.5/resolve/main/config_sentence_transformers.json "HTTP/1.1 307 Temporary Redirect"
2026-03-28 14:01:41,241 - INFO - HTTP Request: HEAD https://hf-mirror.com/api/resolve-cache/models/BAAI/bge-large-zh-v1.5/79e7739b6ab944e86d6171e44d24c997fc1e0116/config_sentence_transformers.json "HTTP/1.1 200 OK"
2026-03-28 14:01:41,550 - INFO - HTTP Request: HEAD https://hf-mirror.com/BAAI/bge-large-zh-v1.5/resolve/main/config_sentence_transformers.json "HTTP/1.1 307 Temporary Redirect"
2026-03-28 14:01:41,651 - INFO - HTTP Request: HEAD https://hf-mirror.com/api/resolve-cache/models/BAAI/bge-large-zh-v1.5/79e7739b6ab944e86d6171e44d24c997fc1e0116/config_sentence_transformers.json "HTTP/1.1 200 OK"
2026-03-28 14:01:41,958 - INFO - HTTP Request: HEAD https://hf-mirror.com/BAAI/bge-large-zh-v1.5/resolve/main/README.md "HTTP/1.1 307 Temporary Redirect"
2026-03-28 14:01:42,271 - INFO - HTTP Request: HEAD https://hf-mirror.com/api/resolve-cache/models/BAAI/bge-large-zh-v1.5/79e7739b6ab944e86d6171e44d24c997fc1e0116/README.md "HTTP/1.1 200 OK"
2026-03-28 14:01:42,676 - INFO - HTTP Request: HEAD https://hf-mirror.com/BAAI/bge-large-zh-v1.5/resolve/main/modules.json "HTTP/1.1 307 Temporary Redirect"
2026-03-28 14:01:42,927 - INFO - HTTP Request: HEAD https://hf-mirror.com/api/resolve-cache/models/BAAI/bge-large-zh-v1.5/79e7739b6ab944e86d6171e44d24c997fc1e0116/modules.json "HTTP/1.1 200 OK"
2026-03-28 14:01:43,366 - INFO - HTTP Request: HEAD https://hf-mirror.com/BAAI/bge-large-zh-v1.5/resolve/main/sentence_bert_config.json "HTTP/1.1 307 Temporary Redirect"
2026-03-28 14:01:43,469 - INFO - HTTP Request: HEAD https://hf-mirror.com/api/resolve-cache/models/BAAI/bge-large-zh-v1.5/79e7739b6ab944e86d6171e44d24c997fc1e0116/sentence_bert_config.json "HTTP/1.1 200 OK"
2026-03-28 14:01:43,801 - INFO - HTTP Request: HEAD https://hf-mirror.com/BAAI/bge-large-zh-v1.5/resolve/main/adapter_config.json "HTTP/1.1 404 Not Found"
2026-03-28 14:01:44,132 - INFO - HTTP Request: HEAD https://hf-mirror.com/BAAI/bge-large-zh-v1.5/resolve/main/config.json "HTTP/1.1 307 Temporary Redirect"
2026-03-28 14:01:44,220 - INFO - HTTP Request: HEAD https://hf-mirror.com/api/resolve-cache/models/BAAI/bge-large-zh-v1.5/79e7739b6ab944e86d6171e44d24c997fc1e0116/config.json "HTTP/1.1 200 OK"
2026-03-28 14:01:44,480 - INFO - HTTP Request: HEAD https://hf-mirror.com/BAAI/bge-large-zh-v1.5/resolve/main/model.safetensors "HTTP/1.1 404 Not Found"
2026-03-28 14:01:44,603 - INFO - HTTP Request: GET https://hf-mirror.com/api/models/BAAI/bge-large-zh-v1.5 "HTTP/1.1 200 OK"
2026-03-28 14:01:44,710 - INFO - HTTP Request: GET https://hf-mirror.com/api/models/BAAI/bge-large-zh-v1.5/commits/main "HTTP/1.1 200 OK"
2026-03-28 14:01:44,836 - INFO - HTTP Request: GET https://hf-mirror.com/api/models/BAAI/bge-large-zh-v1.5/discussions?p=0 "HTTP/1.1 200 OK"
2026-03-28 14:01:44,940 - INFO - HTTP Request: GET https://hf-mirror.com/api/models/BAAI/bge-large-zh-v1.5/commits/refs%2Fpr%2F35 "HTTP/1.1 200 OK"
2026-03-28 14:01:45,129 - INFO - HTTP Request: HEAD https://hf-mirror.com/BAAI/bge-large-zh-v1.5/resolve/main/config.json "HTTP/1.1 307 Temporary Redirect"
2026-03-28 14:01:45,207 - INFO - HTTP Request: HEAD https://hf-mirror.com/BAAI/bge-large-zh-v1.5/resolve/refs%2Fpr%2F35/model.safetensors.index.json "HTTP/1.1 404 Not Found"
2026-03-28 14:01:45,287 - INFO - HTTP Request: HEAD https://hf-mirror.com/api/resolve-cache/models/BAAI/bge-large-zh-v1.5/79e7739b6ab944e86d6171e44d24c997fc1e0116/config.json "HTTP/1.1 200 OK"
2026-03-28 14:01:45,541 - INFO - HTTP Request: HEAD https://hf-mirror.com/BAAI/bge-large-zh-v1.5/resolve/refs%2Fpr%2F35/model.safetensors "HTTP/1.1 302 Found"
2026-03-28 14:01:45,566 - INFO - HTTP Request: HEAD https://hf-mirror.com/BAAI/bge-large-zh-v1.5/resolve/main/tokenizer_config.json "HTTP/1.1 307 Temporary Redirect"
2026-03-28 14:01:45,754 - INFO - HTTP Request: HEAD https://hf-mirror.com/api/resolve-cache/models/BAAI/bge-large-zh-v1.5/79e7739b6ab944e86d6171e44d24c997fc1e0116/tokenizer_config.json "HTTP/1.1 200 OK"
2026-03-28 14:01:46,057 - INFO - HTTP Request: GET https://hf-mirror.com/api/models/BAAI/bge-large-zh-v1.5/tree/main/additional_chat_templates?recursive=false&expand=false "HTTP/1.1 404 Not Found"
2026-03-28 14:01:46,156 - INFO - HTTP Request: GET https://hf-mirror.com/api/models/BAAI/bge-large-zh-v1.5/tree/main?recursive=true&expand=false "HTTP/1.1 200 OK"
2026-03-28 14:01:46,580 - INFO - HTTP Request: HEAD https://hf-mirror.com/BAAI/bge-large-zh-v1.5/resolve/main/1_Pooling/config.json "HTTP/1.1 307 Temporary Redirect"
2026-03-28 14:01:46,871 - INFO - HTTP Request: HEAD https://hf-mirror.com/api/resolve-cache/models/BAAI/bge-large-zh-v1.5/79e7739b6ab944e86d6171e44d24c997fc1e0116/1_Pooling%2Fconfig.json "HTTP/1.1 200 OK"
2026-03-28 14:01:47,079 - INFO - HTTP Request: GET https://hf-mirror.com/api/models/BAAI/bge-large-zh-v1.5 "HTTP/1.1 200 OK"
2026-03-28 14:01:47,862 - INFO - 📐 动态设定 HDBSCAN 最小聚类体积: 115 (从源头消灭微小碎片主题)
2026-03-28 14:01:47,862 - INFO - 🚀 阶段0：预计算文档完整语义 Embedding...
2026-03-28 14:07:23,733 - INFO - 🚀 阶段1：开始执行 Guided BERTopic 聚类...
2026-03-28 14:08:02,576 - INFO - 📊 动态平衡后的初始主题数: 34 个
2026-03-28 14:08:02,576 - INFO - 🔄 阶段2.2：执行严格离群点回收（高阈值: 0.75）...
2026-03-28 14:08:04,485 - INFO - 🎯 阶段3：执行低置信度主题处理...
2026-03-28 14:08:04,763 - INFO - 📊 训练完成，总耗时: 376.90秒
2026-03-28 14:08:04,763 - INFO - 📈 正在评估聚类质量...
2026-03-28 14:08:04,772 - INFO - 💾 阶段5：正在保存完整结果...
2026-03-28 14:08:05,165 - INFO - ✅ 处理全流程结束，所有文件均已输出至：E:\document\PG\studio\content\bertopic_results_optimized
2026-03-28 14:08:05,165 - INFO - 🎉 全部流程执行完毕！
2026-03-28 14:38:07,963 - INFO - 📂 正在加载数据: E:\document\PG\studio\content\bertopic_ready_data\bertopic_train_data.csv
2026-03-28 14:38:08,272 - INFO - 📊 原始有效数据量: 18432 条
2026-03-28 14:38:08,318 - INFO - 🔧 初始化 BERTopic 流水线 (开启精细颗粒度模式)...
2026-03-28 14:38:08,318 - INFO - 🤖 使用设备: cuda
2026-03-28 14:38:08,320 - INFO - Load pretrained SentenceTransformer: BAAI/bge-large-zh-v1.5
2026-03-28 14:38:09,388 - INFO - HTTP Request: HEAD https://hf-mirror.com/BAAI/bge-large-zh-v1.5/resolve/main/modules.json "HTTP/1.1 307 Temporary Redirect"
2026-03-28 14:38:09,796 - INFO - HTTP Request: HEAD https://hf-mirror.com/api/resolve-cache/models/BAAI/bge-large-zh-v1.5/79e7739b6ab944e86d6171e44d24c997fc1e0116/modules.json "HTTP/1.1 200 OK"
2026-03-28 14:38:10,206 - INFO - HTTP Request: HEAD https://hf-mirror.com/BAAI/bge-large-zh-v1.5/resolve/main/config_sentence_transformers.json "HTTP/1.1 307 Temporary Redirect"
2026-03-28 14:38:10,517 - INFO - HTTP Request: HEAD https://hf-mirror.com/api/resolve-cache/models/BAAI/bge-large-zh-v1.5/79e7739b6ab944e86d6171e44d24c997fc1e0116/config_sentence_transformers.json "HTTP/1.1 200 OK"
2026-03-28 14:38:10,901 - INFO - HTTP Request: HEAD https://hf-mirror.com/BAAI/bge-large-zh-v1.5/resolve/main/config_sentence_transformers.json "HTTP/1.1 307 Temporary Redirect"
2026-03-28 14:38:11,124 - INFO - HTTP Request: HEAD https://hf-mirror.com/api/resolve-cache/models/BAAI/bge-large-zh-v1.5/79e7739b6ab944e86d6171e44d24c997fc1e0116/config_sentence_transformers.json "HTTP/1.1 200 OK"
2026-03-28 14:38:11,644 - INFO - HTTP Request: HEAD https://hf-mirror.com/BAAI/bge-large-zh-v1.5/resolve/main/README.md "HTTP/1.1 307 Temporary Redirect"
2026-03-28 14:38:11,847 - INFO - HTTP Request: HEAD https://hf-mirror.com/api/resolve-cache/models/BAAI/bge-large-zh-v1.5/79e7739b6ab944e86d6171e44d24c997fc1e0116/README.md "HTTP/1.1 200 OK"
2026-03-28 14:38:12,334 - INFO - HTTP Request: HEAD https://hf-mirror.com/BAAI/bge-large-zh-v1.5/resolve/main/modules.json "HTTP/1.1 307 Temporary Redirect"
2026-03-28 14:38:12,570 - INFO - HTTP Request: HEAD https://hf-mirror.com/api/resolve-cache/models/BAAI/bge-large-zh-v1.5/79e7739b6ab944e86d6171e44d24c997fc1e0116/modules.json "HTTP/1.1 200 OK"
2026-03-28 14:38:13,007 - INFO - HTTP Request: HEAD https://hf-mirror.com/BAAI/bge-large-zh-v1.5/resolve/main/sentence_bert_config.json "HTTP/1.1 307 Temporary Redirect"
2026-03-28 14:38:13,183 - INFO - HTTP Request: HEAD https://hf-mirror.com/api/resolve-cache/models/BAAI/bge-large-zh-v1.5/79e7739b6ab944e86d6171e44d24c997fc1e0116/sentence_bert_config.json "HTTP/1.1 200 OK"
2026-03-28 14:38:13,556 - INFO - HTTP Request: HEAD https://hf-mirror.com/BAAI/bge-large-zh-v1.5/resolve/main/adapter_config.json "HTTP/1.1 404 Not Found"
2026-03-28 14:38:13,993 - INFO - HTTP Request: HEAD https://hf-mirror.com/BAAI/bge-large-zh-v1.5/resolve/main/config.json "HTTP/1.1 307 Temporary Redirect"
2026-03-28 14:38:14,250 - INFO - HTTP Request: HEAD https://hf-mirror.com/api/resolve-cache/models/BAAI/bge-large-zh-v1.5/79e7739b6ab944e86d6171e44d24c997fc1e0116/config.json "HTTP/1.1 200 OK"
2026-03-28 14:38:14,615 - INFO - HTTP Request: HEAD https://hf-mirror.com/BAAI/bge-large-zh-v1.5/resolve/main/model.safetensors "HTTP/1.1 404 Not Found"
2026-03-28 14:38:14,814 - INFO - HTTP Request: GET https://hf-mirror.com/api/models/BAAI/bge-large-zh-v1.5 "HTTP/1.1 200 OK"
2026-03-28 14:38:15,021 - INFO - HTTP Request: GET https://hf-mirror.com/api/models/BAAI/bge-large-zh-v1.5/commits/main "HTTP/1.1 200 OK"
2026-03-28 14:38:15,198 - INFO - HTTP Request: GET https://hf-mirror.com/api/models/BAAI/bge-large-zh-v1.5/discussions?p=0 "HTTP/1.1 200 OK"
2026-03-28 14:38:15,430 - INFO - HTTP Request: GET https://hf-mirror.com/api/models/BAAI/bge-large-zh-v1.5/commits/refs%2Fpr%2F35 "HTTP/1.1 200 OK"
2026-03-28 14:38:15,638 - INFO - HTTP Request: HEAD https://hf-mirror.com/BAAI/bge-large-zh-v1.5/resolve/main/config.json "HTTP/1.1 307 Temporary Redirect"
2026-03-28 14:38:15,841 - INFO - HTTP Request: HEAD https://hf-mirror.com/BAAI/bge-large-zh-v1.5/resolve/refs%2Fpr%2F35/model.safetensors.index.json "HTTP/1.1 404 Not Found"
2026-03-28 14:38:15,941 - INFO - HTTP Request: HEAD https://hf-mirror.com/api/resolve-cache/models/BAAI/bge-large-zh-v1.5/79e7739b6ab944e86d6171e44d24c997fc1e0116/config.json "HTTP/1.1 200 OK"
2026-03-28 14:38:16,247 - INFO - HTTP Request: HEAD https://hf-mirror.com/BAAI/bge-large-zh-v1.5/resolve/refs%2Fpr%2F35/model.safetensors "HTTP/1.1 302 Found"
2026-03-28 14:38:16,312 - INFO - HTTP Request: HEAD https://hf-mirror.com/BAAI/bge-large-zh-v1.5/resolve/main/tokenizer_config.json "HTTP/1.1 307 Temporary Redirect"
2026-03-28 14:38:16,585 - INFO - HTTP Request: HEAD https://hf-mirror.com/api/resolve-cache/models/BAAI/bge-large-zh-v1.5/79e7739b6ab944e86d6171e44d24c997fc1e0116/tokenizer_config.json "HTTP/1.1 200 OK"
2026-03-28 14:38:16,771 - INFO - HTTP Request: GET https://hf-mirror.com/api/models/BAAI/bge-large-zh-v1.5/tree/main/additional_chat_templates?recursive=false&expand=false "HTTP/1.1 404 Not Found"
2026-03-28 14:38:16,952 - INFO - HTTP Request: GET https://hf-mirror.com/api/models/BAAI/bge-large-zh-v1.5/tree/main?recursive=true&expand=false "HTTP/1.1 200 OK"
2026-03-28 14:38:17,371 - INFO - HTTP Request: HEAD https://hf-mirror.com/BAAI/bge-large-zh-v1.5/resolve/main/1_Pooling/config.json "HTTP/1.1 307 Temporary Redirect"
2026-03-28 14:38:17,546 - INFO - HTTP Request: HEAD https://hf-mirror.com/api/resolve-cache/models/BAAI/bge-large-zh-v1.5/79e7739b6ab944e86d6171e44d24c997fc1e0116/1_Pooling%2Fconfig.json "HTTP/1.1 200 OK"
2026-03-28 14:38:17,734 - INFO - HTTP Request: GET https://hf-mirror.com/api/models/BAAI/bge-large-zh-v1.5 "HTTP/1.1 200 OK"
2026-03-28 14:38:18,532 - INFO - 📐 锁定 HDBSCAN 最小聚类体积: 20 (保护微小垂直子主题)
2026-03-28 14:38:18,532 - INFO - 🚀 阶段0：预计算文档完整语义 Embedding...
2026-03-28 14:43:54,666 - INFO - 🚀 阶段1：开始执行 无监督自然发现 BERTopic 聚类...
2026-03-28 14:44:23,066 - INFO - 📊 释放天性后，自然发现的精细微观主题数: 232 个
2026-03-28 14:44:23,066 - INFO - 🔄 阶段2.1：执行安全智能合并 (nr_topics='auto')...
2026-03-28 14:44:25,443 - INFO - 🔄 阶段2.2：执行极度严格的离群点回收（超高阈值: 0.85）...
2026-03-28 14:44:28,326 - INFO - 🎯 阶段3：执行低置信度主题处理...
2026-03-28 14:44:31,117 - INFO - 📊 训练完成，总耗时: 372.58秒
2026-03-28 14:44:31,117 - INFO - 📈 正在评估聚类质量...
2026-03-28 14:44:31,124 - INFO - 💾 阶段5：正在保存完整结果...
2026-03-28 14:44:31,544 - INFO - ✅ 处理全流程结束，所有文件均已输出至：E:\document\PG\studio\content\bertopic_results_optimized
2026-03-28 14:44:31,544 - INFO - 🎉 全部流程执行完毕！
2026-03-28 14:50:35,298 - INFO - 📂 正在加载数据: E:\document\PG\studio\content\bertopic_ready_data\bertopic_train_data.csv
2026-03-28 14:50:35,591 - INFO - 📊 原始有效数据量: 18432 条
2026-03-28 14:50:35,635 - INFO - 🔧 初始化 BERTopic 流水线...
2026-03-28 14:50:35,635 - INFO - 🤖 使用设备: cuda
2026-03-28 14:50:35,637 - INFO - Load pretrained SentenceTransformer: BAAI/bge-large-zh-v1.5
2026-03-28 14:50:36,651 - INFO - HTTP Request: HEAD https://hf-mirror.com/BAAI/bge-large-zh-v1.5/resolve/main/modules.json "HTTP/1.1 307 Temporary Redirect"
2026-03-28 14:50:36,817 - INFO - HTTP Request: HEAD https://hf-mirror.com/api/resolve-cache/models/BAAI/bge-large-zh-v1.5/79e7739b6ab944e86d6171e44d24c997fc1e0116/modules.json "HTTP/1.1 200 OK"
2026-03-28 14:50:37,236 - INFO - HTTP Request: HEAD https://hf-mirror.com/BAAI/bge-large-zh-v1.5/resolve/main/config_sentence_transformers.json "HTTP/1.1 307 Temporary Redirect"
2026-03-28 14:50:37,439 - INFO - HTTP Request: HEAD https://hf-mirror.com/api/resolve-cache/models/BAAI/bge-large-zh-v1.5/79e7739b6ab944e86d6171e44d24c997fc1e0116/config_sentence_transformers.json "HTTP/1.1 200 OK"
2026-03-28 14:50:37,868 - INFO - HTTP Request: HEAD https://hf-mirror.com/BAAI/bge-large-zh-v1.5/resolve/main/config_sentence_transformers.json "HTTP/1.1 307 Temporary Redirect"
2026-03-28 14:50:38,184 - INFO - HTTP Request: HEAD https://hf-mirror.com/api/resolve-cache/models/BAAI/bge-large-zh-v1.5/79e7739b6ab944e86d6171e44d24c997fc1e0116/config_sentence_transformers.json "HTTP/1.1 200 OK"
2026-03-28 14:50:38,548 - INFO - HTTP Request: HEAD https://hf-mirror.com/BAAI/bge-large-zh-v1.5/resolve/main/README.md "HTTP/1.1 307 Temporary Redirect"
2026-03-28 14:50:38,977 - INFO - HTTP Request: HEAD https://hf-mirror.com/api/resolve-cache/models/BAAI/bge-large-zh-v1.5/79e7739b6ab944e86d6171e44d24c997fc1e0116/README.md "HTTP/1.1 200 OK"
2026-03-28 14:50:39,314 - INFO - HTTP Request: HEAD https://hf-mirror.com/BAAI/bge-large-zh-v1.5/resolve/main/modules.json "HTTP/1.1 307 Temporary Redirect"
2026-03-28 14:50:39,498 - INFO - HTTP Request: HEAD https://hf-mirror.com/api/resolve-cache/models/BAAI/bge-large-zh-v1.5/79e7739b6ab944e86d6171e44d24c997fc1e0116/modules.json "HTTP/1.1 200 OK"
2026-03-28 14:50:39,874 - INFO - HTTP Request: HEAD https://hf-mirror.com/BAAI/bge-large-zh-v1.5/resolve/main/sentence_bert_config.json "HTTP/1.1 307 Temporary Redirect"
2026-03-28 14:50:40,203 - INFO - HTTP Request: HEAD https://hf-mirror.com/api/resolve-cache/models/BAAI/bge-large-zh-v1.5/79e7739b6ab944e86d6171e44d24c997fc1e0116/sentence_bert_config.json "HTTP/1.1 200 OK"
2026-03-28 14:50:40,583 - INFO - HTTP Request: HEAD https://hf-mirror.com/BAAI/bge-large-zh-v1.5/resolve/main/adapter_config.json "HTTP/1.1 404 Not Found"
2026-03-28 14:50:41,222 - INFO - HTTP Request: HEAD https://hf-mirror.com/BAAI/bge-large-zh-v1.5/resolve/main/config.json "HTTP/1.1 307 Temporary Redirect"
2026-03-28 14:50:41,419 - INFO - HTTP Request: HEAD https://hf-mirror.com/api/resolve-cache/models/BAAI/bge-large-zh-v1.5/79e7739b6ab944e86d6171e44d24c997fc1e0116/config.json "HTTP/1.1 200 OK"
2026-03-28 14:50:41,861 - INFO - HTTP Request: HEAD https://hf-mirror.com/BAAI/bge-large-zh-v1.5/resolve/main/model.safetensors "HTTP/1.1 404 Not Found"
2026-03-28 14:50:42,060 - INFO - HTTP Request: GET https://hf-mirror.com/api/models/BAAI/bge-large-zh-v1.5 "HTTP/1.1 200 OK"
2026-03-28 14:50:42,261 - INFO - HTTP Request: GET https://hf-mirror.com/api/models/BAAI/bge-large-zh-v1.5/commits/main "HTTP/1.1 200 OK"
2026-03-28 14:50:42,466 - INFO - HTTP Request: GET https://hf-mirror.com/api/models/BAAI/bge-large-zh-v1.5/discussions?p=0 "HTTP/1.1 200 OK"
2026-03-28 14:50:42,629 - INFO - HTTP Request: GET https://hf-mirror.com/api/models/BAAI/bge-large-zh-v1.5/commits/refs%2Fpr%2F35 "HTTP/1.1 200 OK"
2026-03-28 14:50:42,727 - INFO - HTTP Request: HEAD https://hf-mirror.com/BAAI/bge-large-zh-v1.5/resolve/main/config.json "HTTP/1.1 307 Temporary Redirect"
2026-03-28 14:50:42,895 - INFO - HTTP Request: HEAD https://hf-mirror.com/api/resolve-cache/models/BAAI/bge-large-zh-v1.5/79e7739b6ab944e86d6171e44d24c997fc1e0116/config.json "HTTP/1.1 200 OK"
2026-03-28 14:50:42,977 - INFO - HTTP Request: HEAD https://hf-mirror.com/BAAI/bge-large-zh-v1.5/resolve/refs%2Fpr%2F35/model.safetensors.index.json "HTTP/1.1 404 Not Found"
2026-03-28 14:50:43,276 - INFO - HTTP Request: HEAD https://hf-mirror.com/BAAI/bge-large-zh-v1.5/resolve/main/tokenizer_config.json "HTTP/1.1 307 Temporary Redirect"
2026-03-28 14:50:43,378 - INFO - HTTP Request: HEAD https://hf-mirror.com/BAAI/bge-large-zh-v1.5/resolve/refs%2Fpr%2F35/model.safetensors "HTTP/1.1 302 Found"
2026-03-28 14:50:43,655 - INFO - HTTP Request: HEAD https://hf-mirror.com/api/resolve-cache/models/BAAI/bge-large-zh-v1.5/79e7739b6ab944e86d6171e44d24c997fc1e0116/tokenizer_config.json "HTTP/1.1 200 OK"
2026-03-28 14:50:43,838 - INFO - HTTP Request: GET https://hf-mirror.com/api/models/BAAI/bge-large-zh-v1.5/tree/main/additional_chat_templates?recursive=false&expand=false "HTTP/1.1 404 Not Found"
2026-03-28 14:50:44,008 - INFO - HTTP Request: GET https://hf-mirror.com/api/models/BAAI/bge-large-zh-v1.5/tree/main?recursive=true&expand=false "HTTP/1.1 200 OK"
2026-03-28 14:50:44,422 - INFO - HTTP Request: HEAD https://hf-mirror.com/BAAI/bge-large-zh-v1.5/resolve/main/1_Pooling/config.json "HTTP/1.1 307 Temporary Redirect"
2026-03-28 14:50:44,617 - INFO - HTTP Request: HEAD https://hf-mirror.com/api/resolve-cache/models/BAAI/bge-large-zh-v1.5/79e7739b6ab944e86d6171e44d24c997fc1e0116/1_Pooling%2Fconfig.json "HTTP/1.1 200 OK"
2026-03-28 14:50:44,778 - INFO - HTTP Request: GET https://hf-mirror.com/api/models/BAAI/bge-large-zh-v1.5 "HTTP/1.1 200 OK"
2026-03-28 14:50:45,555 - INFO - 📐 动态设定 HDBSCAN 最小聚类体积: 115 (从源头消灭微小碎片主题)
2026-03-28 14:50:45,555 - INFO - 🚀 阶段0：预计算文档完整语义 Embedding...
2026-03-28 14:56:22,160 - INFO - 🚀 阶段1：开始执行 Guided BERTopic 聚类...
2026-03-28 14:57:03,512 - INFO - 📊 动态平衡后的初始主题数: 34 个
2026-03-28 14:57:03,513 - INFO - 🔄 阶段2.2：执行严格离群点回收（高阈值: 0.75）...
2026-03-28 14:57:05,534 - INFO - 🎯 阶段3：执行低置信度主题处理...
2026-03-28 14:57:05,819 - INFO - 📊 训练完成，总耗时: 380.26秒
2026-03-28 14:57:05,819 - INFO - 📈 正在评估聚类质量...
2026-03-28 14:57:05,827 - INFO - 💾 阶段5：正在保存完整结果...
2026-03-28 14:57:06,264 - INFO - ✅ 处理全流程结束，所有文件均已输出至：E:\document\PG\studio\content\bertopic_results_optimized
2026-03-28 14:57:06,264 - INFO - 🎉 全部流程执行完毕！
2026-03-28 15:03:59,782 - INFO - 📂 正在加载数据: E:\document\PG\studio\content\bertopic_ready_data\bertopic_train_data.csv
2026-03-28 15:04:00,082 - INFO - 📊 原始有效数据量: 18432 条
2026-03-28 15:04:00,127 - INFO - 🔧 初始化 BERTopic 流水线...
2026-03-28 15:04:00,127 - INFO - 🤖 使用设备: cuda
2026-03-28 15:04:00,129 - INFO - Load pretrained SentenceTransformer: BAAI/bge-large-zh-v1.5
2026-03-28 15:05:03,876 - WARNING - '[SSL: UNEXPECTED_EOF_WHILE_READING] EOF occurred in violation of protocol (_ssl.c:1016)' thrown while requesting HEAD https://hf-mirror.com/BAAI/bge-large-zh-v1.5/resolve/main/adapter_config.json
2026-03-28 15:05:03,876 - WARNING - Retrying in 1s [Retry 1/5].
2026-03-28 15:05:32,476 - INFO - 📂 正在加载数据: E:\document\PG\studio\content\bertopic_ready_data\bertopic_train_data.csv
2026-03-28 15:05:32,771 - INFO - 📊 原始有效数据量: 18432 条
2026-03-28 15:05:32,817 - INFO - 🔧 初始化 BERTopic 流水线...
2026-03-28 15:05:32,817 - INFO - 🤖 使用设备: cuda
2026-03-28 15:05:32,819 - INFO - Load pretrained SentenceTransformer: BAAI/bge-large-zh-v1.5
2026-03-28 15:05:33,777 - INFO - HTTP Request: HEAD https://hf-mirror.com/BAAI/bge-large-zh-v1.5/resolve/main/modules.json "HTTP/1.1 307 Temporary Redirect"
2026-03-28 15:05:34,091 - INFO - HTTP Request: HEAD https://hf-mirror.com/api/resolve-cache/models/BAAI/bge-large-zh-v1.5/79e7739b6ab944e86d6171e44d24c997fc1e0116/modules.json "HTTP/1.1 200 OK"
2026-03-28 15:05:34,596 - INFO - HTTP Request: HEAD https://hf-mirror.com/BAAI/bge-large-zh-v1.5/resolve/main/config_sentence_transformers.json "HTTP/1.1 307 Temporary Redirect"
2026-03-28 15:05:34,810 - INFO - HTTP Request: HEAD https://hf-mirror.com/api/resolve-cache/models/BAAI/bge-large-zh-v1.5/79e7739b6ab944e86d6171e44d24c997fc1e0116/config_sentence_transformers.json "HTTP/1.1 200 OK"
2026-03-28 15:05:35,190 - INFO - HTTP Request: HEAD https://hf-mirror.com/BAAI/bge-large-zh-v1.5/resolve/main/config_sentence_transformers.json "HTTP/1.1 307 Temporary Redirect"
2026-03-28 15:05:35,326 - INFO - HTTP Request: HEAD https://hf-mirror.com/api/resolve-cache/models/BAAI/bge-large-zh-v1.5/79e7739b6ab944e86d6171e44d24c997fc1e0116/config_sentence_transformers.json "HTTP/1.1 200 OK"
2026-03-28 15:05:35,615 - INFO - HTTP Request: HEAD https://hf-mirror.com/BAAI/bge-large-zh-v1.5/resolve/main/README.md "HTTP/1.1 307 Temporary Redirect"
2026-03-28 15:05:35,741 - INFO - HTTP Request: HEAD https://hf-mirror.com/api/resolve-cache/models/BAAI/bge-large-zh-v1.5/79e7739b6ab944e86d6171e44d24c997fc1e0116/README.md "HTTP/1.1 200 OK"
2026-03-28 15:05:36,132 - INFO - HTTP Request: HEAD https://hf-mirror.com/BAAI/bge-large-zh-v1.5/resolve/main/modules.json "HTTP/1.1 307 Temporary Redirect"
2026-03-28 15:05:36,436 - INFO - HTTP Request: HEAD https://hf-mirror.com/api/resolve-cache/models/BAAI/bge-large-zh-v1.5/79e7739b6ab944e86d6171e44d24c997fc1e0116/modules.json "HTTP/1.1 200 OK"
2026-03-28 15:05:36,831 - INFO - HTTP Request: HEAD https://hf-mirror.com/BAAI/bge-large-zh-v1.5/resolve/main/sentence_bert_config.json "HTTP/1.1 307 Temporary Redirect"
2026-03-28 15:05:37,051 - INFO - HTTP Request: HEAD https://hf-mirror.com/api/resolve-cache/models/BAAI/bge-large-zh-v1.5/79e7739b6ab944e86d6171e44d24c997fc1e0116/sentence_bert_config.json "HTTP/1.1 200 OK"
2026-03-28 15:05:37,464 - INFO - HTTP Request: HEAD https://hf-mirror.com/BAAI/bge-large-zh-v1.5/resolve/main/adapter_config.json "HTTP/1.1 404 Not Found"
2026-03-28 15:05:37,974 - INFO - HTTP Request: HEAD https://hf-mirror.com/BAAI/bge-large-zh-v1.5/resolve/main/config.json "HTTP/1.1 307 Temporary Redirect"
2026-03-28 15:05:38,278 - INFO - HTTP Request: HEAD https://hf-mirror.com/api/resolve-cache/models/BAAI/bge-large-zh-v1.5/79e7739b6ab944e86d6171e44d24c997fc1e0116/config.json "HTTP/1.1 200 OK"
2026-03-28 15:05:38,692 - INFO - HTTP Request: HEAD https://hf-mirror.com/BAAI/bge-large-zh-v1.5/resolve/main/model.safetensors "HTTP/1.1 404 Not Found"
2026-03-28 15:05:38,851 - INFO - HTTP Request: GET https://hf-mirror.com/api/models/BAAI/bge-large-zh-v1.5 "HTTP/1.1 200 OK"
2026-03-28 15:05:39,007 - INFO - HTTP Request: GET https://hf-mirror.com/api/models/BAAI/bge-large-zh-v1.5/commits/main "HTTP/1.1 200 OK"
2026-03-28 15:05:39,258 - INFO - HTTP Request: GET https://hf-mirror.com/api/models/BAAI/bge-large-zh-v1.5/discussions?p=0 "HTTP/1.1 200 OK"
2026-03-28 15:05:39,511 - INFO - HTTP Request: GET https://hf-mirror.com/api/models/BAAI/bge-large-zh-v1.5/commits/refs%2Fpr%2F35 "HTTP/1.1 200 OK"
2026-03-28 15:05:39,719 - INFO - HTTP Request: HEAD https://hf-mirror.com/BAAI/bge-large-zh-v1.5/resolve/main/config.json "HTTP/1.1 307 Temporary Redirect"
2026-03-28 15:05:39,916 - INFO - HTTP Request: HEAD https://hf-mirror.com/BAAI/bge-large-zh-v1.5/resolve/refs%2Fpr%2F35/model.safetensors.index.json "HTTP/1.1 404 Not Found"
2026-03-28 15:05:40,019 - INFO - HTTP Request: HEAD https://hf-mirror.com/api/resolve-cache/models/BAAI/bge-large-zh-v1.5/79e7739b6ab944e86d6171e44d24c997fc1e0116/config.json "HTTP/1.1 200 OK"
2026-03-28 15:05:40,326 - INFO - HTTP Request: HEAD https://hf-mirror.com/BAAI/bge-large-zh-v1.5/resolve/refs%2Fpr%2F35/model.safetensors "HTTP/1.1 302 Found"
2026-03-28 15:05:40,393 - INFO - HTTP Request: HEAD https://hf-mirror.com/BAAI/bge-large-zh-v1.5/resolve/main/tokenizer_config.json "HTTP/1.1 307 Temporary Redirect"
2026-03-28 15:05:40,535 - INFO - HTTP Request: HEAD https://hf-mirror.com/api/resolve-cache/models/BAAI/bge-large-zh-v1.5/79e7739b6ab944e86d6171e44d24c997fc1e0116/tokenizer_config.json "HTTP/1.1 200 OK"
2026-03-28 15:05:40,644 - INFO - HTTP Request: GET https://hf-mirror.com/api/models/BAAI/bge-large-zh-v1.5/tree/main/additional_chat_templates?recursive=false&expand=false "HTTP/1.1 404 Not Found"
2026-03-28 15:05:40,832 - INFO - HTTP Request: GET https://hf-mirror.com/api/models/BAAI/bge-large-zh-v1.5/tree/main?recursive=true&expand=false "HTTP/1.1 200 OK"
2026-03-28 15:05:41,162 - INFO - HTTP Request: HEAD https://hf-mirror.com/BAAI/bge-large-zh-v1.5/resolve/main/1_Pooling/config.json "HTTP/1.1 307 Temporary Redirect"
2026-03-28 15:05:41,291 - INFO - HTTP Request: HEAD https://hf-mirror.com/api/resolve-cache/models/BAAI/bge-large-zh-v1.5/79e7739b6ab944e86d6171e44d24c997fc1e0116/1_Pooling%2Fconfig.json "HTTP/1.1 200 OK"
2026-03-28 15:05:41,429 - INFO - HTTP Request: GET https://hf-mirror.com/api/models/BAAI/bge-large-zh-v1.5 "HTTP/1.1 200 OK"
2026-03-28 15:05:42,282 - INFO - 📐 动态设定 HDBSCAN 最小聚类体积: 131 (从源头消灭微小碎片主题)
2026-03-28 15:05:42,282 - INFO - 🚀 阶段0：预计算文档完整语义 Embedding...
2026-03-28 15:11:23,109 - INFO - 🚀 阶段1：开始执行 Guided BERTopic 聚类...
2026-03-28 15:12:06,632 - INFO - 📊 动态平衡后的初始主题数: 29 个
2026-03-28 15:12:06,632 - INFO - 🔄 阶段2.2：执行严格离群点回收（高阈值: 0.75）...
2026-03-28 15:12:08,509 - INFO - 🎯 阶段3：执行低置信度主题处理...
2026-03-28 15:12:08,603 - INFO - 📊 训练完成，总耗时: 386.32秒
2026-03-28 15:12:08,603 - INFO - 📈 正在评估聚类质量...
2026-03-28 15:12:08,611 - INFO - 💾 阶段5：正在保存完整结果...
2026-03-28 15:12:09,085 - INFO - ✅ 处理全流程结束，所有文件均已输出至：E:\document\PG\studio\content\bertopic_results_optimized
2026-03-28 15:12:09,086 - INFO - 🎉 全部流程执行完毕！
2026-03-28 15:20:48,342 - INFO - 📂 正在加载数据: E:\document\PG\studio\content\bertopic_ready_data\bertopic_train_data.csv
2026-03-28 15:20:48,637 - INFO - 📊 原始有效数据量: 18432 条
2026-03-28 15:20:48,681 - INFO - 🔧 初始化 BERTopic 流水线...
2026-03-28 15:20:48,682 - INFO - 🤖 使用设备: cuda
2026-03-28 15:20:48,684 - INFO - Load pretrained SentenceTransformer: BAAI/bge-large-zh-v1.5
2026-03-28 15:20:49,777 - INFO - HTTP Request: HEAD https://hf-mirror.com/BAAI/bge-large-zh-v1.5/resolve/main/modules.json "HTTP/1.1 307 Temporary Redirect"
2026-03-28 15:20:50,004 - INFO - HTTP Request: HEAD https://hf-mirror.com/api/resolve-cache/models/BAAI/bge-large-zh-v1.5/79e7739b6ab944e86d6171e44d24c997fc1e0116/modules.json "HTTP/1.1 200 OK"
2026-03-28 15:20:50,402 - INFO - HTTP Request: HEAD https://hf-mirror.com/BAAI/bge-large-zh-v1.5/resolve/main/config_sentence_transformers.json "HTTP/1.1 307 Temporary Redirect"
2026-03-28 15:20:50,567 - INFO - HTTP Request: HEAD https://hf-mirror.com/api/resolve-cache/models/BAAI/bge-large-zh-v1.5/79e7739b6ab944e86d6171e44d24c997fc1e0116/config_sentence_transformers.json "HTTP/1.1 200 OK"
2026-03-28 15:20:50,966 - INFO - HTTP Request: HEAD https://hf-mirror.com/BAAI/bge-large-zh-v1.5/resolve/main/config_sentence_transformers.json "HTTP/1.1 307 Temporary Redirect"
2026-03-28 15:20:51,197 - INFO - HTTP Request: HEAD https://hf-mirror.com/api/resolve-cache/models/BAAI/bge-large-zh-v1.5/79e7739b6ab944e86d6171e44d24c997fc1e0116/config_sentence_transformers.json "HTTP/1.1 200 OK"
2026-03-28 15:20:51,542 - INFO - HTTP Request: HEAD https://hf-mirror.com/BAAI/bge-large-zh-v1.5/resolve/main/README.md "HTTP/1.1 307 Temporary Redirect"
2026-03-28 15:20:51,842 - INFO - HTTP Request: HEAD https://hf-mirror.com/api/resolve-cache/models/BAAI/bge-large-zh-v1.5/79e7739b6ab944e86d6171e44d24c997fc1e0116/README.md "HTTP/1.1 200 OK"
2026-03-28 15:20:52,251 - INFO - HTTP Request: HEAD https://hf-mirror.com/BAAI/bge-large-zh-v1.5/resolve/main/modules.json "HTTP/1.1 307 Temporary Redirect"
2026-03-28 15:20:52,566 - INFO - HTTP Request: HEAD https://hf-mirror.com/api/resolve-cache/models/BAAI/bge-large-zh-v1.5/79e7739b6ab944e86d6171e44d24c997fc1e0116/modules.json "HTTP/1.1 200 OK"
2026-03-28 15:20:52,962 - INFO - HTTP Request: HEAD https://hf-mirror.com/BAAI/bge-large-zh-v1.5/resolve/main/sentence_bert_config.json "HTTP/1.1 307 Temporary Redirect"
2026-03-28 15:20:53,283 - INFO - HTTP Request: HEAD https://hf-mirror.com/api/resolve-cache/models/BAAI/bge-large-zh-v1.5/79e7739b6ab944e86d6171e44d24c997fc1e0116/sentence_bert_config.json "HTTP/1.1 200 OK"
2026-03-28 15:20:53,679 - INFO - HTTP Request: HEAD https://hf-mirror.com/BAAI/bge-large-zh-v1.5/resolve/main/adapter_config.json "HTTP/1.1 404 Not Found"
2026-03-28 15:20:54,012 - INFO - HTTP Request: HEAD https://hf-mirror.com/BAAI/bge-large-zh-v1.5/resolve/main/config.json "HTTP/1.1 307 Temporary Redirect"
2026-03-28 15:20:54,239 - INFO - HTTP Request: HEAD https://hf-mirror.com/api/resolve-cache/models/BAAI/bge-large-zh-v1.5/79e7739b6ab944e86d6171e44d24c997fc1e0116/config.json "HTTP/1.1 200 OK"
2026-03-28 15:20:54,653 - INFO - HTTP Request: HEAD https://hf-mirror.com/BAAI/bge-large-zh-v1.5/resolve/main/model.safetensors "HTTP/1.1 404 Not Found"
2026-03-28 15:20:54,836 - INFO - HTTP Request: GET https://hf-mirror.com/api/models/BAAI/bge-large-zh-v1.5 "HTTP/1.1 200 OK"
2026-03-28 15:20:55,056 - INFO - HTTP Request: GET https://hf-mirror.com/api/models/BAAI/bge-large-zh-v1.5/commits/main "HTTP/1.1 200 OK"
2026-03-28 15:20:55,293 - INFO - HTTP Request: GET https://hf-mirror.com/api/models/BAAI/bge-large-zh-v1.5/discussions?p=0 "HTTP/1.1 200 OK"
2026-03-28 15:20:55,607 - INFO - HTTP Request: GET https://hf-mirror.com/api/models/BAAI/bge-large-zh-v1.5/commits/refs%2Fpr%2F35 "HTTP/1.1 200 OK"
2026-03-28 15:20:55,608 - INFO - HTTP Request: HEAD https://hf-mirror.com/BAAI/bge-large-zh-v1.5/resolve/main/config.json "HTTP/1.1 307 Temporary Redirect"
2026-03-28 15:20:56,025 - INFO - HTTP Request: HEAD https://hf-mirror.com/BAAI/bge-large-zh-v1.5/resolve/refs%2Fpr%2F35/model.safetensors.index.json "HTTP/1.1 404 Not Found"
2026-03-28 15:20:56,026 - INFO - HTTP Request: HEAD https://hf-mirror.com/api/resolve-cache/models/BAAI/bge-large-zh-v1.5/79e7739b6ab944e86d6171e44d24c997fc1e0116/config.json "HTTP/1.1 200 OK"
2026-03-28 15:20:56,504 - INFO - HTTP Request: HEAD https://hf-mirror.com/BAAI/bge-large-zh-v1.5/resolve/main/tokenizer_config.json "HTTP/1.1 307 Temporary Redirect"
2026-03-28 15:20:56,504 - INFO - HTTP Request: HEAD https://hf-mirror.com/BAAI/bge-large-zh-v1.5/resolve/refs%2Fpr%2F35/model.safetensors "HTTP/1.1 302 Found"
2026-03-28 15:20:56,771 - INFO - HTTP Request: HEAD https://hf-mirror.com/api/resolve-cache/models/BAAI/bge-large-zh-v1.5/79e7739b6ab944e86d6171e44d24c997fc1e0116/tokenizer_config.json "HTTP/1.1 200 OK"
2026-03-28 15:20:57,047 - INFO - HTTP Request: GET https://hf-mirror.com/api/models/BAAI/bge-large-zh-v1.5/tree/main/additional_chat_templates?recursive=false&expand=false "HTTP/1.1 404 Not Found"
2026-03-28 15:20:57,311 - INFO - HTTP Request: GET https://hf-mirror.com/api/models/BAAI/bge-large-zh-v1.5/tree/main?recursive=true&expand=false "HTTP/1.1 200 OK"
2026-03-28 15:20:57,696 - INFO - HTTP Request: HEAD https://hf-mirror.com/BAAI/bge-large-zh-v1.5/resolve/main/1_Pooling/config.json "HTTP/1.1 307 Temporary Redirect"
2026-03-28 15:20:57,865 - INFO - HTTP Request: HEAD https://hf-mirror.com/api/resolve-cache/models/BAAI/bge-large-zh-v1.5/79e7739b6ab944e86d6171e44d24c997fc1e0116/1_Pooling%2Fconfig.json "HTTP/1.1 200 OK"
2026-03-28 15:20:58,095 - INFO - HTTP Request: GET https://hf-mirror.com/api/models/BAAI/bge-large-zh-v1.5 "HTTP/1.1 200 OK"
2026-03-28 15:20:58,868 - INFO - 📐 动态设定 HDBSCAN 最小聚类体积: 153
2026-03-28 15:20:58,868 - INFO - 🚀 阶段0：预计算文档完整语义 Embedding...
2026-03-28 15:26:36,724 - INFO - 🚀 阶段1：开始执行 Guided BERTopic 聚类...
2026-03-28 15:27:14,438 - INFO - 📊 初始主题数: 25 个
2026-03-28 15:27:14,438 - INFO - 🔄 阶段2.2：执行离群点归队回收（适中阈值: 0.55）...
2026-03-28 15:27:16,245 - INFO - 🎯 阶段3：执行低置信度主题处理...
2026-03-28 15:27:16,494 - INFO - 📊 训练完成，总耗时: 377.63秒
2026-03-28 15:27:16,496 - INFO - 📈 正在评估聚类质量...
2026-03-28 15:27:16,503 - INFO - 💾 阶段5：正在保存完整结果...
2026-03-28 15:27:16,885 - INFO - ✅ 处理全流程结束，所有文件均已输出至：E:\document\PG\studio\content\bertopic_results_optimized
2026-03-28 15:27:16,885 - INFO - 🎉 全部流程执行完毕！
2026-03-28 15:43:47,780 - INFO - 📂 正在加载数据: E:\document\PG\studio\content\bertopic_ready_data\bertopic_train_data.csv
2026-03-28 15:43:48,077 - INFO - 📊 原始有效数据量: 18146 条
2026-03-28 15:43:48,122 - INFO - 🔧 初始化 BERTopic 流水线...
2026-03-28 15:43:48,122 - INFO - 🤖 使用设备: cuda
2026-03-28 15:43:48,124 - INFO - Load pretrained SentenceTransformer: BAAI/bge-large-zh-v1.5
2026-03-28 15:43:48,957 - INFO - HTTP Request: HEAD https://hf-mirror.com/BAAI/bge-large-zh-v1.5/resolve/main/modules.json "HTTP/1.1 307 Temporary Redirect"
2026-03-28 15:43:49,145 - INFO - HTTP Request: HEAD https://hf-mirror.com/api/resolve-cache/models/BAAI/bge-large-zh-v1.5/79e7739b6ab944e86d6171e44d24c997fc1e0116/modules.json "HTTP/1.1 200 OK"
2026-03-28 15:43:49,546 - INFO - HTTP Request: HEAD https://hf-mirror.com/BAAI/bge-large-zh-v1.5/resolve/main/config_sentence_transformers.json "HTTP/1.1 307 Temporary Redirect"
2026-03-28 15:43:49,757 - INFO - HTTP Request: HEAD https://hf-mirror.com/api/resolve-cache/models/BAAI/bge-large-zh-v1.5/79e7739b6ab944e86d6171e44d24c997fc1e0116/config_sentence_transformers.json "HTTP/1.1 200 OK"
2026-03-28 15:43:50,169 - INFO - HTTP Request: HEAD https://hf-mirror.com/BAAI/bge-large-zh-v1.5/resolve/main/config_sentence_transformers.json "HTTP/1.1 307 Temporary Redirect"
2026-03-28 15:43:50,371 - INFO - HTTP Request: HEAD https://hf-mirror.com/api/resolve-cache/models/BAAI/bge-large-zh-v1.5/79e7739b6ab944e86d6171e44d24c997fc1e0116/config_sentence_transformers.json "HTTP/1.1 200 OK"
2026-03-28 15:43:50,791 - INFO - HTTP Request: HEAD https://hf-mirror.com/BAAI/bge-large-zh-v1.5/resolve/main/README.md "HTTP/1.1 307 Temporary Redirect"
2026-03-28 15:43:50,994 - INFO - HTTP Request: HEAD https://hf-mirror.com/api/resolve-cache/models/BAAI/bge-large-zh-v1.5/79e7739b6ab944e86d6171e44d24c997fc1e0116/README.md "HTTP/1.1 200 OK"
2026-03-28 15:43:51,415 - INFO - HTTP Request: HEAD https://hf-mirror.com/BAAI/bge-large-zh-v1.5/resolve/main/modules.json "HTTP/1.1 307 Temporary Redirect"
2026-03-28 15:43:51,604 - INFO - HTTP Request: HEAD https://hf-mirror.com/api/resolve-cache/models/BAAI/bge-large-zh-v1.5/79e7739b6ab944e86d6171e44d24c997fc1e0116/modules.json "HTTP/1.1 200 OK"
2026-03-28 15:43:52,173 - INFO - HTTP Request: HEAD https://hf-mirror.com/BAAI/bge-large-zh-v1.5/resolve/main/sentence_bert_config.json "HTTP/1.1 307 Temporary Redirect"
2026-03-28 15:43:52,423 - INFO - HTTP Request: HEAD https://hf-mirror.com/api/resolve-cache/models/BAAI/bge-large-zh-v1.5/79e7739b6ab944e86d6171e44d24c997fc1e0116/sentence_bert_config.json "HTTP/1.1 200 OK"
2026-03-28 15:43:52,756 - INFO - HTTP Request: HEAD https://hf-mirror.com/BAAI/bge-large-zh-v1.5/resolve/main/adapter_config.json "HTTP/1.1 404 Not Found"
2026-03-28 15:43:53,132 - INFO - HTTP Request: HEAD https://hf-mirror.com/BAAI/bge-large-zh-v1.5/resolve/main/config.json "HTTP/1.1 307 Temporary Redirect"
2026-03-28 15:43:53,231 - INFO - HTTP Request: HEAD https://hf-mirror.com/api/resolve-cache/models/BAAI/bge-large-zh-v1.5/79e7739b6ab944e86d6171e44d24c997fc1e0116/config.json "HTTP/1.1 200 OK"
2026-03-28 15:43:53,541 - INFO - HTTP Request: HEAD https://hf-mirror.com/BAAI/bge-large-zh-v1.5/resolve/main/model.safetensors "HTTP/1.1 404 Not Found"
2026-03-28 15:43:53,651 - INFO - HTTP Request: GET https://hf-mirror.com/api/models/BAAI/bge-large-zh-v1.5 "HTTP/1.1 200 OK"
2026-03-28 15:43:53,756 - INFO - HTTP Request: GET https://hf-mirror.com/api/models/BAAI/bge-large-zh-v1.5/commits/main "HTTP/1.1 200 OK"
2026-03-28 15:43:53,968 - INFO - HTTP Request: GET https://hf-mirror.com/api/models/BAAI/bge-large-zh-v1.5/discussions?p=0 "HTTP/1.1 200 OK"
2026-03-28 15:43:54,162 - INFO - HTTP Request: GET https://hf-mirror.com/api/models/BAAI/bge-large-zh-v1.5/commits/refs%2Fpr%2F35 "HTTP/1.1 200 OK"
2026-03-28 15:43:54,568 - INFO - HTTP Request: HEAD https://hf-mirror.com/BAAI/bge-large-zh-v1.5/resolve/refs%2Fpr%2F35/model.safetensors.index.json "HTTP/1.1 404 Not Found"
2026-03-28 15:43:54,892 - INFO - HTTP Request: HEAD https://hf-mirror.com/BAAI/bge-large-zh-v1.5/resolve/refs%2Fpr%2F35/model.safetensors "HTTP/1.1 302 Found"
2026-03-28 15:44:05,480 - INFO - HTTP Request: HEAD https://hf-mirror.com/BAAI/bge-large-zh-v1.5/resolve/main/tokenizer_config.json "HTTP/1.1 307 Temporary Redirect"
2026-03-28 15:44:05,632 - INFO - HTTP Request: HEAD https://hf-mirror.com/api/resolve-cache/models/BAAI/bge-large-zh-v1.5/79e7739b6ab944e86d6171e44d24c997fc1e0116/tokenizer_config.json "HTTP/1.1 200 OK"
2026-03-28 15:44:05,790 - INFO - HTTP Request: GET https://hf-mirror.com/api/models/BAAI/bge-large-zh-v1.5/tree/main/additional_chat_templates?recursive=false&expand=false "HTTP/1.1 404 Not Found"
2026-03-28 15:44:05,892 - INFO - HTTP Request: GET https://hf-mirror.com/api/models/BAAI/bge-large-zh-v1.5/tree/main?recursive=true&expand=false "HTTP/1.1 200 OK"
2026-03-28 15:44:06,348 - INFO - HTTP Request: HEAD https://hf-mirror.com/BAAI/bge-large-zh-v1.5/resolve/main/1_Pooling/config.json "HTTP/1.1 307 Temporary Redirect"
2026-03-28 15:44:06,549 - INFO - HTTP Request: HEAD https://hf-mirror.com/api/resolve-cache/models/BAAI/bge-large-zh-v1.5/79e7739b6ab944e86d6171e44d24c997fc1e0116/1_Pooling%2Fconfig.json "HTTP/1.1 200 OK"
2026-03-28 15:44:06,752 - INFO - HTTP Request: GET https://hf-mirror.com/api/models/BAAI/bge-large-zh-v1.5 "HTTP/1.1 200 OK"
2026-03-28 15:44:07,587 - INFO - 📐 动态设定 HDBSCAN 最小聚类体积: 151
2026-03-28 15:44:07,587 - INFO - 🚀 阶段0：预计算文档完整语义 Embedding...
2026-03-28 15:49:43,633 - INFO - 🚀 阶段1：开始执行 Guided BERTopic 聚类...
2026-03-28 15:50:21,774 - INFO - 📊 初始主题数: 28 个
2026-03-28 15:50:21,775 - INFO - 🔄 阶段2.2：执行离群点归队回收（适中阈值: 0.55）...
2026-03-28 15:50:23,528 - INFO - 🎯 阶段3：执行低置信度主题处理...
2026-03-28 15:50:23,933 - INFO - 📊 训练完成，总耗时: 376.35秒
2026-03-28 15:50:23,933 - INFO - 📈 正在评估聚类质量...
2026-03-28 15:50:23,941 - INFO - 💾 阶段5：正在保存完整结果...
2026-03-28 15:50:24,314 - INFO - ✅ 处理全流程结束，所有文件均已输出至：E:\document\PG\studio\content\bertopic_results_optimized
2026-03-28 15:50:24,314 - INFO - 🎉 全部流程执行完毕！
2026-03-28 15:53:27,796 - INFO - 📂 正在加载数据: E:\document\PG\studio\content\bertopic_ready_data\bertopic_train_data.csv
2026-03-28 15:53:28,104 - INFO - 📊 原始有效数据量: 18146 条
2026-03-28 15:53:28,152 - INFO - 🔧 初始化 BERTopic 流水线...
2026-03-28 15:53:28,152 - INFO - 🤖 使用设备: cuda
2026-03-28 15:53:28,153 - INFO - Load pretrained SentenceTransformer: BAAI/bge-large-zh-v1.5
2026-03-28 15:53:28,843 - INFO - HTTP Request: HEAD https://hf-mirror.com/BAAI/bge-large-zh-v1.5/resolve/main/modules.json "HTTP/1.1 307 Temporary Redirect"
2026-03-28 15:53:28,941 - INFO - HTTP Request: HEAD https://hf-mirror.com/api/resolve-cache/models/BAAI/bge-large-zh-v1.5/79e7739b6ab944e86d6171e44d24c997fc1e0116/modules.json "HTTP/1.1 200 OK"
2026-03-28 15:53:29,209 - INFO - HTTP Request: HEAD https://hf-mirror.com/BAAI/bge-large-zh-v1.5/resolve/main/config_sentence_transformers.json "HTTP/1.1 307 Temporary Redirect"
2026-03-28 15:53:29,349 - INFO - HTTP Request: HEAD https://hf-mirror.com/api/resolve-cache/models/BAAI/bge-large-zh-v1.5/79e7739b6ab944e86d6171e44d24c997fc1e0116/config_sentence_transformers.json "HTTP/1.1 200 OK"
2026-03-28 15:53:29,762 - INFO - HTTP Request: HEAD https://hf-mirror.com/BAAI/bge-large-zh-v1.5/resolve/main/config_sentence_transformers.json "HTTP/1.1 307 Temporary Redirect"
2026-03-28 15:53:30,075 - INFO - HTTP Request: HEAD https://hf-mirror.com/api/resolve-cache/models/BAAI/bge-large-zh-v1.5/79e7739b6ab944e86d6171e44d24c997fc1e0116/config_sentence_transformers.json "HTTP/1.1 200 OK"
2026-03-28 15:53:30,378 - INFO - HTTP Request: HEAD https://hf-mirror.com/BAAI/bge-large-zh-v1.5/resolve/main/README.md "HTTP/1.1 307 Temporary Redirect"
2026-03-28 15:53:30,535 - INFO - HTTP Request: HEAD https://hf-mirror.com/api/resolve-cache/models/BAAI/bge-large-zh-v1.5/79e7739b6ab944e86d6171e44d24c997fc1e0116/README.md "HTTP/1.1 200 OK"
2026-03-28 15:53:30,886 - INFO - HTTP Request: HEAD https://hf-mirror.com/BAAI/bge-large-zh-v1.5/resolve/main/modules.json "HTTP/1.1 307 Temporary Redirect"
2026-03-28 15:53:31,092 - INFO - HTTP Request: HEAD https://hf-mirror.com/api/resolve-cache/models/BAAI/bge-large-zh-v1.5/79e7739b6ab944e86d6171e44d24c997fc1e0116/modules.json "HTTP/1.1 200 OK"
2026-03-28 15:53:31,506 - INFO - HTTP Request: HEAD https://hf-mirror.com/BAAI/bge-large-zh-v1.5/resolve/main/sentence_bert_config.json "HTTP/1.1 307 Temporary Redirect"
2026-03-28 15:53:31,705 - INFO - HTTP Request: HEAD https://hf-mirror.com/api/resolve-cache/models/BAAI/bge-large-zh-v1.5/79e7739b6ab944e86d6171e44d24c997fc1e0116/sentence_bert_config.json "HTTP/1.1 200 OK"
2026-03-28 15:53:32,015 - INFO - HTTP Request: HEAD https://hf-mirror.com/BAAI/bge-large-zh-v1.5/resolve/main/adapter_config.json "HTTP/1.1 404 Not Found"
2026-03-28 15:53:32,325 - INFO - HTTP Request: HEAD https://hf-mirror.com/BAAI/bge-large-zh-v1.5/resolve/main/config.json "HTTP/1.1 307 Temporary Redirect"
2026-03-28 15:53:32,531 - INFO - HTTP Request: HEAD https://hf-mirror.com/api/resolve-cache/models/BAAI/bge-large-zh-v1.5/79e7739b6ab944e86d6171e44d24c997fc1e0116/config.json "HTTP/1.1 200 OK"
2026-03-28 15:53:32,935 - INFO - HTTP Request: HEAD https://hf-mirror.com/BAAI/bge-large-zh-v1.5/resolve/main/model.safetensors "HTTP/1.1 404 Not Found"
2026-03-28 15:53:33,144 - INFO - HTTP Request: GET https://hf-mirror.com/api/models/BAAI/bge-large-zh-v1.5 "HTTP/1.1 200 OK"
2026-03-28 15:53:33,344 - INFO - HTTP Request: GET https://hf-mirror.com/api/models/BAAI/bge-large-zh-v1.5/commits/main "HTTP/1.1 200 OK"
2026-03-28 15:53:33,554 - INFO - HTTP Request: GET https://hf-mirror.com/api/models/BAAI/bge-large-zh-v1.5/discussions?p=0 "HTTP/1.1 200 OK"
2026-03-28 15:53:33,757 - INFO - HTTP Request: GET https://hf-mirror.com/api/models/BAAI/bge-large-zh-v1.5/commits/refs%2Fpr%2F35 "HTTP/1.1 200 OK"
2026-03-28 15:53:34,073 - INFO - HTTP Request: HEAD https://hf-mirror.com/BAAI/bge-large-zh-v1.5/resolve/refs%2Fpr%2F35/model.safetensors.index.json "HTTP/1.1 404 Not Found"
2026-03-28 15:53:34,474 - INFO - HTTP Request: HEAD https://hf-mirror.com/BAAI/bge-large-zh-v1.5/resolve/refs%2Fpr%2F35/model.safetensors "HTTP/1.1 302 Found"
2026-03-28 15:53:41,887 - INFO - HTTP Request: HEAD https://hf-mirror.com/BAAI/bge-large-zh-v1.5/resolve/main/config.json "HTTP/1.1 307 Temporary Redirect"
2026-03-28 15:53:42,135 - INFO - HTTP Request: HEAD https://hf-mirror.com/api/resolve-cache/models/BAAI/bge-large-zh-v1.5/79e7739b6ab944e86d6171e44d24c997fc1e0116/config.json "HTTP/1.1 200 OK"
2026-03-28 15:53:42,623 - INFO - HTTP Request: HEAD https://hf-mirror.com/BAAI/bge-large-zh-v1.5/resolve/main/tokenizer_config.json "HTTP/1.1 307 Temporary Redirect"
2026-03-28 15:53:42,907 - INFO - HTTP Request: HEAD https://hf-mirror.com/api/resolve-cache/models/BAAI/bge-large-zh-v1.5/79e7739b6ab944e86d6171e44d24c997fc1e0116/tokenizer_config.json "HTTP/1.1 200 OK"
2026-03-28 15:56:38,621 - INFO - 📂 正在加载数据: E:\document\PG\studio\content\bertopic_ready_data\bertopic_train_data.csv
2026-03-28 15:56:38,968 - INFO - 📊 原始有效数据量: 18146 条
2026-03-28 15:56:39,021 - INFO - 🔧 初始化 BERTopic 流水线...
2026-03-28 15:56:39,023 - INFO - 🤖 使用设备: cuda
2026-03-28 15:56:39,026 - INFO - Load pretrained SentenceTransformer: BAAI/bge-large-zh-v1.5
2026-03-28 15:56:40,030 - INFO - HTTP Request: HEAD https://hf-mirror.com/BAAI/bge-large-zh-v1.5/resolve/main/modules.json "HTTP/1.1 307 Temporary Redirect"
2026-03-28 15:56:40,434 - INFO - HTTP Request: HEAD https://hf-mirror.com/api/resolve-cache/models/BAAI/bge-large-zh-v1.5/79e7739b6ab944e86d6171e44d24c997fc1e0116/modules.json "HTTP/1.1 200 OK"
2026-03-28 15:56:40,848 - INFO - HTTP Request: HEAD https://hf-mirror.com/BAAI/bge-large-zh-v1.5/resolve/main/config_sentence_transformers.json "HTTP/1.1 307 Temporary Redirect"
2026-03-28 15:56:41,053 - INFO - HTTP Request: HEAD https://hf-mirror.com/api/resolve-cache/models/BAAI/bge-large-zh-v1.5/79e7739b6ab944e86d6171e44d24c997fc1e0116/config_sentence_transformers.json "HTTP/1.1 200 OK"
2026-03-28 15:56:41,356 - INFO - HTTP Request: HEAD https://hf-mirror.com/BAAI/bge-large-zh-v1.5/resolve/main/config_sentence_transformers.json "HTTP/1.1 307 Temporary Redirect"
2026-03-28 15:56:41,664 - INFO - HTTP Request: HEAD https://hf-mirror.com/api/resolve-cache/models/BAAI/bge-large-zh-v1.5/79e7739b6ab944e86d6171e44d24c997fc1e0116/config_sentence_transformers.json "HTTP/1.1 200 OK"
2026-03-28 15:56:42,030 - INFO - HTTP Request: HEAD https://hf-mirror.com/BAAI/bge-large-zh-v1.5/resolve/main/README.md "HTTP/1.1 307 Temporary Redirect"
2026-03-28 15:56:42,379 - INFO - HTTP Request: HEAD https://hf-mirror.com/api/resolve-cache/models/BAAI/bge-large-zh-v1.5/79e7739b6ab944e86d6171e44d24c997fc1e0116/README.md "HTTP/1.1 200 OK"
2026-03-28 15:56:42,793 - INFO - HTTP Request: HEAD https://hf-mirror.com/BAAI/bge-large-zh-v1.5/resolve/main/modules.json "HTTP/1.1 307 Temporary Redirect"
2026-03-28 15:56:43,203 - INFO - HTTP Request: HEAD https://hf-mirror.com/api/resolve-cache/models/BAAI/bge-large-zh-v1.5/79e7739b6ab944e86d6171e44d24c997fc1e0116/modules.json "HTTP/1.1 200 OK"
2026-03-28 15:56:43,612 - INFO - HTTP Request: HEAD https://hf-mirror.com/BAAI/bge-large-zh-v1.5/resolve/main/sentence_bert_config.json "HTTP/1.1 307 Temporary Redirect"
2026-03-28 15:56:43,925 - INFO - HTTP Request: HEAD https://hf-mirror.com/api/resolve-cache/models/BAAI/bge-large-zh-v1.5/79e7739b6ab944e86d6171e44d24c997fc1e0116/sentence_bert_config.json "HTTP/1.1 200 OK"
2026-03-28 15:56:44,498 - INFO - HTTP Request: HEAD https://hf-mirror.com/BAAI/bge-large-zh-v1.5/resolve/main/adapter_config.json "HTTP/1.1 404 Not Found"
2026-03-28 15:56:44,849 - INFO - HTTP Request: HEAD https://hf-mirror.com/BAAI/bge-large-zh-v1.5/resolve/main/config.json "HTTP/1.1 307 Temporary Redirect"
2026-03-28 15:56:45,079 - INFO - HTTP Request: HEAD https://hf-mirror.com/api/resolve-cache/models/BAAI/bge-large-zh-v1.5/79e7739b6ab944e86d6171e44d24c997fc1e0116/config.json "HTTP/1.1 200 OK"
2026-03-28 15:56:45,453 - INFO - HTTP Request: HEAD https://hf-mirror.com/BAAI/bge-large-zh-v1.5/resolve/main/model.safetensors "HTTP/1.1 404 Not Found"
2026-03-28 15:56:45,661 - INFO - HTTP Request: GET https://hf-mirror.com/api/models/BAAI/bge-large-zh-v1.5 "HTTP/1.1 200 OK"
2026-03-28 15:56:45,866 - INFO - HTTP Request: GET https://hf-mirror.com/api/models/BAAI/bge-large-zh-v1.5/commits/main "HTTP/1.1 200 OK"
2026-03-28 15:56:46,079 - INFO - HTTP Request: GET https://hf-mirror.com/api/models/BAAI/bge-large-zh-v1.5/discussions?p=0 "HTTP/1.1 200 OK"
2026-03-28 15:56:46,284 - INFO - HTTP Request: GET https://hf-mirror.com/api/models/BAAI/bge-large-zh-v1.5/commits/refs%2Fpr%2F35 "HTTP/1.1 200 OK"
2026-03-28 15:56:46,476 - INFO - HTTP Request: HEAD https://hf-mirror.com/BAAI/bge-large-zh-v1.5/resolve/main/config.json "HTTP/1.1 307 Temporary Redirect"
2026-03-28 15:56:46,687 - INFO - HTTP Request: HEAD https://hf-mirror.com/BAAI/bge-large-zh-v1.5/resolve/refs%2Fpr%2F35/model.safetensors.index.json "HTTP/1.1 404 Not Found"
2026-03-28 15:56:46,687 - INFO - HTTP Request: HEAD https://hf-mirror.com/api/resolve-cache/models/BAAI/bge-large-zh-v1.5/79e7739b6ab944e86d6171e44d24c997fc1e0116/config.json "HTTP/1.1 200 OK"
2026-03-28 15:56:46,991 - INFO - HTTP Request: HEAD https://hf-mirror.com/BAAI/bge-large-zh-v1.5/resolve/main/tokenizer_config.json "HTTP/1.1 307 Temporary Redirect"
2026-03-28 15:56:47,025 - INFO - HTTP Request: HEAD https://hf-mirror.com/BAAI/bge-large-zh-v1.5/resolve/refs%2Fpr%2F35/model.safetensors "HTTP/1.1 302 Found"
2026-03-28 15:56:47,192 - INFO - HTTP Request: HEAD https://hf-mirror.com/api/resolve-cache/models/BAAI/bge-large-zh-v1.5/79e7739b6ab944e86d6171e44d24c997fc1e0116/tokenizer_config.json "HTTP/1.1 200 OK"
2026-03-28 15:56:47,504 - INFO - HTTP Request: GET https://hf-mirror.com/api/models/BAAI/bge-large-zh-v1.5/tree/main/additional_chat_templates?recursive=false&expand=false "HTTP/1.1 404 Not Found"
2026-03-28 15:56:47,711 - INFO - HTTP Request: GET https://hf-mirror.com/api/models/BAAI/bge-large-zh-v1.5/tree/main?recursive=true&expand=false "HTTP/1.1 200 OK"
2026-03-28 15:56:48,380 - INFO - HTTP Request: HEAD https://hf-mirror.com/BAAI/bge-large-zh-v1.5/resolve/main/1_Pooling/config.json "HTTP/1.1 307 Temporary Redirect"
2026-03-28 15:56:48,551 - INFO - HTTP Request: HEAD https://hf-mirror.com/api/resolve-cache/models/BAAI/bge-large-zh-v1.5/79e7739b6ab944e86d6171e44d24c997fc1e0116/1_Pooling%2Fconfig.json "HTTP/1.1 200 OK"
2026-03-28 15:56:48,726 - INFO - HTTP Request: GET https://hf-mirror.com/api/models/BAAI/bge-large-zh-v1.5 "HTTP/1.1 200 OK"
2026-03-28 15:56:49,481 - INFO - 📐 动态设定 HDBSCAN 最小聚类体积: 151
2026-03-28 15:56:49,481 - INFO - 🚀 阶段0：预计算文档完整语义 Embedding...
2026-03-28 16:02:28,750 - INFO - 🚀 阶段1：开始执行 Guided BERTopic 聚类...
2026-03-28 16:03:12,357 - INFO - 📊 初始主题数: 28 个
2026-03-28 16:03:12,358 - INFO - 🔄 阶段2.2：执行离群点归队回收（适中阈值: 0.55）...
2026-03-28 16:03:14,219 - INFO - 🎯 阶段3：执行低置信度主题处理...
2026-03-28 16:03:14,608 - INFO - 📊 训练完成，总耗时: 385.13秒
2026-03-28 16:03:14,608 - INFO - 📈 正在评估聚类质量...
2026-03-28 16:03:14,615 - INFO - 💾 阶段5：正在保存完整结果...
2026-03-28 16:03:15,088 - INFO - ✅ 处理全流程结束，所有文件均已输出至：E:\document\PG\studio\content\bertopic_results_optimized
2026-03-28 16:03:15,089 - INFO - 🎉 全部流程执行完毕！
2026-03-28 16:06:39,005 - INFO - 📂 正在加载数据: E:\document\PG\studio\content\bertopic_ready_data\bertopic_train_data.csv
2026-03-28 16:06:39,292 - INFO - 📊 原始有效数据量: 18146 条
2026-03-28 16:06:39,338 - INFO - 🔧 初始化 BERTopic 流水线...
2026-03-28 16:06:39,338 - INFO - 🤖 使用设备: cuda
2026-03-28 16:06:39,341 - INFO - Load pretrained SentenceTransformer: BAAI/bge-large-zh-v1.5
2026-03-28 16:06:40,310 - INFO - HTTP Request: HEAD https://hf-mirror.com/BAAI/bge-large-zh-v1.5/resolve/main/modules.json "HTTP/1.1 307 Temporary Redirect"
2026-03-28 16:06:40,516 - INFO - HTTP Request: HEAD https://hf-mirror.com/api/resolve-cache/models/BAAI/bge-large-zh-v1.5/79e7739b6ab944e86d6171e44d24c997fc1e0116/modules.json "HTTP/1.1 200 OK"
2026-03-28 16:06:40,822 - INFO - HTTP Request: HEAD https://hf-mirror.com/BAAI/bge-large-zh-v1.5/resolve/main/config_sentence_transformers.json "HTTP/1.1 307 Temporary Redirect"
2026-03-28 16:06:40,925 - INFO - HTTP Request: HEAD https://hf-mirror.com/api/resolve-cache/models/BAAI/bge-large-zh-v1.5/79e7739b6ab944e86d6171e44d24c997fc1e0116/config_sentence_transformers.json "HTTP/1.1 200 OK"
2026-03-28 16:06:41,186 - INFO - HTTP Request: HEAD https://hf-mirror.com/BAAI/bge-large-zh-v1.5/resolve/main/config_sentence_transformers.json "HTTP/1.1 307 Temporary Redirect"
2026-03-28 16:06:41,346 - INFO - HTTP Request: HEAD https://hf-mirror.com/api/resolve-cache/models/BAAI/bge-large-zh-v1.5/79e7739b6ab944e86d6171e44d24c997fc1e0116/config_sentence_transformers.json "HTTP/1.1 200 OK"
2026-03-28 16:06:41,660 - INFO - HTTP Request: HEAD https://hf-mirror.com/BAAI/bge-large-zh-v1.5/resolve/main/README.md "HTTP/1.1 307 Temporary Redirect"
2026-03-28 16:06:41,858 - INFO - HTTP Request: HEAD https://hf-mirror.com/api/resolve-cache/models/BAAI/bge-large-zh-v1.5/79e7739b6ab944e86d6171e44d24c997fc1e0116/README.md "HTTP/1.1 200 OK"
2026-03-28 16:06:42,245 - INFO - HTTP Request: HEAD https://hf-mirror.com/BAAI/bge-large-zh-v1.5/resolve/main/modules.json "HTTP/1.1 307 Temporary Redirect"
2026-03-28 16:06:42,462 - INFO - HTTP Request: HEAD https://hf-mirror.com/api/resolve-cache/models/BAAI/bge-large-zh-v1.5/79e7739b6ab944e86d6171e44d24c997fc1e0116/modules.json "HTTP/1.1 200 OK"
2026-03-28 16:06:42,875 - INFO - HTTP Request: HEAD https://hf-mirror.com/BAAI/bge-large-zh-v1.5/resolve/main/sentence_bert_config.json "HTTP/1.1 307 Temporary Redirect"
2026-03-28 16:06:43,164 - INFO - HTTP Request: HEAD https://hf-mirror.com/api/resolve-cache/models/BAAI/bge-large-zh-v1.5/79e7739b6ab944e86d6171e44d24c997fc1e0116/sentence_bert_config.json "HTTP/1.1 200 OK"
2026-03-28 16:06:43,699 - INFO - HTTP Request: HEAD https://hf-mirror.com/BAAI/bge-large-zh-v1.5/resolve/main/adapter_config.json "HTTP/1.1 404 Not Found"
2026-03-28 16:06:44,107 - INFO - HTTP Request: HEAD https://hf-mirror.com/BAAI/bge-large-zh-v1.5/resolve/main/config.json "HTTP/1.1 307 Temporary Redirect"
2026-03-28 16:06:44,406 - INFO - HTTP Request: HEAD https://hf-mirror.com/api/resolve-cache/models/BAAI/bge-large-zh-v1.5/79e7739b6ab944e86d6171e44d24c997fc1e0116/config.json "HTTP/1.1 200 OK"
2026-03-28 16:06:44,714 - INFO - HTTP Request: HEAD https://hf-mirror.com/BAAI/bge-large-zh-v1.5/resolve/main/model.safetensors "HTTP/1.1 404 Not Found"
2026-03-28 16:06:44,909 - INFO - HTTP Request: GET https://hf-mirror.com/api/models/BAAI/bge-large-zh-v1.5 "HTTP/1.1 200 OK"
2026-03-28 16:06:45,055 - INFO - HTTP Request: GET https://hf-mirror.com/api/models/BAAI/bge-large-zh-v1.5/commits/main "HTTP/1.1 200 OK"
2026-03-28 16:06:45,183 - INFO - HTTP Request: GET https://hf-mirror.com/api/models/BAAI/bge-large-zh-v1.5/discussions?p=0 "HTTP/1.1 200 OK"
2026-03-28 16:06:45,315 - INFO - HTTP Request: GET https://hf-mirror.com/api/models/BAAI/bge-large-zh-v1.5/commits/refs%2Fpr%2F35 "HTTP/1.1 200 OK"
2026-03-28 16:06:45,537 - INFO - HTTP Request: HEAD https://hf-mirror.com/BAAI/bge-large-zh-v1.5/resolve/main/config.json "HTTP/1.1 307 Temporary Redirect"
2026-03-28 16:06:45,628 - INFO - HTTP Request: HEAD https://hf-mirror.com/BAAI/bge-large-zh-v1.5/resolve/refs%2Fpr%2F35/model.safetensors.index.json "HTTP/1.1 404 Not Found"
2026-03-28 16:06:45,701 - INFO - HTTP Request: HEAD https://hf-mirror.com/api/resolve-cache/models/BAAI/bge-large-zh-v1.5/79e7739b6ab944e86d6171e44d24c997fc1e0116/config.json "HTTP/1.1 200 OK"
2026-03-28 16:06:45,941 - INFO - HTTP Request: HEAD https://hf-mirror.com/BAAI/bge-large-zh-v1.5/resolve/refs%2Fpr%2F35/model.safetensors "HTTP/1.1 302 Found"
2026-03-28 16:06:46,024 - INFO - HTTP Request: HEAD https://hf-mirror.com/BAAI/bge-large-zh-v1.5/resolve/main/tokenizer_config.json "HTTP/1.1 307 Temporary Redirect"
2026-03-28 16:06:46,140 - INFO - HTTP Request: HEAD https://hf-mirror.com/api/resolve-cache/models/BAAI/bge-large-zh-v1.5/79e7739b6ab944e86d6171e44d24c997fc1e0116/tokenizer_config.json "HTTP/1.1 200 OK"
2026-03-28 16:06:46,267 - INFO - HTTP Request: GET https://hf-mirror.com/api/models/BAAI/bge-large-zh-v1.5/tree/main/additional_chat_templates?recursive=false&expand=false "HTTP/1.1 404 Not Found"
2026-03-28 16:06:46,430 - INFO - HTTP Request: GET https://hf-mirror.com/api/models/BAAI/bge-large-zh-v1.5/tree/main?recursive=true&expand=false "HTTP/1.1 200 OK"
2026-03-28 16:06:46,747 - INFO - HTTP Request: HEAD https://hf-mirror.com/BAAI/bge-large-zh-v1.5/resolve/main/1_Pooling/config.json "HTTP/1.1 307 Temporary Redirect"
2026-03-28 16:06:46,916 - INFO - HTTP Request: HEAD https://hf-mirror.com/api/resolve-cache/models/BAAI/bge-large-zh-v1.5/79e7739b6ab944e86d6171e44d24c997fc1e0116/1_Pooling%2Fconfig.json "HTTP/1.1 200 OK"
2026-03-28 16:06:47,067 - INFO - HTTP Request: GET https://hf-mirror.com/api/models/BAAI/bge-large-zh-v1.5 "HTTP/1.1 200 OK"
2026-03-28 16:06:47,827 - INFO - 📐 动态设定 HDBSCAN 最小聚类体积: 151
2026-03-28 16:06:47,827 - INFO - 🚀 阶段0：预计算文档完整语义 Embedding...
2026-03-28 16:12:22,780 - INFO - 🚀 阶段1：开始执行 Guided BERTopic 聚类...
2026-03-28 16:13:04,387 - INFO - 📊 初始主题数: 28 个
2026-03-28 16:13:04,389 - INFO - 🔄 阶段2.2：执行离群点归队回收（适中阈值: 0.55）...
2026-03-28 16:13:06,255 - INFO - 🎯 阶段3：执行低置信度主题处理...
2026-03-28 16:13:06,555 - INFO - 📊 训练完成，总耗时: 378.73秒
2026-03-28 16:13:06,555 - INFO - 📈 正在评估聚类质量...
2026-03-28 16:13:06,563 - INFO - 💾 阶段5：正在保存完整结果...
2026-03-28 16:13:06,974 - INFO - ✅ 处理全流程结束，所有文件均已输出至：E:\document\PG\studio\content\bertopic_results_optimized
2026-03-28 16:13:06,975 - INFO - 🎉 全部流程执行完毕！
2026-03-28 16:27:25,918 - INFO - 📂 正在加载数据: E:\document\PG\studio\content\bertopic_ready_data\bertopic_train_data.csv
2026-03-28 16:27:26,213 - INFO - 📊 原始有效数据量: 18146 条
2026-03-28 16:27:26,255 - INFO - 🔧 初始化 BERTopic 流水线...
2026-03-28 16:27:26,255 - INFO - 🤖 使用设备: cuda
2026-03-28 16:27:26,257 - INFO - Load pretrained SentenceTransformer: BAAI/bge-large-zh-v1.5
2026-03-28 16:27:27,372 - INFO - HTTP Request: HEAD https://hf-mirror.com/BAAI/bge-large-zh-v1.5/resolve/main/modules.json "HTTP/1.1 307 Temporary Redirect"
2026-03-28 16:27:27,681 - INFO - HTTP Request: HEAD https://hf-mirror.com/api/resolve-cache/models/BAAI/bge-large-zh-v1.5/79e7739b6ab944e86d6171e44d24c997fc1e0116/modules.json "HTTP/1.1 200 OK"
2026-03-28 16:27:28,090 - INFO - HTTP Request: HEAD https://hf-mirror.com/BAAI/bge-large-zh-v1.5/resolve/main/config_sentence_transformers.json "HTTP/1.1 307 Temporary Redirect"
2026-03-28 16:27:28,297 - INFO - HTTP Request: HEAD https://hf-mirror.com/api/resolve-cache/models/BAAI/bge-large-zh-v1.5/79e7739b6ab944e86d6171e44d24c997fc1e0116/config_sentence_transformers.json "HTTP/1.1 200 OK"
2026-03-28 16:27:28,813 - INFO - HTTP Request: HEAD https://hf-mirror.com/BAAI/bge-large-zh-v1.5/resolve/main/config_sentence_transformers.json "HTTP/1.1 307 Temporary Redirect"
2026-03-28 16:27:29,028 - INFO - HTTP Request: HEAD https://hf-mirror.com/api/resolve-cache/models/BAAI/bge-large-zh-v1.5/79e7739b6ab944e86d6171e44d24c997fc1e0116/config_sentence_transformers.json "HTTP/1.1 200 OK"
2026-03-28 16:27:29,333 - INFO - HTTP Request: HEAD https://hf-mirror.com/BAAI/bge-large-zh-v1.5/resolve/main/README.md "HTTP/1.1 307 Temporary Redirect"
2026-03-28 16:27:29,625 - INFO - HTTP Request: HEAD https://hf-mirror.com/api/resolve-cache/models/BAAI/bge-large-zh-v1.5/79e7739b6ab944e86d6171e44d24c997fc1e0116/README.md "HTTP/1.1 200 OK"
2026-03-28 16:27:30,036 - INFO - HTTP Request: HEAD https://hf-mirror.com/BAAI/bge-large-zh-v1.5/resolve/main/modules.json "HTTP/1.1 307 Temporary Redirect"
2026-03-28 16:27:30,445 - INFO - HTTP Request: HEAD https://hf-mirror.com/api/resolve-cache/models/BAAI/bge-large-zh-v1.5/79e7739b6ab944e86d6171e44d24c997fc1e0116/modules.json "HTTP/1.1 200 OK"
2026-03-28 16:27:30,855 - INFO - HTTP Request: HEAD https://hf-mirror.com/BAAI/bge-large-zh-v1.5/resolve/main/sentence_bert_config.json "HTTP/1.1 307 Temporary Redirect"
2026-03-28 16:27:31,163 - INFO - HTTP Request: HEAD https://hf-mirror.com/api/resolve-cache/models/BAAI/bge-large-zh-v1.5/79e7739b6ab944e86d6171e44d24c997fc1e0116/sentence_bert_config.json "HTTP/1.1 200 OK"
2026-03-28 16:27:31,575 - INFO - HTTP Request: HEAD https://hf-mirror.com/BAAI/bge-large-zh-v1.5/resolve/main/adapter_config.json "HTTP/1.1 404 Not Found"
2026-03-28 16:27:31,878 - INFO - HTTP Request: HEAD https://hf-mirror.com/BAAI/bge-large-zh-v1.5/resolve/main/config.json "HTTP/1.1 307 Temporary Redirect"
2026-03-28 16:27:32,289 - INFO - HTTP Request: HEAD https://hf-mirror.com/api/resolve-cache/models/BAAI/bge-large-zh-v1.5/79e7739b6ab944e86d6171e44d24c997fc1e0116/config.json "HTTP/1.1 200 OK"
2026-03-28 16:27:32,702 - INFO - HTTP Request: HEAD https://hf-mirror.com/BAAI/bge-large-zh-v1.5/resolve/main/model.safetensors "HTTP/1.1 404 Not Found"
2026-03-28 16:27:32,924 - INFO - HTTP Request: GET https://hf-mirror.com/api/models/BAAI/bge-large-zh-v1.5 "HTTP/1.1 200 OK"
2026-03-28 16:27:33,312 - INFO - HTTP Request: GET https://hf-mirror.com/api/models/BAAI/bge-large-zh-v1.5/commits/main "HTTP/1.1 200 OK"
2026-03-28 16:27:33,518 - INFO - HTTP Request: GET https://hf-mirror.com/api/models/BAAI/bge-large-zh-v1.5/discussions?p=0 "HTTP/1.1 200 OK"
2026-03-28 16:27:33,647 - INFO - HTTP Request: HEAD https://hf-mirror.com/BAAI/bge-large-zh-v1.5/resolve/main/config.json "HTTP/1.1 307 Temporary Redirect"
2026-03-28 16:27:33,825 - INFO - HTTP Request: GET https://hf-mirror.com/api/models/BAAI/bge-large-zh-v1.5/commits/refs%2Fpr%2F35 "HTTP/1.1 200 OK"
2026-03-28 16:27:33,826 - INFO - HTTP Request: HEAD https://hf-mirror.com/api/resolve-cache/models/BAAI/bge-large-zh-v1.5/79e7739b6ab944e86d6171e44d24c997fc1e0116/config.json "HTTP/1.1 200 OK"
2026-03-28 16:27:34,239 - INFO - HTTP Request: HEAD https://hf-mirror.com/BAAI/bge-large-zh-v1.5/resolve/main/tokenizer_config.json "HTTP/1.1 307 Temporary Redirect"
2026-03-28 16:27:34,239 - INFO - HTTP Request: HEAD https://hf-mirror.com/BAAI/bge-large-zh-v1.5/resolve/refs%2Fpr%2F35/model.safetensors.index.json "HTTP/1.1 404 Not Found"
2026-03-28 16:27:34,425 - INFO - HTTP Request: HEAD https://hf-mirror.com/api/resolve-cache/models/BAAI/bge-large-zh-v1.5/79e7739b6ab944e86d6171e44d24c997fc1e0116/tokenizer_config.json "HTTP/1.1 200 OK"
2026-03-28 16:27:34,574 - INFO - HTTP Request: HEAD https://hf-mirror.com/BAAI/bge-large-zh-v1.5/resolve/refs%2Fpr%2F35/model.safetensors "HTTP/1.1 302 Found"
2026-03-28 16:27:34,598 - INFO - HTTP Request: GET https://hf-mirror.com/api/models/BAAI/bge-large-zh-v1.5/tree/main/additional_chat_templates?recursive=false&expand=false "HTTP/1.1 404 Not Found"
2026-03-28 16:27:34,744 - INFO - HTTP Request: GET https://hf-mirror.com/api/models/BAAI/bge-large-zh-v1.5/tree/main?recursive=true&expand=false "HTTP/1.1 200 OK"
2026-03-28 16:27:35,081 - INFO - HTTP Request: HEAD https://hf-mirror.com/BAAI/bge-large-zh-v1.5/resolve/main/1_Pooling/config.json "HTTP/1.1 307 Temporary Redirect"
2026-03-28 16:27:35,340 - INFO - HTTP Request: HEAD https://hf-mirror.com/api/resolve-cache/models/BAAI/bge-large-zh-v1.5/79e7739b6ab944e86d6171e44d24c997fc1e0116/1_Pooling%2Fconfig.json "HTTP/1.1 200 OK"
2026-03-28 16:27:35,496 - INFO - HTTP Request: GET https://hf-mirror.com/api/models/BAAI/bge-large-zh-v1.5 "HTTP/1.1 200 OK"
2026-03-28 16:27:36,283 - INFO - 📐 动态设定 HDBSCAN 最小聚类体积: 151
2026-03-28 16:27:36,283 - INFO - 🚀 阶段0：预计算文档完整语义 Embedding...
2026-03-28 16:33:10,973 - INFO - 🚀 阶段1：开始执行 Guided BERTopic 聚类...
2026-03-28 16:33:51,581 - INFO - 📊 初始主题数: 27 个
2026-03-28 16:33:51,581 - INFO - 🔄 阶段2.2：执行离群点归队回收（适中阈值: 0.55）...
2026-03-28 16:33:53,591 - INFO - 🎯 阶段3：执行低置信度主题处理...
2026-03-28 16:33:53,803 - INFO - 📊 训练完成，总耗时: 377.52秒
2026-03-28 16:33:53,803 - INFO - 📈 正在评估聚类质量...
2026-03-28 16:33:53,810 - INFO - 💾 阶段5：正在保存完整结果...
2026-03-28 16:33:54,242 - INFO - ✅ 处理全流程结束，所有文件均已输出至：E:\document\PG\studio\content\bertopic_results_optimized
2026-03-28 16:33:54,242 - INFO - 🎉 全部流程执行完毕！
2026-03-28 16:39:20,659 - INFO - 📂 正在加载数据: E:\document\PG\studio\content\bertopic_ready_data\bertopic_train_data.csv
2026-03-28 16:39:20,943 - INFO - 📊 原始有效数据量: 18146 条
2026-03-28 16:39:20,987 - INFO - 🔧 初始化 BERTopic 流水线...
2026-03-28 16:39:20,987 - INFO - 🤖 使用设备: cuda
2026-03-28 16:39:20,989 - INFO - Load pretrained SentenceTransformer: BAAI/bge-large-zh-v1.5
2026-03-28 16:39:22,379 - INFO - HTTP Request: HEAD https://hf-mirror.com/BAAI/bge-large-zh-v1.5/resolve/main/modules.json "HTTP/1.1 307 Temporary Redirect"
2026-03-28 16:39:22,761 - INFO - HTTP Request: HEAD https://hf-mirror.com/api/resolve-cache/models/BAAI/bge-large-zh-v1.5/79e7739b6ab944e86d6171e44d24c997fc1e0116/modules.json "HTTP/1.1 200 OK"
2026-03-28 16:39:23,303 - INFO - HTTP Request: HEAD https://hf-mirror.com/BAAI/bge-large-zh-v1.5/resolve/main/config_sentence_transformers.json "HTTP/1.1 307 Temporary Redirect"
2026-03-28 16:39:23,562 - INFO - HTTP Request: HEAD https://hf-mirror.com/api/resolve-cache/models/BAAI/bge-large-zh-v1.5/79e7739b6ab944e86d6171e44d24c997fc1e0116/config_sentence_transformers.json "HTTP/1.1 200 OK"
2026-03-28 16:39:24,003 - INFO - HTTP Request: HEAD https://hf-mirror.com/BAAI/bge-large-zh-v1.5/resolve/main/config_sentence_transformers.json "HTTP/1.1 307 Temporary Redirect"
2026-03-28 16:39:24,296 - INFO - HTTP Request: HEAD https://hf-mirror.com/api/resolve-cache/models/BAAI/bge-large-zh-v1.5/79e7739b6ab944e86d6171e44d24c997fc1e0116/config_sentence_transformers.json "HTTP/1.1 200 OK"
2026-03-28 16:39:24,616 - INFO - HTTP Request: HEAD https://hf-mirror.com/BAAI/bge-large-zh-v1.5/resolve/main/README.md "HTTP/1.1 307 Temporary Redirect"
2026-03-28 16:39:24,816 - INFO - HTTP Request: HEAD https://hf-mirror.com/api/resolve-cache/models/BAAI/bge-large-zh-v1.5/79e7739b6ab944e86d6171e44d24c997fc1e0116/README.md "HTTP/1.1 200 OK"
2026-03-28 16:39:25,129 - INFO - HTTP Request: HEAD https://hf-mirror.com/BAAI/bge-large-zh-v1.5/resolve/main/modules.json "HTTP/1.1 307 Temporary Redirect"
2026-03-28 16:39:25,322 - INFO - HTTP Request: HEAD https://hf-mirror.com/api/resolve-cache/models/BAAI/bge-large-zh-v1.5/79e7739b6ab944e86d6171e44d24c997fc1e0116/modules.json "HTTP/1.1 200 OK"
2026-03-28 16:39:25,676 - INFO - HTTP Request: HEAD https://hf-mirror.com/BAAI/bge-large-zh-v1.5/resolve/main/sentence_bert_config.json "HTTP/1.1 307 Temporary Redirect"
2026-03-28 16:39:25,947 - INFO - HTTP Request: HEAD https://hf-mirror.com/api/resolve-cache/models/BAAI/bge-large-zh-v1.5/79e7739b6ab944e86d6171e44d24c997fc1e0116/sentence_bert_config.json "HTTP/1.1 200 OK"
2026-03-28 16:39:26,285 - INFO - HTTP Request: HEAD https://hf-mirror.com/BAAI/bge-large-zh-v1.5/resolve/main/adapter_config.json "HTTP/1.1 404 Not Found"
2026-03-28 16:39:26,616 - INFO - HTTP Request: HEAD https://hf-mirror.com/BAAI/bge-large-zh-v1.5/resolve/main/config.json "HTTP/1.1 307 Temporary Redirect"
2026-03-28 16:39:26,803 - INFO - HTTP Request: HEAD https://hf-mirror.com/api/resolve-cache/models/BAAI/bge-large-zh-v1.5/79e7739b6ab944e86d6171e44d24c997fc1e0116/config.json "HTTP/1.1 200 OK"
2026-03-28 16:39:27,173 - INFO - HTTP Request: HEAD https://hf-mirror.com/BAAI/bge-large-zh-v1.5/resolve/main/model.safetensors "HTTP/1.1 404 Not Found"
2026-03-28 16:39:27,337 - INFO - HTTP Request: GET https://hf-mirror.com/api/models/BAAI/bge-large-zh-v1.5 "HTTP/1.1 200 OK"
2026-03-28 16:39:27,497 - INFO - HTTP Request: GET https://hf-mirror.com/api/models/BAAI/bge-large-zh-v1.5/commits/main "HTTP/1.1 200 OK"
2026-03-28 16:39:27,675 - INFO - HTTP Request: GET https://hf-mirror.com/api/models/BAAI/bge-large-zh-v1.5/discussions?p=0 "HTTP/1.1 200 OK"
2026-03-28 16:39:27,879 - INFO - HTTP Request: GET https://hf-mirror.com/api/models/BAAI/bge-large-zh-v1.5/commits/refs%2Fpr%2F35 "HTTP/1.1 200 OK"
2026-03-28 16:39:28,298 - INFO - HTTP Request: HEAD https://hf-mirror.com/BAAI/bge-large-zh-v1.5/resolve/main/config.json "HTTP/1.1 307 Temporary Redirect"
2026-03-28 16:39:28,300 - INFO - HTTP Request: HEAD https://hf-mirror.com/BAAI/bge-large-zh-v1.5/resolve/refs%2Fpr%2F35/model.safetensors.index.json "HTTP/1.1 404 Not Found"
2026-03-28 16:39:28,504 - INFO - HTTP Request: HEAD https://hf-mirror.com/api/resolve-cache/models/BAAI/bge-large-zh-v1.5/79e7739b6ab944e86d6171e44d24c997fc1e0116/config.json "HTTP/1.1 200 OK"
2026-03-28 16:39:28,703 - INFO - HTTP Request: HEAD https://hf-mirror.com/BAAI/bge-large-zh-v1.5/resolve/refs%2Fpr%2F35/model.safetensors "HTTP/1.1 302 Found"
2026-03-28 16:39:28,910 - INFO - HTTP Request: HEAD https://hf-mirror.com/BAAI/bge-large-zh-v1.5/resolve/main/tokenizer_config.json "HTTP/1.1 307 Temporary Redirect"
2026-03-28 16:39:29,211 - INFO - HTTP Request: HEAD https://hf-mirror.com/api/resolve-cache/models/BAAI/bge-large-zh-v1.5/79e7739b6ab944e86d6171e44d24c997fc1e0116/tokenizer_config.json "HTTP/1.1 200 OK"
2026-03-28 16:39:29,402 - INFO - HTTP Request: GET https://hf-mirror.com/api/models/BAAI/bge-large-zh-v1.5/tree/main/additional_chat_templates?recursive=false&expand=false "HTTP/1.1 404 Not Found"
2026-03-28 16:39:29,625 - INFO - HTTP Request: GET https://hf-mirror.com/api/models/BAAI/bge-large-zh-v1.5/tree/main?recursive=true&expand=false "HTTP/1.1 200 OK"
2026-03-28 16:39:29,946 - INFO - HTTP Request: HEAD https://hf-mirror.com/BAAI/bge-large-zh-v1.5/resolve/main/1_Pooling/config.json "HTTP/1.1 307 Temporary Redirect"
2026-03-28 16:39:30,197 - INFO - HTTP Request: HEAD https://hf-mirror.com/api/resolve-cache/models/BAAI/bge-large-zh-v1.5/79e7739b6ab944e86d6171e44d24c997fc1e0116/1_Pooling%2Fconfig.json "HTTP/1.1 200 OK"
2026-03-28 16:39:30,351 - INFO - HTTP Request: GET https://hf-mirror.com/api/models/BAAI/bge-large-zh-v1.5 "HTTP/1.1 200 OK"
2026-03-28 16:39:31,132 - INFO - 📐 动态设定 HDBSCAN 最小聚类体积: 151
2026-03-28 16:39:31,132 - INFO - 🚀 阶段0：预计算文档完整语义 Embedding...
2026-03-28 16:45:06,212 - INFO - 🚀 阶段1：开始执行 Guided BERTopic 聚类...
2026-03-28 16:45:47,858 - INFO - 📊 初始主题数: 28 个
2026-03-28 16:45:47,860 - INFO - 🔄 阶段2.2：执行离群点归队回收（适中阈值: 0.55）...
2026-03-28 16:45:49,840 - INFO - 🎯 阶段3：执行低置信度主题处理...
2026-03-28 16:45:49,971 - INFO - 📊 训练完成，总耗时: 378.84秒
2026-03-28 16:45:49,972 - INFO - 📈 正在评估聚类质量...
2026-03-28 16:45:49,978 - INFO - 💾 阶段5：正在保存完整结果...
2026-03-28 16:45:50,385 - INFO - ✅ 处理全流程结束，所有文件均已输出至：E:\document\PG\studio\content\bertopic_results_optimized
2026-03-28 16:45:50,385 - INFO - 🎉 全部流程执行完毕！
2026-03-29 13:43:58,026 - INFO - 📂 正在加载数据: E:\document\PG\studio\content\bertopic_ready_data\bertopic_train_data.csv
2026-03-29 13:43:58,277 - INFO - 📊 原始有效数据量: 18146 条
2026-03-29 13:43:58,281 - INFO - 🔧 初始化 BERTopic 流水线...
2026-03-29 13:43:58,315 - INFO - 🤖 使用设备: cuda
2026-03-29 13:43:58,315 - INFO - Load pretrained SentenceTransformer: BAAI/bge-large-zh-v1.5
2026-03-29 13:43:59,217 - INFO - HTTP Request: HEAD https://hf-mirror.com/BAAI/bge-large-zh-v1.5/resolve/main/modules.json "HTTP/1.1 307 Temporary Redirect"
2026-03-29 13:43:59,526 - INFO - HTTP Request: HEAD https://hf-mirror.com/api/resolve-cache/models/BAAI/bge-large-zh-v1.5/79e7739b6ab944e86d6171e44d24c997fc1e0116/modules.json "HTTP/1.1 200 OK"
2026-03-29 13:44:00,144 - INFO - HTTP Request: HEAD https://hf-mirror.com/BAAI/bge-large-zh-v1.5/resolve/main/config_sentence_transformers.json "HTTP/1.1 307 Temporary Redirect"
2026-03-29 13:44:00,361 - INFO - HTTP Request: HEAD https://hf-mirror.com/api/resolve-cache/models/BAAI/bge-large-zh-v1.5/79e7739b6ab944e86d6171e44d24c997fc1e0116/config_sentence_transformers.json "HTTP/1.1 200 OK"
2026-03-29 13:44:00,686 - INFO - HTTP Request: HEAD https://hf-mirror.com/BAAI/bge-large-zh-v1.5/resolve/main/config_sentence_transformers.json "HTTP/1.1 307 Temporary Redirect"
2026-03-29 13:44:00,871 - INFO - HTTP Request: HEAD https://hf-mirror.com/api/resolve-cache/models/BAAI/bge-large-zh-v1.5/79e7739b6ab944e86d6171e44d24c997fc1e0116/config_sentence_transformers.json "HTTP/1.1 200 OK"
2026-03-29 13:44:01,263 - INFO - HTTP Request: HEAD https://hf-mirror.com/BAAI/bge-large-zh-v1.5/resolve/main/README.md "HTTP/1.1 307 Temporary Redirect"
2026-03-29 13:44:01,471 - INFO - HTTP Request: HEAD https://hf-mirror.com/api/resolve-cache/models/BAAI/bge-large-zh-v1.5/79e7739b6ab944e86d6171e44d24c997fc1e0116/README.md "HTTP/1.1 200 OK"
2026-03-29 13:44:01,782 - INFO - HTTP Request: HEAD https://hf-mirror.com/BAAI/bge-large-zh-v1.5/resolve/main/modules.json "HTTP/1.1 307 Temporary Redirect"
2026-03-29 13:44:01,985 - INFO - HTTP Request: HEAD https://hf-mirror.com/api/resolve-cache/models/BAAI/bge-large-zh-v1.5/79e7739b6ab944e86d6171e44d24c997fc1e0116/modules.json "HTTP/1.1 200 OK"
2026-03-29 13:44:02,291 - INFO - HTTP Request: HEAD https://hf-mirror.com/BAAI/bge-large-zh-v1.5/resolve/main/sentence_bert_config.json "HTTP/1.1 307 Temporary Redirect"
2026-03-29 13:44:02,494 - INFO - HTTP Request: HEAD https://hf-mirror.com/api/resolve-cache/models/BAAI/bge-large-zh-v1.5/79e7739b6ab944e86d6171e44d24c997fc1e0116/sentence_bert_config.json "HTTP/1.1 200 OK"
2026-03-29 13:44:02,907 - INFO - HTTP Request: HEAD https://hf-mirror.com/BAAI/bge-large-zh-v1.5/resolve/main/adapter_config.json "HTTP/1.1 404 Not Found"
2026-03-29 13:44:03,191 - INFO - HTTP Request: HEAD https://hf-mirror.com/BAAI/bge-large-zh-v1.5/resolve/main/config.json "HTTP/1.1 307 Temporary Redirect"
2026-03-29 13:44:03,523 - INFO - HTTP Request: HEAD https://hf-mirror.com/api/resolve-cache/models/BAAI/bge-large-zh-v1.5/79e7739b6ab944e86d6171e44d24c997fc1e0116/config.json "HTTP/1.1 200 OK"
2026-03-29 13:44:03,830 - INFO - HTTP Request: HEAD https://hf-mirror.com/BAAI/bge-large-zh-v1.5/resolve/main/model.safetensors "HTTP/1.1 404 Not Found"
2026-03-29 13:44:04,037 - INFO - HTTP Request: GET https://hf-mirror.com/api/models/BAAI/bge-large-zh-v1.5 "HTTP/1.1 200 OK"
2026-03-29 13:44:04,340 - INFO - HTTP Request: GET https://hf-mirror.com/api/models/BAAI/bge-large-zh-v1.5/commits/main "HTTP/1.1 200 OK"
2026-03-29 13:44:04,547 - INFO - HTTP Request: GET https://hf-mirror.com/api/models/BAAI/bge-large-zh-v1.5/discussions?p=0 "HTTP/1.1 200 OK"
2026-03-29 13:44:04,698 - INFO - HTTP Request: GET https://hf-mirror.com/api/models/BAAI/bge-large-zh-v1.5/commits/refs%2Fpr%2F35 "HTTP/1.1 200 OK"
2026-03-29 13:44:05,057 - INFO - HTTP Request: HEAD https://hf-mirror.com/BAAI/bge-large-zh-v1.5/resolve/refs%2Fpr%2F35/model.safetensors.index.json "HTTP/1.1 404 Not Found"
2026-03-29 13:44:05,467 - INFO - HTTP Request: HEAD https://hf-mirror.com/BAAI/bge-large-zh-v1.5/resolve/refs%2Fpr%2F35/model.safetensors "HTTP/1.1 302 Found"
2026-03-30 19:48:03,800 - INFO - 📂 正在加载数据: E:\document\PG\studio\content\bertopic_ready_data\bertopic_train_data.csv
2026-03-30 19:48:04,039 - INFO - 📊 原始有效数据量: 18146 条
2026-03-30 19:48:04,044 - INFO - 🔧 初始化 BERTopic 流水线...
2026-03-30 19:48:04,059 - INFO - 🤖 使用设备: cuda
2026-03-30 19:48:04,061 - INFO - Load pretrained SentenceTransformer: BAAI/bge-large-zh-v1.5
2026-03-30 19:48:05,307 - INFO - HTTP Request: HEAD https://hf-mirror.com/BAAI/bge-large-zh-v1.5/resolve/main/modules.json "HTTP/1.1 307 Temporary Redirect"
2026-03-30 19:48:05,536 - INFO - HTTP Request: HEAD https://hf-mirror.com/api/resolve-cache/models/BAAI/bge-large-zh-v1.5/79e7739b6ab944e86d6171e44d24c997fc1e0116/modules.json "HTTP/1.1 200 OK"
2026-03-30 19:48:05,866 - INFO - HTTP Request: HEAD https://hf-mirror.com/BAAI/bge-large-zh-v1.5/resolve/main/config_sentence_transformers.json "HTTP/1.1 307 Temporary Redirect"
2026-03-30 19:48:05,988 - INFO - HTTP Request: HEAD https://hf-mirror.com/api/resolve-cache/models/BAAI/bge-large-zh-v1.5/79e7739b6ab944e86d6171e44d24c997fc1e0116/config_sentence_transformers.json "HTTP/1.1 200 OK"
2026-03-30 19:48:06,310 - INFO - HTTP Request: HEAD https://hf-mirror.com/BAAI/bge-large-zh-v1.5/resolve/main/config_sentence_transformers.json "HTTP/1.1 307 Temporary Redirect"
2026-03-30 19:48:06,459 - INFO - HTTP Request: HEAD https://hf-mirror.com/api/resolve-cache/models/BAAI/bge-large-zh-v1.5/79e7739b6ab944e86d6171e44d24c997fc1e0116/config_sentence_transformers.json "HTTP/1.1 200 OK"
2026-03-30 19:48:06,748 - INFO - HTTP Request: HEAD https://hf-mirror.com/BAAI/bge-large-zh-v1.5/resolve/main/README.md "HTTP/1.1 307 Temporary Redirect"
2026-03-30 19:48:06,993 - INFO - HTTP Request: HEAD https://hf-mirror.com/api/resolve-cache/models/BAAI/bge-large-zh-v1.5/79e7739b6ab944e86d6171e44d24c997fc1e0116/README.md "HTTP/1.1 200 OK"
2026-03-30 19:48:07,378 - INFO - HTTP Request: HEAD https://hf-mirror.com/BAAI/bge-large-zh-v1.5/resolve/main/modules.json "HTTP/1.1 307 Temporary Redirect"
2026-03-30 19:48:07,627 - INFO - HTTP Request: HEAD https://hf-mirror.com/api/resolve-cache/models/BAAI/bge-large-zh-v1.5/79e7739b6ab944e86d6171e44d24c997fc1e0116/modules.json "HTTP/1.1 200 OK"
2026-03-30 19:48:07,955 - INFO - HTTP Request: HEAD https://hf-mirror.com/BAAI/bge-large-zh-v1.5/resolve/main/sentence_bert_config.json "HTTP/1.1 307 Temporary Redirect"
2026-03-30 19:48:08,114 - INFO - HTTP Request: HEAD https://hf-mirror.com/api/resolve-cache/models/BAAI/bge-large-zh-v1.5/79e7739b6ab944e86d6171e44d24c997fc1e0116/sentence_bert_config.json "HTTP/1.1 200 OK"
2026-03-30 19:48:08,458 - INFO - HTTP Request: HEAD https://hf-mirror.com/BAAI/bge-large-zh-v1.5/resolve/main/adapter_config.json "HTTP/1.1 404 Not Found"
2026-03-30 19:48:08,768 - INFO - HTTP Request: HEAD https://hf-mirror.com/BAAI/bge-large-zh-v1.5/resolve/main/config.json "HTTP/1.1 307 Temporary Redirect"
2026-03-30 19:48:09,008 - INFO - HTTP Request: HEAD https://hf-mirror.com/api/resolve-cache/models/BAAI/bge-large-zh-v1.5/79e7739b6ab944e86d6171e44d24c997fc1e0116/config.json "HTTP/1.1 200 OK"
2026-03-30 19:48:09,332 - INFO - HTTP Request: HEAD https://hf-mirror.com/BAAI/bge-large-zh-v1.5/resolve/main/model.safetensors "HTTP/1.1 404 Not Found"
2026-03-30 19:48:09,478 - INFO - HTTP Request: GET https://hf-mirror.com/api/models/BAAI/bge-large-zh-v1.5 "HTTP/1.1 200 OK"
2026-03-30 19:48:09,628 - INFO - HTTP Request: GET https://hf-mirror.com/api/models/BAAI/bge-large-zh-v1.5/commits/main "HTTP/1.1 200 OK"
2026-03-30 19:48:09,770 - INFO - HTTP Request: GET https://hf-mirror.com/api/models/BAAI/bge-large-zh-v1.5/discussions?p=0 "HTTP/1.1 200 OK"
2026-03-30 19:48:09,919 - INFO - HTTP Request: GET https://hf-mirror.com/api/models/BAAI/bge-large-zh-v1.5/commits/refs%2Fpr%2F35 "HTTP/1.1 200 OK"
2026-03-30 19:48:10,250 - INFO - HTTP Request: HEAD https://hf-mirror.com/BAAI/bge-large-zh-v1.5/resolve/refs%2Fpr%2F35/model.safetensors.index.json "HTTP/1.1 404 Not Found"
2026-03-30 19:48:10,565 - INFO - HTTP Request: HEAD https://hf-mirror.com/BAAI/bge-large-zh-v1.5/resolve/refs%2Fpr%2F35/model.safetensors "HTTP/1.1 302 Found"
2026-03-30 19:59:31,524 - INFO - 📂 正在加载数据: E:\document\PG\studio\content\bertopic_ready_data\bertopic_train_data.csv
2026-03-30 19:59:31,774 - INFO - 📊 原始有效数据量: 18146 条
2026-03-30 19:59:31,780 - INFO - 🔧 初始化 BERTopic 流水线...
2026-03-30 19:59:31,805 - INFO - 🤖 使用设备: cuda
2026-03-30 19:59:31,806 - INFO - Load pretrained SentenceTransformer: BAAI/bge-large-zh-v1.5
2026-03-30 19:59:32,897 - INFO - HTTP Request: HEAD https://hf-mirror.com/BAAI/bge-large-zh-v1.5/resolve/main/modules.json "HTTP/1.1 307 Temporary Redirect"
2026-03-30 19:59:33,268 - INFO - HTTP Request: HEAD https://hf-mirror.com/api/resolve-cache/models/BAAI/bge-large-zh-v1.5/79e7739b6ab944e86d6171e44d24c997fc1e0116/modules.json "HTTP/1.1 200 OK"
2026-03-30 19:59:33,627 - INFO - HTTP Request: HEAD https://hf-mirror.com/BAAI/bge-large-zh-v1.5/resolve/main/config_sentence_transformers.json "HTTP/1.1 307 Temporary Redirect"
2026-03-30 19:59:33,753 - INFO - HTTP Request: HEAD https://hf-mirror.com/api/resolve-cache/models/BAAI/bge-large-zh-v1.5/79e7739b6ab944e86d6171e44d24c997fc1e0116/config_sentence_transformers.json "HTTP/1.1 200 OK"
2026-03-30 19:59:34,060 - INFO - HTTP Request: HEAD https://hf-mirror.com/BAAI/bge-large-zh-v1.5/resolve/main/config_sentence_transformers.json "HTTP/1.1 307 Temporary Redirect"
2026-03-30 19:59:34,403 - INFO - HTTP Request: HEAD https://hf-mirror.com/api/resolve-cache/models/BAAI/bge-large-zh-v1.5/79e7739b6ab944e86d6171e44d24c997fc1e0116/config_sentence_transformers.json "HTTP/1.1 200 OK"
2026-03-30 19:59:34,778 - INFO - HTTP Request: HEAD https://hf-mirror.com/BAAI/bge-large-zh-v1.5/resolve/main/README.md "HTTP/1.1 307 Temporary Redirect"
2026-03-30 19:59:34,927 - INFO - HTTP Request: HEAD https://hf-mirror.com/api/resolve-cache/models/BAAI/bge-large-zh-v1.5/79e7739b6ab944e86d6171e44d24c997fc1e0116/README.md "HTTP/1.1 200 OK"
2026-03-30 19:59:35,362 - INFO - HTTP Request: HEAD https://hf-mirror.com/BAAI/bge-large-zh-v1.5/resolve/main/modules.json "HTTP/1.1 307 Temporary Redirect"
2026-03-30 19:59:35,801 - INFO - HTTP Request: HEAD https://hf-mirror.com/api/resolve-cache/models/BAAI/bge-large-zh-v1.5/79e7739b6ab944e86d6171e44d24c997fc1e0116/modules.json "HTTP/1.1 200 OK"
2026-03-30 19:59:36,085 - INFO - HTTP Request: HEAD https://hf-mirror.com/BAAI/bge-large-zh-v1.5/resolve/main/sentence_bert_config.json "HTTP/1.1 307 Temporary Redirect"
2026-03-30 19:59:36,453 - INFO - HTTP Request: HEAD https://hf-mirror.com/api/resolve-cache/models/BAAI/bge-large-zh-v1.5/79e7739b6ab944e86d6171e44d24c997fc1e0116/sentence_bert_config.json "HTTP/1.1 200 OK"
2026-03-30 19:59:36,929 - INFO - HTTP Request: HEAD https://hf-mirror.com/BAAI/bge-large-zh-v1.5/resolve/main/adapter_config.json "HTTP/1.1 404 Not Found"
2026-03-30 19:59:37,256 - INFO - HTTP Request: HEAD https://hf-mirror.com/BAAI/bge-large-zh-v1.5/resolve/main/config.json "HTTP/1.1 307 Temporary Redirect"
2026-03-30 19:59:37,681 - INFO - HTTP Request: HEAD https://hf-mirror.com/api/resolve-cache/models/BAAI/bge-large-zh-v1.5/79e7739b6ab944e86d6171e44d24c997fc1e0116/config.json "HTTP/1.1 200 OK"
2026-03-30 19:59:37,960 - INFO - HTTP Request: HEAD https://hf-mirror.com/BAAI/bge-large-zh-v1.5/resolve/main/model.safetensors "HTTP/1.1 404 Not Found"
2026-03-30 19:59:38,061 - INFO - HTTP Request: GET https://hf-mirror.com/api/models/BAAI/bge-large-zh-v1.5 "HTTP/1.1 200 OK"
2026-03-30 19:59:38,150 - INFO - HTTP Request: GET https://hf-mirror.com/api/models/BAAI/bge-large-zh-v1.5/commits/main "HTTP/1.1 200 OK"
2026-03-30 19:59:38,256 - INFO - HTTP Request: GET https://hf-mirror.com/api/models/BAAI/bge-large-zh-v1.5/discussions?p=0 "HTTP/1.1 200 OK"
2026-03-30 19:59:38,361 - INFO - HTTP Request: GET https://hf-mirror.com/api/models/BAAI/bge-large-zh-v1.5/commits/refs%2Fpr%2F35 "HTTP/1.1 200 OK"
2026-03-30 19:59:38,620 - INFO - HTTP Request: HEAD https://hf-mirror.com/BAAI/bge-large-zh-v1.5/resolve/refs%2Fpr%2F35/model.safetensors.index.json "HTTP/1.1 404 Not Found"
2026-03-30 19:59:38,923 - INFO - HTTP Request: HEAD https://hf-mirror.com/BAAI/bge-large-zh-v1.5/resolve/refs%2Fpr%2F35/model.safetensors "HTTP/1.1 302 Found"
2026-03-30 20:15:05,668 - INFO - 📂 正在加载数据: E:\document\PG\studio\content\bertopic_ready_data\bertopic_train_data.csv
2026-03-30 20:15:05,912 - INFO - 📊 原始有效数据量: 18146 条
2026-03-30 20:15:05,915 - INFO - 🔧 初始化 BERTopic 流水线...
2026-03-30 20:15:05,915 - INFO - 🤖 使用设备: cpu
2026-03-30 20:15:05,917 - INFO - Load pretrained SentenceTransformer: BAAI/bge-large-zh-v1.5
2026-03-30 20:15:07,148 - INFO - HTTP Request: HEAD https://hf-mirror.com/BAAI/bge-large-zh-v1.5/resolve/main/modules.json "HTTP/1.1 307 Temporary Redirect"
2026-03-30 20:15:07,374 - INFO - HTTP Request: HEAD https://hf-mirror.com/api/resolve-cache/models/BAAI/bge-large-zh-v1.5/79e7739b6ab944e86d6171e44d24c997fc1e0116/modules.json "HTTP/1.1 200 OK"
2026-03-30 20:15:07,707 - INFO - HTTP Request: HEAD https://hf-mirror.com/BAAI/bge-large-zh-v1.5/resolve/main/config_sentence_transformers.json "HTTP/1.1 307 Temporary Redirect"
2026-03-30 20:15:08,310 - INFO - HTTP Request: HEAD https://hf-mirror.com/api/resolve-cache/models/BAAI/bge-large-zh-v1.5/79e7739b6ab944e86d6171e44d24c997fc1e0116/config_sentence_transformers.json "HTTP/1.1 200 OK"
2026-03-30 20:15:08,617 - INFO - HTTP Request: HEAD https://hf-mirror.com/BAAI/bge-large-zh-v1.5/resolve/main/config_sentence_transformers.json "HTTP/1.1 307 Temporary Redirect"
2026-03-30 20:15:08,736 - INFO - HTTP Request: HEAD https://hf-mirror.com/api/resolve-cache/models/BAAI/bge-large-zh-v1.5/79e7739b6ab944e86d6171e44d24c997fc1e0116/config_sentence_transformers.json "HTTP/1.1 200 OK"
2026-03-30 20:15:09,223 - INFO - HTTP Request: HEAD https://hf-mirror.com/BAAI/bge-large-zh-v1.5/resolve/main/README.md "HTTP/1.1 307 Temporary Redirect"
2026-03-30 20:15:09,441 - INFO - HTTP Request: HEAD https://hf-mirror.com/api/resolve-cache/models/BAAI/bge-large-zh-v1.5/79e7739b6ab944e86d6171e44d24c997fc1e0116/README.md "HTTP/1.1 200 OK"
2026-03-30 20:15:09,755 - INFO - HTTP Request: HEAD https://hf-mirror.com/BAAI/bge-large-zh-v1.5/resolve/main/modules.json "HTTP/1.1 307 Temporary Redirect"
2026-03-30 20:15:09,876 - INFO - HTTP Request: HEAD https://hf-mirror.com/api/resolve-cache/models/BAAI/bge-large-zh-v1.5/79e7739b6ab944e86d6171e44d24c997fc1e0116/modules.json "HTTP/1.1 200 OK"
2026-03-30 20:15:10,161 - INFO - HTTP Request: HEAD https://hf-mirror.com/BAAI/bge-large-zh-v1.5/resolve/main/sentence_bert_config.json "HTTP/1.1 307 Temporary Redirect"
2026-03-30 20:15:10,276 - INFO - HTTP Request: HEAD https://hf-mirror.com/api/resolve-cache/models/BAAI/bge-large-zh-v1.5/79e7739b6ab944e86d6171e44d24c997fc1e0116/sentence_bert_config.json "HTTP/1.1 200 OK"
2026-03-30 20:15:10,607 - INFO - HTTP Request: HEAD https://hf-mirror.com/BAAI/bge-large-zh-v1.5/resolve/main/adapter_config.json "HTTP/1.1 404 Not Found"
2026-03-30 20:15:10,901 - INFO - HTTP Request: HEAD https://hf-mirror.com/BAAI/bge-large-zh-v1.5/resolve/main/config.json "HTTP/1.1 307 Temporary Redirect"
2026-03-30 20:15:11,014 - INFO - HTTP Request: HEAD https://hf-mirror.com/api/resolve-cache/models/BAAI/bge-large-zh-v1.5/79e7739b6ab944e86d6171e44d24c997fc1e0116/config.json "HTTP/1.1 200 OK"
2026-03-30 20:15:11,320 - INFO - HTTP Request: HEAD https://hf-mirror.com/BAAI/bge-large-zh-v1.5/resolve/main/model.safetensors "HTTP/1.1 404 Not Found"
2026-03-30 20:15:11,444 - INFO - HTTP Request: GET https://hf-mirror.com/api/models/BAAI/bge-large-zh-v1.5 "HTTP/1.1 200 OK"
2026-03-30 20:15:12,008 - INFO - HTTP Request: GET https://hf-mirror.com/api/models/BAAI/bge-large-zh-v1.5/commits/main "HTTP/1.1 200 OK"
2026-03-30 20:15:12,206 - INFO - HTTP Request: HEAD https://hf-mirror.com/BAAI/bge-large-zh-v1.5/resolve/main/config.json "HTTP/1.1 307 Temporary Redirect"
2026-03-30 20:15:12,524 - INFO - HTTP Request: GET https://hf-mirror.com/api/models/BAAI/bge-large-zh-v1.5/discussions?p=0 "HTTP/1.1 200 OK"
2026-03-30 20:15:12,526 - INFO - HTTP Request: HEAD https://hf-mirror.com/api/resolve-cache/models/BAAI/bge-large-zh-v1.5/79e7739b6ab944e86d6171e44d24c997fc1e0116/config.json "HTTP/1.1 200 OK"
2026-03-30 20:15:12,804 - INFO - HTTP Request: GET https://hf-mirror.com/api/models/BAAI/bge-large-zh-v1.5/commits/refs%2Fpr%2F35 "HTTP/1.1 200 OK"
2026-03-30 20:15:12,918 - INFO - HTTP Request: HEAD https://hf-mirror.com/BAAI/bge-large-zh-v1.5/resolve/main/tokenizer_config.json "HTTP/1.1 307 Temporary Redirect"
2026-03-30 20:15:13,047 - INFO - HTTP Request: HEAD https://hf-mirror.com/api/resolve-cache/models/BAAI/bge-large-zh-v1.5/79e7739b6ab944e86d6171e44d24c997fc1e0116/tokenizer_config.json "HTTP/1.1 200 OK"
2026-03-30 20:15:13,236 - INFO - HTTP Request: HEAD https://hf-mirror.com/BAAI/bge-large-zh-v1.5/resolve/refs%2Fpr%2F35/model.safetensors.index.json "HTTP/1.1 404 Not Found"
2026-03-30 20:15:13,236 - INFO - HTTP Request: GET https://hf-mirror.com/api/models/BAAI/bge-large-zh-v1.5/tree/main/additional_chat_templates?recursive=false&expand=false "HTTP/1.1 404 Not Found"
2026-03-30 20:15:13,705 - INFO - HTTP Request: HEAD https://hf-mirror.com/BAAI/bge-large-zh-v1.5/resolve/refs%2Fpr%2F35/model.safetensors "HTTP/1.1 302 Found"
2026-03-30 20:15:13,805 - INFO - HTTP Request: GET https://hf-mirror.com/api/models/BAAI/bge-large-zh-v1.5/tree/main?recursive=true&expand=false "HTTP/1.1 200 OK"
2026-03-30 20:15:14,205 - INFO - HTTP Request: HEAD https://hf-mirror.com/BAAI/bge-large-zh-v1.5/resolve/main/1_Pooling/config.json "HTTP/1.1 307 Temporary Redirect"
2026-03-30 20:15:14,304 - INFO - HTTP Request: HEAD https://hf-mirror.com/api/resolve-cache/models/BAAI/bge-large-zh-v1.5/79e7739b6ab944e86d6171e44d24c997fc1e0116/1_Pooling%2Fconfig.json "HTTP/1.1 200 OK"
2026-03-30 20:15:14,526 - INFO - HTTP Request: GET https://hf-mirror.com/api/models/BAAI/bge-large-zh-v1.5 "HTTP/1.1 200 OK"
2026-03-30 20:15:14,532 - INFO - 📐 动态设定 HDBSCAN 最小聚类体积: 151
2026-03-30 20:15:14,534 - INFO - 🚀 阶段0：预计算文档完整语义 Embedding...
2026-03-30 21:21:58,266 - INFO - 📂 正在加载数据: E:\document\PG\studio\content\bertopic_ready_data\bertopic_train_data.csv
2026-03-30 21:21:58,574 - INFO - 📊 原始有效数据量: 18146 条
2026-03-30 21:21:58,619 - INFO - 🔧 初始化 BERTopic 流水线...
2026-03-30 21:21:58,619 - INFO - 🤖 使用设备: cpu
2026-03-30 21:21:58,621 - INFO - Load pretrained SentenceTransformer: BAAI/bge-large-zh-v1.5
2026-03-30 21:21:59,358 - INFO - HTTP Request: HEAD https://hf-mirror.com/BAAI/bge-large-zh-v1.5/resolve/main/modules.json "HTTP/1.1 307 Temporary Redirect"
2026-03-30 21:21:59,664 - INFO - HTTP Request: HEAD https://hf-mirror.com/api/resolve-cache/models/BAAI/bge-large-zh-v1.5/79e7739b6ab944e86d6171e44d24c997fc1e0116/modules.json "HTTP/1.1 200 OK"
2026-03-30 21:22:00,124 - INFO - HTTP Request: HEAD https://hf-mirror.com/BAAI/bge-large-zh-v1.5/resolve/main/config_sentence_transformers.json "HTTP/1.1 307 Temporary Redirect"
2026-03-30 21:22:00,374 - INFO - HTTP Request: HEAD https://hf-mirror.com/api/resolve-cache/models/BAAI/bge-large-zh-v1.5/79e7739b6ab944e86d6171e44d24c997fc1e0116/config_sentence_transformers.json "HTTP/1.1 200 OK"
2026-03-30 21:22:00,854 - INFO - HTTP Request: HEAD https://hf-mirror.com/BAAI/bge-large-zh-v1.5/resolve/main/config_sentence_transformers.json "HTTP/1.1 307 Temporary Redirect"
2026-03-30 21:22:01,080 - INFO - HTTP Request: HEAD https://hf-mirror.com/api/resolve-cache/models/BAAI/bge-large-zh-v1.5/79e7739b6ab944e86d6171e44d24c997fc1e0116/config_sentence_transformers.json "HTTP/1.1 200 OK"
2026-03-30 21:22:01,555 - INFO - HTTP Request: HEAD https://hf-mirror.com/BAAI/bge-large-zh-v1.5/resolve/main/README.md "HTTP/1.1 307 Temporary Redirect"
2026-03-30 21:22:01,880 - INFO - HTTP Request: HEAD https://hf-mirror.com/api/resolve-cache/models/BAAI/bge-large-zh-v1.5/79e7739b6ab944e86d6171e44d24c997fc1e0116/README.md "HTTP/1.1 200 OK"
2026-03-30 21:22:02,274 - INFO - HTTP Request: HEAD https://hf-mirror.com/BAAI/bge-large-zh-v1.5/resolve/main/modules.json "HTTP/1.1 307 Temporary Redirect"
2026-03-30 21:22:02,437 - INFO - HTTP Request: HEAD https://hf-mirror.com/api/resolve-cache/models/BAAI/bge-large-zh-v1.5/79e7739b6ab944e86d6171e44d24c997fc1e0116/modules.json "HTTP/1.1 200 OK"
2026-03-30 21:22:02,892 - INFO - HTTP Request: HEAD https://hf-mirror.com/BAAI/bge-large-zh-v1.5/resolve/main/sentence_bert_config.json "HTTP/1.1 307 Temporary Redirect"
2026-03-30 21:22:03,191 - INFO - HTTP Request: HEAD https://hf-mirror.com/api/resolve-cache/models/BAAI/bge-large-zh-v1.5/79e7739b6ab944e86d6171e44d24c997fc1e0116/sentence_bert_config.json "HTTP/1.1 200 OK"
2026-03-30 21:22:03,863 - INFO - HTTP Request: HEAD https://hf-mirror.com/BAAI/bge-large-zh-v1.5/resolve/main/adapter_config.json "HTTP/1.1 404 Not Found"
2026-03-30 21:22:04,209 - INFO - HTTP Request: HEAD https://hf-mirror.com/BAAI/bge-large-zh-v1.5/resolve/main/config.json "HTTP/1.1 307 Temporary Redirect"
2026-03-30 21:22:04,585 - INFO - HTTP Request: HEAD https://hf-mirror.com/api/resolve-cache/models/BAAI/bge-large-zh-v1.5/79e7739b6ab944e86d6171e44d24c997fc1e0116/config.json "HTTP/1.1 200 OK"
2026-03-30 21:22:04,991 - INFO - HTTP Request: HEAD https://hf-mirror.com/BAAI/bge-large-zh-v1.5/resolve/main/config.json "HTTP/1.1 307 Temporary Redirect"
2026-03-30 21:22:05,311 - INFO - HTTP Request: HEAD https://hf-mirror.com/api/resolve-cache/models/BAAI/bge-large-zh-v1.5/79e7739b6ab944e86d6171e44d24c997fc1e0116/config.json "HTTP/1.1 200 OK"
2026-03-30 21:22:05,710 - INFO - HTTP Request: HEAD https://hf-mirror.com/BAAI/bge-large-zh-v1.5/resolve/main/model.safetensors "HTTP/1.1 404 Not Found"
2026-03-30 21:22:05,882 - INFO - HTTP Request: GET https://hf-mirror.com/api/models/BAAI/bge-large-zh-v1.5 "HTTP/1.1 200 OK"
2026-03-30 21:22:06,107 - INFO - HTTP Request: GET https://hf-mirror.com/api/models/BAAI/bge-large-zh-v1.5/commits/main "HTTP/1.1 200 OK"
2026-03-30 21:22:06,674 - INFO - HTTP Request: GET https://hf-mirror.com/api/models/BAAI/bge-large-zh-v1.5/discussions?p=0 "HTTP/1.1 200 OK"
2026-03-30 21:22:06,954 - INFO - HTTP Request: GET https://hf-mirror.com/api/models/BAAI/bge-large-zh-v1.5/commits/refs%2Fpr%2F35 "HTTP/1.1 200 OK"
2026-03-30 21:22:07,396 - INFO - HTTP Request: HEAD https://hf-mirror.com/BAAI/bge-large-zh-v1.5/resolve/refs%2Fpr%2F35/model.safetensors.index.json "HTTP/1.1 404 Not Found"
2026-03-30 21:22:07,903 - INFO - HTTP Request: HEAD https://hf-mirror.com/BAAI/bge-large-zh-v1.5/resolve/refs%2Fpr%2F35/model.safetensors "HTTP/1.1 302 Found"
2026-03-30 21:26:07,289 - INFO - 📂 正在加载数据: E:\document\PG\studio\content\bertopic_ready_data\bertopic_train_data.csv
2026-03-30 21:26:07,578 - INFO - 📊 原始有效数据量: 18146 条
2026-03-30 21:26:07,619 - INFO - 🔧 初始化 BERTopic 流水线...
2026-03-30 21:26:07,620 - INFO - 🤖 使用设备: cpu
2026-03-30 21:26:07,621 - INFO - Load pretrained SentenceTransformer: BAAI/bge-large-zh-v1.5
2026-03-30 21:26:08,620 - INFO - HTTP Request: HEAD https://hf-mirror.com/BAAI/bge-large-zh-v1.5/resolve/main/modules.json "HTTP/1.1 307 Temporary Redirect"
2026-03-30 21:26:08,962 - INFO - HTTP Request: HEAD https://hf-mirror.com/api/resolve-cache/models/BAAI/bge-large-zh-v1.5/79e7739b6ab944e86d6171e44d24c997fc1e0116/modules.json "HTTP/1.1 200 OK"
2026-03-30 21:26:09,730 - INFO - HTTP Request: HEAD https://hf-mirror.com/BAAI/bge-large-zh-v1.5/resolve/main/config_sentence_transformers.json "HTTP/1.1 307 Temporary Redirect"
2026-03-30 21:26:10,039 - INFO - HTTP Request: HEAD https://hf-mirror.com/api/resolve-cache/models/BAAI/bge-large-zh-v1.5/79e7739b6ab944e86d6171e44d24c997fc1e0116/config_sentence_transformers.json "HTTP/1.1 200 OK"
2026-03-30 21:26:10,571 - INFO - HTTP Request: HEAD https://hf-mirror.com/BAAI/bge-large-zh-v1.5/resolve/main/config_sentence_transformers.json "HTTP/1.1 307 Temporary Redirect"
2026-03-30 21:26:10,761 - INFO - HTTP Request: HEAD https://hf-mirror.com/api/resolve-cache/models/BAAI/bge-large-zh-v1.5/79e7739b6ab944e86d6171e44d24c997fc1e0116/config_sentence_transformers.json "HTTP/1.1 200 OK"
2026-03-30 21:26:11,143 - INFO - HTTP Request: HEAD https://hf-mirror.com/BAAI/bge-large-zh-v1.5/resolve/main/README.md "HTTP/1.1 307 Temporary Redirect"
2026-03-30 21:26:11,416 - INFO - HTTP Request: HEAD https://hf-mirror.com/api/resolve-cache/models/BAAI/bge-large-zh-v1.5/79e7739b6ab944e86d6171e44d24c997fc1e0116/README.md "HTTP/1.1 200 OK"
2026-03-30 21:26:12,103 - INFO - HTTP Request: HEAD https://hf-mirror.com/BAAI/bge-large-zh-v1.5/resolve/main/modules.json "HTTP/1.1 307 Temporary Redirect"
2026-03-30 21:26:12,439 - INFO - HTTP Request: HEAD https://hf-mirror.com/api/resolve-cache/models/BAAI/bge-large-zh-v1.5/79e7739b6ab944e86d6171e44d24c997fc1e0116/modules.json "HTTP/1.1 200 OK"
2026-03-30 21:26:12,849 - INFO - HTTP Request: HEAD https://hf-mirror.com/BAAI/bge-large-zh-v1.5/resolve/main/sentence_bert_config.json "HTTP/1.1 307 Temporary Redirect"
2026-03-30 21:26:13,037 - INFO - HTTP Request: HEAD https://hf-mirror.com/api/resolve-cache/models/BAAI/bge-large-zh-v1.5/79e7739b6ab944e86d6171e44d24c997fc1e0116/sentence_bert_config.json "HTTP/1.1 200 OK"
2026-03-30 21:26:13,484 - INFO - HTTP Request: HEAD https://hf-mirror.com/BAAI/bge-large-zh-v1.5/resolve/main/adapter_config.json "HTTP/1.1 404 Not Found"
2026-03-30 21:26:13,872 - INFO - HTTP Request: HEAD https://hf-mirror.com/BAAI/bge-large-zh-v1.5/resolve/main/config.json "HTTP/1.1 307 Temporary Redirect"
2026-03-30 21:26:14,349 - INFO - HTTP Request: HEAD https://hf-mirror.com/api/resolve-cache/models/BAAI/bge-large-zh-v1.5/79e7739b6ab944e86d6171e44d24c997fc1e0116/config.json "HTTP/1.1 200 OK"
2026-03-30 21:26:14,751 - INFO - HTTP Request: HEAD https://hf-mirror.com/BAAI/bge-large-zh-v1.5/resolve/main/config.json "HTTP/1.1 307 Temporary Redirect"
2026-03-30 21:26:15,158 - INFO - HTTP Request: HEAD https://hf-mirror.com/api/resolve-cache/models/BAAI/bge-large-zh-v1.5/79e7739b6ab944e86d6171e44d24c997fc1e0116/config.json "HTTP/1.1 200 OK"
2026-03-30 21:26:15,890 - INFO - HTTP Request: HEAD https://hf-mirror.com/BAAI/bge-large-zh-v1.5/resolve/main/model.safetensors "HTTP/1.1 404 Not Found"
2026-03-30 21:26:16,899 - INFO - HTTP Request: GET https://hf-mirror.com/api/models/BAAI/bge-large-zh-v1.5 "HTTP/1.1 200 OK"
2026-03-30 21:26:17,169 - INFO - HTTP Request: GET https://hf-mirror.com/api/models/BAAI/bge-large-zh-v1.5/commits/main "HTTP/1.1 200 OK"
2026-03-30 21:26:17,409 - INFO - HTTP Request: GET https://hf-mirror.com/api/models/BAAI/bge-large-zh-v1.5/discussions?p=0 "HTTP/1.1 200 OK"
2026-03-30 21:26:17,925 - INFO - HTTP Request: GET https://hf-mirror.com/api/models/BAAI/bge-large-zh-v1.5/commits/refs%2Fpr%2F35 "HTTP/1.1 200 OK"
2026-03-30 21:26:18,331 - INFO - HTTP Request: HEAD https://hf-mirror.com/BAAI/bge-large-zh-v1.5/resolve/refs%2Fpr%2F35/model.safetensors.index.json "HTTP/1.1 404 Not Found"
2026-03-30 21:26:18,765 - INFO - HTTP Request: HEAD https://hf-mirror.com/BAAI/bge-large-zh-v1.5/resolve/refs%2Fpr%2F35/model.safetensors "HTTP/1.1 302 Found"
2026-03-30 22:18:22,630 - INFO - 📂 正在加载数据: E:\document\PG\studio\content\bertopic_ready_data\bertopic_train_data.csv
2026-03-30 22:18:22,936 - INFO - 📊 原始有效数据量: 18146 条
2026-03-30 22:18:22,978 - INFO - 🔧 初始化 BERTopic 流水线...
2026-03-30 22:18:23,049 - INFO - 🤖 使用设备: cuda
2026-03-30 22:18:23,050 - INFO - Load pretrained SentenceTransformer: BAAI/bge-large-zh-v1.5
2026-03-30 22:18:23,988 - INFO - HTTP Request: HEAD https://hf-mirror.com/BAAI/bge-large-zh-v1.5/resolve/main/modules.json "HTTP/1.1 307 Temporary Redirect"
2026-03-30 22:18:24,357 - INFO - HTTP Request: HEAD https://hf-mirror.com/api/resolve-cache/models/BAAI/bge-large-zh-v1.5/79e7739b6ab944e86d6171e44d24c997fc1e0116/modules.json "HTTP/1.1 200 OK"
2026-03-30 22:18:24,934 - INFO - HTTP Request: HEAD https://hf-mirror.com/BAAI/bge-large-zh-v1.5/resolve/main/config_sentence_transformers.json "HTTP/1.1 307 Temporary Redirect"
2026-03-30 22:18:25,294 - INFO - HTTP Request: HEAD https://hf-mirror.com/api/resolve-cache/models/BAAI/bge-large-zh-v1.5/79e7739b6ab944e86d6171e44d24c997fc1e0116/config_sentence_transformers.json "HTTP/1.1 200 OK"
2026-03-30 22:18:25,687 - INFO - HTTP Request: HEAD https://hf-mirror.com/BAAI/bge-large-zh-v1.5/resolve/main/config_sentence_transformers.json "HTTP/1.1 307 Temporary Redirect"
2026-03-30 22:18:25,948 - INFO - HTTP Request: HEAD https://hf-mirror.com/api/resolve-cache/models/BAAI/bge-large-zh-v1.5/79e7739b6ab944e86d6171e44d24c997fc1e0116/config_sentence_transformers.json "HTTP/1.1 200 OK"
2026-03-30 22:18:26,552 - INFO - HTTP Request: HEAD https://hf-mirror.com/BAAI/bge-large-zh-v1.5/resolve/main/README.md "HTTP/1.1 307 Temporary Redirect"
2026-03-30 22:18:27,020 - INFO - HTTP Request: HEAD https://hf-mirror.com/api/resolve-cache/models/BAAI/bge-large-zh-v1.5/79e7739b6ab944e86d6171e44d24c997fc1e0116/README.md "HTTP/1.1 200 OK"
2026-03-30 22:18:27,684 - INFO - HTTP Request: HEAD https://hf-mirror.com/BAAI/bge-large-zh-v1.5/resolve/main/modules.json "HTTP/1.1 307 Temporary Redirect"
2026-03-30 22:18:28,043 - INFO - HTTP Request: HEAD https://hf-mirror.com/api/resolve-cache/models/BAAI/bge-large-zh-v1.5/79e7739b6ab944e86d6171e44d24c997fc1e0116/modules.json "HTTP/1.1 200 OK"
2026-03-30 22:18:28,550 - INFO - HTTP Request: HEAD https://hf-mirror.com/BAAI/bge-large-zh-v1.5/resolve/main/sentence_bert_config.json "HTTP/1.1 307 Temporary Redirect"
2026-03-30 22:18:28,862 - INFO - HTTP Request: HEAD https://hf-mirror.com/api/resolve-cache/models/BAAI/bge-large-zh-v1.5/79e7739b6ab944e86d6171e44d24c997fc1e0116/sentence_bert_config.json "HTTP/1.1 200 OK"
2026-03-30 22:18:29,750 - INFO - HTTP Request: HEAD https://hf-mirror.com/BAAI/bge-large-zh-v1.5/resolve/main/adapter_config.json "HTTP/1.1 404 Not Found"
2026-03-30 22:18:30,706 - INFO - HTTP Request: HEAD https://hf-mirror.com/BAAI/bge-large-zh-v1.5/resolve/main/config.json "HTTP/1.1 307 Temporary Redirect"
2026-03-30 22:18:31,633 - INFO - HTTP Request: HEAD https://hf-mirror.com/api/resolve-cache/models/BAAI/bge-large-zh-v1.5/79e7739b6ab944e86d6171e44d24c997fc1e0116/config.json "HTTP/1.1 200 OK"
2026-03-30 22:18:32,106 - INFO - HTTP Request: HEAD https://hf-mirror.com/BAAI/bge-large-zh-v1.5/resolve/main/config.json "HTTP/1.1 307 Temporary Redirect"
2026-03-30 22:18:32,698 - INFO - HTTP Request: HEAD https://hf-mirror.com/api/resolve-cache/models/BAAI/bge-large-zh-v1.5/79e7739b6ab944e86d6171e44d24c997fc1e0116/config.json "HTTP/1.1 200 OK"
2026-03-30 22:18:33,209 - INFO - HTTP Request: HEAD https://hf-mirror.com/BAAI/bge-large-zh-v1.5/resolve/main/model.safetensors "HTTP/1.1 404 Not Found"
2026-03-30 22:18:33,379 - INFO - HTTP Request: GET https://hf-mirror.com/api/models/BAAI/bge-large-zh-v1.5 "HTTP/1.1 200 OK"
2026-03-30 22:18:33,883 - INFO - HTTP Request: GET https://hf-mirror.com/api/models/BAAI/bge-large-zh-v1.5/commits/main "HTTP/1.1 200 OK"
2026-03-30 22:18:34,290 - INFO - HTTP Request: GET https://hf-mirror.com/api/models/BAAI/bge-large-zh-v1.5/discussions?p=0 "HTTP/1.1 200 OK"
2026-03-30 22:18:34,304 - INFO - HTTP Request: HEAD https://hf-mirror.com/BAAI/bge-large-zh-v1.5/resolve/main/config.json "HTTP/1.1 307 Temporary Redirect"
2026-03-30 22:18:34,552 - INFO - HTTP Request: GET https://hf-mirror.com/api/models/BAAI/bge-large-zh-v1.5/commits/refs%2Fpr%2F35 "HTTP/1.1 200 OK"
2026-03-30 22:18:34,553 - INFO - HTTP Request: HEAD https://hf-mirror.com/api/resolve-cache/models/BAAI/bge-large-zh-v1.5/79e7739b6ab944e86d6171e44d24c997fc1e0116/config.json "HTTP/1.1 200 OK"
2026-03-30 22:18:35,006 - INFO - HTTP Request: HEAD https://hf-mirror.com/BAAI/bge-large-zh-v1.5/resolve/refs%2Fpr%2F35/model.safetensors.index.json "HTTP/1.1 404 Not Found"
2026-03-30 22:18:35,006 - INFO - HTTP Request: HEAD https://hf-mirror.com/BAAI/bge-large-zh-v1.5/resolve/main/tokenizer_config.json "HTTP/1.1 307 Temporary Redirect"
2026-03-30 22:18:35,439 - INFO - HTTP Request: HEAD https://hf-mirror.com/api/resolve-cache/models/BAAI/bge-large-zh-v1.5/79e7739b6ab944e86d6171e44d24c997fc1e0116/tokenizer_config.json "HTTP/1.1 200 OK"
2026-03-30 22:18:35,515 - INFO - HTTP Request: HEAD https://hf-mirror.com/BAAI/bge-large-zh-v1.5/resolve/refs%2Fpr%2F35/model.safetensors "HTTP/1.1 302 Found"
2026-03-30 22:18:35,620 - INFO - HTTP Request: GET https://hf-mirror.com/api/models/BAAI/bge-large-zh-v1.5/tree/main/additional_chat_templates?recursive=false&expand=false "HTTP/1.1 404 Not Found"
2026-03-30 22:18:36,226 - INFO - HTTP Request: GET https://hf-mirror.com/api/models/BAAI/bge-large-zh-v1.5/tree/main?recursive=true&expand=false "HTTP/1.1 200 OK"
2026-03-30 22:18:36,867 - INFO - HTTP Request: HEAD https://hf-mirror.com/BAAI/bge-large-zh-v1.5/resolve/main/1_Pooling/config.json "HTTP/1.1 307 Temporary Redirect"
2026-03-30 22:18:37,052 - INFO - HTTP Request: HEAD https://hf-mirror.com/api/resolve-cache/models/BAAI/bge-large-zh-v1.5/79e7739b6ab944e86d6171e44d24c997fc1e0116/1_Pooling%2Fconfig.json "HTTP/1.1 200 OK"
2026-03-30 22:18:37,270 - INFO - HTTP Request: GET https://hf-mirror.com/api/models/BAAI/bge-large-zh-v1.5 "HTTP/1.1 200 OK"
2026-03-30 22:18:39,144 - INFO - 📐 动态设定 HDBSCAN 最小聚类体积: 151
2026-03-30 22:18:39,146 - INFO - 🚀 阶段0：预计算文档完整语义 Embedding...
2026-03-30 22:24:26,128 - INFO - 🚀 阶段1：开始执行 Guided BERTopic 聚类...
2026-03-30 22:25:07,898 - INFO - 📊 初始主题数: 27 个
2026-03-30 22:25:07,898 - INFO - 🔄 阶段2.2：执行离群点归队回收（适中阈值: 0.55）...
2026-03-30 22:25:09,728 - INFO - 🎯 阶段3：执行低置信度主题处理...
2026-03-30 22:25:09,831 - INFO - 📊 训练完成，总耗时: 390.69秒
2026-03-30 22:25:09,831 - INFO - 📈 正在评估聚类质量...
2026-03-30 22:25:09,840 - INFO - 💾 阶段5：正在保存完整结果...
2026-03-30 22:25:10,252 - INFO - ✅ 处理全流程结束，所有文件均已输出至：E:\document\PG\studio\content\bertopic_results_optimized
2026-03-30 22:25:10,252 - INFO - 🎉 全部流程执行完毕！
2026-04-26 13:10:14,673 - INFO - 📂 正在加载数据: E:\document\PG\studio\content\bertopic_ready_data\bertopic_train_data.csv
2026-04-26 13:10:15,002 - INFO - 📊 原始有效数据量: 18255 条
2026-04-26 13:10:15,043 - INFO - 🔧 初始化 BERTopic 流水线...
2026-04-26 13:10:15,113 - INFO - 🤖 使用设备: cuda
2026-04-26 13:10:15,115 - INFO - Load pretrained SentenceTransformer: BAAI/bge-large-zh-v1.5
2026-04-26 13:10:16,023 - INFO - HTTP Request: HEAD https://hf-mirror.com/BAAI/bge-large-zh-v1.5/resolve/main/modules.json "HTTP/1.1 307 Temporary Redirect"
2026-04-26 13:10:16,285 - INFO - HTTP Request: HEAD https://hf-mirror.com/api/resolve-cache/models/BAAI/bge-large-zh-v1.5/79e7739b6ab944e86d6171e44d24c997fc1e0116/modules.json "HTTP/1.1 200 OK"
2026-04-26 13:10:16,682 - INFO - HTTP Request: HEAD https://hf-mirror.com/BAAI/bge-large-zh-v1.5/resolve/main/config_sentence_transformers.json "HTTP/1.1 307 Temporary Redirect"
2026-04-26 13:10:17,092 - INFO - HTTP Request: HEAD https://hf-mirror.com/api/resolve-cache/models/BAAI/bge-large-zh-v1.5/79e7739b6ab944e86d6171e44d24c997fc1e0116/config_sentence_transformers.json "HTTP/1.1 200 OK"
2026-04-26 13:10:17,524 - INFO - HTTP Request: HEAD https://hf-mirror.com/BAAI/bge-large-zh-v1.5/resolve/main/config_sentence_transformers.json "HTTP/1.1 307 Temporary Redirect"
2026-04-26 13:10:17,863 - INFO - HTTP Request: HEAD https://hf-mirror.com/api/resolve-cache/models/BAAI/bge-large-zh-v1.5/79e7739b6ab944e86d6171e44d24c997fc1e0116/config_sentence_transformers.json "HTTP/1.1 200 OK"
2026-04-26 13:10:18,297 - INFO - HTTP Request: HEAD https://hf-mirror.com/BAAI/bge-large-zh-v1.5/resolve/main/README.md "HTTP/1.1 307 Temporary Redirect"
2026-04-26 13:10:18,567 - INFO - HTTP Request: HEAD https://hf-mirror.com/api/resolve-cache/models/BAAI/bge-large-zh-v1.5/79e7739b6ab944e86d6171e44d24c997fc1e0116/README.md "HTTP/1.1 200 OK"
2026-04-26 13:10:18,923 - INFO - HTTP Request: HEAD https://hf-mirror.com/BAAI/bge-large-zh-v1.5/resolve/main/modules.json "HTTP/1.1 307 Temporary Redirect"
2026-04-26 13:10:19,266 - INFO - HTTP Request: HEAD https://hf-mirror.com/api/resolve-cache/models/BAAI/bge-large-zh-v1.5/79e7739b6ab944e86d6171e44d24c997fc1e0116/modules.json "HTTP/1.1 200 OK"
2026-04-26 13:10:19,590 - INFO - HTTP Request: HEAD https://hf-mirror.com/BAAI/bge-large-zh-v1.5/resolve/main/sentence_bert_config.json "HTTP/1.1 307 Temporary Redirect"
2026-04-26 13:10:19,714 - INFO - HTTP Request: HEAD https://hf-mirror.com/api/resolve-cache/models/BAAI/bge-large-zh-v1.5/79e7739b6ab944e86d6171e44d24c997fc1e0116/sentence_bert_config.json "HTTP/1.1 200 OK"
2026-04-26 13:10:20,100 - INFO - HTTP Request: HEAD https://hf-mirror.com/BAAI/bge-large-zh-v1.5/resolve/main/adapter_config.json "HTTP/1.1 404 Not Found"
2026-04-26 13:10:20,486 - INFO - HTTP Request: HEAD https://hf-mirror.com/BAAI/bge-large-zh-v1.5/resolve/main/config.json "HTTP/1.1 307 Temporary Redirect"
2026-04-26 13:10:20,792 - INFO - HTTP Request: HEAD https://hf-mirror.com/api/resolve-cache/models/BAAI/bge-large-zh-v1.5/79e7739b6ab944e86d6171e44d24c997fc1e0116/config.json "HTTP/1.1 200 OK"
2026-04-26 13:10:21,259 - INFO - HTTP Request: HEAD https://hf-mirror.com/BAAI/bge-large-zh-v1.5/resolve/main/config.json "HTTP/1.1 307 Temporary Redirect"
2026-04-26 13:10:21,418 - INFO - HTTP Request: HEAD https://hf-mirror.com/api/resolve-cache/models/BAAI/bge-large-zh-v1.5/79e7739b6ab944e86d6171e44d24c997fc1e0116/config.json "HTTP/1.1 200 OK"
2026-04-26 13:10:21,727 - INFO - HTTP Request: HEAD https://hf-mirror.com/BAAI/bge-large-zh-v1.5/resolve/main/model.safetensors "HTTP/1.1 404 Not Found"
2026-04-26 13:10:21,885 - INFO - HTTP Request: GET https://hf-mirror.com/api/models/BAAI/bge-large-zh-v1.5 "HTTP/1.1 200 OK"
2026-04-26 13:10:22,066 - INFO - HTTP Request: GET https://hf-mirror.com/api/models/BAAI/bge-large-zh-v1.5/commits/main "HTTP/1.1 200 OK"
2026-04-26 13:10:22,236 - INFO - HTTP Request: GET https://hf-mirror.com/api/models/BAAI/bge-large-zh-v1.5/discussions?p=0 "HTTP/1.1 200 OK"
2026-04-26 13:10:22,377 - INFO - HTTP Request: GET https://hf-mirror.com/api/models/BAAI/bge-large-zh-v1.5/commits/refs%2Fpr%2F35 "HTTP/1.1 200 OK"
2026-04-26 13:10:22,511 - INFO - HTTP Request: HEAD https://hf-mirror.com/BAAI/bge-large-zh-v1.5/resolve/main/config.json "HTTP/1.1 307 Temporary Redirect"
2026-04-26 13:10:22,676 - INFO - HTTP Request: HEAD https://hf-mirror.com/api/resolve-cache/models/BAAI/bge-large-zh-v1.5/79e7739b6ab944e86d6171e44d24c997fc1e0116/config.json "HTTP/1.1 200 OK"
2026-04-26 13:10:22,863 - INFO - HTTP Request: HEAD https://hf-mirror.com/BAAI/bge-large-zh-v1.5/resolve/refs%2Fpr%2F35/model.safetensors.index.json "HTTP/1.1 404 Not Found"
2026-04-26 13:10:23,051 - INFO - HTTP Request: HEAD https://hf-mirror.com/BAAI/bge-large-zh-v1.5/resolve/main/tokenizer_config.json "HTTP/1.1 307 Temporary Redirect"
2026-04-26 13:10:23,314 - INFO - HTTP Request: HEAD https://hf-mirror.com/BAAI/bge-large-zh-v1.5/resolve/refs%2Fpr%2F35/model.safetensors "HTTP/1.1 302 Found"
2026-04-26 13:10:23,316 - INFO - HTTP Request: HEAD https://hf-mirror.com/api/resolve-cache/models/BAAI/bge-large-zh-v1.5/79e7739b6ab944e86d6171e44d24c997fc1e0116/tokenizer_config.json "HTTP/1.1 200 OK"
2026-04-26 13:10:23,553 - INFO - HTTP Request: GET https://hf-mirror.com/api/models/BAAI/bge-large-zh-v1.5/tree/main/additional_chat_templates?recursive=false&expand=false "HTTP/1.1 404 Not Found"
2026-04-26 13:10:23,693 - INFO - HTTP Request: GET https://hf-mirror.com/api/models/BAAI/bge-large-zh-v1.5/tree/main?recursive=true&expand=false "HTTP/1.1 200 OK"
2026-04-26 13:10:24,057 - INFO - HTTP Request: HEAD https://hf-mirror.com/BAAI/bge-large-zh-v1.5/resolve/main/1_Pooling/config.json "HTTP/1.1 307 Temporary Redirect"
2026-04-26 13:10:24,321 - INFO - HTTP Request: HEAD https://hf-mirror.com/api/resolve-cache/models/BAAI/bge-large-zh-v1.5/79e7739b6ab944e86d6171e44d24c997fc1e0116/1_Pooling%2Fconfig.json "HTTP/1.1 200 OK"
2026-04-26 13:10:24,523 - INFO - HTTP Request: GET https://hf-mirror.com/api/models/BAAI/bge-large-zh-v1.5 "HTTP/1.1 200 OK"
2026-04-26 13:10:26,443 - INFO - 📐 动态设定 HDBSCAN 最小聚类体积: 152
2026-04-26 13:10:26,444 - INFO - 🚀 阶段0：预计算文档完整语义 Embedding...
2026-04-26 13:16:20,236 - INFO - 🚀 阶段1：开始执行 Guided BERTopic 聚类...
2026-04-26 13:17:12,347 - INFO - 📊 初始主题数: 29 个
2026-04-26 13:17:12,348 - INFO - 🔄 阶段2.2：执行离群点归队回收（适中阈值: 0.55）...
2026-04-26 13:17:14,466 - INFO - 🎯 阶段3：执行低置信度主题处理...
2026-04-26 13:17:14,794 - INFO - 📊 训练完成，总耗时: 408.35秒
2026-04-26 13:17:14,794 - INFO - 📈 正在评估聚类质量...
2026-04-26 13:17:14,802 - INFO - 💾 阶段5：正在保存完整结果...
2026-04-26 13:17:15,211 - INFO - ✅ 处理全流程结束，所有文件均已输出至：E:\document\PG\studio\content\bertopic_results_optimized
2026-04-26 13:17:15,212 - INFO - 🎉 全部流程执行完毕！
2026-04-26 14:02:50,669 - INFO - 📂 正在加载数据: E:\document\PG\studio\content\bertopic_ready_data\bertopic_train_data.csv
2026-04-26 14:02:51,000 - INFO - 📊 原始有效数据量: 18255 条
2026-04-26 14:02:51,042 - INFO - 🔧 初始化 BERTopic 流水线...
2026-04-26 14:02:51,239 - INFO - 🤖 使用设备: cuda
2026-04-26 14:02:51,241 - INFO - Load pretrained SentenceTransformer: BAAI/bge-large-zh-v1.5
2026-04-26 14:02:51,787 - INFO - HTTP Request: HEAD https://hf-mirror.com/BAAI/bge-large-zh-v1.5/resolve/main/modules.json "HTTP/1.1 307 Temporary Redirect"
2026-04-26 14:02:52,009 - INFO - HTTP Request: HEAD https://hf-mirror.com/api/resolve-cache/models/BAAI/bge-large-zh-v1.5/79e7739b6ab944e86d6171e44d24c997fc1e0116/modules.json "HTTP/1.1 200 OK"
2026-04-26 14:02:52,334 - INFO - HTTP Request: HEAD https://hf-mirror.com/BAAI/bge-large-zh-v1.5/resolve/main/config_sentence_transformers.json "HTTP/1.1 307 Temporary Redirect"
2026-04-26 14:02:52,500 - INFO - HTTP Request: HEAD https://hf-mirror.com/api/resolve-cache/models/BAAI/bge-large-zh-v1.5/79e7739b6ab944e86d6171e44d24c997fc1e0116/config_sentence_transformers.json "HTTP/1.1 200 OK"
2026-04-26 14:02:52,780 - INFO - HTTP Request: HEAD https://hf-mirror.com/BAAI/bge-large-zh-v1.5/resolve/main/config_sentence_transformers.json "HTTP/1.1 307 Temporary Redirect"
2026-04-26 14:02:52,994 - INFO - HTTP Request: HEAD https://hf-mirror.com/api/resolve-cache/models/BAAI/bge-large-zh-v1.5/79e7739b6ab944e86d6171e44d24c997fc1e0116/config_sentence_transformers.json "HTTP/1.1 200 OK"
2026-04-26 14:02:53,300 - INFO - HTTP Request: HEAD https://hf-mirror.com/BAAI/bge-large-zh-v1.5/resolve/main/README.md "HTTP/1.1 307 Temporary Redirect"
2026-04-26 14:02:53,509 - INFO - HTTP Request: HEAD https://hf-mirror.com/api/resolve-cache/models/BAAI/bge-large-zh-v1.5/79e7739b6ab944e86d6171e44d24c997fc1e0116/README.md "HTTP/1.1 200 OK"
2026-04-26 14:02:53,797 - INFO - HTTP Request: HEAD https://hf-mirror.com/BAAI/bge-large-zh-v1.5/resolve/main/modules.json "HTTP/1.1 307 Temporary Redirect"
2026-04-26 14:02:54,010 - INFO - HTTP Request: HEAD https://hf-mirror.com/api/resolve-cache/models/BAAI/bge-large-zh-v1.5/79e7739b6ab944e86d6171e44d24c997fc1e0116/modules.json "HTTP/1.1 200 OK"
2026-04-26 14:02:54,334 - INFO - HTTP Request: HEAD https://hf-mirror.com/BAAI/bge-large-zh-v1.5/resolve/main/sentence_bert_config.json "HTTP/1.1 307 Temporary Redirect"
2026-04-26 14:02:54,439 - INFO - HTTP Request: HEAD https://hf-mirror.com/api/resolve-cache/models/BAAI/bge-large-zh-v1.5/79e7739b6ab944e86d6171e44d24c997fc1e0116/sentence_bert_config.json "HTTP/1.1 200 OK"
2026-04-26 14:02:54,770 - INFO - HTTP Request: HEAD https://hf-mirror.com/BAAI/bge-large-zh-v1.5/resolve/main/adapter_config.json "HTTP/1.1 404 Not Found"
2026-04-26 14:02:55,078 - INFO - HTTP Request: HEAD https://hf-mirror.com/BAAI/bge-large-zh-v1.5/resolve/main/config.json "HTTP/1.1 307 Temporary Redirect"
2026-04-26 14:02:55,197 - INFO - HTTP Request: HEAD https://hf-mirror.com/api/resolve-cache/models/BAAI/bge-large-zh-v1.5/79e7739b6ab944e86d6171e44d24c997fc1e0116/config.json "HTTP/1.1 200 OK"
2026-04-26 14:02:55,581 - INFO - HTTP Request: HEAD https://hf-mirror.com/BAAI/bge-large-zh-v1.5/resolve/main/config.json "HTTP/1.1 307 Temporary Redirect"
2026-04-26 14:02:55,807 - INFO - HTTP Request: HEAD https://hf-mirror.com/api/resolve-cache/models/BAAI/bge-large-zh-v1.5/79e7739b6ab944e86d6171e44d24c997fc1e0116/config.json "HTTP/1.1 200 OK"
2026-04-26 14:02:56,117 - INFO - HTTP Request: HEAD https://hf-mirror.com/BAAI/bge-large-zh-v1.5/resolve/main/model.safetensors "HTTP/1.1 404 Not Found"
2026-04-26 14:02:56,232 - INFO - HTTP Request: GET https://hf-mirror.com/api/models/BAAI/bge-large-zh-v1.5 "HTTP/1.1 200 OK"
2026-04-26 14:02:56,388 - INFO - HTTP Request: GET https://hf-mirror.com/api/models/BAAI/bge-large-zh-v1.5/commits/main "HTTP/1.1 200 OK"
2026-04-26 14:02:56,542 - INFO - HTTP Request: GET https://hf-mirror.com/api/models/BAAI/bge-large-zh-v1.5/discussions?p=0 "HTTP/1.1 200 OK"
2026-04-26 14:02:56,661 - INFO - HTTP Request: GET https://hf-mirror.com/api/models/BAAI/bge-large-zh-v1.5/commits/refs%2Fpr%2F35 "HTTP/1.1 200 OK"
2026-04-26 14:02:56,823 - INFO - HTTP Request: HEAD https://hf-mirror.com/BAAI/bge-large-zh-v1.5/resolve/main/config.json "HTTP/1.1 307 Temporary Redirect"
2026-04-26 14:02:56,936 - INFO - HTTP Request: HEAD https://hf-mirror.com/api/resolve-cache/models/BAAI/bge-large-zh-v1.5/79e7739b6ab944e86d6171e44d24c997fc1e0116/config.json "HTTP/1.1 200 OK"
2026-04-26 14:02:56,954 - INFO - HTTP Request: HEAD https://hf-mirror.com/BAAI/bge-large-zh-v1.5/resolve/refs%2Fpr%2F35/model.safetensors.index.json "HTTP/1.1 404 Not Found"
2026-04-26 14:02:57,192 - INFO - HTTP Request: HEAD https://hf-mirror.com/BAAI/bge-large-zh-v1.5/resolve/main/tokenizer_config.json "HTTP/1.1 307 Temporary Redirect"
2026-04-26 14:02:57,235 - INFO - HTTP Request: HEAD https://hf-mirror.com/BAAI/bge-large-zh-v1.5/resolve/refs%2Fpr%2F35/model.safetensors "HTTP/1.1 302 Found"
2026-04-26 14:02:57,408 - INFO - HTTP Request: HEAD https://hf-mirror.com/api/resolve-cache/models/BAAI/bge-large-zh-v1.5/79e7739b6ab944e86d6171e44d24c997fc1e0116/tokenizer_config.json "HTTP/1.1 200 OK"
2026-04-26 14:02:57,520 - INFO - HTTP Request: GET https://hf-mirror.com/api/models/BAAI/bge-large-zh-v1.5/tree/main/additional_chat_templates?recursive=false&expand=false "HTTP/1.1 404 Not Found"
2026-04-26 14:02:57,632 - INFO - HTTP Request: GET https://hf-mirror.com/api/models/BAAI/bge-large-zh-v1.5/tree/main?recursive=true&expand=false "HTTP/1.1 200 OK"
2026-04-26 14:02:58,048 - INFO - HTTP Request: HEAD https://hf-mirror.com/BAAI/bge-large-zh-v1.5/resolve/main/1_Pooling/config.json "HTTP/1.1 307 Temporary Redirect"
2026-04-26 14:02:58,296 - INFO - HTTP Request: HEAD https://hf-mirror.com/api/resolve-cache/models/BAAI/bge-large-zh-v1.5/79e7739b6ab944e86d6171e44d24c997fc1e0116/1_Pooling%2Fconfig.json "HTTP/1.1 200 OK"
2026-04-26 14:02:58,436 - INFO - HTTP Request: GET https://hf-mirror.com/api/models/BAAI/bge-large-zh-v1.5 "HTTP/1.1 200 OK"
2026-04-26 14:03:00,348 - INFO - 📐 动态设定 HDBSCAN 最小聚类体积: 91
2026-04-26 14:03:00,348 - INFO - 🚀 阶段0：预计算文档完整语义 Embedding...
2026-04-26 14:09:06,072 - INFO - 🚀 阶段1：开始执行 Guided BERTopic 聚类...
2026-04-26 14:10:01,763 - INFO - 📊 初始主题数: 43 个
2026-04-26 14:10:01,763 - INFO - 🔄 阶段2.2：执行离群点归队回收（阈值 0.6，适中偏宽松）...
2026-04-26 14:10:03,954 - INFO - 🎯 阶段3：弱主题处理（置信度<0.5→尝试合并，相似度>0.8 才合并，否则噪声）...
2026-04-26 14:10:05,117 - INFO - 📊 训练完成，总耗时: 424.77秒
2026-04-26 14:10:05,117 - INFO - 📈 正在评估聚类质量...
2026-04-26 14:10:05,125 - INFO - 💾 阶段5：正在保存完整结果...
2026-04-26 14:10:05,515 - INFO - ✅ 处理全流程结束，所有文件均已输出至：E:\document\PG\studio\content\bertopic_results_optimized
2026-04-26 14:10:05,516 - INFO - 🎉 全部流程执行完毕！
2026-04-26 15:17:50,686 - INFO - 📂 正在加载数据: E:\document\PG\studio\content\bertopic_ready_data\bertopic_train_data.csv
2026-04-26 15:17:51,003 - INFO - 📊 原始有效数据量: 18255 条
2026-04-26 15:17:51,045 - INFO - 🔧 初始化 BERTopic 流水线...
2026-04-26 15:17:51,071 - INFO - 🤖 使用设备: cuda
2026-04-26 15:17:51,072 - INFO - Load pretrained SentenceTransformer: BAAI/bge-large-zh-v1.5
2026-04-26 15:17:51,727 - INFO - HTTP Request: HEAD https://hf-mirror.com/BAAI/bge-large-zh-v1.5/resolve/main/modules.json "HTTP/1.1 307 Temporary Redirect"
2026-04-26 15:17:51,943 - INFO - HTTP Request: HEAD https://hf-mirror.com/api/resolve-cache/models/BAAI/bge-large-zh-v1.5/79e7739b6ab944e86d6171e44d24c997fc1e0116/modules.json "HTTP/1.1 200 OK"
2026-04-26 15:17:52,207 - INFO - HTTP Request: HEAD https://hf-mirror.com/BAAI/bge-large-zh-v1.5/resolve/main/config_sentence_transformers.json "HTTP/1.1 307 Temporary Redirect"
2026-04-26 15:17:52,309 - INFO - HTTP Request: HEAD https://hf-mirror.com/api/resolve-cache/models/BAAI/bge-large-zh-v1.5/79e7739b6ab944e86d6171e44d24c997fc1e0116/config_sentence_transformers.json "HTTP/1.1 200 OK"
2026-04-26 15:17:52,627 - INFO - HTTP Request: HEAD https://hf-mirror.com/BAAI/bge-large-zh-v1.5/resolve/main/config_sentence_transformers.json "HTTP/1.1 307 Temporary Redirect"
2026-04-26 15:17:52,924 - INFO - HTTP Request: HEAD https://hf-mirror.com/api/resolve-cache/models/BAAI/bge-large-zh-v1.5/79e7739b6ab944e86d6171e44d24c997fc1e0116/config_sentence_transformers.json "HTTP/1.1 200 OK"
2026-04-26 15:17:53,213 - INFO - HTTP Request: HEAD https://hf-mirror.com/BAAI/bge-large-zh-v1.5/resolve/main/README.md "HTTP/1.1 307 Temporary Redirect"
2026-04-26 15:17:53,333 - INFO - HTTP Request: HEAD https://hf-mirror.com/api/resolve-cache/models/BAAI/bge-large-zh-v1.5/79e7739b6ab944e86d6171e44d24c997fc1e0116/README.md "HTTP/1.1 200 OK"
2026-04-26 15:17:53,650 - INFO - HTTP Request: HEAD https://hf-mirror.com/BAAI/bge-large-zh-v1.5/resolve/main/modules.json "HTTP/1.1 307 Temporary Redirect"
2026-04-26 15:17:53,750 - INFO - HTTP Request: HEAD https://hf-mirror.com/api/resolve-cache/models/BAAI/bge-large-zh-v1.5/79e7739b6ab944e86d6171e44d24c997fc1e0116/modules.json "HTTP/1.1 200 OK"
2026-04-26 15:17:54,016 - INFO - HTTP Request: HEAD https://hf-mirror.com/BAAI/bge-large-zh-v1.5/resolve/main/sentence_bert_config.json "HTTP/1.1 307 Temporary Redirect"
2026-04-26 15:17:54,152 - INFO - HTTP Request: HEAD https://hf-mirror.com/api/resolve-cache/models/BAAI/bge-large-zh-v1.5/79e7739b6ab944e86d6171e44d24c997fc1e0116/sentence_bert_config.json "HTTP/1.1 200 OK"
2026-04-26 15:17:54,548 - INFO - HTTP Request: HEAD https://hf-mirror.com/BAAI/bge-large-zh-v1.5/resolve/main/adapter_config.json "HTTP/1.1 404 Not Found"
2026-04-26 15:17:54,887 - INFO - HTTP Request: HEAD https://hf-mirror.com/BAAI/bge-large-zh-v1.5/resolve/main/config.json "HTTP/1.1 307 Temporary Redirect"
2026-04-26 15:17:55,016 - INFO - HTTP Request: HEAD https://hf-mirror.com/api/resolve-cache/models/BAAI/bge-large-zh-v1.5/79e7739b6ab944e86d6171e44d24c997fc1e0116/config.json "HTTP/1.1 200 OK"
2026-04-26 15:17:55,382 - INFO - HTTP Request: HEAD https://hf-mirror.com/BAAI/bge-large-zh-v1.5/resolve/main/config.json "HTTP/1.1 307 Temporary Redirect"
2026-04-26 15:17:55,689 - INFO - HTTP Request: HEAD https://hf-mirror.com/api/resolve-cache/models/BAAI/bge-large-zh-v1.5/79e7739b6ab944e86d6171e44d24c997fc1e0116/config.json "HTTP/1.1 200 OK"
2026-04-26 15:17:55,997 - INFO - HTTP Request: HEAD https://hf-mirror.com/BAAI/bge-large-zh-v1.5/resolve/main/model.safetensors "HTTP/1.1 404 Not Found"
2026-04-26 15:17:56,104 - INFO - HTTP Request: GET https://hf-mirror.com/api/models/BAAI/bge-large-zh-v1.5 "HTTP/1.1 200 OK"
2026-04-26 15:17:56,206 - INFO - HTTP Request: GET https://hf-mirror.com/api/models/BAAI/bge-large-zh-v1.5/commits/main "HTTP/1.1 200 OK"
2026-04-26 15:17:56,410 - INFO - HTTP Request: GET https://hf-mirror.com/api/models/BAAI/bge-large-zh-v1.5/discussions?p=0 "HTTP/1.1 200 OK"
2026-04-26 15:17:56,626 - INFO - HTTP Request: GET https://hf-mirror.com/api/models/BAAI/bge-large-zh-v1.5/commits/refs%2Fpr%2F35 "HTTP/1.1 200 OK"
2026-04-26 15:17:57,003 - INFO - HTTP Request: HEAD https://hf-mirror.com/BAAI/bge-large-zh-v1.5/resolve/refs%2Fpr%2F35/model.safetensors.index.json "HTTP/1.1 404 Not Found"
2026-04-26 15:17:57,004 - INFO - HTTP Request: HEAD https://hf-mirror.com/BAAI/bge-large-zh-v1.5/resolve/main/config.json "HTTP/1.1 307 Temporary Redirect"
2026-04-26 15:17:57,251 - INFO - HTTP Request: HEAD https://hf-mirror.com/api/resolve-cache/models/BAAI/bge-large-zh-v1.5/79e7739b6ab944e86d6171e44d24c997fc1e0116/config.json "HTTP/1.1 200 OK"
2026-04-26 15:17:57,371 - INFO - HTTP Request: HEAD https://hf-mirror.com/BAAI/bge-large-zh-v1.5/resolve/refs%2Fpr%2F35/model.safetensors "HTTP/1.1 302 Found"
2026-04-26 15:17:57,554 - INFO - HTTP Request: HEAD https://hf-mirror.com/BAAI/bge-large-zh-v1.5/resolve/main/tokenizer_config.json "HTTP/1.1 307 Temporary Redirect"
2026-04-26 15:17:57,689 - INFO - HTTP Request: HEAD https://hf-mirror.com/api/resolve-cache/models/BAAI/bge-large-zh-v1.5/79e7739b6ab944e86d6171e44d24c997fc1e0116/tokenizer_config.json "HTTP/1.1 200 OK"
2026-04-26 15:17:57,826 - INFO - HTTP Request: GET https://hf-mirror.com/api/models/BAAI/bge-large-zh-v1.5/tree/main/additional_chat_templates?recursive=false&expand=false "HTTP/1.1 404 Not Found"
2026-04-26 15:17:57,939 - INFO - HTTP Request: GET https://hf-mirror.com/api/models/BAAI/bge-large-zh-v1.5/tree/main?recursive=true&expand=false "HTTP/1.1 200 OK"
2026-04-26 15:17:58,317 - INFO - HTTP Request: HEAD https://hf-mirror.com/BAAI/bge-large-zh-v1.5/resolve/main/1_Pooling/config.json "HTTP/1.1 307 Temporary Redirect"
2026-04-26 15:17:58,425 - INFO - HTTP Request: HEAD https://hf-mirror.com/api/resolve-cache/models/BAAI/bge-large-zh-v1.5/79e7739b6ab944e86d6171e44d24c997fc1e0116/1_Pooling%2Fconfig.json "HTTP/1.1 200 OK"
2026-04-26 15:17:58,545 - INFO - HTTP Request: GET https://hf-mirror.com/api/models/BAAI/bge-large-zh-v1.5 "HTTP/1.1 200 OK"
2026-04-26 15:18:00,343 - INFO - 📐 动态设定 HDBSCAN 最小聚类体积: 130
2026-04-26 15:18:00,343 - INFO - 🚀 阶段0：预计算文档完整语义 Embedding...
2026-04-26 15:24:00,284 - INFO - 🚀 阶段1：开始执行 Guided BERTopic 聚类...
2026-04-26 15:24:43,498 - INFO - 📊 初始主题数: 29 个
2026-04-26 15:24:43,499 - INFO - 🔄 阶段2.2：执行离群点归队回收（阈值 0.6，适中偏宽松）...
2026-04-26 15:24:45,359 - INFO - 🎯 阶段3：弱主题处理（置信度<0.5→尝试合并，相似度>0.8 才合并，否则噪声）...
2026-04-26 15:24:45,764 - INFO - 📊 训练完成，总耗时: 405.42秒
2026-04-26 15:24:45,764 - INFO - 📈 正在评估聚类质量...
2026-04-26 15:24:45,773 - INFO - 💾 阶段5：正在保存完整结果...
2026-04-26 15:24:46,174 - INFO - ✅ 处理全流程结束，所有文件均已输出至：E:\document\PG\studio\content\bertopic_results_optimized
2026-04-26 15:24:46,174 - INFO - 🎉 全部流程执行完毕！
2026-04-26 15:31:51,598 - INFO - 📂 正在加载数据: E:\document\PG\studio\content\bertopic_ready_data\bertopic_train_data.csv
2026-04-26 15:31:51,907 - INFO - 📊 原始有效数据量: 18255 条
2026-04-26 15:31:51,948 - INFO - 🔧 初始化 BERTopic 流水线...
2026-04-26 15:31:51,965 - INFO - 🤖 使用设备: cuda
2026-04-26 15:31:51,967 - INFO - Load pretrained SentenceTransformer: BAAI/bge-large-zh-v1.5
2026-04-26 15:31:52,619 - INFO - HTTP Request: HEAD https://hf-mirror.com/BAAI/bge-large-zh-v1.5/resolve/main/modules.json "HTTP/1.1 307 Temporary Redirect"
2026-04-26 15:31:52,722 - INFO - HTTP Request: HEAD https://hf-mirror.com/api/resolve-cache/models/BAAI/bge-large-zh-v1.5/79e7739b6ab944e86d6171e44d24c997fc1e0116/modules.json "HTTP/1.1 200 OK"
2026-04-26 15:31:53,019 - INFO - HTTP Request: HEAD https://hf-mirror.com/BAAI/bge-large-zh-v1.5/resolve/main/config_sentence_transformers.json "HTTP/1.1 307 Temporary Redirect"
2026-04-26 15:31:53,131 - INFO - HTTP Request: HEAD https://hf-mirror.com/api/resolve-cache/models/BAAI/bge-large-zh-v1.5/79e7739b6ab944e86d6171e44d24c997fc1e0116/config_sentence_transformers.json "HTTP/1.1 200 OK"
2026-04-26 15:31:53,540 - INFO - HTTP Request: HEAD https://hf-mirror.com/BAAI/bge-large-zh-v1.5/resolve/main/config_sentence_transformers.json "HTTP/1.1 307 Temporary Redirect"
2026-04-26 15:31:53,659 - INFO - HTTP Request: HEAD https://hf-mirror.com/api/resolve-cache/models/BAAI/bge-large-zh-v1.5/79e7739b6ab944e86d6171e44d24c997fc1e0116/config_sentence_transformers.json "HTTP/1.1 200 OK"
2026-04-26 15:31:54,007 - INFO - HTTP Request: HEAD https://hf-mirror.com/BAAI/bge-large-zh-v1.5/resolve/main/README.md "HTTP/1.1 307 Temporary Redirect"
2026-04-26 15:31:54,257 - INFO - HTTP Request: HEAD https://hf-mirror.com/api/resolve-cache/models/BAAI/bge-large-zh-v1.5/79e7739b6ab944e86d6171e44d24c997fc1e0116/README.md "HTTP/1.1 200 OK"
2026-04-26 15:31:54,668 - INFO - HTTP Request: HEAD https://hf-mirror.com/BAAI/bge-large-zh-v1.5/resolve/main/modules.json "HTTP/1.1 307 Temporary Redirect"
2026-04-26 15:31:54,767 - INFO - HTTP Request: HEAD https://hf-mirror.com/api/resolve-cache/models/BAAI/bge-large-zh-v1.5/79e7739b6ab944e86d6171e44d24c997fc1e0116/modules.json "HTTP/1.1 200 OK"
2026-04-26 15:31:55,094 - INFO - HTTP Request: HEAD https://hf-mirror.com/BAAI/bge-large-zh-v1.5/resolve/main/sentence_bert_config.json "HTTP/1.1 307 Temporary Redirect"
2026-04-26 15:31:55,287 - INFO - HTTP Request: HEAD https://hf-mirror.com/api/resolve-cache/models/BAAI/bge-large-zh-v1.5/79e7739b6ab944e86d6171e44d24c997fc1e0116/sentence_bert_config.json "HTTP/1.1 200 OK"
2026-04-26 15:31:55,646 - INFO - HTTP Request: HEAD https://hf-mirror.com/BAAI/bge-large-zh-v1.5/resolve/main/adapter_config.json "HTTP/1.1 404 Not Found"
2026-04-26 15:31:55,945 - INFO - HTTP Request: HEAD https://hf-mirror.com/BAAI/bge-large-zh-v1.5/resolve/main/config.json "HTTP/1.1 307 Temporary Redirect"
2026-04-26 15:31:56,101 - INFO - HTTP Request: HEAD https://hf-mirror.com/api/resolve-cache/models/BAAI/bge-large-zh-v1.5/79e7739b6ab944e86d6171e44d24c997fc1e0116/config.json "HTTP/1.1 200 OK"
2026-04-26 15:31:56,402 - INFO - HTTP Request: HEAD https://hf-mirror.com/BAAI/bge-large-zh-v1.5/resolve/main/config.json "HTTP/1.1 307 Temporary Redirect"
2026-04-26 15:31:56,715 - INFO - HTTP Request: HEAD https://hf-mirror.com/api/resolve-cache/models/BAAI/bge-large-zh-v1.5/79e7739b6ab944e86d6171e44d24c997fc1e0116/config.json "HTTP/1.1 200 OK"
2026-04-26 15:31:57,118 - INFO - HTTP Request: HEAD https://hf-mirror.com/BAAI/bge-large-zh-v1.5/resolve/main/model.safetensors "HTTP/1.1 404 Not Found"
2026-04-26 15:31:57,251 - INFO - HTTP Request: GET https://hf-mirror.com/api/models/BAAI/bge-large-zh-v1.5 "HTTP/1.1 200 OK"
2026-04-26 15:31:57,442 - INFO - HTTP Request: GET https://hf-mirror.com/api/models/BAAI/bge-large-zh-v1.5/commits/main "HTTP/1.1 200 OK"
2026-04-26 15:31:57,643 - INFO - HTTP Request: GET https://hf-mirror.com/api/models/BAAI/bge-large-zh-v1.5/discussions?p=0 "HTTP/1.1 200 OK"
2026-04-26 15:31:57,769 - INFO - HTTP Request: GET https://hf-mirror.com/api/models/BAAI/bge-large-zh-v1.5/commits/refs%2Fpr%2F35 "HTTP/1.1 200 OK"
2026-04-26 15:31:57,964 - INFO - HTTP Request: HEAD https://hf-mirror.com/BAAI/bge-large-zh-v1.5/resolve/main/config.json "HTTP/1.1 307 Temporary Redirect"
2026-04-26 15:31:58,148 - INFO - HTTP Request: HEAD https://hf-mirror.com/BAAI/bge-large-zh-v1.5/resolve/refs%2Fpr%2F35/model.safetensors.index.json "HTTP/1.1 404 Not Found"
2026-04-26 15:31:58,149 - INFO - HTTP Request: HEAD https://hf-mirror.com/api/resolve-cache/models/BAAI/bge-large-zh-v1.5/79e7739b6ab944e86d6171e44d24c997fc1e0116/config.json "HTTP/1.1 200 OK"
2026-04-26 15:31:58,571 - INFO - HTTP Request: HEAD https://hf-mirror.com/BAAI/bge-large-zh-v1.5/resolve/main/tokenizer_config.json "HTTP/1.1 307 Temporary Redirect"
2026-04-26 15:31:58,572 - INFO - HTTP Request: HEAD https://hf-mirror.com/BAAI/bge-large-zh-v1.5/resolve/refs%2Fpr%2F35/model.safetensors "HTTP/1.1 302 Found"
2026-04-26 15:31:58,763 - INFO - HTTP Request: HEAD https://hf-mirror.com/api/resolve-cache/models/BAAI/bge-large-zh-v1.5/79e7739b6ab944e86d6171e44d24c997fc1e0116/tokenizer_config.json "HTTP/1.1 200 OK"
2026-04-26 15:31:58,887 - INFO - HTTP Request: GET https://hf-mirror.com/api/models/BAAI/bge-large-zh-v1.5/tree/main/additional_chat_templates?recursive=false&expand=false "HTTP/1.1 404 Not Found"
2026-04-26 15:31:59,016 - INFO - HTTP Request: GET https://hf-mirror.com/api/models/BAAI/bge-large-zh-v1.5/tree/main?recursive=true&expand=false "HTTP/1.1 200 OK"
2026-04-26 15:31:59,377 - INFO - HTTP Request: HEAD https://hf-mirror.com/BAAI/bge-large-zh-v1.5/resolve/main/1_Pooling/config.json "HTTP/1.1 307 Temporary Redirect"
2026-04-26 15:31:59,487 - INFO - HTTP Request: HEAD https://hf-mirror.com/api/resolve-cache/models/BAAI/bge-large-zh-v1.5/79e7739b6ab944e86d6171e44d24c997fc1e0116/1_Pooling%2Fconfig.json "HTTP/1.1 200 OK"
2026-04-26 15:31:59,619 - INFO - HTTP Request: GET https://hf-mirror.com/api/models/BAAI/bge-large-zh-v1.5 "HTTP/1.1 200 OK"
2026-04-26 15:32:00,337 - INFO - 📐 动态设定 HDBSCAN 最小聚类体积: 130
2026-04-26 15:32:00,337 - INFO - 🚀 阶段0：预计算文档完整语义 Embedding...
2026-04-26 15:37:58,453 - INFO - 🚀 阶段1：开始执行 Guided BERTopic 聚类...
2026-04-26 15:38:39,591 - INFO - 📊 初始主题数: 28 个
2026-04-26 15:38:39,591 - INFO - 🔄 阶段2.2：执行离群点归队回收（阈值 0.6，适中偏宽松）...
2026-04-26 15:38:41,586 - INFO - 🎯 阶段3：弱主题处理（置信度<0.5→尝试合并，相似度>0.8 才合并，否则噪声）...
2026-04-26 15:38:42,005 - INFO - 📊 训练完成，总耗时: 401.67秒
2026-04-26 15:38:42,006 - INFO - 📈 正在评估聚类质量...
2026-04-26 15:38:42,012 - INFO - 💾 阶段5：正在保存完整结果...
2026-04-26 15:38:42,403 - INFO - ✅ 处理全流程结束，所有文件均已输出至：E:\document\PG\studio\content\bertopic_results_optimized
2026-04-26 15:38:42,404 - INFO - 🎉 全部流程执行完毕！
2026-04-26 15:44:00,287 - INFO - 📂 正在加载数据: E:\document\PG\studio\content\bertopic_ready_data\bertopic_train_data.csv
2026-04-26 15:44:00,579 - INFO - 📊 原始有效数据量: 18255 条
2026-04-26 15:44:00,621 - INFO - 🔧 初始化 BERTopic 流水线...
2026-04-26 15:44:00,640 - INFO - 🤖 使用设备: cuda
2026-04-26 15:44:00,642 - INFO - Load pretrained SentenceTransformer: BAAI/bge-large-zh-v1.5
2026-04-26 15:44:01,156 - INFO - HTTP Request: HEAD https://hf-mirror.com/BAAI/bge-large-zh-v1.5/resolve/main/modules.json "HTTP/1.1 307 Temporary Redirect"
2026-04-26 15:44:01,358 - INFO - HTTP Request: HEAD https://hf-mirror.com/api/resolve-cache/models/BAAI/bge-large-zh-v1.5/79e7739b6ab944e86d6171e44d24c997fc1e0116/modules.json "HTTP/1.1 200 OK"
2026-04-26 15:44:01,637 - INFO - HTTP Request: HEAD https://hf-mirror.com/BAAI/bge-large-zh-v1.5/resolve/main/config_sentence_transformers.json "HTTP/1.1 307 Temporary Redirect"
2026-04-26 15:44:01,748 - INFO - HTTP Request: HEAD https://hf-mirror.com/api/resolve-cache/models/BAAI/bge-large-zh-v1.5/79e7739b6ab944e86d6171e44d24c997fc1e0116/config_sentence_transformers.json "HTTP/1.1 200 OK"
2026-04-26 15:44:02,046 - INFO - HTTP Request: HEAD https://hf-mirror.com/BAAI/bge-large-zh-v1.5/resolve/main/config_sentence_transformers.json "HTTP/1.1 307 Temporary Redirect"
2026-04-26 15:44:02,344 - INFO - HTTP Request: HEAD https://hf-mirror.com/api/resolve-cache/models/BAAI/bge-large-zh-v1.5/79e7739b6ab944e86d6171e44d24c997fc1e0116/config_sentence_transformers.json "HTTP/1.1 200 OK"
2026-04-26 15:44:02,659 - INFO - HTTP Request: HEAD https://hf-mirror.com/BAAI/bge-large-zh-v1.5/resolve/main/README.md "HTTP/1.1 307 Temporary Redirect"
2026-04-26 15:44:02,870 - INFO - HTTP Request: HEAD https://hf-mirror.com/api/resolve-cache/models/BAAI/bge-large-zh-v1.5/79e7739b6ab944e86d6171e44d24c997fc1e0116/README.md "HTTP/1.1 200 OK"
2026-04-26 15:44:03,176 - INFO - HTTP Request: HEAD https://hf-mirror.com/BAAI/bge-large-zh-v1.5/resolve/main/modules.json "HTTP/1.1 307 Temporary Redirect"
2026-04-26 15:44:03,309 - INFO - HTTP Request: HEAD https://hf-mirror.com/api/resolve-cache/models/BAAI/bge-large-zh-v1.5/79e7739b6ab944e86d6171e44d24c997fc1e0116/modules.json "HTTP/1.1 200 OK"
2026-04-26 15:44:03,645 - INFO - HTTP Request: HEAD https://hf-mirror.com/BAAI/bge-large-zh-v1.5/resolve/main/sentence_bert_config.json "HTTP/1.1 307 Temporary Redirect"
2026-04-26 15:44:03,887 - INFO - HTTP Request: HEAD https://hf-mirror.com/api/resolve-cache/models/BAAI/bge-large-zh-v1.5/79e7739b6ab944e86d6171e44d24c997fc1e0116/sentence_bert_config.json "HTTP/1.1 200 OK"
2026-04-26 15:44:04,168 - INFO - HTTP Request: HEAD https://hf-mirror.com/BAAI/bge-large-zh-v1.5/resolve/main/adapter_config.json "HTTP/1.1 404 Not Found"
2026-04-26 15:44:04,476 - INFO - HTTP Request: HEAD https://hf-mirror.com/BAAI/bge-large-zh-v1.5/resolve/main/config.json "HTTP/1.1 307 Temporary Redirect"
2026-04-26 15:44:04,585 - INFO - HTTP Request: HEAD https://hf-mirror.com/api/resolve-cache/models/BAAI/bge-large-zh-v1.5/79e7739b6ab944e86d6171e44d24c997fc1e0116/config.json "HTTP/1.1 200 OK"
2026-04-26 15:44:04,882 - INFO - HTTP Request: HEAD https://hf-mirror.com/BAAI/bge-large-zh-v1.5/resolve/main/config.json "HTTP/1.1 307 Temporary Redirect"
2026-04-26 15:44:04,996 - INFO - HTTP Request: HEAD https://hf-mirror.com/api/resolve-cache/models/BAAI/bge-large-zh-v1.5/79e7739b6ab944e86d6171e44d24c997fc1e0116/config.json "HTTP/1.1 200 OK"
2026-04-26 15:44:05,314 - INFO - HTTP Request: HEAD https://hf-mirror.com/BAAI/bge-large-zh-v1.5/resolve/main/model.safetensors "HTTP/1.1 404 Not Found"
2026-04-26 15:44:05,446 - INFO - HTTP Request: GET https://hf-mirror.com/api/models/BAAI/bge-large-zh-v1.5 "HTTP/1.1 200 OK"
2026-04-26 15:44:05,548 - INFO - HTTP Request: GET https://hf-mirror.com/api/models/BAAI/bge-large-zh-v1.5/commits/main "HTTP/1.1 200 OK"
2026-04-26 15:44:05,651 - INFO - HTTP Request: GET https://hf-mirror.com/api/models/BAAI/bge-large-zh-v1.5/discussions?p=0 "HTTP/1.1 200 OK"
2026-04-26 15:44:05,826 - INFO - HTTP Request: GET https://hf-mirror.com/api/models/BAAI/bge-large-zh-v1.5/commits/refs%2Fpr%2F35 "HTTP/1.1 200 OK"
2026-04-26 15:44:05,947 - INFO - HTTP Request: HEAD https://hf-mirror.com/BAAI/bge-large-zh-v1.5/resolve/main/config.json "HTTP/1.1 307 Temporary Redirect"
2026-04-26 15:44:06,053 - INFO - HTTP Request: HEAD https://hf-mirror.com/api/resolve-cache/models/BAAI/bge-large-zh-v1.5/79e7739b6ab944e86d6171e44d24c997fc1e0116/config.json "HTTP/1.1 200 OK"
2026-04-26 15:44:06,127 - INFO - HTTP Request: HEAD https://hf-mirror.com/BAAI/bge-large-zh-v1.5/resolve/refs%2Fpr%2F35/model.safetensors.index.json "HTTP/1.1 404 Not Found"
2026-04-26 15:44:06,373 - INFO - HTTP Request: HEAD https://hf-mirror.com/BAAI/bge-large-zh-v1.5/resolve/main/tokenizer_config.json "HTTP/1.1 307 Temporary Redirect"
2026-04-26 15:44:06,420 - INFO - HTTP Request: HEAD https://hf-mirror.com/BAAI/bge-large-zh-v1.5/resolve/refs%2Fpr%2F35/model.safetensors "HTTP/1.1 302 Found"
2026-04-26 15:44:06,485 - INFO - HTTP Request: HEAD https://hf-mirror.com/api/resolve-cache/models/BAAI/bge-large-zh-v1.5/79e7739b6ab944e86d6171e44d24c997fc1e0116/tokenizer_config.json "HTTP/1.1 200 OK"
2026-04-26 15:44:06,603 - INFO - HTTP Request: GET https://hf-mirror.com/api/models/BAAI/bge-large-zh-v1.5/tree/main/additional_chat_templates?recursive=false&expand=false "HTTP/1.1 404 Not Found"
2026-04-26 15:44:06,727 - INFO - HTTP Request: GET https://hf-mirror.com/api/models/BAAI/bge-large-zh-v1.5/tree/main?recursive=true&expand=false "HTTP/1.1 200 OK"
2026-04-26 15:44:07,051 - INFO - HTTP Request: HEAD https://hf-mirror.com/BAAI/bge-large-zh-v1.5/resolve/main/1_Pooling/config.json "HTTP/1.1 307 Temporary Redirect"
2026-04-26 15:44:07,171 - INFO - HTTP Request: HEAD https://hf-mirror.com/api/resolve-cache/models/BAAI/bge-large-zh-v1.5/79e7739b6ab944e86d6171e44d24c997fc1e0116/1_Pooling%2Fconfig.json "HTTP/1.1 200 OK"
2026-04-26 15:44:07,302 - INFO - HTTP Request: GET https://hf-mirror.com/api/models/BAAI/bge-large-zh-v1.5 "HTTP/1.1 200 OK"
2026-04-26 15:44:08,006 - INFO - 📐 动态设定 HDBSCAN 最小聚类体积: 130
2026-04-26 15:44:08,006 - INFO - 🚀 阶段0：预计算文档完整语义 Embedding...
2026-04-26 15:50:08,200 - INFO - 🚀 阶段1：开始执行 Guided BERTopic 聚类...
2026-04-26 15:50:52,366 - INFO - 📊 初始主题数: 28 个
2026-04-26 15:50:52,366 - INFO - 🔄 阶段2.2：执行离群点归队回收（阈值 0.5，适中偏宽松）...
2026-04-26 15:50:54,294 - INFO - 🎯 阶段3：弱主题处理（置信度<0.5→尝试合并，相似度>0.6 才合并，否则噪声）...
2026-04-26 15:50:54,716 - INFO - 📊 训练完成，总耗时: 406.71秒
2026-04-26 15:50:54,716 - INFO - 📈 正在评估聚类质量...
2026-04-26 15:50:54,723 - INFO - 💾 阶段5：正在保存完整结果...
2026-04-26 15:50:55,102 - INFO - ✅ 处理全流程结束，所有文件均已输出至：E:\document\PG\studio\content\bertopic_results_optimized
2026-04-26 15:50:55,103 - INFO - 🎉 全部流程执行完毕！
2026-04-26 15:53:13,692 - INFO - 📂 正在加载数据: E:\document\PG\studio\content\bertopic_ready_data\bertopic_train_data.csv
2026-04-26 15:53:13,989 - INFO - 📊 原始有效数据量: 18255 条
2026-04-26 15:53:14,033 - INFO - 🔧 初始化 BERTopic 流水线...
2026-04-26 15:53:14,050 - INFO - 🤖 使用设备: cuda
2026-04-26 15:53:14,051 - INFO - Load pretrained SentenceTransformer: BAAI/bge-large-zh-v1.5
2026-04-26 15:53:14,650 - INFO - HTTP Request: HEAD https://hf-mirror.com/BAAI/bge-large-zh-v1.5/resolve/main/modules.json "HTTP/1.1 307 Temporary Redirect"
2026-04-26 15:53:14,865 - INFO - HTTP Request: HEAD https://hf-mirror.com/api/resolve-cache/models/BAAI/bge-large-zh-v1.5/79e7739b6ab944e86d6171e44d24c997fc1e0116/modules.json "HTTP/1.1 200 OK"
2026-04-26 15:53:15,155 - INFO - HTTP Request: HEAD https://hf-mirror.com/BAAI/bge-large-zh-v1.5/resolve/main/config_sentence_transformers.json "HTTP/1.1 307 Temporary Redirect"
2026-04-26 15:53:15,256 - INFO - HTTP Request: HEAD https://hf-mirror.com/api/resolve-cache/models/BAAI/bge-large-zh-v1.5/79e7739b6ab944e86d6171e44d24c997fc1e0116/config_sentence_transformers.json "HTTP/1.1 200 OK"
2026-04-26 15:53:15,537 - INFO - HTTP Request: HEAD https://hf-mirror.com/BAAI/bge-large-zh-v1.5/resolve/main/config_sentence_transformers.json "HTTP/1.1 307 Temporary Redirect"
2026-04-26 15:53:15,651 - INFO - HTTP Request: HEAD https://hf-mirror.com/api/resolve-cache/models/BAAI/bge-large-zh-v1.5/79e7739b6ab944e86d6171e44d24c997fc1e0116/config_sentence_transformers.json "HTTP/1.1 200 OK"
2026-04-26 15:53:15,943 - INFO - HTTP Request: HEAD https://hf-mirror.com/BAAI/bge-large-zh-v1.5/resolve/main/README.md "HTTP/1.1 307 Temporary Redirect"
2026-04-26 15:53:16,052 - INFO - HTTP Request: HEAD https://hf-mirror.com/api/resolve-cache/models/BAAI/bge-large-zh-v1.5/79e7739b6ab944e86d6171e44d24c997fc1e0116/README.md "HTTP/1.1 200 OK"
2026-04-26 15:53:16,368 - INFO - HTTP Request: HEAD https://hf-mirror.com/BAAI/bge-large-zh-v1.5/resolve/main/modules.json "HTTP/1.1 307 Temporary Redirect"
2026-04-26 15:53:16,484 - INFO - HTTP Request: HEAD https://hf-mirror.com/api/resolve-cache/models/BAAI/bge-large-zh-v1.5/79e7739b6ab944e86d6171e44d24c997fc1e0116/modules.json "HTTP/1.1 200 OK"
2026-04-26 15:53:16,853 - INFO - HTTP Request: HEAD https://hf-mirror.com/BAAI/bge-large-zh-v1.5/resolve/main/sentence_bert_config.json "HTTP/1.1 307 Temporary Redirect"
2026-04-26 15:53:17,004 - INFO - HTTP Request: HEAD https://hf-mirror.com/api/resolve-cache/models/BAAI/bge-large-zh-v1.5/79e7739b6ab944e86d6171e44d24c997fc1e0116/sentence_bert_config.json "HTTP/1.1 200 OK"
2026-04-26 15:53:17,380 - INFO - HTTP Request: HEAD https://hf-mirror.com/BAAI/bge-large-zh-v1.5/resolve/main/adapter_config.json "HTTP/1.1 404 Not Found"
2026-04-26 15:53:17,748 - INFO - HTTP Request: HEAD https://hf-mirror.com/BAAI/bge-large-zh-v1.5/resolve/main/config.json "HTTP/1.1 307 Temporary Redirect"
2026-04-26 15:53:17,968 - INFO - HTTP Request: HEAD https://hf-mirror.com/api/resolve-cache/models/BAAI/bge-large-zh-v1.5/79e7739b6ab944e86d6171e44d24c997fc1e0116/config.json "HTTP/1.1 200 OK"
2026-04-26 15:53:18,368 - INFO - HTTP Request: HEAD https://hf-mirror.com/BAAI/bge-large-zh-v1.5/resolve/main/config.json "HTTP/1.1 307 Temporary Redirect"
2026-04-26 15:53:18,586 - INFO - HTTP Request: HEAD https://hf-mirror.com/api/resolve-cache/models/BAAI/bge-large-zh-v1.5/79e7739b6ab944e86d6171e44d24c997fc1e0116/config.json "HTTP/1.1 200 OK"
2026-04-26 15:53:19,004 - INFO - HTTP Request: HEAD https://hf-mirror.com/BAAI/bge-large-zh-v1.5/resolve/main/model.safetensors "HTTP/1.1 404 Not Found"
2026-04-26 15:53:19,122 - INFO - HTTP Request: GET https://hf-mirror.com/api/models/BAAI/bge-large-zh-v1.5 "HTTP/1.1 200 OK"
2026-04-26 15:53:19,299 - INFO - HTTP Request: GET https://hf-mirror.com/api/models/BAAI/bge-large-zh-v1.5/commits/main "HTTP/1.1 200 OK"
2026-04-26 15:53:19,460 - INFO - HTTP Request: GET https://hf-mirror.com/api/models/BAAI/bge-large-zh-v1.5/discussions?p=0 "HTTP/1.1 200 OK"
2026-04-26 15:53:19,616 - INFO - HTTP Request: GET https://hf-mirror.com/api/models/BAAI/bge-large-zh-v1.5/commits/refs%2Fpr%2F35 "HTTP/1.1 200 OK"
2026-04-26 15:53:19,776 - INFO - HTTP Request: HEAD https://hf-mirror.com/BAAI/bge-large-zh-v1.5/resolve/main/config.json "HTTP/1.1 307 Temporary Redirect"
2026-04-26 15:53:19,923 - INFO - HTTP Request: HEAD https://hf-mirror.com/BAAI/bge-large-zh-v1.5/resolve/refs%2Fpr%2F35/model.safetensors.index.json "HTTP/1.1 404 Not Found"
2026-04-26 15:53:20,015 - INFO - HTTP Request: HEAD https://hf-mirror.com/api/resolve-cache/models/BAAI/bge-large-zh-v1.5/79e7739b6ab944e86d6171e44d24c997fc1e0116/config.json "HTTP/1.1 200 OK"
2026-04-26 15:53:20,331 - INFO - HTTP Request: HEAD https://hf-mirror.com/BAAI/bge-large-zh-v1.5/resolve/main/tokenizer_config.json "HTTP/1.1 307 Temporary Redirect"
2026-04-26 15:53:20,331 - INFO - HTTP Request: HEAD https://hf-mirror.com/BAAI/bge-large-zh-v1.5/resolve/refs%2Fpr%2F35/model.safetensors "HTTP/1.1 302 Found"
2026-04-26 15:53:20,528 - INFO - HTTP Request: HEAD https://hf-mirror.com/api/resolve-cache/models/BAAI/bge-large-zh-v1.5/79e7739b6ab944e86d6171e44d24c997fc1e0116/tokenizer_config.json "HTTP/1.1 200 OK"
2026-04-26 15:53:20,698 - INFO - HTTP Request: GET https://hf-mirror.com/api/models/BAAI/bge-large-zh-v1.5/tree/main/additional_chat_templates?recursive=false&expand=false "HTTP/1.1 404 Not Found"
2026-04-26 15:53:20,816 - INFO - HTTP Request: GET https://hf-mirror.com/api/models/BAAI/bge-large-zh-v1.5/tree/main?recursive=true&expand=false "HTTP/1.1 200 OK"
2026-04-26 15:53:21,131 - INFO - HTTP Request: HEAD https://hf-mirror.com/BAAI/bge-large-zh-v1.5/resolve/main/1_Pooling/config.json "HTTP/1.1 307 Temporary Redirect"
2026-04-26 15:53:21,248 - INFO - HTTP Request: HEAD https://hf-mirror.com/api/resolve-cache/models/BAAI/bge-large-zh-v1.5/79e7739b6ab944e86d6171e44d24c997fc1e0116/1_Pooling%2Fconfig.json "HTTP/1.1 200 OK"
2026-04-26 15:53:21,379 - INFO - HTTP Request: GET https://hf-mirror.com/api/models/BAAI/bge-large-zh-v1.5 "HTTP/1.1 200 OK"
2026-04-26 15:53:22,136 - INFO - 📐 动态设定 HDBSCAN 最小聚类体积: 130
2026-04-26 15:53:22,136 - INFO - 🚀 阶段0：预计算文档完整语义 Embedding...
2026-04-26 15:59:22,053 - INFO - 🚀 阶段1：开始执行 Guided BERTopic 聚类...
2026-04-26 16:00:04,479 - INFO - 📊 初始主题数: 28 个
2026-04-26 16:00:04,480 - INFO - 🔄 阶段2.2：执行离群点归队回收（阈值 0.5，适中偏宽松）...
2026-04-26 16:00:06,324 - INFO - 🎯 阶段3：弱主题处理（置信度<0.3→尝试合并，相似度>0.3 才合并，否则噪声）...
2026-04-26 16:00:06,325 - INFO - 📊 训练完成，总耗时: 404.19秒
2026-04-26 16:00:06,325 - INFO - 📈 正在评估聚类质量...
2026-04-26 16:00:06,333 - INFO - 💾 阶段5：正在保存完整结果...
2026-04-26 16:00:06,729 - INFO - ✅ 处理全流程结束，所有文件均已输出至：E:\document\PG\studio\content\bertopic_results_optimized
2026-04-26 16:00:06,730 - INFO - 🎉 全部流程执行完毕！
2026-04-26 16:00:58,049 - INFO - 📂 正在加载数据: E:\document\PG\studio\content\bertopic_ready_data\bertopic_train_data.csv
2026-04-26 16:00:58,347 - INFO - 📊 原始有效数据量: 18255 条
2026-04-26 16:00:58,390 - INFO - 🔧 初始化 BERTopic 流水线...
2026-04-26 16:00:58,407 - INFO - 🤖 使用设备: cuda
2026-04-26 16:00:58,409 - INFO - Load pretrained SentenceTransformer: BAAI/bge-large-zh-v1.5
2026-04-26 16:00:59,098 - INFO - HTTP Request: HEAD https://hf-mirror.com/BAAI/bge-large-zh-v1.5/resolve/main/modules.json "HTTP/1.1 307 Temporary Redirect"
2026-04-26 16:00:59,200 - INFO - HTTP Request: HEAD https://hf-mirror.com/api/resolve-cache/models/BAAI/bge-large-zh-v1.5/79e7739b6ab944e86d6171e44d24c997fc1e0116/modules.json "HTTP/1.1 200 OK"
2026-04-26 16:00:59,494 - INFO - HTTP Request: HEAD https://hf-mirror.com/BAAI/bge-large-zh-v1.5/resolve/main/config_sentence_transformers.json "HTTP/1.1 307 Temporary Redirect"
2026-04-26 16:00:59,632 - INFO - HTTP Request: HEAD https://hf-mirror.com/api/resolve-cache/models/BAAI/bge-large-zh-v1.5/79e7739b6ab944e86d6171e44d24c997fc1e0116/config_sentence_transformers.json "HTTP/1.1 200 OK"
2026-04-26 16:01:00,005 - INFO - HTTP Request: HEAD https://hf-mirror.com/BAAI/bge-large-zh-v1.5/resolve/main/config_sentence_transformers.json "HTTP/1.1 307 Temporary Redirect"
2026-04-26 16:01:00,223 - INFO - HTTP Request: HEAD https://hf-mirror.com/api/resolve-cache/models/BAAI/bge-large-zh-v1.5/79e7739b6ab944e86d6171e44d24c997fc1e0116/config_sentence_transformers.json "HTTP/1.1 200 OK"
2026-04-26 16:01:00,517 - INFO - HTTP Request: HEAD https://hf-mirror.com/BAAI/bge-large-zh-v1.5/resolve/main/README.md "HTTP/1.1 307 Temporary Redirect"
2026-04-26 16:01:00,613 - INFO - HTTP Request: HEAD https://hf-mirror.com/api/resolve-cache/models/BAAI/bge-large-zh-v1.5/79e7739b6ab944e86d6171e44d24c997fc1e0116/README.md "HTTP/1.1 200 OK"
2026-04-26 16:01:00,928 - INFO - HTTP Request: HEAD https://hf-mirror.com/BAAI/bge-large-zh-v1.5/resolve/main/modules.json "HTTP/1.1 307 Temporary Redirect"
2026-04-26 16:01:01,131 - INFO - HTTP Request: HEAD https://hf-mirror.com/api/resolve-cache/models/BAAI/bge-large-zh-v1.5/79e7739b6ab944e86d6171e44d24c997fc1e0116/modules.json "HTTP/1.1 200 OK"
2026-04-26 16:01:01,510 - INFO - HTTP Request: HEAD https://hf-mirror.com/BAAI/bge-large-zh-v1.5/resolve/main/sentence_bert_config.json "HTTP/1.1 307 Temporary Redirect"
2026-04-26 16:01:01,643 - INFO - HTTP Request: HEAD https://hf-mirror.com/api/resolve-cache/models/BAAI/bge-large-zh-v1.5/79e7739b6ab944e86d6171e44d24c997fc1e0116/sentence_bert_config.json "HTTP/1.1 200 OK"
2026-04-26 16:01:01,940 - INFO - HTTP Request: HEAD https://hf-mirror.com/BAAI/bge-large-zh-v1.5/resolve/main/adapter_config.json "HTTP/1.1 404 Not Found"
2026-04-26 16:01:02,267 - INFO - HTTP Request: HEAD https://hf-mirror.com/BAAI/bge-large-zh-v1.5/resolve/main/config.json "HTTP/1.1 307 Temporary Redirect"
2026-04-26 16:01:02,552 - INFO - HTTP Request: HEAD https://hf-mirror.com/api/resolve-cache/models/BAAI/bge-large-zh-v1.5/79e7739b6ab944e86d6171e44d24c997fc1e0116/config.json "HTTP/1.1 200 OK"
2026-04-26 16:01:02,980 - INFO - HTTP Request: HEAD https://hf-mirror.com/BAAI/bge-large-zh-v1.5/resolve/main/config.json "HTTP/1.1 307 Temporary Redirect"
2026-04-26 16:01:03,179 - INFO - HTTP Request: HEAD https://hf-mirror.com/api/resolve-cache/models/BAAI/bge-large-zh-v1.5/79e7739b6ab944e86d6171e44d24c997fc1e0116/config.json "HTTP/1.1 200 OK"
2026-04-26 16:01:03,508 - INFO - HTTP Request: HEAD https://hf-mirror.com/BAAI/bge-large-zh-v1.5/resolve/main/model.safetensors "HTTP/1.1 404 Not Found"
2026-04-26 16:01:03,627 - INFO - HTTP Request: GET https://hf-mirror.com/api/models/BAAI/bge-large-zh-v1.5 "HTTP/1.1 200 OK"
2026-04-26 16:01:03,816 - INFO - HTTP Request: GET https://hf-mirror.com/api/models/BAAI/bge-large-zh-v1.5/commits/main "HTTP/1.1 200 OK"
2026-04-26 16:01:04,011 - INFO - HTTP Request: GET https://hf-mirror.com/api/models/BAAI/bge-large-zh-v1.5/discussions?p=0 "HTTP/1.1 200 OK"
2026-04-26 16:01:04,112 - INFO - HTTP Request: GET https://hf-mirror.com/api/models/BAAI/bge-large-zh-v1.5/commits/refs%2Fpr%2F35 "HTTP/1.1 200 OK"
2026-04-26 16:01:04,408 - INFO - HTTP Request: HEAD https://hf-mirror.com/BAAI/bge-large-zh-v1.5/resolve/main/config.json "HTTP/1.1 307 Temporary Redirect"
2026-04-26 16:01:04,442 - INFO - HTTP Request: HEAD https://hf-mirror.com/BAAI/bge-large-zh-v1.5/resolve/refs%2Fpr%2F35/model.safetensors.index.json "HTTP/1.1 404 Not Found"
2026-04-26 16:01:04,554 - INFO - HTTP Request: HEAD https://hf-mirror.com/api/resolve-cache/models/BAAI/bge-large-zh-v1.5/79e7739b6ab944e86d6171e44d24c997fc1e0116/config.json "HTTP/1.1 200 OK"
2026-04-26 16:01:04,819 - INFO - HTTP Request: HEAD https://hf-mirror.com/BAAI/bge-large-zh-v1.5/resolve/refs%2Fpr%2F35/model.safetensors "HTTP/1.1 302 Found"
2026-04-26 16:01:04,921 - INFO - HTTP Request: HEAD https://hf-mirror.com/BAAI/bge-large-zh-v1.5/resolve/main/tokenizer_config.json "HTTP/1.1 307 Temporary Redirect"
2026-04-26 16:01:05,124 - INFO - HTTP Request: HEAD https://hf-mirror.com/api/resolve-cache/models/BAAI/bge-large-zh-v1.5/79e7739b6ab944e86d6171e44d24c997fc1e0116/tokenizer_config.json "HTTP/1.1 200 OK"
2026-04-26 16:01:05,270 - INFO - HTTP Request: GET https://hf-mirror.com/api/models/BAAI/bge-large-zh-v1.5/tree/main/additional_chat_templates?recursive=false&expand=false "HTTP/1.1 404 Not Found"
2026-04-26 16:01:05,382 - INFO - HTTP Request: GET https://hf-mirror.com/api/models/BAAI/bge-large-zh-v1.5/tree/main?recursive=true&expand=false "HTTP/1.1 200 OK"
2026-04-26 16:01:05,716 - INFO - HTTP Request: HEAD https://hf-mirror.com/BAAI/bge-large-zh-v1.5/resolve/main/1_Pooling/config.json "HTTP/1.1 307 Temporary Redirect"
2026-04-26 16:01:05,843 - INFO - HTTP Request: HEAD https://hf-mirror.com/api/resolve-cache/models/BAAI/bge-large-zh-v1.5/79e7739b6ab944e86d6171e44d24c997fc1e0116/1_Pooling%2Fconfig.json "HTTP/1.1 200 OK"
2026-04-26 16:01:06,040 - INFO - HTTP Request: GET https://hf-mirror.com/api/models/BAAI/bge-large-zh-v1.5 "HTTP/1.1 200 OK"
2026-04-26 16:01:06,801 - INFO - 📐 动态设定 HDBSCAN 最小聚类体积: 130
2026-04-26 16:01:06,801 - INFO - 🚀 阶段0：预计算文档完整语义 Embedding...
2026-04-26 16:07:06,957 - INFO - 🚀 阶段1：开始执行 Guided BERTopic 聚类...
2026-04-26 16:07:51,818 - INFO - 📊 初始主题数: 28 个
2026-04-26 16:07:51,818 - INFO - 🔄 阶段2.2：执行离群点归队回收（阈值 0.5，适中偏宽松）...
2026-04-26 16:07:53,799 - INFO - 🎯 阶段3：弱主题处理（置信度<0.5→尝试合并，相似度>0.3 才合并，否则噪声）...
2026-04-26 16:07:53,850 - INFO -    🔗 计划合并弱主题 T1 -> T11 (相似度: 0.429)
2026-04-26 16:07:53,911 - INFO -    🔗 计划合并弱主题 T2 -> T3 (相似度: 0.471)
2026-04-26 16:07:53,972 - INFO -    🔗 计划合并弱主题 T9 -> T7 (相似度: 0.454)
2026-04-26 16:07:54,139 - INFO -    🔗 计划合并弱主题 T10 -> T18 (相似度: 0.519)
2026-04-26 16:07:54,186 - INFO -    🔗 计划合并弱主题 T20 -> T11 (相似度: 0.334)
2026-04-26 16:07:54,296 - INFO -    🔗 计划合并弱主题 T24 -> T17 (相似度: 0.433)
2026-04-26 16:07:54,297 - INFO -    执行最终合并，共涉及 5 组聚类操作...
2026-04-26 16:07:56,327 - INFO - 📊 训练完成，总耗时: 409.53秒
2026-04-26 16:07:56,327 - INFO - 📈 正在评估聚类质量...
2026-04-26 16:07:56,334 - INFO - 💾 阶段5：正在保存完整结果...
2026-04-26 16:07:56,768 - INFO - ✅ 处理全流程结束，所有文件均已输出至：E:\document\PG\studio\content\bertopic_results_optimized
2026-04-26 16:07:56,769 - INFO - 🎉 全部流程执行完毕！
2026-04-26 16:21:03,141 - INFO - 📂 正在加载数据: E:\document\PG\studio\content\bertopic_ready_data\bertopic_train_data.csv
2026-04-26 16:21:03,447 - INFO - 📊 原始有效数据量: 18255 条
2026-04-26 16:21:03,491 - INFO - 🔧 初始化 BERTopic 流水线...
2026-04-26 16:21:03,505 - INFO - 🤖 使用设备: cuda
2026-04-26 16:21:03,507 - INFO - Load pretrained SentenceTransformer: BAAI/bge-large-zh-v1.5
2026-04-26 16:21:04,251 - INFO - HTTP Request: HEAD https://hf-mirror.com/BAAI/bge-large-zh-v1.5/resolve/main/modules.json "HTTP/1.1 307 Temporary Redirect"
2026-04-26 16:21:04,564 - INFO - HTTP Request: HEAD https://hf-mirror.com/api/resolve-cache/models/BAAI/bge-large-zh-v1.5/79e7739b6ab944e86d6171e44d24c997fc1e0116/modules.json "HTTP/1.1 200 OK"
2026-04-26 16:21:04,968 - INFO - HTTP Request: HEAD https://hf-mirror.com/BAAI/bge-large-zh-v1.5/resolve/main/config_sentence_transformers.json "HTTP/1.1 307 Temporary Redirect"
2026-04-26 16:21:05,275 - INFO - HTTP Request: HEAD https://hf-mirror.com/api/resolve-cache/models/BAAI/bge-large-zh-v1.5/79e7739b6ab944e86d6171e44d24c997fc1e0116/config_sentence_transformers.json "HTTP/1.1 200 OK"
2026-04-26 16:21:05,583 - INFO - HTTP Request: HEAD https://hf-mirror.com/BAAI/bge-large-zh-v1.5/resolve/main/config_sentence_transformers.json "HTTP/1.1 307 Temporary Redirect"
2026-04-26 16:21:05,746 - INFO - HTTP Request: HEAD https://hf-mirror.com/api/resolve-cache/models/BAAI/bge-large-zh-v1.5/79e7739b6ab944e86d6171e44d24c997fc1e0116/config_sentence_transformers.json "HTTP/1.1 200 OK"
2026-04-26 16:21:06,098 - INFO - HTTP Request: HEAD https://hf-mirror.com/BAAI/bge-large-zh-v1.5/resolve/main/README.md "HTTP/1.1 307 Temporary Redirect"
2026-04-26 16:21:06,299 - INFO - HTTP Request: HEAD https://hf-mirror.com/api/resolve-cache/models/BAAI/bge-large-zh-v1.5/79e7739b6ab944e86d6171e44d24c997fc1e0116/README.md "HTTP/1.1 200 OK"
2026-04-26 16:21:06,593 - INFO - HTTP Request: HEAD https://hf-mirror.com/BAAI/bge-large-zh-v1.5/resolve/main/modules.json "HTTP/1.1 307 Temporary Redirect"
2026-04-26 16:21:06,834 - INFO - HTTP Request: HEAD https://hf-mirror.com/api/resolve-cache/models/BAAI/bge-large-zh-v1.5/79e7739b6ab944e86d6171e44d24c997fc1e0116/modules.json "HTTP/1.1 200 OK"
2026-04-26 16:21:07,164 - INFO - HTTP Request: HEAD https://hf-mirror.com/BAAI/bge-large-zh-v1.5/resolve/main/sentence_bert_config.json "HTTP/1.1 307 Temporary Redirect"
2026-04-26 16:21:07,291 - INFO - HTTP Request: HEAD https://hf-mirror.com/api/resolve-cache/models/BAAI/bge-large-zh-v1.5/79e7739b6ab944e86d6171e44d24c997fc1e0116/sentence_bert_config.json "HTTP/1.1 200 OK"
2026-04-26 16:21:07,607 - INFO - HTTP Request: HEAD https://hf-mirror.com/BAAI/bge-large-zh-v1.5/resolve/main/adapter_config.json "HTTP/1.1 404 Not Found"
2026-04-26 16:21:07,964 - INFO - HTTP Request: HEAD https://hf-mirror.com/BAAI/bge-large-zh-v1.5/resolve/main/config.json "HTTP/1.1 307 Temporary Redirect"
2026-04-26 16:21:08,099 - INFO - HTTP Request: HEAD https://hf-mirror.com/api/resolve-cache/models/BAAI/bge-large-zh-v1.5/79e7739b6ab944e86d6171e44d24c997fc1e0116/config.json "HTTP/1.1 200 OK"
2026-04-26 16:21:08,401 - INFO - HTTP Request: HEAD https://hf-mirror.com/BAAI/bge-large-zh-v1.5/resolve/main/config.json "HTTP/1.1 307 Temporary Redirect"
2026-04-26 16:21:08,504 - INFO - HTTP Request: HEAD https://hf-mirror.com/api/resolve-cache/models/BAAI/bge-large-zh-v1.5/79e7739b6ab944e86d6171e44d24c997fc1e0116/config.json "HTTP/1.1 200 OK"
2026-04-26 16:21:08,811 - INFO - HTTP Request: HEAD https://hf-mirror.com/BAAI/bge-large-zh-v1.5/resolve/main/model.safetensors "HTTP/1.1 404 Not Found"
2026-04-26 16:21:08,936 - INFO - HTTP Request: GET https://hf-mirror.com/api/models/BAAI/bge-large-zh-v1.5 "HTTP/1.1 200 OK"
2026-04-26 16:21:09,062 - INFO - HTTP Request: GET https://hf-mirror.com/api/models/BAAI/bge-large-zh-v1.5/commits/main "HTTP/1.1 200 OK"
2026-04-26 16:21:09,187 - INFO - HTTP Request: GET https://hf-mirror.com/api/models/BAAI/bge-large-zh-v1.5/discussions?p=0 "HTTP/1.1 200 OK"
2026-04-26 16:21:09,342 - INFO - HTTP Request: GET https://hf-mirror.com/api/models/BAAI/bge-large-zh-v1.5/commits/refs%2Fpr%2F35 "HTTP/1.1 200 OK"
2026-04-26 16:21:09,454 - INFO - HTTP Request: HEAD https://hf-mirror.com/BAAI/bge-large-zh-v1.5/resolve/main/config.json "HTTP/1.1 307 Temporary Redirect"
2026-04-26 16:21:09,563 - INFO - HTTP Request: HEAD https://hf-mirror.com/api/resolve-cache/models/BAAI/bge-large-zh-v1.5/79e7739b6ab944e86d6171e44d24c997fc1e0116/config.json "HTTP/1.1 200 OK"
2026-04-26 16:21:09,622 - INFO - HTTP Request: HEAD https://hf-mirror.com/BAAI/bge-large-zh-v1.5/resolve/refs%2Fpr%2F35/model.safetensors.index.json "HTTP/1.1 404 Not Found"
2026-04-26 16:21:09,874 - INFO - HTTP Request: HEAD https://hf-mirror.com/BAAI/bge-large-zh-v1.5/resolve/main/tokenizer_config.json "HTTP/1.1 307 Temporary Redirect"
2026-04-26 16:21:09,924 - INFO - HTTP Request: HEAD https://hf-mirror.com/BAAI/bge-large-zh-v1.5/resolve/refs%2Fpr%2F35/model.safetensors "HTTP/1.1 302 Found"
2026-04-26 16:21:09,982 - INFO - HTTP Request: HEAD https://hf-mirror.com/api/resolve-cache/models/BAAI/bge-large-zh-v1.5/79e7739b6ab944e86d6171e44d24c997fc1e0116/tokenizer_config.json "HTTP/1.1 200 OK"
2026-04-26 16:21:10,085 - INFO - HTTP Request: GET https://hf-mirror.com/api/models/BAAI/bge-large-zh-v1.5/tree/main/additional_chat_templates?recursive=false&expand=false "HTTP/1.1 404 Not Found"
2026-04-26 16:21:10,192 - INFO - HTTP Request: GET https://hf-mirror.com/api/models/BAAI/bge-large-zh-v1.5/tree/main?recursive=true&expand=false "HTTP/1.1 200 OK"
2026-04-26 16:21:10,514 - INFO - HTTP Request: HEAD https://hf-mirror.com/BAAI/bge-large-zh-v1.5/resolve/main/1_Pooling/config.json "HTTP/1.1 307 Temporary Redirect"
2026-04-26 16:21:10,628 - INFO - HTTP Request: HEAD https://hf-mirror.com/api/resolve-cache/models/BAAI/bge-large-zh-v1.5/79e7739b6ab944e86d6171e44d24c997fc1e0116/1_Pooling%2Fconfig.json "HTTP/1.1 200 OK"
2026-04-26 16:21:10,744 - INFO - HTTP Request: GET https://hf-mirror.com/api/models/BAAI/bge-large-zh-v1.5 "HTTP/1.1 200 OK"
2026-04-26 16:21:11,526 - INFO - 📐 动态设定 HDBSCAN 最小聚类体积: 114
2026-04-26 16:21:11,526 - INFO - 🚀 阶段0：预计算文档完整语义 Embedding...
2026-04-26 16:27:19,870 - INFO - 🚀 阶段1：开始执行 Guided BERTopic 聚类...
2026-04-26 16:28:03,686 - INFO - 📊 初始主题数: 32 个
2026-04-26 16:28:03,686 - INFO - 🔄 阶段2.2：执行离群点归队回收（阈值 0.5，适中偏宽松）...
2026-04-26 16:28:05,660 - INFO - 🎯 阶段3：弱主题处理（置信度<0.5→尝试合并，相似度>0.3 才合并，否则噪声）...
2026-04-26 16:28:05,752 - INFO -    🔗 计划合并弱主题 T1 -> T11 (相似度: 0.689)
2026-04-26 16:28:05,838 - INFO -    🔗 计划合并弱主题 T3 -> T18 (相似度: 0.470)
2026-04-26 16:28:05,914 - INFO -    🔗 计划合并弱主题 T9 -> T6 (相似度: 0.460)
2026-04-26 16:28:06,106 - INFO -    🔗 计划合并弱主题 T21 -> T31 (相似度: 0.455)
2026-04-26 16:28:06,194 - INFO -    🔗 计划合并弱主题 T23 -> T14 (相似度: 0.422)
2026-04-26 16:28:06,264 - INFO -    🔗 计划合并弱主题 T27 -> T30 (相似度: 0.397)
2026-04-26 16:28:06,434 - INFO -    🔗 计划合并弱主题 T28 -> T17 (相似度: 0.505)
2026-04-26 16:28:06,434 - INFO -    执行最终合并，共涉及 7 组聚类操作...
2026-04-26 16:28:08,601 - INFO - 📊 训练完成，总耗时: 417.08秒
2026-04-26 16:28:08,601 - INFO - 📈 正在评估聚类质量...
2026-04-26 16:28:08,609 - INFO - 💾 阶段5：正在保存完整结果...
2026-04-26 16:28:08,998 - INFO - ✅ 处理全流程结束，所有文件均已输出至：E:\document\PG\studio\content\bertopic_results_optimized
2026-04-26 16:28:08,999 - INFO - 🎉 全部流程执行完毕！
2026-04-26 16:29:17,036 - INFO - 📂 正在加载数据: E:\document\PG\studio\content\bertopic_ready_data\bertopic_train_data.csv
2026-04-26 16:29:17,327 - INFO - 📊 原始有效数据量: 18255 条
2026-04-26 16:29:17,367 - INFO - 🔧 初始化 BERTopic 流水线...
2026-04-26 16:29:17,383 - INFO - 🤖 使用设备: cuda
2026-04-26 16:29:17,385 - INFO - Load pretrained SentenceTransformer: BAAI/bge-large-zh-v1.5
2026-04-26 16:29:18,123 - INFO - HTTP Request: HEAD https://hf-mirror.com/BAAI/bge-large-zh-v1.5/resolve/main/modules.json "HTTP/1.1 307 Temporary Redirect"
2026-04-26 16:29:18,242 - INFO - HTTP Request: HEAD https://hf-mirror.com/api/resolve-cache/models/BAAI/bge-large-zh-v1.5/79e7739b6ab944e86d6171e44d24c997fc1e0116/modules.json "HTTP/1.1 200 OK"
2026-04-26 16:29:18,550 - INFO - HTTP Request: HEAD https://hf-mirror.com/BAAI/bge-large-zh-v1.5/resolve/main/config_sentence_transformers.json "HTTP/1.1 307 Temporary Redirect"
2026-04-26 16:29:18,749 - INFO - HTTP Request: HEAD https://hf-mirror.com/api/resolve-cache/models/BAAI/bge-large-zh-v1.5/79e7739b6ab944e86d6171e44d24c997fc1e0116/config_sentence_transformers.json "HTTP/1.1 200 OK"
2026-04-26 16:29:19,057 - INFO - HTTP Request: HEAD https://hf-mirror.com/BAAI/bge-large-zh-v1.5/resolve/main/config_sentence_transformers.json "HTTP/1.1 307 Temporary Redirect"
2026-04-26 16:29:19,365 - INFO - HTTP Request: HEAD https://hf-mirror.com/api/resolve-cache/models/BAAI/bge-large-zh-v1.5/79e7739b6ab944e86d6171e44d24c997fc1e0116/config_sentence_transformers.json "HTTP/1.1 200 OK"
2026-04-26 16:29:19,773 - INFO - HTTP Request: HEAD https://hf-mirror.com/BAAI/bge-large-zh-v1.5/resolve/main/README.md "HTTP/1.1 307 Temporary Redirect"
2026-04-26 16:29:19,876 - INFO - HTTP Request: HEAD https://hf-mirror.com/api/resolve-cache/models/BAAI/bge-large-zh-v1.5/79e7739b6ab944e86d6171e44d24c997fc1e0116/README.md "HTTP/1.1 200 OK"
2026-04-26 16:29:20,201 - INFO - HTTP Request: HEAD https://hf-mirror.com/BAAI/bge-large-zh-v1.5/resolve/main/modules.json "HTTP/1.1 307 Temporary Redirect"
2026-04-26 16:29:20,601 - INFO - HTTP Request: HEAD https://hf-mirror.com/api/resolve-cache/models/BAAI/bge-large-zh-v1.5/79e7739b6ab944e86d6171e44d24c997fc1e0116/modules.json "HTTP/1.1 200 OK"
2026-04-26 16:29:21,002 - INFO - HTTP Request: HEAD https://hf-mirror.com/BAAI/bge-large-zh-v1.5/resolve/main/sentence_bert_config.json "HTTP/1.1 307 Temporary Redirect"
2026-04-26 16:29:21,412 - INFO - HTTP Request: HEAD https://hf-mirror.com/api/resolve-cache/models/BAAI/bge-large-zh-v1.5/79e7739b6ab944e86d6171e44d24c997fc1e0116/sentence_bert_config.json "HTTP/1.1 200 OK"
2026-04-26 16:29:21,808 - INFO - HTTP Request: HEAD https://hf-mirror.com/BAAI/bge-large-zh-v1.5/resolve/main/adapter_config.json "HTTP/1.1 404 Not Found"
2026-04-26 16:29:22,130 - INFO - HTTP Request: HEAD https://hf-mirror.com/BAAI/bge-large-zh-v1.5/resolve/main/config.json "HTTP/1.1 307 Temporary Redirect"
2026-04-26 16:29:22,344 - INFO - HTTP Request: HEAD https://hf-mirror.com/api/resolve-cache/models/BAAI/bge-large-zh-v1.5/79e7739b6ab944e86d6171e44d24c997fc1e0116/config.json "HTTP/1.1 200 OK"
2026-04-26 16:29:22,744 - INFO - HTTP Request: HEAD https://hf-mirror.com/BAAI/bge-large-zh-v1.5/resolve/main/config.json "HTTP/1.1 307 Temporary Redirect"
2026-04-26 16:29:22,853 - INFO - HTTP Request: HEAD https://hf-mirror.com/api/resolve-cache/models/BAAI/bge-large-zh-v1.5/79e7739b6ab944e86d6171e44d24c997fc1e0116/config.json "HTTP/1.1 200 OK"
2026-04-26 16:29:23,172 - INFO - HTTP Request: HEAD https://hf-mirror.com/BAAI/bge-large-zh-v1.5/resolve/main/model.safetensors "HTTP/1.1 404 Not Found"
2026-04-26 16:29:23,289 - INFO - HTTP Request: GET https://hf-mirror.com/api/models/BAAI/bge-large-zh-v1.5 "HTTP/1.1 200 OK"
2026-04-26 16:29:23,572 - INFO - HTTP Request: GET https://hf-mirror.com/api/models/BAAI/bge-large-zh-v1.5/commits/main "HTTP/1.1 200 OK"
2026-04-26 16:29:23,774 - INFO - HTTP Request: GET https://hf-mirror.com/api/models/BAAI/bge-large-zh-v1.5/discussions?p=0 "HTTP/1.1 200 OK"
2026-04-26 16:29:23,976 - INFO - HTTP Request: GET https://hf-mirror.com/api/models/BAAI/bge-large-zh-v1.5/commits/refs%2Fpr%2F35 "HTTP/1.1 200 OK"
2026-04-26 16:29:24,091 - INFO - HTTP Request: HEAD https://hf-mirror.com/BAAI/bge-large-zh-v1.5/resolve/main/config.json "HTTP/1.1 307 Temporary Redirect"
2026-04-26 16:29:24,199 - INFO - HTTP Request: HEAD https://hf-mirror.com/api/resolve-cache/models/BAAI/bge-large-zh-v1.5/79e7739b6ab944e86d6171e44d24c997fc1e0116/config.json "HTTP/1.1 200 OK"
2026-04-26 16:29:24,260 - INFO - HTTP Request: HEAD https://hf-mirror.com/BAAI/bge-large-zh-v1.5/resolve/refs%2Fpr%2F35/model.safetensors.index.json "HTTP/1.1 404 Not Found"
2026-04-26 16:29:24,475 - INFO - HTTP Request: HEAD https://hf-mirror.com/BAAI/bge-large-zh-v1.5/resolve/main/tokenizer_config.json "HTTP/1.1 307 Temporary Redirect"
2026-04-26 16:29:24,562 - INFO - HTTP Request: HEAD https://hf-mirror.com/BAAI/bge-large-zh-v1.5/resolve/refs%2Fpr%2F35/model.safetensors "HTTP/1.1 302 Found"
2026-04-26 16:29:24,589 - INFO - HTTP Request: HEAD https://hf-mirror.com/api/resolve-cache/models/BAAI/bge-large-zh-v1.5/79e7739b6ab944e86d6171e44d24c997fc1e0116/tokenizer_config.json "HTTP/1.1 200 OK"
2026-04-26 16:29:24,703 - INFO - HTTP Request: GET https://hf-mirror.com/api/models/BAAI/bge-large-zh-v1.5/tree/main/additional_chat_templates?recursive=false&expand=false "HTTP/1.1 404 Not Found"
2026-04-26 16:29:24,817 - INFO - HTTP Request: GET https://hf-mirror.com/api/models/BAAI/bge-large-zh-v1.5/tree/main?recursive=true&expand=false "HTTP/1.1 200 OK"
2026-04-26 16:29:25,146 - INFO - HTTP Request: HEAD https://hf-mirror.com/BAAI/bge-large-zh-v1.5/resolve/main/1_Pooling/config.json "HTTP/1.1 307 Temporary Redirect"
2026-04-26 16:29:25,254 - INFO - HTTP Request: HEAD https://hf-mirror.com/api/resolve-cache/models/BAAI/bge-large-zh-v1.5/79e7739b6ab944e86d6171e44d24c997fc1e0116/1_Pooling%2Fconfig.json "HTTP/1.1 200 OK"
2026-04-26 16:29:25,372 - INFO - HTTP Request: GET https://hf-mirror.com/api/models/BAAI/bge-large-zh-v1.5 "HTTP/1.1 200 OK"
2026-04-26 16:29:26,160 - INFO - 📐 动态设定 HDBSCAN 最小聚类体积: 130
2026-04-26 16:29:26,160 - INFO - 🚀 阶段0：预计算文档完整语义 Embedding...
2026-04-26 16:35:37,255 - INFO - 🚀 阶段1：开始执行 Guided BERTopic 聚类...
2026-04-26 16:36:19,985 - INFO - 📊 初始主题数: 28 个
2026-04-26 16:36:19,985 - INFO - 🔄 阶段2.2：执行离群点归队回收（阈值 0.5，适中偏宽松）...
2026-04-26 16:36:21,915 - INFO - 🎯 阶段3：弱主题处理（置信度<0.5→尝试合并，相似度>0.3 才合并，否则噪声）...
2026-04-26 16:36:21,962 - INFO -    🔗 计划合并弱主题 T1 -> T11 (相似度: 0.429)
2026-04-26 16:36:22,020 - INFO -    🔗 计划合并弱主题 T2 -> T3 (相似度: 0.471)
2026-04-26 16:36:22,076 - INFO -    🔗 计划合并弱主题 T9 -> T7 (相似度: 0.454)
2026-04-26 16:36:22,225 - INFO -    🔗 计划合并弱主题 T10 -> T18 (相似度: 0.519)
2026-04-26 16:36:22,269 - INFO -    🔗 计划合并弱主题 T20 -> T11 (相似度: 0.334)
2026-04-26 16:36:22,367 - INFO -    🔗 计划合并弱主题 T24 -> T17 (相似度: 0.433)
2026-04-26 16:36:22,368 - INFO -    执行最终合并，共涉及 5 组聚类操作...
2026-04-26 16:36:24,327 - INFO - 📊 训练完成，总耗时: 418.17秒
2026-04-26 16:36:24,327 - INFO - 📈 正在评估聚类质量...
2026-04-26 16:36:24,335 - INFO - 💾 阶段5：正在保存完整结果...
2026-04-26 16:36:24,710 - INFO - ✅ 处理全流程结束，所有文件均已输出至：E:\document\PG\studio\content\bertopic_results_optimized
2026-04-26 16:36:24,711 - INFO - 🎉 全部流程执行完毕！
2026-04-26 16:58:08,123 - INFO - 📂 正在加载数据: E:\document\PG\studio\content\bertopic_ready_data\bertopic_train_data.csv
2026-04-26 16:58:08,422 - INFO - 📊 原始有效数据量: 18255 条
2026-04-26 16:58:08,462 - INFO - 🔧 初始化 BERTopic 流水线...
2026-04-26 16:58:08,479 - INFO - 🤖 使用设备: cuda
2026-04-26 16:58:08,481 - INFO - Load pretrained SentenceTransformer: BAAI/bge-large-zh-v1.5
2026-04-26 16:58:08,932 - INFO - HTTP Request: HEAD https://hf-mirror.com/BAAI/bge-large-zh-v1.5/resolve/main/modules.json "HTTP/1.1 307 Temporary Redirect"
2026-04-26 16:58:09,041 - INFO - HTTP Request: HEAD https://hf-mirror.com/api/resolve-cache/models/BAAI/bge-large-zh-v1.5/79e7739b6ab944e86d6171e44d24c997fc1e0116/modules.json "HTTP/1.1 200 OK"
2026-04-26 16:58:09,359 - INFO - HTTP Request: HEAD https://hf-mirror.com/BAAI/bge-large-zh-v1.5/resolve/main/config_sentence_transformers.json "HTTP/1.1 307 Temporary Redirect"
2026-04-26 16:58:09,547 - INFO - HTTP Request: HEAD https://hf-mirror.com/api/resolve-cache/models/BAAI/bge-large-zh-v1.5/79e7739b6ab944e86d6171e44d24c997fc1e0116/config_sentence_transformers.json "HTTP/1.1 200 OK"
2026-04-26 16:58:09,955 - INFO - HTTP Request: HEAD https://hf-mirror.com/BAAI/bge-large-zh-v1.5/resolve/main/config_sentence_transformers.json "HTTP/1.1 307 Temporary Redirect"
2026-04-26 16:58:10,160 - INFO - HTTP Request: HEAD https://hf-mirror.com/api/resolve-cache/models/BAAI/bge-large-zh-v1.5/79e7739b6ab944e86d6171e44d24c997fc1e0116/config_sentence_transformers.json "HTTP/1.1 200 OK"
2026-04-26 16:58:10,570 - INFO - HTTP Request: HEAD https://hf-mirror.com/BAAI/bge-large-zh-v1.5/resolve/main/README.md "HTTP/1.1 307 Temporary Redirect"
2026-04-26 16:58:10,775 - INFO - HTTP Request: HEAD https://hf-mirror.com/api/resolve-cache/models/BAAI/bge-large-zh-v1.5/79e7739b6ab944e86d6171e44d24c997fc1e0116/README.md "HTTP/1.1 200 OK"
2026-04-26 16:58:11,191 - INFO - HTTP Request: HEAD https://hf-mirror.com/BAAI/bge-large-zh-v1.5/resolve/main/modules.json "HTTP/1.1 307 Temporary Redirect"
2026-04-26 16:58:11,389 - INFO - HTTP Request: HEAD https://hf-mirror.com/api/resolve-cache/models/BAAI/bge-large-zh-v1.5/79e7739b6ab944e86d6171e44d24c997fc1e0116/modules.json "HTTP/1.1 200 OK"
2026-04-26 16:58:11,696 - INFO - HTTP Request: HEAD https://hf-mirror.com/BAAI/bge-large-zh-v1.5/resolve/main/sentence_bert_config.json "HTTP/1.1 307 Temporary Redirect"
2026-04-26 16:58:11,905 - INFO - HTTP Request: HEAD https://hf-mirror.com/api/resolve-cache/models/BAAI/bge-large-zh-v1.5/79e7739b6ab944e86d6171e44d24c997fc1e0116/sentence_bert_config.json "HTTP/1.1 200 OK"
2026-04-26 16:58:12,208 - INFO - HTTP Request: HEAD https://hf-mirror.com/BAAI/bge-large-zh-v1.5/resolve/main/adapter_config.json "HTTP/1.1 404 Not Found"
2026-04-26 16:58:12,514 - INFO - HTTP Request: HEAD https://hf-mirror.com/BAAI/bge-large-zh-v1.5/resolve/main/config.json "HTTP/1.1 307 Temporary Redirect"
2026-04-26 16:58:12,720 - INFO - HTTP Request: HEAD https://hf-mirror.com/api/resolve-cache/models/BAAI/bge-large-zh-v1.5/79e7739b6ab944e86d6171e44d24c997fc1e0116/config.json "HTTP/1.1 200 OK"
2026-04-26 16:58:13,130 - INFO - HTTP Request: HEAD https://hf-mirror.com/BAAI/bge-large-zh-v1.5/resolve/main/config.json "HTTP/1.1 307 Temporary Redirect"
2026-04-26 16:58:13,246 - INFO - HTTP Request: HEAD https://hf-mirror.com/api/resolve-cache/models/BAAI/bge-large-zh-v1.5/79e7739b6ab944e86d6171e44d24c997fc1e0116/config.json "HTTP/1.1 200 OK"
2026-04-26 16:58:13,644 - INFO - HTTP Request: HEAD https://hf-mirror.com/BAAI/bge-large-zh-v1.5/resolve/main/model.safetensors "HTTP/1.1 404 Not Found"
2026-04-26 16:58:13,858 - INFO - HTTP Request: GET https://hf-mirror.com/api/models/BAAI/bge-large-zh-v1.5 "HTTP/1.1 200 OK"
2026-04-26 16:58:14,060 - INFO - HTTP Request: GET https://hf-mirror.com/api/models/BAAI/bge-large-zh-v1.5/commits/main "HTTP/1.1 200 OK"
2026-04-26 16:58:14,157 - INFO - HTTP Request: HEAD https://hf-mirror.com/BAAI/bge-large-zh-v1.5/resolve/main/config.json "HTTP/1.1 307 Temporary Redirect"
2026-04-26 16:58:14,260 - INFO - HTTP Request: GET https://hf-mirror.com/api/models/BAAI/bge-large-zh-v1.5/discussions?p=0 "HTTP/1.1 200 OK"
2026-04-26 16:58:14,285 - INFO - HTTP Request: HEAD https://hf-mirror.com/api/resolve-cache/models/BAAI/bge-large-zh-v1.5/79e7739b6ab944e86d6171e44d24c997fc1e0116/config.json "HTTP/1.1 200 OK"
2026-04-26 16:58:14,477 - INFO - HTTP Request: GET https://hf-mirror.com/api/models/BAAI/bge-large-zh-v1.5/commits/refs%2Fpr%2F35 "HTTP/1.1 200 OK"
2026-04-26 16:58:14,769 - INFO - HTTP Request: HEAD https://hf-mirror.com/BAAI/bge-large-zh-v1.5/resolve/main/tokenizer_config.json "HTTP/1.1 307 Temporary Redirect"
2026-04-26 16:58:14,782 - INFO - HTTP Request: HEAD https://hf-mirror.com/BAAI/bge-large-zh-v1.5/resolve/refs%2Fpr%2F35/model.safetensors.index.json "HTTP/1.1 404 Not Found"
2026-04-26 16:58:14,980 - INFO - HTTP Request: HEAD https://hf-mirror.com/api/resolve-cache/models/BAAI/bge-large-zh-v1.5/79e7739b6ab944e86d6171e44d24c997fc1e0116/tokenizer_config.json "HTTP/1.1 200 OK"
2026-04-26 16:58:15,089 - INFO - HTTP Request: HEAD https://hf-mirror.com/BAAI/bge-large-zh-v1.5/resolve/refs%2Fpr%2F35/model.safetensors "HTTP/1.1 302 Found"
2026-04-26 16:58:15,090 - INFO - HTTP Request: GET https://hf-mirror.com/api/models/BAAI/bge-large-zh-v1.5/tree/main/additional_chat_templates?recursive=false&expand=false "HTTP/1.1 404 Not Found"
2026-04-26 16:58:15,209 - INFO - HTTP Request: GET https://hf-mirror.com/api/models/BAAI/bge-large-zh-v1.5/tree/main?recursive=true&expand=false "HTTP/1.1 200 OK"
2026-04-26 16:58:15,525 - INFO - HTTP Request: HEAD https://hf-mirror.com/BAAI/bge-large-zh-v1.5/resolve/main/1_Pooling/config.json "HTTP/1.1 307 Temporary Redirect"
2026-04-26 16:58:15,620 - INFO - HTTP Request: HEAD https://hf-mirror.com/api/resolve-cache/models/BAAI/bge-large-zh-v1.5/79e7739b6ab944e86d6171e44d24c997fc1e0116/1_Pooling%2Fconfig.json "HTTP/1.1 200 OK"
2026-04-26 16:58:15,762 - INFO - HTTP Request: GET https://hf-mirror.com/api/models/BAAI/bge-large-zh-v1.5 "HTTP/1.1 200 OK"
2026-04-26 16:58:16,558 - INFO - 📐 动态设定 HDBSCAN 最小聚类体积: 130
2026-04-26 16:58:16,558 - INFO - 🚀 阶段0：预计算文档完整语义 Embedding...
2026-04-26 17:04:27,470 - INFO - 🚀 阶段1：开始执行 Guided BERTopic 聚类...
2026-04-26 17:05:13,283 - INFO - 📊 初始主题数: 31 个
2026-04-26 17:05:13,284 - INFO - 🔄 阶段2.2：执行离群点归队回收（阈值 0.5，适中偏宽松）...
2026-04-26 17:05:15,154 - INFO - 🎯 阶段3：弱主题处理（置信度<0.5→尝试合并，相似度>0.3 才合并，否则噪声）...
2026-04-26 17:05:15,219 - INFO -    🔗 计划合并弱主题 T2 -> T12 (相似度: 0.454)
2026-04-26 17:05:15,312 - INFO -    🔗 计划合并弱主题 T4 -> T12 (相似度: 0.420)
2026-04-26 17:05:15,370 - INFO -    🔗 计划合并弱主题 T5 -> T10 (相似度: 0.455)
2026-04-26 17:05:15,426 - INFO -    🔗 计划合并弱主题 T7 -> T10 (相似度: 0.433)
2026-04-26 17:05:15,497 - INFO -    🔗 计划合并弱主题 T8 -> T3 (相似度: 0.460)
2026-04-26 17:05:15,569 - INFO -    🔗 计划合并弱主题 T9 -> T3 (相似度: 0.477)
2026-04-26 17:05:15,634 - INFO -    🔗 计划合并弱主题 T11 -> T3 (相似度: 0.416)
2026-04-26 17:05:15,688 - INFO -    🔗 计划合并弱主题 T13 -> T3 (相似度: 0.448)
2026-04-26 17:05:15,749 - INFO -    🔗 计划合并弱主题 T14 -> T10 (相似度: 0.382)
2026-04-26 17:05:15,807 - INFO -    🔗 计划合并弱主题 T15 -> T3 (相似度: 0.416)
2026-04-26 17:05:15,870 - INFO -    🔗 计划合并弱主题 T19 -> T3 (相似度: 0.411)
2026-04-26 17:05:15,933 - INFO -    🔗 计划合并弱主题 T20 -> T3 (相似度: 0.370)
2026-04-26 17:05:15,993 - INFO -    🔗 计划合并弱主题 T21 -> T3 (相似度: 0.435)
2026-04-26 17:05:16,062 - INFO -    🔗 计划合并弱主题 T22 -> T3 (相似度: 0.487)
2026-04-26 17:05:16,121 - INFO -    🔗 计划合并弱主题 T23 -> T12 (相似度: 0.396)
2026-04-26 17:05:16,180 - INFO -    🔗 计划合并弱主题 T24 -> T3 (相似度: 0.428)
2026-04-26 17:05:16,249 - INFO -    🔗 计划合并弱主题 T26 -> T12 (相似度: 0.382)
2026-04-26 17:05:16,319 - INFO -    🔗 计划合并弱主题 T27 -> T3 (相似度: 0.418)
2026-04-26 17:05:16,374 - INFO -    🔗 计划合并弱主题 T28 -> T3 (相似度: 0.395)
2026-04-26 17:05:16,434 - INFO -    🔗 计划合并弱主题 T29 -> T10 (相似度: 0.447)
2026-04-26 17:05:16,492 - INFO -    🔗 计划合并弱主题 T30 -> T3 (相似度: 0.407)
2026-04-26 17:05:16,492 - INFO -    执行最终合并，共涉及 3 组聚类操作...
2026-04-26 17:05:17,785 - INFO - 📊 训练完成，总耗时: 421.23秒
2026-04-26 17:05:17,785 - INFO - 📈 正在评估聚类质量...
2026-04-26 17:05:17,787 - INFO - 💾 阶段5：正在保存完整结果...
2026-04-26 17:05:18,190 - INFO - ✅ 处理全流程结束，所有文件均已输出至：E:\document\PG\studio\content\bertopic_results_optimized
2026-04-26 17:05:18,191 - INFO - 🎉 全部流程执行完毕！
2026-04-26 17:06:26,669 - INFO - 📂 正在加载数据: E:\document\PG\studio\content\bertopic_ready_data\bertopic_train_data.csv
2026-04-26 17:06:26,964 - INFO - 📊 原始有效数据量: 18255 条
2026-04-26 17:06:27,019 - INFO - 🔧 初始化 BERTopic 流水线...
2026-04-26 17:06:27,042 - INFO - 🤖 使用设备: cuda
2026-04-26 17:06:27,044 - INFO - Load pretrained SentenceTransformer: BAAI/bge-large-zh-v1.5
2026-04-26 17:06:27,731 - INFO - HTTP Request: HEAD https://hf-mirror.com/BAAI/bge-large-zh-v1.5/resolve/main/modules.json "HTTP/1.1 307 Temporary Redirect"
2026-04-26 17:06:27,936 - INFO - HTTP Request: HEAD https://hf-mirror.com/api/resolve-cache/models/BAAI/bge-large-zh-v1.5/79e7739b6ab944e86d6171e44d24c997fc1e0116/modules.json "HTTP/1.1 200 OK"
2026-04-26 17:06:28,346 - INFO - HTTP Request: HEAD https://hf-mirror.com/BAAI/bge-large-zh-v1.5/resolve/main/config_sentence_transformers.json "HTTP/1.1 307 Temporary Redirect"
2026-04-26 17:06:28,550 - INFO - HTTP Request: HEAD https://hf-mirror.com/api/resolve-cache/models/BAAI/bge-large-zh-v1.5/79e7739b6ab944e86d6171e44d24c997fc1e0116/config_sentence_transformers.json "HTTP/1.1 200 OK"
2026-04-26 17:06:28,960 - INFO - HTTP Request: HEAD https://hf-mirror.com/BAAI/bge-large-zh-v1.5/resolve/main/config_sentence_transformers.json "HTTP/1.1 307 Temporary Redirect"
2026-04-26 17:06:29,171 - INFO - HTTP Request: HEAD https://hf-mirror.com/api/resolve-cache/models/BAAI/bge-large-zh-v1.5/79e7739b6ab944e86d6171e44d24c997fc1e0116/config_sentence_transformers.json "HTTP/1.1 200 OK"
2026-04-26 17:06:29,558 - INFO - HTTP Request: HEAD https://hf-mirror.com/BAAI/bge-large-zh-v1.5/resolve/main/README.md "HTTP/1.1 307 Temporary Redirect"
2026-04-26 17:06:29,688 - INFO - HTTP Request: HEAD https://hf-mirror.com/api/resolve-cache/models/BAAI/bge-large-zh-v1.5/79e7739b6ab944e86d6171e44d24c997fc1e0116/README.md "HTTP/1.1 200 OK"
2026-04-26 17:06:30,088 - INFO - HTTP Request: HEAD https://hf-mirror.com/BAAI/bge-large-zh-v1.5/resolve/main/modules.json "HTTP/1.1 307 Temporary Redirect"
2026-04-26 17:06:30,294 - INFO - HTTP Request: HEAD https://hf-mirror.com/api/resolve-cache/models/BAAI/bge-large-zh-v1.5/79e7739b6ab944e86d6171e44d24c997fc1e0116/modules.json "HTTP/1.1 200 OK"
2026-04-26 17:06:30,591 - INFO - HTTP Request: HEAD https://hf-mirror.com/BAAI/bge-large-zh-v1.5/resolve/main/sentence_bert_config.json "HTTP/1.1 307 Temporary Redirect"
2026-04-26 17:06:30,704 - INFO - HTTP Request: HEAD https://hf-mirror.com/api/resolve-cache/models/BAAI/bge-large-zh-v1.5/79e7739b6ab944e86d6171e44d24c997fc1e0116/sentence_bert_config.json "HTTP/1.1 200 OK"
2026-04-26 17:06:31,009 - INFO - HTTP Request: HEAD https://hf-mirror.com/BAAI/bge-large-zh-v1.5/resolve/main/adapter_config.json "HTTP/1.1 404 Not Found"
2026-04-26 17:06:31,325 - INFO - HTTP Request: HEAD https://hf-mirror.com/BAAI/bge-large-zh-v1.5/resolve/main/config.json "HTTP/1.1 307 Temporary Redirect"
2026-04-26 17:06:31,462 - INFO - HTTP Request: HEAD https://hf-mirror.com/api/resolve-cache/models/BAAI/bge-large-zh-v1.5/79e7739b6ab944e86d6171e44d24c997fc1e0116/config.json "HTTP/1.1 200 OK"
2026-04-26 17:06:31,751 - INFO - HTTP Request: HEAD https://hf-mirror.com/BAAI/bge-large-zh-v1.5/resolve/main/config.json "HTTP/1.1 307 Temporary Redirect"
2026-04-26 17:06:31,960 - INFO - HTTP Request: HEAD https://hf-mirror.com/api/resolve-cache/models/BAAI/bge-large-zh-v1.5/79e7739b6ab944e86d6171e44d24c997fc1e0116/config.json "HTTP/1.1 200 OK"
2026-04-26 17:06:32,375 - INFO - HTTP Request: HEAD https://hf-mirror.com/BAAI/bge-large-zh-v1.5/resolve/main/model.safetensors "HTTP/1.1 404 Not Found"
2026-04-26 17:06:32,528 - INFO - HTTP Request: GET https://hf-mirror.com/api/models/BAAI/bge-large-zh-v1.5 "HTTP/1.1 200 OK"
2026-04-26 17:06:32,645 - INFO - HTTP Request: GET https://hf-mirror.com/api/models/BAAI/bge-large-zh-v1.5/commits/main "HTTP/1.1 200 OK"
2026-04-26 17:06:32,761 - INFO - HTTP Request: GET https://hf-mirror.com/api/models/BAAI/bge-large-zh-v1.5/discussions?p=0 "HTTP/1.1 200 OK"
2026-04-26 17:06:32,880 - INFO - HTTP Request: GET https://hf-mirror.com/api/models/BAAI/bge-large-zh-v1.5/commits/refs%2Fpr%2F35 "HTTP/1.1 200 OK"
2026-04-26 17:06:32,906 - INFO - HTTP Request: HEAD https://hf-mirror.com/BAAI/bge-large-zh-v1.5/resolve/main/config.json "HTTP/1.1 307 Temporary Redirect"
2026-04-26 17:06:33,113 - INFO - HTTP Request: HEAD https://hf-mirror.com/api/resolve-cache/models/BAAI/bge-large-zh-v1.5/79e7739b6ab944e86d6171e44d24c997fc1e0116/config.json "HTTP/1.1 200 OK"
2026-04-26 17:06:33,172 - INFO - HTTP Request: HEAD https://hf-mirror.com/BAAI/bge-large-zh-v1.5/resolve/refs%2Fpr%2F35/model.safetensors.index.json "HTTP/1.1 404 Not Found"
2026-04-26 17:06:33,385 - INFO - HTTP Request: HEAD https://hf-mirror.com/BAAI/bge-large-zh-v1.5/resolve/main/tokenizer_config.json "HTTP/1.1 307 Temporary Redirect"
2026-04-26 17:06:33,529 - INFO - HTTP Request: HEAD https://hf-mirror.com/api/resolve-cache/models/BAAI/bge-large-zh-v1.5/79e7739b6ab944e86d6171e44d24c997fc1e0116/tokenizer_config.json "HTTP/1.1 200 OK"
2026-04-26 17:06:33,629 - INFO - HTTP Request: GET https://hf-mirror.com/api/models/BAAI/bge-large-zh-v1.5/tree/main/additional_chat_templates?recursive=false&expand=false "HTTP/1.1 404 Not Found"
2026-04-26 17:06:33,681 - INFO - HTTP Request: HEAD https://hf-mirror.com/BAAI/bge-large-zh-v1.5/resolve/refs%2Fpr%2F35/model.safetensors "HTTP/1.1 302 Found"
2026-04-26 17:06:33,742 - INFO - HTTP Request: GET https://hf-mirror.com/api/models/BAAI/bge-large-zh-v1.5/tree/main?recursive=true&expand=false "HTTP/1.1 200 OK"
2026-04-26 17:06:34,088 - INFO - HTTP Request: HEAD https://hf-mirror.com/BAAI/bge-large-zh-v1.5/resolve/main/1_Pooling/config.json "HTTP/1.1 307 Temporary Redirect"
2026-04-26 17:06:34,218 - INFO - HTTP Request: HEAD https://hf-mirror.com/api/resolve-cache/models/BAAI/bge-large-zh-v1.5/79e7739b6ab944e86d6171e44d24c997fc1e0116/1_Pooling%2Fconfig.json "HTTP/1.1 200 OK"
2026-04-26 17:06:34,318 - INFO - HTTP Request: GET https://hf-mirror.com/api/models/BAAI/bge-large-zh-v1.5 "HTTP/1.1 200 OK"
2026-04-26 17:06:35,101 - INFO - 📐 动态设定 HDBSCAN 最小聚类体积: 130
2026-04-26 17:06:35,101 - INFO - 🚀 阶段0：预计算文档完整语义 Embedding...
2026-04-26 17:10:01,733 - INFO - 📂 正在加载数据: E:\document\PG\studio\content\bertopic_ready_data\bertopic_train_data.csv
2026-04-26 17:10:02,045 - INFO - 📊 原始有效数据量: 18255 条
2026-04-26 17:10:02,089 - INFO - 🔧 初始化 BERTopic 流水线...
2026-04-26 17:10:02,104 - INFO - 🤖 使用设备: cuda
2026-04-26 17:10:02,106 - INFO - Load pretrained SentenceTransformer: BAAI/bge-large-zh-v1.5
2026-04-26 17:10:03,064 - INFO - HTTP Request: HEAD https://hf-mirror.com/BAAI/bge-large-zh-v1.5/resolve/main/modules.json "HTTP/1.1 307 Temporary Redirect"
2026-04-26 17:10:03,196 - INFO - HTTP Request: HEAD https://hf-mirror.com/api/resolve-cache/models/BAAI/bge-large-zh-v1.5/79e7739b6ab944e86d6171e44d24c997fc1e0116/modules.json "HTTP/1.1 200 OK"
2026-04-26 17:10:03,533 - INFO - HTTP Request: HEAD https://hf-mirror.com/BAAI/bge-large-zh-v1.5/resolve/main/config_sentence_transformers.json "HTTP/1.1 307 Temporary Redirect"
2026-04-26 17:10:03,697 - INFO - HTTP Request: HEAD https://hf-mirror.com/api/resolve-cache/models/BAAI/bge-large-zh-v1.5/79e7739b6ab944e86d6171e44d24c997fc1e0116/config_sentence_transformers.json "HTTP/1.1 200 OK"
2026-04-26 17:10:04,208 - INFO - HTTP Request: HEAD https://hf-mirror.com/BAAI/bge-large-zh-v1.5/resolve/main/config_sentence_transformers.json "HTTP/1.1 307 Temporary Redirect"
2026-04-26 17:10:04,420 - INFO - HTTP Request: HEAD https://hf-mirror.com/api/resolve-cache/models/BAAI/bge-large-zh-v1.5/79e7739b6ab944e86d6171e44d24c997fc1e0116/config_sentence_transformers.json "HTTP/1.1 200 OK"
2026-04-26 17:10:04,806 - INFO - HTTP Request: HEAD https://hf-mirror.com/BAAI/bge-large-zh-v1.5/resolve/main/README.md "HTTP/1.1 307 Temporary Redirect"
2026-04-26 17:10:04,944 - INFO - HTTP Request: HEAD https://hf-mirror.com/api/resolve-cache/models/BAAI/bge-large-zh-v1.5/79e7739b6ab944e86d6171e44d24c997fc1e0116/README.md "HTTP/1.1 200 OK"
2026-04-26 17:10:05,365 - INFO - HTTP Request: HEAD https://hf-mirror.com/BAAI/bge-large-zh-v1.5/resolve/main/modules.json "HTTP/1.1 307 Temporary Redirect"
2026-04-26 17:10:05,627 - INFO - HTTP Request: HEAD https://hf-mirror.com/api/resolve-cache/models/BAAI/bge-large-zh-v1.5/79e7739b6ab944e86d6171e44d24c997fc1e0116/modules.json "HTTP/1.1 200 OK"
2026-04-26 17:10:05,972 - INFO - HTTP Request: HEAD https://hf-mirror.com/BAAI/bge-large-zh-v1.5/resolve/main/sentence_bert_config.json "HTTP/1.1 307 Temporary Redirect"
2026-04-26 17:10:06,140 - INFO - HTTP Request: HEAD https://hf-mirror.com/api/resolve-cache/models/BAAI/bge-large-zh-v1.5/79e7739b6ab944e86d6171e44d24c997fc1e0116/sentence_bert_config.json "HTTP/1.1 200 OK"
2026-04-26 17:10:06,489 - INFO - HTTP Request: HEAD https://hf-mirror.com/BAAI/bge-large-zh-v1.5/resolve/main/adapter_config.json "HTTP/1.1 404 Not Found"
2026-04-26 17:10:06,785 - INFO - HTTP Request: HEAD https://hf-mirror.com/BAAI/bge-large-zh-v1.5/resolve/main/config.json "HTTP/1.1 307 Temporary Redirect"
2026-04-26 17:10:06,910 - INFO - HTTP Request: HEAD https://hf-mirror.com/api/resolve-cache/models/BAAI/bge-large-zh-v1.5/79e7739b6ab944e86d6171e44d24c997fc1e0116/config.json "HTTP/1.1 200 OK"
2026-04-26 17:10:07,268 - INFO - HTTP Request: HEAD https://hf-mirror.com/BAAI/bge-large-zh-v1.5/resolve/main/config.json "HTTP/1.1 307 Temporary Redirect"
2026-04-26 17:10:07,425 - INFO - HTTP Request: HEAD https://hf-mirror.com/api/resolve-cache/models/BAAI/bge-large-zh-v1.5/79e7739b6ab944e86d6171e44d24c997fc1e0116/config.json "HTTP/1.1 200 OK"
2026-04-26 17:10:07,792 - INFO - HTTP Request: HEAD https://hf-mirror.com/BAAI/bge-large-zh-v1.5/resolve/main/model.safetensors "HTTP/1.1 404 Not Found"
2026-04-26 17:10:07,912 - INFO - HTTP Request: GET https://hf-mirror.com/api/models/BAAI/bge-large-zh-v1.5 "HTTP/1.1 200 OK"
2026-04-26 17:10:08,102 - INFO - HTTP Request: GET https://hf-mirror.com/api/models/BAAI/bge-large-zh-v1.5/commits/main "HTTP/1.1 200 OK"
2026-04-26 17:10:08,421 - INFO - HTTP Request: GET https://hf-mirror.com/api/models/BAAI/bge-large-zh-v1.5/discussions?p=0 "HTTP/1.1 200 OK"
2026-04-26 17:10:08,612 - INFO - HTTP Request: GET https://hf-mirror.com/api/models/BAAI/bge-large-zh-v1.5/commits/refs%2Fpr%2F35 "HTTP/1.1 200 OK"
2026-04-26 17:10:08,816 - INFO - HTTP Request: HEAD https://hf-mirror.com/BAAI/bge-large-zh-v1.5/resolve/main/config.json "HTTP/1.1 307 Temporary Redirect"
2026-04-26 17:10:09,025 - INFO - HTTP Request: HEAD https://hf-mirror.com/api/resolve-cache/models/BAAI/bge-large-zh-v1.5/79e7739b6ab944e86d6171e44d24c997fc1e0116/config.json "HTTP/1.1 200 OK"
2026-04-26 17:10:09,026 - INFO - HTTP Request: HEAD https://hf-mirror.com/BAAI/bge-large-zh-v1.5/resolve/refs%2Fpr%2F35/model.safetensors.index.json "HTTP/1.1 404 Not Found"
2026-04-26 17:10:09,349 - INFO - HTTP Request: HEAD https://hf-mirror.com/BAAI/bge-large-zh-v1.5/resolve/refs%2Fpr%2F35/model.safetensors "HTTP/1.1 302 Found"
2026-04-26 17:10:09,370 - INFO - HTTP Request: HEAD https://hf-mirror.com/BAAI/bge-large-zh-v1.5/resolve/main/tokenizer_config.json "HTTP/1.1 307 Temporary Redirect"
2026-04-26 17:10:09,521 - INFO - HTTP Request: HEAD https://hf-mirror.com/api/resolve-cache/models/BAAI/bge-large-zh-v1.5/79e7739b6ab944e86d6171e44d24c997fc1e0116/tokenizer_config.json "HTTP/1.1 200 OK"
2026-04-26 17:10:09,642 - INFO - HTTP Request: GET https://hf-mirror.com/api/models/BAAI/bge-large-zh-v1.5/tree/main/additional_chat_templates?recursive=false&expand=false "HTTP/1.1 404 Not Found"
2026-04-26 17:10:09,841 - INFO - HTTP Request: GET https://hf-mirror.com/api/models/BAAI/bge-large-zh-v1.5/tree/main?recursive=true&expand=false "HTTP/1.1 200 OK"
2026-04-26 17:10:10,194 - INFO - HTTP Request: HEAD https://hf-mirror.com/BAAI/bge-large-zh-v1.5/resolve/main/1_Pooling/config.json "HTTP/1.1 307 Temporary Redirect"
2026-04-26 17:10:10,358 - INFO - HTTP Request: HEAD https://hf-mirror.com/api/resolve-cache/models/BAAI/bge-large-zh-v1.5/79e7739b6ab944e86d6171e44d24c997fc1e0116/1_Pooling%2Fconfig.json "HTTP/1.1 200 OK"
2026-04-26 17:10:10,481 - INFO - HTTP Request: GET https://hf-mirror.com/api/models/BAAI/bge-large-zh-v1.5 "HTTP/1.1 200 OK"
2026-04-26 17:10:11,277 - INFO - 📐 动态设定 HDBSCAN 最小聚类体积: 130
2026-04-26 17:10:11,277 - INFO - 🚀 阶段0：预计算文档完整语义 Embedding...
2026-04-26 17:16:22,325 - INFO - 🚀 阶段1：开始执行 Guided BERTopic 聚类...
2026-04-26 17:17:08,243 - INFO - 📊 初始主题数: 31 个
2026-04-26 17:17:08,243 - INFO - 🔄 阶段2.2：执行离群点归队回收（阈值 0.5，适中偏宽松）...
2026-04-26 17:17:10,232 - INFO - 🎯 阶段3：弱主题处理（置信度<0.3→尝试合并，相似度>0.3 才合并，否则噪声）...
2026-04-26 17:17:10,612 - INFO -    🔗 计划合并弱主题 T7 -> T4 (相似度: 0.456)
2026-04-26 17:17:10,988 - INFO -    🔗 计划合并弱主题 T14 -> T9 (相似度: 0.564)
2026-04-26 17:17:10,988 - INFO -    执行最终合并，共涉及 2 组聚类操作...
2026-04-26 17:17:13,168 - INFO - 📊 训练完成，总耗时: 421.89秒
2026-04-26 17:17:13,169 - INFO - 📈 正在评估聚类质量...
2026-04-26 17:17:13,176 - INFO - 💾 阶段5：正在保存完整结果...
2026-04-26 17:17:13,623 - INFO - ✅ 处理全流程结束，所有文件均已输出至：E:\document\PG\studio\content\bertopic_results_optimized
2026-04-26 17:17:13,623 - INFO - 🎉 全部流程执行完毕！
2026-04-26 17:18:45,946 - INFO - 📂 正在加载数据: E:\document\PG\studio\content\bertopic_ready_data\bertopic_train_data.csv
2026-04-26 17:18:46,249 - INFO - 📊 原始有效数据量: 18255 条
2026-04-26 17:18:46,292 - INFO - 🔧 初始化 BERTopic 流水线...
2026-04-26 17:18:46,308 - INFO - 🤖 使用设备: cuda
2026-04-26 17:18:46,310 - INFO - Load pretrained SentenceTransformer: BAAI/bge-large-zh-v1.5
2026-04-26 17:18:47,088 - INFO - HTTP Request: HEAD https://hf-mirror.com/BAAI/bge-large-zh-v1.5/resolve/main/modules.json "HTTP/1.1 307 Temporary Redirect"
2026-04-26 17:18:47,340 - INFO - HTTP Request: HEAD https://hf-mirror.com/api/resolve-cache/models/BAAI/bge-large-zh-v1.5/79e7739b6ab944e86d6171e44d24c997fc1e0116/modules.json "HTTP/1.1 200 OK"
2026-04-26 17:18:47,637 - INFO - HTTP Request: HEAD https://hf-mirror.com/BAAI/bge-large-zh-v1.5/resolve/main/config_sentence_transformers.json "HTTP/1.1 307 Temporary Redirect"
2026-04-26 17:18:47,807 - INFO - HTTP Request: HEAD https://hf-mirror.com/api/resolve-cache/models/BAAI/bge-large-zh-v1.5/79e7739b6ab944e86d6171e44d24c997fc1e0116/config_sentence_transformers.json "HTTP/1.1 200 OK"
2026-04-26 17:18:48,175 - INFO - HTTP Request: HEAD https://hf-mirror.com/BAAI/bge-large-zh-v1.5/resolve/main/config_sentence_transformers.json "HTTP/1.1 307 Temporary Redirect"
2026-04-26 17:18:48,311 - INFO - HTTP Request: HEAD https://hf-mirror.com/api/resolve-cache/models/BAAI/bge-large-zh-v1.5/79e7739b6ab944e86d6171e44d24c997fc1e0116/config_sentence_transformers.json "HTTP/1.1 200 OK"
2026-04-26 17:18:48,668 - INFO - HTTP Request: HEAD https://hf-mirror.com/BAAI/bge-large-zh-v1.5/resolve/main/README.md "HTTP/1.1 307 Temporary Redirect"
2026-04-26 17:18:48,916 - INFO - HTTP Request: HEAD https://hf-mirror.com/api/resolve-cache/models/BAAI/bge-large-zh-v1.5/79e7739b6ab944e86d6171e44d24c997fc1e0116/README.md "HTTP/1.1 200 OK"
2026-04-26 17:18:49,337 - INFO - HTTP Request: HEAD https://hf-mirror.com/BAAI/bge-large-zh-v1.5/resolve/main/modules.json "HTTP/1.1 307 Temporary Redirect"
2026-04-26 17:18:49,633 - INFO - HTTP Request: HEAD https://hf-mirror.com/api/resolve-cache/models/BAAI/bge-large-zh-v1.5/79e7739b6ab944e86d6171e44d24c997fc1e0116/modules.json "HTTP/1.1 200 OK"
2026-04-26 17:18:49,964 - INFO - HTTP Request: HEAD https://hf-mirror.com/BAAI/bge-large-zh-v1.5/resolve/main/sentence_bert_config.json "HTTP/1.1 307 Temporary Redirect"
2026-04-26 17:18:50,114 - INFO - HTTP Request: HEAD https://hf-mirror.com/api/resolve-cache/models/BAAI/bge-large-zh-v1.5/79e7739b6ab944e86d6171e44d24c997fc1e0116/sentence_bert_config.json "HTTP/1.1 200 OK"
2026-04-26 17:18:50,451 - INFO - HTTP Request: HEAD https://hf-mirror.com/BAAI/bge-large-zh-v1.5/resolve/main/adapter_config.json "HTTP/1.1 404 Not Found"
2026-04-26 17:18:50,757 - INFO - HTTP Request: HEAD https://hf-mirror.com/BAAI/bge-large-zh-v1.5/resolve/main/config.json "HTTP/1.1 307 Temporary Redirect"
2026-04-26 17:18:50,977 - INFO - HTTP Request: HEAD https://hf-mirror.com/api/resolve-cache/models/BAAI/bge-large-zh-v1.5/79e7739b6ab944e86d6171e44d24c997fc1e0116/config.json "HTTP/1.1 200 OK"
2026-04-26 17:18:51,373 - INFO - HTTP Request: HEAD https://hf-mirror.com/BAAI/bge-large-zh-v1.5/resolve/main/config.json "HTTP/1.1 307 Temporary Redirect"
2026-04-26 17:18:51,680 - INFO - HTTP Request: HEAD https://hf-mirror.com/api/resolve-cache/models/BAAI/bge-large-zh-v1.5/79e7739b6ab944e86d6171e44d24c997fc1e0116/config.json "HTTP/1.1 200 OK"
2026-04-26 17:18:51,981 - INFO - HTTP Request: HEAD https://hf-mirror.com/BAAI/bge-large-zh-v1.5/resolve/main/model.safetensors "HTTP/1.1 404 Not Found"
2026-04-26 17:18:52,133 - INFO - HTTP Request: GET https://hf-mirror.com/api/models/BAAI/bge-large-zh-v1.5 "HTTP/1.1 200 OK"
2026-04-26 17:18:52,252 - INFO - HTTP Request: GET https://hf-mirror.com/api/models/BAAI/bge-large-zh-v1.5/commits/main "HTTP/1.1 200 OK"
2026-04-26 17:18:52,400 - INFO - HTTP Request: GET https://hf-mirror.com/api/models/BAAI/bge-large-zh-v1.5/discussions?p=0 "HTTP/1.1 200 OK"
2026-04-26 17:18:52,604 - INFO - HTTP Request: GET https://hf-mirror.com/api/models/BAAI/bge-large-zh-v1.5/commits/refs%2Fpr%2F35 "HTTP/1.1 200 OK"
2026-04-26 17:18:52,713 - INFO - HTTP Request: HEAD https://hf-mirror.com/BAAI/bge-large-zh-v1.5/resolve/main/config.json "HTTP/1.1 307 Temporary Redirect"
2026-04-26 17:18:52,908 - INFO - HTTP Request: HEAD https://hf-mirror.com/BAAI/bge-large-zh-v1.5/resolve/refs%2Fpr%2F35/model.safetensors.index.json "HTTP/1.1 404 Not Found"
2026-04-26 17:18:52,925 - INFO - HTTP Request: HEAD https://hf-mirror.com/api/resolve-cache/models/BAAI/bge-large-zh-v1.5/79e7739b6ab944e86d6171e44d24c997fc1e0116/config.json "HTTP/1.1 200 OK"
2026-04-26 17:18:53,209 - INFO - HTTP Request: HEAD https://hf-mirror.com/BAAI/bge-large-zh-v1.5/resolve/refs%2Fpr%2F35/model.safetensors "HTTP/1.1 302 Found"
2026-04-26 17:18:53,274 - INFO - HTTP Request: HEAD https://hf-mirror.com/BAAI/bge-large-zh-v1.5/resolve/main/tokenizer_config.json "HTTP/1.1 307 Temporary Redirect"
2026-04-26 17:18:53,523 - INFO - HTTP Request: HEAD https://hf-mirror.com/api/resolve-cache/models/BAAI/bge-large-zh-v1.5/79e7739b6ab944e86d6171e44d24c997fc1e0116/tokenizer_config.json "HTTP/1.1 200 OK"
2026-04-26 17:18:53,722 - INFO - HTTP Request: GET https://hf-mirror.com/api/models/BAAI/bge-large-zh-v1.5/tree/main/additional_chat_templates?recursive=false&expand=false "HTTP/1.1 404 Not Found"
2026-04-26 17:18:53,934 - INFO - HTTP Request: GET https://hf-mirror.com/api/models/BAAI/bge-large-zh-v1.5/tree/main?recursive=true&expand=false "HTTP/1.1 200 OK"
2026-04-26 17:18:54,291 - INFO - HTTP Request: HEAD https://hf-mirror.com/BAAI/bge-large-zh-v1.5/resolve/main/1_Pooling/config.json "HTTP/1.1 307 Temporary Redirect"
2026-04-26 17:18:54,497 - INFO - HTTP Request: HEAD https://hf-mirror.com/api/resolve-cache/models/BAAI/bge-large-zh-v1.5/79e7739b6ab944e86d6171e44d24c997fc1e0116/1_Pooling%2Fconfig.json "HTTP/1.1 200 OK"
2026-04-26 17:18:54,627 - INFO - HTTP Request: GET https://hf-mirror.com/api/models/BAAI/bge-large-zh-v1.5 "HTTP/1.1 200 OK"
2026-04-26 17:18:55,417 - INFO - 📐 动态设定 HDBSCAN 最小聚类体积: 130
2026-04-26 17:18:55,417 - INFO - 🚀 阶段0：预计算文档完整语义 Embedding...
2026-04-26 17:25:06,062 - INFO - 🚀 阶段1：开始执行 Guided BERTopic 聚类...
2026-04-26 17:25:50,553 - INFO - 📊 初始主题数: 28 个
2026-04-26 17:25:50,553 - INFO - 🔄 阶段2.2：执行离群点归队回收（阈值 0.5，适中偏宽松）...
2026-04-26 17:25:52,545 - INFO - 🎯 阶段3：弱主题处理（置信度<0.3→尝试合并，相似度>0.3 才合并，否则噪声）...
2026-04-26 17:25:52,545 - INFO - 📊 训练完成，总耗时: 417.13秒
2026-04-26 17:25:52,545 - INFO - 📈 正在评估聚类质量...
2026-04-26 17:25:52,554 - INFO - 💾 阶段5：正在保存完整结果...
2026-04-26 17:25:52,945 - INFO - ✅ 处理全流程结束，所有文件均已输出至：E:\document\PG\studio\content\bertopic_results_optimized
2026-04-26 17:25:52,945 - INFO - 🎉 全部流程执行完毕！
2026-04-26 17:31:49,842 - INFO - 📂 正在加载数据: E:\document\PG\studio\content\bertopic_ready_data\bertopic_train_data.csv
2026-04-26 17:31:50,141 - INFO - 📊 原始有效数据量: 18255 条
2026-04-26 17:31:50,186 - INFO - 🔧 初始化 BERTopic 流水线...
2026-04-26 17:31:50,206 - INFO - 🤖 使用设备: cuda
2026-04-26 17:31:50,208 - INFO - Load pretrained SentenceTransformer: BAAI/bge-large-zh-v1.5
2026-04-26 17:31:50,748 - INFO - HTTP Request: HEAD https://hf-mirror.com/BAAI/bge-large-zh-v1.5/resolve/main/modules.json "HTTP/1.1 307 Temporary Redirect"
2026-04-26 17:31:50,845 - INFO - HTTP Request: HEAD https://hf-mirror.com/api/resolve-cache/models/BAAI/bge-large-zh-v1.5/79e7739b6ab944e86d6171e44d24c997fc1e0116/modules.json "HTTP/1.1 200 OK"
2026-04-26 17:31:51,136 - INFO - HTTP Request: HEAD https://hf-mirror.com/BAAI/bge-large-zh-v1.5/resolve/main/config_sentence_transformers.json "HTTP/1.1 307 Temporary Redirect"
2026-04-26 17:31:51,334 - INFO - HTTP Request: HEAD https://hf-mirror.com/api/resolve-cache/models/BAAI/bge-large-zh-v1.5/79e7739b6ab944e86d6171e44d24c997fc1e0116/config_sentence_transformers.json "HTTP/1.1 200 OK"
2026-04-26 17:31:51,628 - INFO - HTTP Request: HEAD https://hf-mirror.com/BAAI/bge-large-zh-v1.5/resolve/main/config_sentence_transformers.json "HTTP/1.1 307 Temporary Redirect"
2026-04-26 17:31:51,729 - INFO - HTTP Request: HEAD https://hf-mirror.com/api/resolve-cache/models/BAAI/bge-large-zh-v1.5/79e7739b6ab944e86d6171e44d24c997fc1e0116/config_sentence_transformers.json "HTTP/1.1 200 OK"
2026-04-26 17:31:52,019 - INFO - HTTP Request: HEAD https://hf-mirror.com/BAAI/bge-large-zh-v1.5/resolve/main/README.md "HTTP/1.1 307 Temporary Redirect"
2026-04-26 17:31:52,135 - INFO - HTTP Request: HEAD https://hf-mirror.com/api/resolve-cache/models/BAAI/bge-large-zh-v1.5/79e7739b6ab944e86d6171e44d24c997fc1e0116/README.md "HTTP/1.1 200 OK"
2026-04-26 17:31:52,528 - INFO - HTTP Request: HEAD https://hf-mirror.com/BAAI/bge-large-zh-v1.5/resolve/main/modules.json "HTTP/1.1 307 Temporary Redirect"
2026-04-26 17:31:52,640 - INFO - HTTP Request: HEAD https://hf-mirror.com/api/resolve-cache/models/BAAI/bge-large-zh-v1.5/79e7739b6ab944e86d6171e44d24c997fc1e0116/modules.json "HTTP/1.1 200 OK"
2026-04-26 17:31:52,943 - INFO - HTTP Request: HEAD https://hf-mirror.com/BAAI/bge-large-zh-v1.5/resolve/main/sentence_bert_config.json "HTTP/1.1 307 Temporary Redirect"
2026-04-26 17:31:53,052 - INFO - HTTP Request: HEAD https://hf-mirror.com/api/resolve-cache/models/BAAI/bge-large-zh-v1.5/79e7739b6ab944e86d6171e44d24c997fc1e0116/sentence_bert_config.json "HTTP/1.1 200 OK"
2026-04-26 17:31:53,383 - INFO - HTTP Request: HEAD https://hf-mirror.com/BAAI/bge-large-zh-v1.5/resolve/main/adapter_config.json "HTTP/1.1 404 Not Found"
2026-04-26 17:31:53,703 - INFO - HTTP Request: HEAD https://hf-mirror.com/BAAI/bge-large-zh-v1.5/resolve/main/config.json "HTTP/1.1 307 Temporary Redirect"
2026-04-26 17:31:53,797 - INFO - HTTP Request: HEAD https://hf-mirror.com/api/resolve-cache/models/BAAI/bge-large-zh-v1.5/79e7739b6ab944e86d6171e44d24c997fc1e0116/config.json "HTTP/1.1 200 OK"
2026-04-26 17:31:54,143 - INFO - HTTP Request: HEAD https://hf-mirror.com/BAAI/bge-large-zh-v1.5/resolve/main/config.json "HTTP/1.1 307 Temporary Redirect"
2026-04-26 17:31:54,256 - INFO - HTTP Request: HEAD https://hf-mirror.com/api/resolve-cache/models/BAAI/bge-large-zh-v1.5/79e7739b6ab944e86d6171e44d24c997fc1e0116/config.json "HTTP/1.1 200 OK"
2026-04-26 17:31:54,592 - INFO - HTTP Request: HEAD https://hf-mirror.com/BAAI/bge-large-zh-v1.5/resolve/main/model.safetensors "HTTP/1.1 404 Not Found"
2026-04-26 17:31:54,704 - INFO - HTTP Request: GET https://hf-mirror.com/api/models/BAAI/bge-large-zh-v1.5 "HTTP/1.1 200 OK"
2026-04-26 17:31:54,804 - INFO - HTTP Request: GET https://hf-mirror.com/api/models/BAAI/bge-large-zh-v1.5/commits/main "HTTP/1.1 200 OK"
2026-04-26 17:31:54,928 - INFO - HTTP Request: GET https://hf-mirror.com/api/models/BAAI/bge-large-zh-v1.5/discussions?p=0 "HTTP/1.1 200 OK"
2026-04-26 17:31:55,054 - INFO - HTTP Request: GET https://hf-mirror.com/api/models/BAAI/bge-large-zh-v1.5/commits/refs%2Fpr%2F35 "HTTP/1.1 200 OK"
2026-04-26 17:31:55,210 - INFO - HTTP Request: HEAD https://hf-mirror.com/BAAI/bge-large-zh-v1.5/resolve/main/config.json "HTTP/1.1 307 Temporary Redirect"
2026-04-26 17:31:55,370 - INFO - HTTP Request: HEAD https://hf-mirror.com/BAAI/bge-large-zh-v1.5/resolve/refs%2Fpr%2F35/model.safetensors.index.json "HTTP/1.1 404 Not Found"
2026-04-26 17:31:55,422 - INFO - HTTP Request: HEAD https://hf-mirror.com/api/resolve-cache/models/BAAI/bge-large-zh-v1.5/79e7739b6ab944e86d6171e44d24c997fc1e0116/config.json "HTTP/1.1 200 OK"
2026-04-26 17:31:55,663 - INFO - HTTP Request: HEAD https://hf-mirror.com/BAAI/bge-large-zh-v1.5/resolve/refs%2Fpr%2F35/model.safetensors "HTTP/1.1 302 Found"
2026-04-26 17:31:55,736 - INFO - HTTP Request: HEAD https://hf-mirror.com/BAAI/bge-large-zh-v1.5/resolve/main/tokenizer_config.json "HTTP/1.1 307 Temporary Redirect"
2026-04-26 17:31:55,952 - INFO - HTTP Request: HEAD https://hf-mirror.com/api/resolve-cache/models/BAAI/bge-large-zh-v1.5/79e7739b6ab944e86d6171e44d24c997fc1e0116/tokenizer_config.json "HTTP/1.1 200 OK"
2026-04-26 17:31:56,077 - INFO - HTTP Request: GET https://hf-mirror.com/api/models/BAAI/bge-large-zh-v1.5/tree/main/additional_chat_templates?recursive=false&expand=false "HTTP/1.1 404 Not Found"
2026-04-26 17:31:56,175 - INFO - HTTP Request: GET https://hf-mirror.com/api/models/BAAI/bge-large-zh-v1.5/tree/main?recursive=true&expand=false "HTTP/1.1 200 OK"
2026-04-26 17:31:56,612 - INFO - HTTP Request: HEAD https://hf-mirror.com/BAAI/bge-large-zh-v1.5/resolve/main/1_Pooling/config.json "HTTP/1.1 307 Temporary Redirect"
2026-04-26 17:31:56,716 - INFO - HTTP Request: HEAD https://hf-mirror.com/api/resolve-cache/models/BAAI/bge-large-zh-v1.5/79e7739b6ab944e86d6171e44d24c997fc1e0116/1_Pooling%2Fconfig.json "HTTP/1.1 200 OK"
2026-04-26 17:31:56,823 - INFO - HTTP Request: GET https://hf-mirror.com/api/models/BAAI/bge-large-zh-v1.5 "HTTP/1.1 200 OK"
2026-04-26 17:31:58,048 - INFO - 📐 动态设定 HDBSCAN 最小聚类体积: 130
2026-04-26 17:31:58,048 - INFO - 🚀 阶段0：预计算文档完整语义 Embedding...
2026-04-26 17:38:08,269 - INFO - 🚀 阶段1：开始执行 Guided BERTopic 聚类...
2026-04-26 17:38:49,985 - INFO - 📊 初始主题数: 28 个
2026-04-26 17:38:49,986 - INFO - 🔄 阶段2.2：执行离群点归队回收（阈值 0.5，适中偏宽松）...
2026-04-26 17:38:51,812 - INFO - 🎯 阶段3：弱主题处理（置信度<0.5→尝试合并，相似度>0.3 才合并，否则噪声）...
2026-04-26 17:38:51,859 - INFO -    🔗 计划合并弱主题 T1 -> T11 (相似度: 0.429)
2026-04-26 17:38:51,920 - INFO -    🔗 计划合并弱主题 T2 -> T3 (相似度: 0.471)
2026-04-26 17:38:51,982 - INFO -    🔗 计划合并弱主题 T9 -> T7 (相似度: 0.454)
2026-04-26 17:38:52,135 - INFO -    🔗 计划合并弱主题 T10 -> T18 (相似度: 0.519)
2026-04-26 17:38:52,180 - INFO -    🔗 计划合并弱主题 T20 -> T11 (相似度: 0.334)
2026-04-26 17:38:52,285 - INFO -    🔗 计划合并弱主题 T24 -> T17 (相似度: 0.433)
2026-04-26 17:38:52,285 - INFO -    执行最终合并，共涉及 5 组聚类操作...
2026-04-26 17:38:54,224 - INFO - 📊 训练完成，总耗时: 416.18秒
2026-04-26 17:38:54,225 - INFO - 📈 正在评估聚类质量...
2026-04-26 17:38:54,233 - INFO - 💾 阶段5：正在保存完整结果...
2026-04-26 17:38:54,617 - INFO - ✅ 处理全流程结束，所有文件均已输出至：E:\document\PG\studio\content\bertopic_results_optimized
2026-04-26 17:38:54,617 - INFO - 🎉 全部流程执行完毕！
2026-04-26 17:40:57,296 - INFO - 📂 正在加载数据: E:\document\PG\studio\content\bertopic_ready_data\bertopic_train_data.csv
2026-04-26 17:40:57,590 - INFO - 📊 原始有效数据量: 18255 条
2026-04-26 17:40:57,632 - INFO - 🔧 初始化 BERTopic 流水线...
2026-04-26 17:40:57,651 - INFO - 🤖 使用设备: cuda
2026-04-26 17:40:57,654 - INFO - Load pretrained SentenceTransformer: BAAI/bge-large-zh-v1.5
2026-04-26 17:40:58,144 - INFO - HTTP Request: HEAD https://hf-mirror.com/BAAI/bge-large-zh-v1.5/resolve/main/modules.json "HTTP/1.1 307 Temporary Redirect"
2026-04-26 17:40:58,242 - INFO - HTTP Request: HEAD https://hf-mirror.com/api/resolve-cache/models/BAAI/bge-large-zh-v1.5/79e7739b6ab944e86d6171e44d24c997fc1e0116/modules.json "HTTP/1.1 200 OK"
2026-04-26 17:40:58,538 - INFO - HTTP Request: HEAD https://hf-mirror.com/BAAI/bge-large-zh-v1.5/resolve/main/config_sentence_transformers.json "HTTP/1.1 307 Temporary Redirect"
2026-04-26 17:40:58,811 - INFO - HTTP Request: HEAD https://hf-mirror.com/api/resolve-cache/models/BAAI/bge-large-zh-v1.5/79e7739b6ab944e86d6171e44d24c997fc1e0116/config_sentence_transformers.json "HTTP/1.1 200 OK"
2026-04-26 17:40:59,117 - INFO - HTTP Request: HEAD https://hf-mirror.com/BAAI/bge-large-zh-v1.5/resolve/main/config_sentence_transformers.json "HTTP/1.1 307 Temporary Redirect"
2026-04-26 17:40:59,320 - INFO - HTTP Request: HEAD https://hf-mirror.com/api/resolve-cache/models/BAAI/bge-large-zh-v1.5/79e7739b6ab944e86d6171e44d24c997fc1e0116/config_sentence_transformers.json "HTTP/1.1 200 OK"
2026-04-26 17:40:59,619 - INFO - HTTP Request: HEAD https://hf-mirror.com/BAAI/bge-large-zh-v1.5/resolve/main/README.md "HTTP/1.1 307 Temporary Redirect"
2026-04-26 17:40:59,721 - INFO - HTTP Request: HEAD https://hf-mirror.com/api/resolve-cache/models/BAAI/bge-large-zh-v1.5/79e7739b6ab944e86d6171e44d24c997fc1e0116/README.md "HTTP/1.1 200 OK"
2026-04-26 17:41:00,023 - INFO - HTTP Request: HEAD https://hf-mirror.com/BAAI/bge-large-zh-v1.5/resolve/main/modules.json "HTTP/1.1 307 Temporary Redirect"
2026-04-26 17:41:00,345 - INFO - HTTP Request: HEAD https://hf-mirror.com/api/resolve-cache/models/BAAI/bge-large-zh-v1.5/79e7739b6ab944e86d6171e44d24c997fc1e0116/modules.json "HTTP/1.1 200 OK"
2026-04-26 17:41:00,652 - INFO - HTTP Request: HEAD https://hf-mirror.com/BAAI/bge-large-zh-v1.5/resolve/main/sentence_bert_config.json "HTTP/1.1 307 Temporary Redirect"
2026-04-26 17:41:00,759 - INFO - HTTP Request: HEAD https://hf-mirror.com/api/resolve-cache/models/BAAI/bge-large-zh-v1.5/79e7739b6ab944e86d6171e44d24c997fc1e0116/sentence_bert_config.json "HTTP/1.1 200 OK"
2026-04-26 17:41:01,076 - INFO - HTTP Request: HEAD https://hf-mirror.com/BAAI/bge-large-zh-v1.5/resolve/main/adapter_config.json "HTTP/1.1 404 Not Found"
2026-04-26 17:41:01,406 - INFO - HTTP Request: HEAD https://hf-mirror.com/BAAI/bge-large-zh-v1.5/resolve/main/config.json "HTTP/1.1 307 Temporary Redirect"
2026-04-26 17:41:01,573 - INFO - HTTP Request: HEAD https://hf-mirror.com/api/resolve-cache/models/BAAI/bge-large-zh-v1.5/79e7739b6ab944e86d6171e44d24c997fc1e0116/config.json "HTTP/1.1 200 OK"
2026-04-26 17:41:01,888 - INFO - HTTP Request: HEAD https://hf-mirror.com/BAAI/bge-large-zh-v1.5/resolve/main/config.json "HTTP/1.1 307 Temporary Redirect"
2026-04-26 17:41:02,011 - INFO - HTTP Request: HEAD https://hf-mirror.com/api/resolve-cache/models/BAAI/bge-large-zh-v1.5/79e7739b6ab944e86d6171e44d24c997fc1e0116/config.json "HTTP/1.1 200 OK"
2026-04-26 17:41:02,366 - INFO - HTTP Request: HEAD https://hf-mirror.com/BAAI/bge-large-zh-v1.5/resolve/main/model.safetensors "HTTP/1.1 404 Not Found"
2026-04-26 17:41:02,479 - INFO - HTTP Request: GET https://hf-mirror.com/api/models/BAAI/bge-large-zh-v1.5 "HTTP/1.1 200 OK"
2026-04-26 17:41:02,611 - INFO - HTTP Request: GET https://hf-mirror.com/api/models/BAAI/bge-large-zh-v1.5/commits/main "HTTP/1.1 200 OK"
2026-04-26 17:41:02,750 - INFO - HTTP Request: GET https://hf-mirror.com/api/models/BAAI/bge-large-zh-v1.5/discussions?p=0 "HTTP/1.1 200 OK"
2026-04-26 17:41:02,845 - INFO - HTTP Request: GET https://hf-mirror.com/api/models/BAAI/bge-large-zh-v1.5/commits/refs%2Fpr%2F35 "HTTP/1.1 200 OK"
2026-04-26 17:41:03,051 - INFO - HTTP Request: HEAD https://hf-mirror.com/BAAI/bge-large-zh-v1.5/resolve/main/config.json "HTTP/1.1 307 Temporary Redirect"
2026-04-26 17:41:03,158 - INFO - HTTP Request: HEAD https://hf-mirror.com/BAAI/bge-large-zh-v1.5/resolve/refs%2Fpr%2F35/model.safetensors.index.json "HTTP/1.1 404 Not Found"
2026-04-26 17:41:03,160 - INFO - HTTP Request: HEAD https://hf-mirror.com/api/resolve-cache/models/BAAI/bge-large-zh-v1.5/79e7739b6ab944e86d6171e44d24c997fc1e0116/config.json "HTTP/1.1 200 OK"
2026-04-26 17:41:03,470 - INFO - HTTP Request: HEAD https://hf-mirror.com/BAAI/bge-large-zh-v1.5/resolve/refs%2Fpr%2F35/model.safetensors "HTTP/1.1 302 Found"
2026-04-26 17:41:03,472 - INFO - HTTP Request: HEAD https://hf-mirror.com/BAAI/bge-large-zh-v1.5/resolve/main/tokenizer_config.json "HTTP/1.1 307 Temporary Redirect"
2026-04-26 17:41:03,570 - INFO - HTTP Request: HEAD https://hf-mirror.com/api/resolve-cache/models/BAAI/bge-large-zh-v1.5/79e7739b6ab944e86d6171e44d24c997fc1e0116/tokenizer_config.json "HTTP/1.1 200 OK"
2026-04-26 17:41:03,665 - INFO - HTTP Request: GET https://hf-mirror.com/api/models/BAAI/bge-large-zh-v1.5/tree/main/additional_chat_templates?recursive=false&expand=false "HTTP/1.1 404 Not Found"
2026-04-26 17:41:03,759 - INFO - HTTP Request: GET https://hf-mirror.com/api/models/BAAI/bge-large-zh-v1.5/tree/main?recursive=true&expand=false "HTTP/1.1 200 OK"
2026-04-26 17:41:04,068 - INFO - HTTP Request: HEAD https://hf-mirror.com/BAAI/bge-large-zh-v1.5/resolve/main/1_Pooling/config.json "HTTP/1.1 307 Temporary Redirect"
2026-04-26 17:41:04,281 - INFO - HTTP Request: HEAD https://hf-mirror.com/api/resolve-cache/models/BAAI/bge-large-zh-v1.5/79e7739b6ab944e86d6171e44d24c997fc1e0116/1_Pooling%2Fconfig.json "HTTP/1.1 200 OK"
2026-04-26 17:41:04,380 - INFO - HTTP Request: GET https://hf-mirror.com/api/models/BAAI/bge-large-zh-v1.5 "HTTP/1.1 200 OK"
2026-04-26 17:41:05,153 - INFO - 📐 动态设定 HDBSCAN 最小聚类体积: 130
2026-04-26 17:41:05,153 - INFO - 🚀 阶段0：预计算文档完整语义 Embedding...
2026-04-26 17:47:15,892 - INFO - 🚀 阶段1：开始执行 Guided BERTopic 聚类...
2026-04-26 17:48:00,774 - INFO - 📊 初始主题数: 28 个
2026-04-26 17:48:00,775 - INFO - 🔄 阶段2.2：执行离群点归队回收（阈值 0.5，适中偏宽松）...
2026-04-26 17:48:02,641 - INFO - 🎯 阶段3：弱主题处理（置信度<0.2→尝试合并，相似度>0.3 才合并，否则噪声）...
2026-04-26 17:48:02,641 - INFO - 📊 训练完成，总耗时: 417.49秒
2026-04-26 17:48:02,642 - INFO - 📈 正在评估聚类质量...
2026-04-26 17:48:02,653 - INFO - 💾 阶段5：正在保存完整结果...
2026-04-26 17:48:03,062 - INFO - ✅ 处理全流程结束，所有文件均已输出至：E:\document\PG\studio\content\bertopic_results_optimized
2026-04-26 17:48:03,062 - INFO - 🎉 全部流程执行完毕！
2026-04-26 17:49:25,503 - INFO - 📂 正在加载数据: E:\document\PG\studio\content\bertopic_ready_data\bertopic_train_data.csv
2026-04-26 17:49:25,799 - INFO - 📊 原始有效数据量: 18255 条
2026-04-26 17:49:25,841 - INFO - 🔧 初始化 BERTopic 流水线...
2026-04-26 17:49:25,857 - INFO - 🤖 使用设备: cuda
2026-04-26 17:49:25,859 - INFO - Load pretrained SentenceTransformer: BAAI/bge-large-zh-v1.5
2026-04-26 17:49:26,632 - INFO - HTTP Request: HEAD https://hf-mirror.com/BAAI/bge-large-zh-v1.5/resolve/main/modules.json "HTTP/1.1 307 Temporary Redirect"
2026-04-26 17:49:26,825 - INFO - HTTP Request: HEAD https://hf-mirror.com/api/resolve-cache/models/BAAI/bge-large-zh-v1.5/79e7739b6ab944e86d6171e44d24c997fc1e0116/modules.json "HTTP/1.1 200 OK"
2026-04-26 17:49:27,132 - INFO - HTTP Request: HEAD https://hf-mirror.com/BAAI/bge-large-zh-v1.5/resolve/main/config_sentence_transformers.json "HTTP/1.1 307 Temporary Redirect"
2026-04-26 17:49:27,264 - INFO - HTTP Request: HEAD https://hf-mirror.com/api/resolve-cache/models/BAAI/bge-large-zh-v1.5/79e7739b6ab944e86d6171e44d24c997fc1e0116/config_sentence_transformers.json "HTTP/1.1 200 OK"
2026-04-26 17:49:27,647 - INFO - HTTP Request: HEAD https://hf-mirror.com/BAAI/bge-large-zh-v1.5/resolve/main/config_sentence_transformers.json "HTTP/1.1 307 Temporary Redirect"
2026-04-26 17:49:28,053 - INFO - HTTP Request: HEAD https://hf-mirror.com/api/resolve-cache/models/BAAI/bge-large-zh-v1.5/79e7739b6ab944e86d6171e44d24c997fc1e0116/config_sentence_transformers.json "HTTP/1.1 200 OK"
2026-04-26 17:49:28,361 - INFO - HTTP Request: HEAD https://hf-mirror.com/BAAI/bge-large-zh-v1.5/resolve/main/README.md "HTTP/1.1 307 Temporary Redirect"
2026-04-26 17:49:28,463 - INFO - HTTP Request: HEAD https://hf-mirror.com/api/resolve-cache/models/BAAI/bge-large-zh-v1.5/79e7739b6ab944e86d6171e44d24c997fc1e0116/README.md "HTTP/1.1 200 OK"
2026-04-26 17:49:28,872 - INFO - HTTP Request: HEAD https://hf-mirror.com/BAAI/bge-large-zh-v1.5/resolve/main/modules.json "HTTP/1.1 307 Temporary Redirect"
2026-04-26 17:49:29,182 - INFO - HTTP Request: HEAD https://hf-mirror.com/api/resolve-cache/models/BAAI/bge-large-zh-v1.5/79e7739b6ab944e86d6171e44d24c997fc1e0116/modules.json "HTTP/1.1 200 OK"
2026-04-26 17:49:29,487 - INFO - HTTP Request: HEAD https://hf-mirror.com/BAAI/bge-large-zh-v1.5/resolve/main/sentence_bert_config.json "HTTP/1.1 307 Temporary Redirect"
2026-04-26 17:49:29,619 - INFO - HTTP Request: HEAD https://hf-mirror.com/api/resolve-cache/models/BAAI/bge-large-zh-v1.5/79e7739b6ab944e86d6171e44d24c997fc1e0116/sentence_bert_config.json "HTTP/1.1 200 OK"
2026-04-26 17:49:29,999 - INFO - HTTP Request: HEAD https://hf-mirror.com/BAAI/bge-large-zh-v1.5/resolve/main/adapter_config.json "HTTP/1.1 404 Not Found"
2026-04-26 17:49:30,278 - INFO - HTTP Request: HEAD https://hf-mirror.com/BAAI/bge-large-zh-v1.5/resolve/main/config.json "HTTP/1.1 307 Temporary Redirect"
2026-04-26 17:49:30,409 - INFO - HTTP Request: HEAD https://hf-mirror.com/api/resolve-cache/models/BAAI/bge-large-zh-v1.5/79e7739b6ab944e86d6171e44d24c997fc1e0116/config.json "HTTP/1.1 200 OK"
2026-04-26 17:49:30,832 - INFO - HTTP Request: HEAD https://hf-mirror.com/BAAI/bge-large-zh-v1.5/resolve/main/config.json "HTTP/1.1 307 Temporary Redirect"
2026-04-26 17:49:31,023 - INFO - HTTP Request: HEAD https://hf-mirror.com/api/resolve-cache/models/BAAI/bge-large-zh-v1.5/79e7739b6ab944e86d6171e44d24c997fc1e0116/config.json "HTTP/1.1 200 OK"
2026-04-26 17:49:31,393 - INFO - HTTP Request: HEAD https://hf-mirror.com/BAAI/bge-large-zh-v1.5/resolve/main/model.safetensors "HTTP/1.1 404 Not Found"
2026-04-26 17:49:31,511 - INFO - HTTP Request: GET https://hf-mirror.com/api/models/BAAI/bge-large-zh-v1.5 "HTTP/1.1 200 OK"
2026-04-26 17:49:31,616 - INFO - HTTP Request: GET https://hf-mirror.com/api/models/BAAI/bge-large-zh-v1.5/commits/main "HTTP/1.1 200 OK"
2026-04-26 17:49:31,741 - INFO - HTTP Request: GET https://hf-mirror.com/api/models/BAAI/bge-large-zh-v1.5/discussions?p=0 "HTTP/1.1 200 OK"
2026-04-26 17:49:31,881 - INFO - HTTP Request: GET https://hf-mirror.com/api/models/BAAI/bge-large-zh-v1.5/commits/refs%2Fpr%2F35 "HTTP/1.1 200 OK"
2026-04-26 17:49:32,047 - INFO - HTTP Request: HEAD https://hf-mirror.com/BAAI/bge-large-zh-v1.5/resolve/main/config.json "HTTP/1.1 307 Temporary Redirect"
2026-04-26 17:49:32,182 - INFO - HTTP Request: HEAD https://hf-mirror.com/BAAI/bge-large-zh-v1.5/resolve/refs%2Fpr%2F35/model.safetensors.index.json "HTTP/1.1 404 Not Found"
2026-04-26 17:49:32,354 - INFO - HTTP Request: HEAD https://hf-mirror.com/api/resolve-cache/models/BAAI/bge-large-zh-v1.5/79e7739b6ab944e86d6171e44d24c997fc1e0116/config.json "HTTP/1.1 200 OK"
2026-04-26 17:49:32,564 - INFO - HTTP Request: HEAD https://hf-mirror.com/BAAI/bge-large-zh-v1.5/resolve/refs%2Fpr%2F35/model.safetensors "HTTP/1.1 302 Found"
2026-04-26 17:49:32,709 - INFO - HTTP Request: HEAD https://hf-mirror.com/BAAI/bge-large-zh-v1.5/resolve/main/tokenizer_config.json "HTTP/1.1 307 Temporary Redirect"
2026-04-26 17:49:32,866 - INFO - HTTP Request: HEAD https://hf-mirror.com/api/resolve-cache/models/BAAI/bge-large-zh-v1.5/79e7739b6ab944e86d6171e44d24c997fc1e0116/tokenizer_config.json "HTTP/1.1 200 OK"
2026-04-26 17:49:33,071 - INFO - HTTP Request: GET https://hf-mirror.com/api/models/BAAI/bge-large-zh-v1.5/tree/main/additional_chat_templates?recursive=false&expand=false "HTTP/1.1 404 Not Found"
2026-04-26 17:49:33,241 - INFO - HTTP Request: GET https://hf-mirror.com/api/models/BAAI/bge-large-zh-v1.5/tree/main?recursive=true&expand=false "HTTP/1.1 200 OK"
2026-04-26 17:49:33,547 - INFO - HTTP Request: HEAD https://hf-mirror.com/BAAI/bge-large-zh-v1.5/resolve/main/1_Pooling/config.json "HTTP/1.1 307 Temporary Redirect"
2026-04-26 17:49:33,648 - INFO - HTTP Request: HEAD https://hf-mirror.com/api/resolve-cache/models/BAAI/bge-large-zh-v1.5/79e7739b6ab944e86d6171e44d24c997fc1e0116/1_Pooling%2Fconfig.json "HTTP/1.1 200 OK"
2026-04-26 17:49:33,770 - INFO - HTTP Request: GET https://hf-mirror.com/api/models/BAAI/bge-large-zh-v1.5 "HTTP/1.1 200 OK"
2026-04-26 17:49:34,544 - INFO - 📐 动态设定 HDBSCAN 最小聚类体积: 130
2026-04-26 17:49:34,545 - INFO - 🚀 阶段0：预计算文档完整语义 Embedding...
2026-04-26 17:55:46,012 - INFO - 🚀 阶段1：开始执行 Guided BERTopic 聚类...
2026-04-26 17:56:37,046 - INFO - 📊 初始主题数: 28 个
2026-04-26 17:56:37,046 - INFO - 🔄 阶段2.2：执行离群点归队回收（阈值 0.5，适中偏宽松）...
2026-04-26 17:56:39,286 - INFO - 🎯 阶段3：弱主题处理（置信度<0.4→尝试合并，相似度>0.3 才合并，否则噪声）...
2026-04-26 17:56:39,347 - INFO -    🔗 计划合并弱主题 T1 -> T11 (相似度: 0.429)
2026-04-26 17:56:39,543 - INFO -    🔗 计划合并弱主题 T10 -> T18 (相似度: 0.519)
2026-04-26 17:56:39,605 - INFO -    🔗 计划合并弱主题 T20 -> T11 (相似度: 0.334)
2026-04-26 17:56:39,748 - INFO -    🔗 计划合并弱主题 T24 -> T17 (相似度: 0.433)
2026-04-26 17:56:39,748 - INFO -    执行最终合并，共涉及 3 组聚类操作...
2026-04-26 17:56:42,164 - INFO - 📊 训练完成，总耗时: 427.62秒
2026-04-26 17:56:42,164 - INFO - 📈 正在评估聚类质量...
2026-04-26 17:56:42,174 - INFO - 💾 阶段5：正在保存完整结果...
2026-04-26 17:56:42,668 - INFO - ✅ 处理全流程结束，所有文件均已输出至：E:\document\PG\studio\content\bertopic_results_optimized
2026-04-26 17:56:42,668 - INFO - 🎉 全部流程执行完毕！
2026-04-26 17:57:51,818 - INFO - 📂 正在加载数据: E:\document\PG\studio\content\bertopic_ready_data\bertopic_train_data.csv
2026-04-26 17:57:52,110 - INFO - 📊 原始有效数据量: 18255 条
2026-04-26 17:57:52,154 - INFO - 🔧 初始化 BERTopic 流水线...
2026-04-26 17:57:52,171 - INFO - 🤖 使用设备: cuda
2026-04-26 17:57:52,173 - INFO - Load pretrained SentenceTransformer: BAAI/bge-large-zh-v1.5
2026-04-26 17:57:52,800 - INFO - HTTP Request: HEAD https://hf-mirror.com/BAAI/bge-large-zh-v1.5/resolve/main/modules.json "HTTP/1.1 307 Temporary Redirect"
2026-04-26 17:57:53,007 - INFO - HTTP Request: HEAD https://hf-mirror.com/api/resolve-cache/models/BAAI/bge-large-zh-v1.5/79e7739b6ab944e86d6171e44d24c997fc1e0116/modules.json "HTTP/1.1 200 OK"
2026-04-26 17:57:53,304 - INFO - HTTP Request: HEAD https://hf-mirror.com/BAAI/bge-large-zh-v1.5/resolve/main/config_sentence_transformers.json "HTTP/1.1 307 Temporary Redirect"
2026-04-26 17:57:53,407 - INFO - HTTP Request: HEAD https://hf-mirror.com/api/resolve-cache/models/BAAI/bge-large-zh-v1.5/79e7739b6ab944e86d6171e44d24c997fc1e0116/config_sentence_transformers.json "HTTP/1.1 200 OK"
2026-04-26 17:57:53,825 - INFO - HTTP Request: HEAD https://hf-mirror.com/BAAI/bge-large-zh-v1.5/resolve/main/config_sentence_transformers.json "HTTP/1.1 307 Temporary Redirect"
2026-04-26 17:57:53,938 - INFO - HTTP Request: HEAD https://hf-mirror.com/api/resolve-cache/models/BAAI/bge-large-zh-v1.5/79e7739b6ab944e86d6171e44d24c997fc1e0116/config_sentence_transformers.json "HTTP/1.1 200 OK"
2026-04-26 17:57:54,233 - INFO - HTTP Request: HEAD https://hf-mirror.com/BAAI/bge-large-zh-v1.5/resolve/main/README.md "HTTP/1.1 307 Temporary Redirect"
2026-04-26 17:57:54,343 - INFO - HTTP Request: HEAD https://hf-mirror.com/api/resolve-cache/models/BAAI/bge-large-zh-v1.5/79e7739b6ab944e86d6171e44d24c997fc1e0116/README.md "HTTP/1.1 200 OK"
2026-04-26 17:57:54,738 - INFO - HTTP Request: HEAD https://hf-mirror.com/BAAI/bge-large-zh-v1.5/resolve/main/modules.json "HTTP/1.1 307 Temporary Redirect"
2026-04-26 17:57:54,943 - INFO - HTTP Request: HEAD https://hf-mirror.com/api/resolve-cache/models/BAAI/bge-large-zh-v1.5/79e7739b6ab944e86d6171e44d24c997fc1e0116/modules.json "HTTP/1.1 200 OK"
2026-04-26 17:57:55,251 - INFO - HTTP Request: HEAD https://hf-mirror.com/BAAI/bge-large-zh-v1.5/resolve/main/sentence_bert_config.json "HTTP/1.1 307 Temporary Redirect"
2026-04-26 17:57:55,364 - INFO - HTTP Request: HEAD https://hf-mirror.com/api/resolve-cache/models/BAAI/bge-large-zh-v1.5/79e7739b6ab944e86d6171e44d24c997fc1e0116/sentence_bert_config.json "HTTP/1.1 200 OK"
2026-04-26 17:57:55,762 - INFO - HTTP Request: HEAD https://hf-mirror.com/BAAI/bge-large-zh-v1.5/resolve/main/adapter_config.json "HTTP/1.1 404 Not Found"
2026-04-26 17:57:56,067 - INFO - HTTP Request: HEAD https://hf-mirror.com/BAAI/bge-large-zh-v1.5/resolve/main/config.json "HTTP/1.1 307 Temporary Redirect"
2026-04-26 17:57:56,179 - INFO - HTTP Request: HEAD https://hf-mirror.com/api/resolve-cache/models/BAAI/bge-large-zh-v1.5/79e7739b6ab944e86d6171e44d24c997fc1e0116/config.json "HTTP/1.1 200 OK"
2026-04-26 17:57:56,580 - INFO - HTTP Request: HEAD https://hf-mirror.com/BAAI/bge-large-zh-v1.5/resolve/main/config.json "HTTP/1.1 307 Temporary Redirect"
2026-04-26 17:57:56,775 - INFO - HTTP Request: HEAD https://hf-mirror.com/api/resolve-cache/models/BAAI/bge-large-zh-v1.5/79e7739b6ab944e86d6171e44d24c997fc1e0116/config.json "HTTP/1.1 200 OK"
2026-04-26 17:57:57,093 - INFO - HTTP Request: HEAD https://hf-mirror.com/BAAI/bge-large-zh-v1.5/resolve/main/model.safetensors "HTTP/1.1 404 Not Found"
2026-04-26 17:57:57,230 - INFO - HTTP Request: GET https://hf-mirror.com/api/models/BAAI/bge-large-zh-v1.5 "HTTP/1.1 200 OK"
2026-04-26 17:57:57,416 - INFO - HTTP Request: GET https://hf-mirror.com/api/models/BAAI/bge-large-zh-v1.5/commits/main "HTTP/1.1 200 OK"
2026-04-26 17:57:57,620 - INFO - HTTP Request: GET https://hf-mirror.com/api/models/BAAI/bge-large-zh-v1.5/discussions?p=0 "HTTP/1.1 200 OK"
2026-04-26 17:57:57,764 - INFO - HTTP Request: HEAD https://hf-mirror.com/BAAI/bge-large-zh-v1.5/resolve/main/config.json "HTTP/1.1 307 Temporary Redirect"
2026-04-26 17:57:57,774 - INFO - HTTP Request: GET https://hf-mirror.com/api/models/BAAI/bge-large-zh-v1.5/commits/refs%2Fpr%2F35 "HTTP/1.1 200 OK"
2026-04-26 17:57:57,912 - INFO - HTTP Request: HEAD https://hf-mirror.com/api/resolve-cache/models/BAAI/bge-large-zh-v1.5/79e7739b6ab944e86d6171e44d24c997fc1e0116/config.json "HTTP/1.1 200 OK"
2026-04-26 17:57:58,091 - INFO - HTTP Request: HEAD https://hf-mirror.com/BAAI/bge-large-zh-v1.5/resolve/refs%2Fpr%2F35/model.safetensors.index.json "HTTP/1.1 404 Not Found"
2026-04-26 17:57:58,322 - INFO - HTTP Request: HEAD https://hf-mirror.com/BAAI/bge-large-zh-v1.5/resolve/main/tokenizer_config.json "HTTP/1.1 307 Temporary Redirect"
2026-04-26 17:57:58,375 - INFO - HTTP Request: HEAD https://hf-mirror.com/BAAI/bge-large-zh-v1.5/resolve/refs%2Fpr%2F35/model.safetensors "HTTP/1.1 302 Found"
2026-04-26 17:57:58,527 - INFO - HTTP Request: HEAD https://hf-mirror.com/api/resolve-cache/models/BAAI/bge-large-zh-v1.5/79e7739b6ab944e86d6171e44d24c997fc1e0116/tokenizer_config.json "HTTP/1.1 200 OK"
2026-04-26 17:57:58,731 - INFO - HTTP Request: GET https://hf-mirror.com/api/models/BAAI/bge-large-zh-v1.5/tree/main/additional_chat_templates?recursive=false&expand=false "HTTP/1.1 404 Not Found"
2026-04-26 17:57:58,938 - INFO - HTTP Request: GET https://hf-mirror.com/api/models/BAAI/bge-large-zh-v1.5/tree/main?recursive=true&expand=false "HTTP/1.1 200 OK"
2026-04-26 17:57:59,346 - INFO - HTTP Request: HEAD https://hf-mirror.com/BAAI/bge-large-zh-v1.5/resolve/main/1_Pooling/config.json "HTTP/1.1 307 Temporary Redirect"
2026-04-26 17:57:59,568 - INFO - HTTP Request: HEAD https://hf-mirror.com/api/resolve-cache/models/BAAI/bge-large-zh-v1.5/79e7739b6ab944e86d6171e44d24c997fc1e0116/1_Pooling%2Fconfig.json "HTTP/1.1 200 OK"
2026-04-26 17:57:59,756 - INFO - HTTP Request: GET https://hf-mirror.com/api/models/BAAI/bge-large-zh-v1.5 "HTTP/1.1 200 OK"
2026-04-26 17:58:00,548 - INFO - 📐 动态设定 HDBSCAN 最小聚类体积: 130
2026-04-26 17:58:00,549 - INFO - 🚀 阶段0：预计算文档完整语义 Embedding...
2026-04-26 18:04:11,052 - INFO - 🚀 阶段1：开始执行 Guided BERTopic 聚类...
2026-04-26 18:04:53,778 - INFO - 📊 初始主题数: 28 个
2026-04-26 18:04:53,778 - INFO - 🔄 阶段2.2：执行离群点归队回收（阈值 0.5，适中偏宽松）...
2026-04-26 18:04:55,722 - INFO - 🎯 阶段3：弱主题处理（置信度<0.35→尝试合并，相似度>0.3 才合并，否则噪声）...
2026-04-26 18:04:55,722 - INFO - 📊 训练完成，总耗时: 415.17秒
2026-04-26 18:04:55,722 - INFO - 📈 正在评估聚类质量...
2026-04-26 18:04:55,728 - INFO - 💾 阶段5：正在保存完整结果...
2026-04-26 18:04:56,125 - INFO - ✅ 处理全流程结束，所有文件均已输出至：E:\document\PG\studio\content\bertopic_results_optimized
2026-04-26 18:04:56,125 - INFO - 🎉 全部流程执行完毕！
2026-04-26 18:06:01,916 - INFO - 📂 正在加载数据: E:\document\PG\studio\content\bertopic_ready_data\bertopic_train_data.csv
2026-04-26 18:06:02,232 - INFO - 📊 原始有效数据量: 18255 条
2026-04-26 18:06:02,279 - INFO - 🔧 初始化 BERTopic 流水线...
2026-04-26 18:06:02,296 - INFO - 🤖 使用设备: cuda
2026-04-26 18:06:02,298 - INFO - Load pretrained SentenceTransformer: BAAI/bge-large-zh-v1.5
2026-04-26 18:06:02,840 - INFO - HTTP Request: HEAD https://hf-mirror.com/BAAI/bge-large-zh-v1.5/resolve/main/modules.json "HTTP/1.1 307 Temporary Redirect"
2026-04-26 18:06:02,943 - INFO - HTTP Request: HEAD https://hf-mirror.com/api/resolve-cache/models/BAAI/bge-large-zh-v1.5/79e7739b6ab944e86d6171e44d24c997fc1e0116/modules.json "HTTP/1.1 200 OK"
2026-04-26 18:06:03,266 - INFO - HTTP Request: HEAD https://hf-mirror.com/BAAI/bge-large-zh-v1.5/resolve/main/config_sentence_transformers.json "HTTP/1.1 307 Temporary Redirect"
2026-04-26 18:06:03,393 - INFO - HTTP Request: HEAD https://hf-mirror.com/api/resolve-cache/models/BAAI/bge-large-zh-v1.5/79e7739b6ab944e86d6171e44d24c997fc1e0116/config_sentence_transformers.json "HTTP/1.1 200 OK"
2026-04-26 18:06:03,790 - INFO - HTTP Request: HEAD https://hf-mirror.com/BAAI/bge-large-zh-v1.5/resolve/main/config_sentence_transformers.json "HTTP/1.1 307 Temporary Redirect"
2026-04-26 18:06:03,910 - INFO - HTTP Request: HEAD https://hf-mirror.com/api/resolve-cache/models/BAAI/bge-large-zh-v1.5/79e7739b6ab944e86d6171e44d24c997fc1e0116/config_sentence_transformers.json "HTTP/1.1 200 OK"
2026-04-26 18:06:04,236 - INFO - HTTP Request: HEAD https://hf-mirror.com/BAAI/bge-large-zh-v1.5/resolve/main/README.md "HTTP/1.1 307 Temporary Redirect"
2026-04-26 18:06:04,533 - INFO - HTTP Request: HEAD https://hf-mirror.com/api/resolve-cache/models/BAAI/bge-large-zh-v1.5/79e7739b6ab944e86d6171e44d24c997fc1e0116/README.md "HTTP/1.1 200 OK"
2026-04-26 18:06:04,872 - INFO - HTTP Request: HEAD https://hf-mirror.com/BAAI/bge-large-zh-v1.5/resolve/main/modules.json "HTTP/1.1 307 Temporary Redirect"
2026-04-26 18:06:04,973 - INFO - HTTP Request: HEAD https://hf-mirror.com/api/resolve-cache/models/BAAI/bge-large-zh-v1.5/79e7739b6ab944e86d6171e44d24c997fc1e0116/modules.json "HTTP/1.1 200 OK"
2026-04-26 18:06:05,260 - INFO - HTTP Request: HEAD https://hf-mirror.com/BAAI/bge-large-zh-v1.5/resolve/main/sentence_bert_config.json "HTTP/1.1 307 Temporary Redirect"
2026-04-26 18:06:05,352 - INFO - HTTP Request: HEAD https://hf-mirror.com/api/resolve-cache/models/BAAI/bge-large-zh-v1.5/79e7739b6ab944e86d6171e44d24c997fc1e0116/sentence_bert_config.json "HTTP/1.1 200 OK"
2026-04-26 18:06:05,639 - INFO - HTTP Request: HEAD https://hf-mirror.com/BAAI/bge-large-zh-v1.5/resolve/main/adapter_config.json "HTTP/1.1 404 Not Found"
2026-04-26 18:06:05,929 - INFO - HTTP Request: HEAD https://hf-mirror.com/BAAI/bge-large-zh-v1.5/resolve/main/config.json "HTTP/1.1 307 Temporary Redirect"
2026-04-26 18:06:06,045 - INFO - HTTP Request: HEAD https://hf-mirror.com/api/resolve-cache/models/BAAI/bge-large-zh-v1.5/79e7739b6ab944e86d6171e44d24c997fc1e0116/config.json "HTTP/1.1 200 OK"
2026-04-26 18:06:06,370 - INFO - HTTP Request: HEAD https://hf-mirror.com/BAAI/bge-large-zh-v1.5/resolve/main/config.json "HTTP/1.1 307 Temporary Redirect"
2026-04-26 18:06:06,556 - INFO - HTTP Request: HEAD https://hf-mirror.com/api/resolve-cache/models/BAAI/bge-large-zh-v1.5/79e7739b6ab944e86d6171e44d24c997fc1e0116/config.json "HTTP/1.1 200 OK"
2026-04-26 18:06:06,991 - INFO - HTTP Request: HEAD https://hf-mirror.com/BAAI/bge-large-zh-v1.5/resolve/main/model.safetensors "HTTP/1.1 404 Not Found"
2026-04-26 18:06:07,112 - INFO - HTTP Request: GET https://hf-mirror.com/api/models/BAAI/bge-large-zh-v1.5 "HTTP/1.1 200 OK"
2026-04-26 18:06:07,298 - INFO - HTTP Request: GET https://hf-mirror.com/api/models/BAAI/bge-large-zh-v1.5/commits/main "HTTP/1.1 200 OK"
2026-04-26 18:06:07,406 - INFO - HTTP Request: GET https://hf-mirror.com/api/models/BAAI/bge-large-zh-v1.5/discussions?p=0 "HTTP/1.1 200 OK"
2026-04-26 18:06:07,509 - INFO - HTTP Request: GET https://hf-mirror.com/api/models/BAAI/bge-large-zh-v1.5/commits/refs%2Fpr%2F35 "HTTP/1.1 200 OK"
2026-04-26 18:06:07,701 - INFO - HTTP Request: HEAD https://hf-mirror.com/BAAI/bge-large-zh-v1.5/resolve/main/config.json "HTTP/1.1 307 Temporary Redirect"
2026-04-26 18:06:07,887 - INFO - HTTP Request: HEAD https://hf-mirror.com/BAAI/bge-large-zh-v1.5/resolve/refs%2Fpr%2F35/model.safetensors.index.json "HTTP/1.1 404 Not Found"
2026-04-26 18:06:08,009 - INFO - HTTP Request: HEAD https://hf-mirror.com/api/resolve-cache/models/BAAI/bge-large-zh-v1.5/79e7739b6ab944e86d6171e44d24c997fc1e0116/config.json "HTTP/1.1 200 OK"
2026-04-26 18:06:08,239 - INFO - HTTP Request: HEAD https://hf-mirror.com/BAAI/bge-large-zh-v1.5/resolve/refs%2Fpr%2F35/model.safetensors "HTTP/1.1 302 Found"
2026-04-26 18:06:08,426 - INFO - HTTP Request: HEAD https://hf-mirror.com/BAAI/bge-large-zh-v1.5/resolve/main/tokenizer_config.json "HTTP/1.1 307 Temporary Redirect"
2026-04-26 18:06:08,704 - INFO - HTTP Request: HEAD https://hf-mirror.com/api/resolve-cache/models/BAAI/bge-large-zh-v1.5/79e7739b6ab944e86d6171e44d24c997fc1e0116/tokenizer_config.json "HTTP/1.1 200 OK"
2026-04-26 18:06:08,843 - INFO - HTTP Request: GET https://hf-mirror.com/api/models/BAAI/bge-large-zh-v1.5/tree/main/additional_chat_templates?recursive=false&expand=false "HTTP/1.1 404 Not Found"
2026-04-26 18:06:09,003 - INFO - HTTP Request: GET https://hf-mirror.com/api/models/BAAI/bge-large-zh-v1.5/tree/main?recursive=true&expand=false "HTTP/1.1 200 OK"
2026-04-26 18:06:09,357 - INFO - HTTP Request: HEAD https://hf-mirror.com/BAAI/bge-large-zh-v1.5/resolve/main/1_Pooling/config.json "HTTP/1.1 307 Temporary Redirect"
2026-04-26 18:06:09,482 - INFO - HTTP Request: HEAD https://hf-mirror.com/api/resolve-cache/models/BAAI/bge-large-zh-v1.5/79e7739b6ab944e86d6171e44d24c997fc1e0116/1_Pooling%2Fconfig.json "HTTP/1.1 200 OK"
2026-04-26 18:06:09,580 - INFO - HTTP Request: GET https://hf-mirror.com/api/models/BAAI/bge-large-zh-v1.5 "HTTP/1.1 200 OK"
2026-04-26 18:06:10,364 - INFO - 📐 动态设定 HDBSCAN 最小聚类体积: 130
2026-04-26 18:06:10,365 - INFO - 🚀 阶段0：预计算文档完整语义 Embedding...
2026-04-26 18:12:21,367 - INFO - 🚀 阶段1：开始执行 Guided BERTopic 聚类...
2026-04-26 18:13:05,561 - INFO - 📊 初始主题数: 28 个
2026-04-26 18:13:05,561 - INFO - 🔄 阶段2.2：执行离群点归队回收（阈值 0.5，适中偏宽松）...
2026-04-26 18:13:07,616 - INFO - 🎯 阶段3：弱主题处理（置信度<0.3→尝试合并，相似度>0.3 才合并，否则噪声）...
2026-04-26 18:13:07,616 - INFO - 📊 训练完成，总耗时: 417.25秒
2026-04-26 18:13:07,616 - INFO - 📈 正在评估聚类质量...
2026-04-26 18:13:07,624 - INFO - 💾 阶段5：正在保存完整结果...
2026-04-26 18:13:08,071 - INFO - ✅ 处理全流程结束，所有文件均已输出至：E:\document\PG\studio\content\bertopic_results_optimized
2026-04-26 18:13:08,071 - INFO - 🎉 全部流程执行完毕！
2026-04-26 18:17:41,671 - INFO - 📂 正在加载数据: E:\document\PG\studio\content\bertopic_ready_data\bertopic_train_data.csv
2026-04-26 18:17:41,968 - INFO - 📊 原始有效数据量: 18255 条
2026-04-26 18:17:42,011 - INFO - 🔧 初始化 BERTopic 流水线...
2026-04-26 18:17:42,027 - INFO - 🤖 使用设备: cuda
2026-04-26 18:17:42,029 - INFO - Load pretrained SentenceTransformer: BAAI/bge-large-zh-v1.5
2026-04-26 18:17:42,609 - INFO - HTTP Request: HEAD https://hf-mirror.com/BAAI/bge-large-zh-v1.5/resolve/main/modules.json "HTTP/1.1 307 Temporary Redirect"
2026-04-26 18:17:42,712 - INFO - HTTP Request: HEAD https://hf-mirror.com/api/resolve-cache/models/BAAI/bge-large-zh-v1.5/79e7739b6ab944e86d6171e44d24c997fc1e0116/modules.json "HTTP/1.1 200 OK"
2026-04-26 18:17:43,027 - INFO - HTTP Request: HEAD https://hf-mirror.com/BAAI/bge-large-zh-v1.5/resolve/main/config_sentence_transformers.json "HTTP/1.1 307 Temporary Redirect"
2026-04-26 18:17:43,170 - INFO - HTTP Request: HEAD https://hf-mirror.com/api/resolve-cache/models/BAAI/bge-large-zh-v1.5/79e7739b6ab944e86d6171e44d24c997fc1e0116/config_sentence_transformers.json "HTTP/1.1 200 OK"
2026-04-26 18:17:43,470 - INFO - HTTP Request: HEAD https://hf-mirror.com/BAAI/bge-large-zh-v1.5/resolve/main/config_sentence_transformers.json "HTTP/1.1 307 Temporary Redirect"
2026-04-26 18:17:43,711 - INFO - HTTP Request: HEAD https://hf-mirror.com/api/resolve-cache/models/BAAI/bge-large-zh-v1.5/79e7739b6ab944e86d6171e44d24c997fc1e0116/config_sentence_transformers.json "HTTP/1.1 200 OK"
2026-04-26 18:17:44,038 - INFO - HTTP Request: HEAD https://hf-mirror.com/BAAI/bge-large-zh-v1.5/resolve/main/README.md "HTTP/1.1 307 Temporary Redirect"
2026-04-26 18:17:44,148 - INFO - HTTP Request: HEAD https://hf-mirror.com/api/resolve-cache/models/BAAI/bge-large-zh-v1.5/79e7739b6ab944e86d6171e44d24c997fc1e0116/README.md "HTTP/1.1 200 OK"
2026-04-26 18:17:44,446 - INFO - HTTP Request: HEAD https://hf-mirror.com/BAAI/bge-large-zh-v1.5/resolve/main/modules.json "HTTP/1.1 307 Temporary Redirect"
2026-04-26 18:17:44,549 - INFO - HTTP Request: HEAD https://hf-mirror.com/api/resolve-cache/models/BAAI/bge-large-zh-v1.5/79e7739b6ab944e86d6171e44d24c997fc1e0116/modules.json "HTTP/1.1 200 OK"
2026-04-26 18:17:44,857 - INFO - HTTP Request: HEAD https://hf-mirror.com/BAAI/bge-large-zh-v1.5/resolve/main/sentence_bert_config.json "HTTP/1.1 307 Temporary Redirect"
2026-04-26 18:17:44,964 - INFO - HTTP Request: HEAD https://hf-mirror.com/api/resolve-cache/models/BAAI/bge-large-zh-v1.5/79e7739b6ab944e86d6171e44d24c997fc1e0116/sentence_bert_config.json "HTTP/1.1 200 OK"
2026-04-26 18:17:45,282 - INFO - HTTP Request: HEAD https://hf-mirror.com/BAAI/bge-large-zh-v1.5/resolve/main/adapter_config.json "HTTP/1.1 404 Not Found"
2026-04-26 18:17:45,675 - INFO - HTTP Request: HEAD https://hf-mirror.com/BAAI/bge-large-zh-v1.5/resolve/main/config.json "HTTP/1.1 307 Temporary Redirect"
2026-04-26 18:17:45,983 - INFO - HTTP Request: HEAD https://hf-mirror.com/api/resolve-cache/models/BAAI/bge-large-zh-v1.5/79e7739b6ab944e86d6171e44d24c997fc1e0116/config.json "HTTP/1.1 200 OK"
2026-04-26 18:17:46,408 - INFO - HTTP Request: HEAD https://hf-mirror.com/BAAI/bge-large-zh-v1.5/resolve/main/config.json "HTTP/1.1 307 Temporary Redirect"
2026-04-26 18:17:46,597 - INFO - HTTP Request: HEAD https://hf-mirror.com/api/resolve-cache/models/BAAI/bge-large-zh-v1.5/79e7739b6ab944e86d6171e44d24c997fc1e0116/config.json "HTTP/1.1 200 OK"
2026-04-26 18:17:46,904 - INFO - HTTP Request: HEAD https://hf-mirror.com/BAAI/bge-large-zh-v1.5/resolve/main/model.safetensors "HTTP/1.1 404 Not Found"
2026-04-26 18:17:47,021 - INFO - HTTP Request: GET https://hf-mirror.com/api/models/BAAI/bge-large-zh-v1.5 "HTTP/1.1 200 OK"
2026-04-26 18:17:47,155 - INFO - HTTP Request: GET https://hf-mirror.com/api/models/BAAI/bge-large-zh-v1.5/commits/main "HTTP/1.1 200 OK"
2026-04-26 18:17:47,283 - INFO - HTTP Request: GET https://hf-mirror.com/api/models/BAAI/bge-large-zh-v1.5/discussions?p=0 "HTTP/1.1 200 OK"
2026-04-26 18:17:47,390 - INFO - HTTP Request: GET https://hf-mirror.com/api/models/BAAI/bge-large-zh-v1.5/commits/refs%2Fpr%2F35 "HTTP/1.1 200 OK"
2026-04-26 18:17:47,528 - INFO - HTTP Request: HEAD https://hf-mirror.com/BAAI/bge-large-zh-v1.5/resolve/main/config.json "HTTP/1.1 307 Temporary Redirect"
2026-04-26 18:17:47,832 - INFO - HTTP Request: HEAD https://hf-mirror.com/api/resolve-cache/models/BAAI/bge-large-zh-v1.5/79e7739b6ab944e86d6171e44d24c997fc1e0116/config.json "HTTP/1.1 200 OK"
2026-04-26 18:17:47,832 - INFO - HTTP Request: HEAD https://hf-mirror.com/BAAI/bge-large-zh-v1.5/resolve/refs%2Fpr%2F35/model.safetensors.index.json "HTTP/1.1 404 Not Found"
2026-04-26 18:17:48,118 - INFO - HTTP Request: HEAD https://hf-mirror.com/BAAI/bge-large-zh-v1.5/resolve/main/tokenizer_config.json "HTTP/1.1 307 Temporary Redirect"
2026-04-26 18:17:48,131 - INFO - HTTP Request: HEAD https://hf-mirror.com/BAAI/bge-large-zh-v1.5/resolve/refs%2Fpr%2F35/model.safetensors "HTTP/1.1 302 Found"
2026-04-26 18:17:48,232 - INFO - HTTP Request: HEAD https://hf-mirror.com/api/resolve-cache/models/BAAI/bge-large-zh-v1.5/79e7739b6ab944e86d6171e44d24c997fc1e0116/tokenizer_config.json "HTTP/1.1 200 OK"
2026-04-26 18:17:48,335 - INFO - HTTP Request: GET https://hf-mirror.com/api/models/BAAI/bge-large-zh-v1.5/tree/main/additional_chat_templates?recursive=false&expand=false "HTTP/1.1 404 Not Found"
2026-04-26 18:17:48,482 - INFO - HTTP Request: GET https://hf-mirror.com/api/models/BAAI/bge-large-zh-v1.5/tree/main?recursive=true&expand=false "HTTP/1.1 200 OK"
2026-04-26 18:17:48,794 - INFO - HTTP Request: HEAD https://hf-mirror.com/BAAI/bge-large-zh-v1.5/resolve/main/1_Pooling/config.json "HTTP/1.1 307 Temporary Redirect"
2026-04-26 18:17:48,898 - INFO - HTTP Request: HEAD https://hf-mirror.com/api/resolve-cache/models/BAAI/bge-large-zh-v1.5/79e7739b6ab944e86d6171e44d24c997fc1e0116/1_Pooling%2Fconfig.json "HTTP/1.1 200 OK"
2026-04-26 18:17:49,027 - INFO - HTTP Request: GET https://hf-mirror.com/api/models/BAAI/bge-large-zh-v1.5 "HTTP/1.1 200 OK"
2026-04-26 18:17:49,830 - INFO - 📐 动态设定 HDBSCAN 最小聚类体积: 130
2026-04-26 18:17:49,830 - INFO - 🚀 阶段0：预计算文档完整语义 Embedding...
2026-04-26 18:24:01,003 - INFO - 🚀 阶段1：开始执行 Guided BERTopic 聚类...
2026-04-26 18:24:45,002 - INFO - 📊 初始主题数: 28 个
2026-04-26 18:24:45,003 - INFO - 🔄 阶段2.2：执行离群点归队回收（阈值 0.5，适中偏宽松）...
2026-04-26 18:24:47,028 - INFO - 🎯 阶段3：弱主题处理（置信度<0.3→尝试合并，相似度>0.4 才合并，否则噪声）...
2026-04-26 18:24:47,028 - INFO - 📊 训练完成，总耗时: 417.20秒
2026-04-26 18:24:47,028 - INFO - 📈 正在评估聚类质量...
2026-04-26 18:24:47,037 - INFO - 💾 阶段5：正在保存完整结果...
2026-04-26 18:24:47,467 - INFO - ✅ 处理全流程结束，所有文件均已输出至：E:\document\PG\studio\content\bertopic_results_optimized
2026-04-26 18:24:47,467 - INFO - 🎉 全部流程执行完毕！
2026-04-26 18:25:23,169 - INFO - 📂 正在加载数据: E:\document\PG\studio\content\bertopic_ready_data\bertopic_train_data.csv
2026-04-26 18:25:23,460 - INFO - 📊 原始有效数据量: 18255 条
2026-04-26 18:25:23,498 - INFO - 🔧 初始化 BERTopic 流水线...
2026-04-26 18:25:23,619 - INFO - 🤖 使用设备: cuda
2026-04-26 18:25:23,622 - INFO - Load pretrained SentenceTransformer: BAAI/bge-large-zh-v1.5
2026-04-26 18:25:24,270 - INFO - HTTP Request: HEAD https://hf-mirror.com/BAAI/bge-large-zh-v1.5/resolve/main/modules.json "HTTP/1.1 307 Temporary Redirect"
2026-04-26 18:25:24,534 - INFO - HTTP Request: HEAD https://hf-mirror.com/api/resolve-cache/models/BAAI/bge-large-zh-v1.5/79e7739b6ab944e86d6171e44d24c997fc1e0116/modules.json "HTTP/1.1 200 OK"
2026-04-26 18:25:24,842 - INFO - HTTP Request: HEAD https://hf-mirror.com/BAAI/bge-large-zh-v1.5/resolve/main/config_sentence_transformers.json "HTTP/1.1 307 Temporary Redirect"
2026-04-26 18:25:25,149 - INFO - HTTP Request: HEAD https://hf-mirror.com/api/resolve-cache/models/BAAI/bge-large-zh-v1.5/79e7739b6ab944e86d6171e44d24c997fc1e0116/config_sentence_transformers.json "HTTP/1.1 200 OK"
2026-04-26 18:25:25,469 - INFO - HTTP Request: HEAD https://hf-mirror.com/BAAI/bge-large-zh-v1.5/resolve/main/config_sentence_transformers.json "HTTP/1.1 307 Temporary Redirect"
2026-04-26 18:25:25,678 - INFO - HTTP Request: HEAD https://hf-mirror.com/api/resolve-cache/models/BAAI/bge-large-zh-v1.5/79e7739b6ab944e86d6171e44d24c997fc1e0116/config_sentence_transformers.json "HTTP/1.1 200 OK"
2026-04-26 18:25:26,016 - INFO - HTTP Request: HEAD https://hf-mirror.com/BAAI/bge-large-zh-v1.5/resolve/main/README.md "HTTP/1.1 307 Temporary Redirect"
2026-04-26 18:25:26,135 - INFO - HTTP Request: HEAD https://hf-mirror.com/api/resolve-cache/models/BAAI/bge-large-zh-v1.5/79e7739b6ab944e86d6171e44d24c997fc1e0116/README.md "HTTP/1.1 200 OK"
2026-04-26 18:25:26,478 - INFO - HTTP Request: HEAD https://hf-mirror.com/BAAI/bge-large-zh-v1.5/resolve/main/modules.json "HTTP/1.1 307 Temporary Redirect"
2026-04-26 18:25:26,753 - INFO - HTTP Request: HEAD https://hf-mirror.com/api/resolve-cache/models/BAAI/bge-large-zh-v1.5/79e7739b6ab944e86d6171e44d24c997fc1e0116/modules.json "HTTP/1.1 200 OK"
2026-04-26 18:25:27,066 - INFO - HTTP Request: HEAD https://hf-mirror.com/BAAI/bge-large-zh-v1.5/resolve/main/sentence_bert_config.json "HTTP/1.1 307 Temporary Redirect"
2026-04-26 18:25:27,279 - INFO - HTTP Request: HEAD https://hf-mirror.com/api/resolve-cache/models/BAAI/bge-large-zh-v1.5/79e7739b6ab944e86d6171e44d24c997fc1e0116/sentence_bert_config.json "HTTP/1.1 200 OK"
2026-04-26 18:25:27,598 - INFO - HTTP Request: HEAD https://hf-mirror.com/BAAI/bge-large-zh-v1.5/resolve/main/adapter_config.json "HTTP/1.1 404 Not Found"
2026-04-26 18:25:27,892 - INFO - HTTP Request: HEAD https://hf-mirror.com/BAAI/bge-large-zh-v1.5/resolve/main/config.json "HTTP/1.1 307 Temporary Redirect"
2026-04-26 18:25:27,988 - INFO - HTTP Request: HEAD https://hf-mirror.com/api/resolve-cache/models/BAAI/bge-large-zh-v1.5/79e7739b6ab944e86d6171e44d24c997fc1e0116/config.json "HTTP/1.1 200 OK"
2026-04-26 18:25:28,293 - INFO - HTTP Request: HEAD https://hf-mirror.com/BAAI/bge-large-zh-v1.5/resolve/main/config.json "HTTP/1.1 307 Temporary Redirect"
2026-04-26 18:25:28,412 - INFO - HTTP Request: HEAD https://hf-mirror.com/api/resolve-cache/models/BAAI/bge-large-zh-v1.5/79e7739b6ab944e86d6171e44d24c997fc1e0116/config.json "HTTP/1.1 200 OK"
2026-04-26 18:25:28,702 - INFO - HTTP Request: HEAD https://hf-mirror.com/BAAI/bge-large-zh-v1.5/resolve/main/model.safetensors "HTTP/1.1 404 Not Found"
2026-04-26 18:25:28,817 - INFO - HTTP Request: GET https://hf-mirror.com/api/models/BAAI/bge-large-zh-v1.5 "HTTP/1.1 200 OK"
2026-04-26 18:25:28,951 - INFO - HTTP Request: GET https://hf-mirror.com/api/models/BAAI/bge-large-zh-v1.5/commits/main "HTTP/1.1 200 OK"
2026-04-26 18:25:29,078 - INFO - HTTP Request: GET https://hf-mirror.com/api/models/BAAI/bge-large-zh-v1.5/discussions?p=0 "HTTP/1.1 200 OK"
2026-04-26 18:25:29,205 - INFO - HTTP Request: GET https://hf-mirror.com/api/models/BAAI/bge-large-zh-v1.5/commits/refs%2Fpr%2F35 "HTTP/1.1 200 OK"
2026-04-26 18:25:29,293 - INFO - HTTP Request: HEAD https://hf-mirror.com/BAAI/bge-large-zh-v1.5/resolve/main/config.json "HTTP/1.1 307 Temporary Redirect"
2026-04-26 18:25:29,503 - INFO - HTTP Request: HEAD https://hf-mirror.com/BAAI/bge-large-zh-v1.5/resolve/refs%2Fpr%2F35/model.safetensors.index.json "HTTP/1.1 404 Not Found"
2026-04-26 18:25:29,507 - INFO - HTTP Request: HEAD https://hf-mirror.com/api/resolve-cache/models/BAAI/bge-large-zh-v1.5/79e7739b6ab944e86d6171e44d24c997fc1e0116/config.json "HTTP/1.1 200 OK"
2026-04-26 18:25:29,774 - INFO - HTTP Request: HEAD https://hf-mirror.com/BAAI/bge-large-zh-v1.5/resolve/main/tokenizer_config.json "HTTP/1.1 307 Temporary Redirect"
2026-04-26 18:25:29,790 - INFO - HTTP Request: HEAD https://hf-mirror.com/BAAI/bge-large-zh-v1.5/resolve/refs%2Fpr%2F35/model.safetensors "HTTP/1.1 302 Found"
2026-04-26 18:25:29,876 - INFO - HTTP Request: HEAD https://hf-mirror.com/api/resolve-cache/models/BAAI/bge-large-zh-v1.5/79e7739b6ab944e86d6171e44d24c997fc1e0116/tokenizer_config.json "HTTP/1.1 200 OK"
2026-04-26 18:25:30,004 - INFO - HTTP Request: GET https://hf-mirror.com/api/models/BAAI/bge-large-zh-v1.5/tree/main/additional_chat_templates?recursive=false&expand=false "HTTP/1.1 404 Not Found"
2026-04-26 18:25:30,152 - INFO - HTTP Request: GET https://hf-mirror.com/api/models/BAAI/bge-large-zh-v1.5/tree/main?recursive=true&expand=false "HTTP/1.1 200 OK"
2026-04-26 18:25:30,517 - INFO - HTTP Request: HEAD https://hf-mirror.com/BAAI/bge-large-zh-v1.5/resolve/main/1_Pooling/config.json "HTTP/1.1 307 Temporary Redirect"
2026-04-26 18:25:30,725 - INFO - HTTP Request: HEAD https://hf-mirror.com/api/resolve-cache/models/BAAI/bge-large-zh-v1.5/79e7739b6ab944e86d6171e44d24c997fc1e0116/1_Pooling%2Fconfig.json "HTTP/1.1 200 OK"
2026-04-26 18:25:30,840 - INFO - HTTP Request: GET https://hf-mirror.com/api/models/BAAI/bge-large-zh-v1.5 "HTTP/1.1 200 OK"
2026-04-26 18:25:31,874 - INFO - 📐 动态设定 HDBSCAN 最小聚类体积: 130
2026-04-26 18:25:31,874 - INFO - 🚀 阶段0：预计算文档完整语义 Embedding...
2026-04-26 18:31:44,435 - INFO - 🚀 阶段1：开始执行 Guided BERTopic 聚类...
2026-04-26 18:32:30,640 - INFO - 📊 初始主题数: 28 个
2026-04-26 18:32:30,640 - INFO - 🔄 阶段2.2：执行离群点归队回收（阈值 0.5，适中偏宽松）...
2026-04-26 18:32:32,695 - INFO - 🎯 阶段3：弱主题处理（置信度<0.3→尝试合并，相似度>0.5 才合并，否则噪声）...
2026-04-26 18:32:32,695 - INFO - 📊 训练完成，总耗时: 420.82秒
2026-04-26 18:32:32,695 - INFO - 📈 正在评估聚类质量...
2026-04-26 18:32:32,702 - INFO - 💾 阶段5：正在保存完整结果...
2026-04-26 18:32:33,162 - INFO - ✅ 处理全流程结束，所有文件均已输出至：E:\document\PG\studio\content\bertopic_results_optimized
2026-04-26 18:32:33,163 - INFO - 🎉 全部流程执行完毕！
2026-04-26 18:34:03,045 - INFO - 📂 正在加载数据: E:\document\PG\studio\content\bertopic_ready_data\bertopic_train_data.csv
2026-04-26 18:34:03,340 - INFO - 📊 原始有效数据量: 18255 条
2026-04-26 18:34:03,380 - INFO - 🔧 初始化 BERTopic 流水线...
2026-04-26 18:34:03,394 - INFO - 🤖 使用设备: cuda
2026-04-26 18:34:03,396 - INFO - Load pretrained SentenceTransformer: BAAI/bge-large-zh-v1.5
2026-04-26 18:34:03,894 - INFO - HTTP Request: HEAD https://hf-mirror.com/BAAI/bge-large-zh-v1.5/resolve/main/modules.json "HTTP/1.1 307 Temporary Redirect"
2026-04-26 18:34:03,985 - INFO - HTTP Request: HEAD https://hf-mirror.com/api/resolve-cache/models/BAAI/bge-large-zh-v1.5/79e7739b6ab944e86d6171e44d24c997fc1e0116/modules.json "HTTP/1.1 200 OK"
2026-04-26 18:34:04,309 - INFO - HTTP Request: HEAD https://hf-mirror.com/BAAI/bge-large-zh-v1.5/resolve/main/config_sentence_transformers.json "HTTP/1.1 307 Temporary Redirect"
2026-04-26 18:34:04,514 - INFO - HTTP Request: HEAD https://hf-mirror.com/api/resolve-cache/models/BAAI/bge-large-zh-v1.5/79e7739b6ab944e86d6171e44d24c997fc1e0116/config_sentence_transformers.json "HTTP/1.1 200 OK"
2026-04-26 18:34:04,842 - INFO - HTTP Request: HEAD https://hf-mirror.com/BAAI/bge-large-zh-v1.5/resolve/main/config_sentence_transformers.json "HTTP/1.1 307 Temporary Redirect"
2026-04-26 18:34:05,052 - INFO - HTTP Request: HEAD https://hf-mirror.com/api/resolve-cache/models/BAAI/bge-large-zh-v1.5/79e7739b6ab944e86d6171e44d24c997fc1e0116/config_sentence_transformers.json "HTTP/1.1 200 OK"
2026-04-26 18:34:05,331 - INFO - HTTP Request: HEAD https://hf-mirror.com/BAAI/bge-large-zh-v1.5/resolve/main/README.md "HTTP/1.1 307 Temporary Redirect"
2026-04-26 18:34:05,570 - INFO - HTTP Request: HEAD https://hf-mirror.com/api/resolve-cache/models/BAAI/bge-large-zh-v1.5/79e7739b6ab944e86d6171e44d24c997fc1e0116/README.md "HTTP/1.1 200 OK"
2026-04-26 18:34:05,972 - INFO - HTTP Request: HEAD https://hf-mirror.com/BAAI/bge-large-zh-v1.5/resolve/main/modules.json "HTTP/1.1 307 Temporary Redirect"
2026-04-26 18:34:06,066 - INFO - HTTP Request: HEAD https://hf-mirror.com/api/resolve-cache/models/BAAI/bge-large-zh-v1.5/79e7739b6ab944e86d6171e44d24c997fc1e0116/modules.json "HTTP/1.1 200 OK"
2026-04-26 18:34:06,342 - INFO - HTTP Request: HEAD https://hf-mirror.com/BAAI/bge-large-zh-v1.5/resolve/main/sentence_bert_config.json "HTTP/1.1 307 Temporary Redirect"
2026-04-26 18:34:06,477 - INFO - HTTP Request: HEAD https://hf-mirror.com/api/resolve-cache/models/BAAI/bge-large-zh-v1.5/79e7739b6ab944e86d6171e44d24c997fc1e0116/sentence_bert_config.json "HTTP/1.1 200 OK"
2026-04-26 18:34:06,782 - INFO - HTTP Request: HEAD https://hf-mirror.com/BAAI/bge-large-zh-v1.5/resolve/main/adapter_config.json "HTTP/1.1 404 Not Found"
2026-04-26 18:34:07,077 - INFO - HTTP Request: HEAD https://hf-mirror.com/BAAI/bge-large-zh-v1.5/resolve/main/config.json "HTTP/1.1 307 Temporary Redirect"
2026-04-26 18:34:07,177 - INFO - HTTP Request: HEAD https://hf-mirror.com/api/resolve-cache/models/BAAI/bge-large-zh-v1.5/79e7739b6ab944e86d6171e44d24c997fc1e0116/config.json "HTTP/1.1 200 OK"
2026-04-26 18:34:07,502 - INFO - HTTP Request: HEAD https://hf-mirror.com/BAAI/bge-large-zh-v1.5/resolve/main/config.json "HTTP/1.1 307 Temporary Redirect"
2026-04-26 18:34:07,713 - INFO - HTTP Request: HEAD https://hf-mirror.com/api/resolve-cache/models/BAAI/bge-large-zh-v1.5/79e7739b6ab944e86d6171e44d24c997fc1e0116/config.json "HTTP/1.1 200 OK"
2026-04-26 18:34:08,012 - INFO - HTTP Request: HEAD https://hf-mirror.com/BAAI/bge-large-zh-v1.5/resolve/main/model.safetensors "HTTP/1.1 404 Not Found"
2026-04-26 18:34:08,128 - INFO - HTTP Request: GET https://hf-mirror.com/api/models/BAAI/bge-large-zh-v1.5 "HTTP/1.1 200 OK"
2026-04-26 18:34:08,227 - INFO - HTTP Request: GET https://hf-mirror.com/api/models/BAAI/bge-large-zh-v1.5/commits/main "HTTP/1.1 200 OK"
2026-04-26 18:34:08,389 - INFO - HTTP Request: GET https://hf-mirror.com/api/models/BAAI/bge-large-zh-v1.5/discussions?p=0 "HTTP/1.1 200 OK"
2026-04-26 18:34:08,493 - INFO - HTTP Request: GET https://hf-mirror.com/api/models/BAAI/bge-large-zh-v1.5/commits/refs%2Fpr%2F35 "HTTP/1.1 200 OK"
2026-04-26 18:34:08,608 - INFO - HTTP Request: HEAD https://hf-mirror.com/BAAI/bge-large-zh-v1.5/resolve/main/config.json "HTTP/1.1 307 Temporary Redirect"
2026-04-26 18:34:08,770 - INFO - HTTP Request: HEAD https://hf-mirror.com/BAAI/bge-large-zh-v1.5/resolve/refs%2Fpr%2F35/model.safetensors.index.json "HTTP/1.1 404 Not Found"
2026-04-26 18:34:08,806 - INFO - HTTP Request: HEAD https://hf-mirror.com/api/resolve-cache/models/BAAI/bge-large-zh-v1.5/79e7739b6ab944e86d6171e44d24c997fc1e0116/config.json "HTTP/1.1 200 OK"
2026-04-26 18:34:09,051 - INFO - HTTP Request: HEAD https://hf-mirror.com/BAAI/bge-large-zh-v1.5/resolve/refs%2Fpr%2F35/model.safetensors "HTTP/1.1 302 Found"
2026-04-26 18:34:09,087 - INFO - HTTP Request: HEAD https://hf-mirror.com/BAAI/bge-large-zh-v1.5/resolve/main/tokenizer_config.json "HTTP/1.1 307 Temporary Redirect"
2026-04-26 18:34:09,187 - INFO - HTTP Request: HEAD https://hf-mirror.com/api/resolve-cache/models/BAAI/bge-large-zh-v1.5/79e7739b6ab944e86d6171e44d24c997fc1e0116/tokenizer_config.json "HTTP/1.1 200 OK"
2026-04-26 18:34:09,306 - INFO - HTTP Request: GET https://hf-mirror.com/api/models/BAAI/bge-large-zh-v1.5/tree/main/additional_chat_templates?recursive=false&expand=false "HTTP/1.1 404 Not Found"
2026-04-26 18:34:09,414 - INFO - HTTP Request: GET https://hf-mirror.com/api/models/BAAI/bge-large-zh-v1.5/tree/main?recursive=true&expand=false "HTTP/1.1 200 OK"
2026-04-26 18:34:09,721 - INFO - HTTP Request: HEAD https://hf-mirror.com/BAAI/bge-large-zh-v1.5/resolve/main/1_Pooling/config.json "HTTP/1.1 307 Temporary Redirect"
2026-04-26 18:34:09,817 - INFO - HTTP Request: HEAD https://hf-mirror.com/api/resolve-cache/models/BAAI/bge-large-zh-v1.5/79e7739b6ab944e86d6171e44d24c997fc1e0116/1_Pooling%2Fconfig.json "HTTP/1.1 200 OK"
2026-04-26 18:34:09,933 - INFO - HTTP Request: GET https://hf-mirror.com/api/models/BAAI/bge-large-zh-v1.5 "HTTP/1.1 200 OK"
2026-04-26 18:34:10,729 - INFO - 📐 动态设定 HDBSCAN 最小聚类体积: 130
2026-04-26 18:34:10,729 - INFO - 🚀 阶段0：预计算文档完整语义 Embedding...
2026-04-26 18:40:23,243 - INFO - 🚀 阶段1：开始执行 Guided BERTopic 聚类...
2026-04-26 18:41:09,593 - INFO - 📊 初始主题数: 28 个
2026-04-26 18:41:09,594 - INFO - 🔄 阶段2.2：执行离群点归队回收（阈值 0.5，适中偏宽松）...
2026-04-26 18:41:11,729 - INFO - 🎯 阶段3：弱主题处理（置信度<0.4→尝试合并，相似度>0.5 才合并，否则噪声）...
2026-04-26 18:41:11,951 - INFO -    🔗 计划合并弱主题 T10 -> T18 (相似度: 0.519)
2026-04-26 18:41:12,114 - INFO -    执行最终合并，共涉及 1 组聚类操作...
2026-04-26 18:41:14,343 - INFO - 📊 训练完成，总耗时: 423.61秒
2026-04-26 18:41:14,344 - INFO - 📈 正在评估聚类质量...
2026-04-26 18:41:14,352 - INFO - 💾 阶段5：正在保存完整结果...
2026-04-26 18:41:14,762 - INFO - ✅ 处理全流程结束，所有文件均已输出至：E:\document\PG\studio\content\bertopic_results_optimized
2026-04-26 18:41:14,763 - INFO - 🎉 全部流程执行完毕！
2026-04-26 18:46:56,869 - INFO - 📂 正在加载数据: E:\document\PG\studio\content\bertopic_ready_data\bertopic_train_data.csv
2026-04-26 18:46:57,165 - INFO - 📊 原始有效数据量: 18255 条
2026-04-26 18:46:57,214 - INFO - 🔧 初始化 BERTopic 流水线...
2026-04-26 18:46:57,231 - INFO - 🤖 使用设备: cuda
2026-04-26 18:46:57,233 - INFO - Load pretrained SentenceTransformer: BAAI/bge-large-zh-v1.5
2026-04-26 18:46:57,872 - INFO - HTTP Request: HEAD https://hf-mirror.com/BAAI/bge-large-zh-v1.5/resolve/main/modules.json "HTTP/1.1 307 Temporary Redirect"
2026-04-26 18:46:58,076 - INFO - HTTP Request: HEAD https://hf-mirror.com/api/resolve-cache/models/BAAI/bge-large-zh-v1.5/79e7739b6ab944e86d6171e44d24c997fc1e0116/modules.json "HTTP/1.1 200 OK"
2026-04-26 18:46:58,382 - INFO - HTTP Request: HEAD https://hf-mirror.com/BAAI/bge-large-zh-v1.5/resolve/main/config_sentence_transformers.json "HTTP/1.1 307 Temporary Redirect"
2026-04-26 18:46:58,591 - INFO - HTTP Request: HEAD https://hf-mirror.com/api/resolve-cache/models/BAAI/bge-large-zh-v1.5/79e7739b6ab944e86d6171e44d24c997fc1e0116/config_sentence_transformers.json "HTTP/1.1 200 OK"
2026-04-26 18:46:59,000 - INFO - HTTP Request: HEAD https://hf-mirror.com/BAAI/bge-large-zh-v1.5/resolve/main/config_sentence_transformers.json "HTTP/1.1 307 Temporary Redirect"
2026-04-26 18:46:59,112 - INFO - HTTP Request: HEAD https://hf-mirror.com/api/resolve-cache/models/BAAI/bge-large-zh-v1.5/79e7739b6ab944e86d6171e44d24c997fc1e0116/config_sentence_transformers.json "HTTP/1.1 200 OK"
2026-04-26 18:46:59,431 - INFO - HTTP Request: HEAD https://hf-mirror.com/BAAI/bge-large-zh-v1.5/resolve/main/README.md "HTTP/1.1 307 Temporary Redirect"
2026-04-26 18:46:59,659 - INFO - HTTP Request: HEAD https://hf-mirror.com/api/resolve-cache/models/BAAI/bge-large-zh-v1.5/79e7739b6ab944e86d6171e44d24c997fc1e0116/README.md "HTTP/1.1 200 OK"
2026-04-26 18:46:59,960 - INFO - HTTP Request: HEAD https://hf-mirror.com/BAAI/bge-large-zh-v1.5/resolve/main/modules.json "HTTP/1.1 307 Temporary Redirect"
2026-04-26 18:47:00,166 - INFO - HTTP Request: HEAD https://hf-mirror.com/api/resolve-cache/models/BAAI/bge-large-zh-v1.5/79e7739b6ab944e86d6171e44d24c997fc1e0116/modules.json "HTTP/1.1 200 OK"
2026-04-26 18:47:00,443 - INFO - HTTP Request: HEAD https://hf-mirror.com/BAAI/bge-large-zh-v1.5/resolve/main/sentence_bert_config.json "HTTP/1.1 307 Temporary Redirect"
2026-04-26 18:47:00,657 - INFO - HTTP Request: HEAD https://hf-mirror.com/api/resolve-cache/models/BAAI/bge-large-zh-v1.5/79e7739b6ab944e86d6171e44d24c997fc1e0116/sentence_bert_config.json "HTTP/1.1 200 OK"
2026-04-26 18:47:00,948 - INFO - HTTP Request: HEAD https://hf-mirror.com/BAAI/bge-large-zh-v1.5/resolve/main/adapter_config.json "HTTP/1.1 404 Not Found"
2026-04-26 18:47:01,247 - INFO - HTTP Request: HEAD https://hf-mirror.com/BAAI/bge-large-zh-v1.5/resolve/main/config.json "HTTP/1.1 307 Temporary Redirect"
2026-04-26 18:47:01,454 - INFO - HTTP Request: HEAD https://hf-mirror.com/api/resolve-cache/models/BAAI/bge-large-zh-v1.5/79e7739b6ab944e86d6171e44d24c997fc1e0116/config.json "HTTP/1.1 200 OK"
2026-04-26 18:47:01,765 - INFO - HTTP Request: HEAD https://hf-mirror.com/BAAI/bge-large-zh-v1.5/resolve/main/config.json "HTTP/1.1 307 Temporary Redirect"
2026-04-26 18:47:02,000 - INFO - HTTP Request: HEAD https://hf-mirror.com/api/resolve-cache/models/BAAI/bge-large-zh-v1.5/79e7739b6ab944e86d6171e44d24c997fc1e0116/config.json "HTTP/1.1 200 OK"
2026-04-26 18:47:02,377 - INFO - HTTP Request: HEAD https://hf-mirror.com/BAAI/bge-large-zh-v1.5/resolve/main/model.safetensors "HTTP/1.1 404 Not Found"
2026-04-26 18:47:02,589 - INFO - HTTP Request: GET https://hf-mirror.com/api/models/BAAI/bge-large-zh-v1.5 "HTTP/1.1 200 OK"
2026-04-26 18:47:02,791 - INFO - HTTP Request: GET https://hf-mirror.com/api/models/BAAI/bge-large-zh-v1.5/commits/main "HTTP/1.1 200 OK"
2026-04-26 18:47:02,897 - INFO - HTTP Request: GET https://hf-mirror.com/api/models/BAAI/bge-large-zh-v1.5/discussions?p=0 "HTTP/1.1 200 OK"
2026-04-26 18:47:03,094 - INFO - HTTP Request: GET https://hf-mirror.com/api/models/BAAI/bge-large-zh-v1.5/commits/refs%2Fpr%2F35 "HTTP/1.1 200 OK"
2026-04-26 18:47:03,102 - INFO - HTTP Request: HEAD https://hf-mirror.com/BAAI/bge-large-zh-v1.5/resolve/main/config.json "HTTP/1.1 307 Temporary Redirect"
2026-04-26 18:47:03,298 - INFO - HTTP Request: HEAD https://hf-mirror.com/api/resolve-cache/models/BAAI/bge-large-zh-v1.5/79e7739b6ab944e86d6171e44d24c997fc1e0116/config.json "HTTP/1.1 200 OK"
2026-04-26 18:47:03,417 - INFO - HTTP Request: HEAD https://hf-mirror.com/BAAI/bge-large-zh-v1.5/resolve/refs%2Fpr%2F35/model.safetensors.index.json "HTTP/1.1 404 Not Found"
2026-04-26 18:47:03,605 - INFO - HTTP Request: HEAD https://hf-mirror.com/BAAI/bge-large-zh-v1.5/resolve/main/tokenizer_config.json "HTTP/1.1 307 Temporary Redirect"
2026-04-26 18:47:03,724 - INFO - HTTP Request: HEAD https://hf-mirror.com/BAAI/bge-large-zh-v1.5/resolve/refs%2Fpr%2F35/model.safetensors "HTTP/1.1 302 Found"
2026-04-26 18:47:03,912 - INFO - HTTP Request: HEAD https://hf-mirror.com/api/resolve-cache/models/BAAI/bge-large-zh-v1.5/79e7739b6ab944e86d6171e44d24c997fc1e0116/tokenizer_config.json "HTTP/1.1 200 OK"
2026-04-26 18:47:04,030 - INFO - HTTP Request: GET https://hf-mirror.com/api/models/BAAI/bge-large-zh-v1.5/tree/main/additional_chat_templates?recursive=false&expand=false "HTTP/1.1 404 Not Found"
2026-04-26 18:47:04,137 - INFO - HTTP Request: GET https://hf-mirror.com/api/models/BAAI/bge-large-zh-v1.5/tree/main?recursive=true&expand=false "HTTP/1.1 200 OK"
2026-04-26 18:47:04,457 - INFO - HTTP Request: HEAD https://hf-mirror.com/BAAI/bge-large-zh-v1.5/resolve/main/1_Pooling/config.json "HTTP/1.1 307 Temporary Redirect"
2026-04-26 18:47:04,573 - INFO - HTTP Request: HEAD https://hf-mirror.com/api/resolve-cache/models/BAAI/bge-large-zh-v1.5/79e7739b6ab944e86d6171e44d24c997fc1e0116/1_Pooling%2Fconfig.json "HTTP/1.1 200 OK"
2026-04-26 18:47:04,683 - INFO - HTTP Request: GET https://hf-mirror.com/api/models/BAAI/bge-large-zh-v1.5 "HTTP/1.1 200 OK"
2026-04-26 18:47:05,462 - INFO - 📐 动态设定 HDBSCAN 最小聚类体积: 130
2026-04-26 18:47:05,462 - INFO - 🚀 阶段0：预计算文档完整语义 Embedding...
2026-04-26 18:53:14,957 - INFO - 🚀 阶段1：开始执行 Guided BERTopic 聚类...
2026-04-26 18:54:00,582 - INFO - 📊 初始主题数: 28 个
2026-04-26 18:54:00,582 - INFO - 🔄 阶段2.2：执行离群点归队回收（阈值 0.4，适中偏宽松）...
2026-04-26 18:54:02,528 - INFO - 🎯 阶段3：弱主题处理（置信度<0.3→尝试合并，相似度>0.5 才合并，否则噪声）...
2026-04-26 18:54:02,529 - INFO - 📊 训练完成，总耗时: 417.07秒
2026-04-26 18:54:02,529 - INFO - 📈 正在评估聚类质量...
2026-04-26 18:54:02,538 - INFO - 💾 阶段5：正在保存完整结果...
2026-04-26 18:54:02,961 - INFO - ✅ 处理全流程结束，所有文件均已输出至：E:\document\PG\studio\content\bertopic_results_optimized
2026-04-26 18:54:02,961 - INFO - 🎉 全部流程执行完毕！
2026-04-26 19:02:09,242 - INFO - 📂 正在加载数据: E:\document\PG\studio\content\bertopic_ready_data\bertopic_train_data.csv
2026-04-26 19:02:09,543 - INFO - 📊 原始有效数据量: 18255 条
2026-04-26 19:02:09,586 - INFO - 🔧 初始化 BERTopic 流水线...
2026-04-26 19:02:09,602 - INFO - 🤖 使用设备: cuda
2026-04-26 19:02:09,604 - INFO - Load pretrained SentenceTransformer: BAAI/bge-large-zh-v1.5
2026-04-26 19:02:10,282 - INFO - HTTP Request: HEAD https://hf-mirror.com/BAAI/bge-large-zh-v1.5/resolve/main/modules.json "HTTP/1.1 307 Temporary Redirect"
2026-04-26 19:02:10,476 - INFO - HTTP Request: HEAD https://hf-mirror.com/api/resolve-cache/models/BAAI/bge-large-zh-v1.5/79e7739b6ab944e86d6171e44d24c997fc1e0116/modules.json "HTTP/1.1 200 OK"
2026-04-26 19:02:10,784 - INFO - HTTP Request: HEAD https://hf-mirror.com/BAAI/bge-large-zh-v1.5/resolve/main/config_sentence_transformers.json "HTTP/1.1 307 Temporary Redirect"
2026-04-26 19:02:10,988 - INFO - HTTP Request: HEAD https://hf-mirror.com/api/resolve-cache/models/BAAI/bge-large-zh-v1.5/79e7739b6ab944e86d6171e44d24c997fc1e0116/config_sentence_transformers.json "HTTP/1.1 200 OK"
2026-04-26 19:02:11,296 - INFO - HTTP Request: HEAD https://hf-mirror.com/BAAI/bge-large-zh-v1.5/resolve/main/config_sentence_transformers.json "HTTP/1.1 307 Temporary Redirect"
2026-04-26 19:02:11,602 - INFO - HTTP Request: HEAD https://hf-mirror.com/api/resolve-cache/models/BAAI/bge-large-zh-v1.5/79e7739b6ab944e86d6171e44d24c997fc1e0116/config_sentence_transformers.json "HTTP/1.1 200 OK"
2026-04-26 19:02:11,910 - INFO - HTTP Request: HEAD https://hf-mirror.com/BAAI/bge-large-zh-v1.5/resolve/main/README.md "HTTP/1.1 307 Temporary Redirect"
2026-04-26 19:02:12,217 - INFO - HTTP Request: HEAD https://hf-mirror.com/api/resolve-cache/models/BAAI/bge-large-zh-v1.5/79e7739b6ab944e86d6171e44d24c997fc1e0116/README.md "HTTP/1.1 200 OK"
2026-04-26 19:02:12,627 - INFO - HTTP Request: HEAD https://hf-mirror.com/BAAI/bge-large-zh-v1.5/resolve/main/modules.json "HTTP/1.1 307 Temporary Redirect"
2026-04-26 19:02:12,831 - INFO - HTTP Request: HEAD https://hf-mirror.com/api/resolve-cache/models/BAAI/bge-large-zh-v1.5/79e7739b6ab944e86d6171e44d24c997fc1e0116/modules.json "HTTP/1.1 200 OK"
2026-04-26 19:02:13,142 - INFO - HTTP Request: HEAD https://hf-mirror.com/BAAI/bge-large-zh-v1.5/resolve/main/sentence_bert_config.json "HTTP/1.1 307 Temporary Redirect"
2026-04-26 19:02:13,400 - INFO - HTTP Request: HEAD https://hf-mirror.com/api/resolve-cache/models/BAAI/bge-large-zh-v1.5/79e7739b6ab944e86d6171e44d24c997fc1e0116/sentence_bert_config.json "HTTP/1.1 200 OK"
2026-04-26 19:02:13,753 - INFO - HTTP Request: HEAD https://hf-mirror.com/BAAI/bge-large-zh-v1.5/resolve/main/adapter_config.json "HTTP/1.1 404 Not Found"
2026-04-26 19:02:14,060 - INFO - HTTP Request: HEAD https://hf-mirror.com/BAAI/bge-large-zh-v1.5/resolve/main/config.json "HTTP/1.1 307 Temporary Redirect"
2026-04-26 19:02:14,265 - INFO - HTTP Request: HEAD https://hf-mirror.com/api/resolve-cache/models/BAAI/bge-large-zh-v1.5/79e7739b6ab944e86d6171e44d24c997fc1e0116/config.json "HTTP/1.1 200 OK"
2026-04-26 19:02:14,584 - INFO - HTTP Request: HEAD https://hf-mirror.com/BAAI/bge-large-zh-v1.5/resolve/main/config.json "HTTP/1.1 307 Temporary Redirect"
2026-04-26 19:02:14,777 - INFO - HTTP Request: HEAD https://hf-mirror.com/api/resolve-cache/models/BAAI/bge-large-zh-v1.5/79e7739b6ab944e86d6171e44d24c997fc1e0116/config.json "HTTP/1.1 200 OK"
2026-04-26 19:02:15,204 - INFO - HTTP Request: HEAD https://hf-mirror.com/BAAI/bge-large-zh-v1.5/resolve/main/model.safetensors "HTTP/1.1 404 Not Found"
2026-04-26 19:02:15,317 - INFO - HTTP Request: GET https://hf-mirror.com/api/models/BAAI/bge-large-zh-v1.5 "HTTP/1.1 200 OK"
2026-04-26 19:02:15,481 - INFO - HTTP Request: GET https://hf-mirror.com/api/models/BAAI/bge-large-zh-v1.5/commits/main "HTTP/1.1 200 OK"
2026-04-26 19:02:15,607 - INFO - HTTP Request: GET https://hf-mirror.com/api/models/BAAI/bge-large-zh-v1.5/discussions?p=0 "HTTP/1.1 200 OK"
2026-04-26 19:02:15,800 - INFO - HTTP Request: GET https://hf-mirror.com/api/models/BAAI/bge-large-zh-v1.5/commits/refs%2Fpr%2F35 "HTTP/1.1 200 OK"
2026-04-26 19:02:15,904 - INFO - HTTP Request: HEAD https://hf-mirror.com/BAAI/bge-large-zh-v1.5/resolve/main/config.json "HTTP/1.1 307 Temporary Redirect"
2026-04-26 19:02:16,108 - INFO - HTTP Request: HEAD https://hf-mirror.com/api/resolve-cache/models/BAAI/bge-large-zh-v1.5/79e7739b6ab944e86d6171e44d24c997fc1e0116/config.json "HTTP/1.1 200 OK"
2026-04-26 19:02:16,300 - INFO - HTTP Request: HEAD https://hf-mirror.com/BAAI/bge-large-zh-v1.5/resolve/refs%2Fpr%2F35/model.safetensors.index.json "HTTP/1.1 404 Not Found"
2026-04-26 19:02:16,416 - INFO - HTTP Request: HEAD https://hf-mirror.com/BAAI/bge-large-zh-v1.5/resolve/main/tokenizer_config.json "HTTP/1.1 307 Temporary Redirect"
2026-04-26 19:02:16,519 - INFO - HTTP Request: HEAD https://hf-mirror.com/api/resolve-cache/models/BAAI/bge-large-zh-v1.5/79e7739b6ab944e86d6171e44d24c997fc1e0116/tokenizer_config.json "HTTP/1.1 200 OK"
2026-04-26 19:02:16,781 - INFO - HTTP Request: HEAD https://hf-mirror.com/BAAI/bge-large-zh-v1.5/resolve/refs%2Fpr%2F35/model.safetensors "HTTP/1.1 302 Found"
2026-04-26 19:02:16,781 - INFO - HTTP Request: GET https://hf-mirror.com/api/models/BAAI/bge-large-zh-v1.5/tree/main/additional_chat_templates?recursive=false&expand=false "HTTP/1.1 404 Not Found"
2026-04-26 19:02:16,903 - INFO - HTTP Request: GET https://hf-mirror.com/api/models/BAAI/bge-large-zh-v1.5/tree/main?recursive=true&expand=false "HTTP/1.1 200 OK"
2026-04-26 19:02:17,196 - INFO - HTTP Request: HEAD https://hf-mirror.com/BAAI/bge-large-zh-v1.5/resolve/main/1_Pooling/config.json "HTTP/1.1 307 Temporary Redirect"
2026-04-26 19:02:17,339 - INFO - HTTP Request: HEAD https://hf-mirror.com/api/resolve-cache/models/BAAI/bge-large-zh-v1.5/79e7739b6ab944e86d6171e44d24c997fc1e0116/1_Pooling%2Fconfig.json "HTTP/1.1 200 OK"
2026-04-26 19:02:17,477 - INFO - HTTP Request: GET https://hf-mirror.com/api/models/BAAI/bge-large-zh-v1.5 "HTTP/1.1 200 OK"
2026-04-26 19:02:18,277 - INFO - 📐 动态设定 HDBSCAN 最小聚类体积: 130
2026-04-26 19:02:18,277 - INFO - 🚀 阶段0：预计算文档完整语义 Embedding...
2026-04-26 19:08:30,088 - INFO - 🚀 阶段1：开始执行 Guided BERTopic 聚类...
2026-04-26 19:09:13,007 - INFO - 📊 初始主题数: 28 个
2026-04-26 19:09:13,007 - INFO - 🔄 阶段2.2：执行离群点归队回收（阈值 0.4，适中偏宽松）...
2026-04-26 19:09:15,004 - INFO - 🎯 阶段3：弱主题处理（置信度<0.5→尝试合并，相似度>0.5 才合并，否则噪声）...
2026-04-26 19:09:15,304 - INFO -    🔗 计划合并弱主题 T10 -> T18 (相似度: 0.519)
2026-04-26 19:09:15,446 - INFO -    执行最终合并，共涉及 1 组聚类操作...
2026-04-26 19:09:17,532 - INFO - 📊 训练完成，总耗时: 419.26秒
2026-04-26 19:09:17,532 - INFO - 📈 正在评估聚类质量...
2026-04-26 19:09:17,537 - INFO - 💾 阶段5：正在保存完整结果...
2026-04-26 19:09:17,913 - INFO - ✅ 处理全流程结束，所有文件均已输出至：E:\document\PG\studio\content\bertopic_results_optimized
2026-04-26 19:09:17,913 - INFO - 🎉 全部流程执行完毕！
2026-04-26 19:19:42,613 - INFO - 📂 正在加载数据: E:\document\PG\studio\content\bertopic_ready_data\bertopic_train_data.csv
2026-04-26 19:19:42,942 - INFO - 📊 原始有效数据量: 18255 条
2026-04-26 19:19:42,987 - INFO - 🔧 初始化 BERTopic 流水线...
2026-04-26 19:19:43,004 - INFO - 🤖 使用设备: cuda
2026-04-26 19:19:43,007 - INFO - Load pretrained SentenceTransformer: BAAI/bge-large-zh-v1.5
2026-04-26 19:19:43,681 - INFO - HTTP Request: HEAD https://hf-mirror.com/BAAI/bge-large-zh-v1.5/resolve/main/modules.json "HTTP/1.1 307 Temporary Redirect"
2026-04-26 19:19:43,807 - INFO - HTTP Request: HEAD https://hf-mirror.com/api/resolve-cache/models/BAAI/bge-large-zh-v1.5/79e7739b6ab944e86d6171e44d24c997fc1e0116/modules.json "HTTP/1.1 200 OK"
2026-04-26 19:19:44,124 - INFO - HTTP Request: HEAD https://hf-mirror.com/BAAI/bge-large-zh-v1.5/resolve/main/config_sentence_transformers.json "HTTP/1.1 307 Temporary Redirect"
2026-04-26 19:19:44,223 - INFO - HTTP Request: HEAD https://hf-mirror.com/api/resolve-cache/models/BAAI/bge-large-zh-v1.5/79e7739b6ab944e86d6171e44d24c997fc1e0116/config_sentence_transformers.json "HTTP/1.1 200 OK"
2026-04-26 19:19:44,609 - INFO - HTTP Request: HEAD https://hf-mirror.com/BAAI/bge-large-zh-v1.5/resolve/main/config_sentence_transformers.json "HTTP/1.1 307 Temporary Redirect"
2026-04-26 19:19:44,818 - INFO - HTTP Request: HEAD https://hf-mirror.com/api/resolve-cache/models/BAAI/bge-large-zh-v1.5/79e7739b6ab944e86d6171e44d24c997fc1e0116/config_sentence_transformers.json "HTTP/1.1 200 OK"
2026-04-26 19:19:45,115 - INFO - HTTP Request: HEAD https://hf-mirror.com/BAAI/bge-large-zh-v1.5/resolve/main/README.md "HTTP/1.1 307 Temporary Redirect"
2026-04-26 19:19:45,421 - INFO - HTTP Request: HEAD https://hf-mirror.com/api/resolve-cache/models/BAAI/bge-large-zh-v1.5/79e7739b6ab944e86d6171e44d24c997fc1e0116/README.md "HTTP/1.1 200 OK"
2026-04-26 19:19:45,934 - INFO - HTTP Request: HEAD https://hf-mirror.com/BAAI/bge-large-zh-v1.5/resolve/main/modules.json "HTTP/1.1 307 Temporary Redirect"
2026-04-26 19:19:46,036 - INFO - HTTP Request: HEAD https://hf-mirror.com/api/resolve-cache/models/BAAI/bge-large-zh-v1.5/79e7739b6ab944e86d6171e44d24c997fc1e0116/modules.json "HTTP/1.1 200 OK"
2026-04-26 19:19:46,333 - INFO - HTTP Request: HEAD https://hf-mirror.com/BAAI/bge-large-zh-v1.5/resolve/main/sentence_bert_config.json "HTTP/1.1 307 Temporary Redirect"
2026-04-26 19:19:46,434 - INFO - HTTP Request: HEAD https://hf-mirror.com/api/resolve-cache/models/BAAI/bge-large-zh-v1.5/79e7739b6ab944e86d6171e44d24c997fc1e0116/sentence_bert_config.json "HTTP/1.1 200 OK"
2026-04-26 19:19:46,724 - INFO - HTTP Request: HEAD https://hf-mirror.com/BAAI/bge-large-zh-v1.5/resolve/main/adapter_config.json "HTTP/1.1 404 Not Found"
2026-04-26 19:19:47,069 - INFO - HTTP Request: HEAD https://hf-mirror.com/BAAI/bge-large-zh-v1.5/resolve/main/config.json "HTTP/1.1 307 Temporary Redirect"
2026-04-26 19:19:47,179 - INFO - HTTP Request: HEAD https://hf-mirror.com/api/resolve-cache/models/BAAI/bge-large-zh-v1.5/79e7739b6ab944e86d6171e44d24c997fc1e0116/config.json "HTTP/1.1 200 OK"
2026-04-26 19:19:47,480 - INFO - HTTP Request: HEAD https://hf-mirror.com/BAAI/bge-large-zh-v1.5/resolve/main/config.json "HTTP/1.1 307 Temporary Redirect"
2026-04-26 19:19:47,598 - INFO - HTTP Request: HEAD https://hf-mirror.com/api/resolve-cache/models/BAAI/bge-large-zh-v1.5/79e7739b6ab944e86d6171e44d24c997fc1e0116/config.json "HTTP/1.1 200 OK"
2026-04-26 19:19:47,891 - INFO - HTTP Request: HEAD https://hf-mirror.com/BAAI/bge-large-zh-v1.5/resolve/main/model.safetensors "HTTP/1.1 404 Not Found"
2026-04-26 19:19:47,992 - INFO - HTTP Request: GET https://hf-mirror.com/api/models/BAAI/bge-large-zh-v1.5 "HTTP/1.1 200 OK"
2026-04-26 19:19:48,137 - INFO - HTTP Request: GET https://hf-mirror.com/api/models/BAAI/bge-large-zh-v1.5/commits/main "HTTP/1.1 200 OK"
2026-04-26 19:19:48,261 - INFO - HTTP Request: GET https://hf-mirror.com/api/models/BAAI/bge-large-zh-v1.5/discussions?p=0 "HTTP/1.1 200 OK"
2026-04-26 19:19:48,369 - INFO - HTTP Request: GET https://hf-mirror.com/api/models/BAAI/bge-large-zh-v1.5/commits/refs%2Fpr%2F35 "HTTP/1.1 200 OK"
2026-04-26 19:19:48,581 - INFO - HTTP Request: HEAD https://hf-mirror.com/BAAI/bge-large-zh-v1.5/resolve/main/config.json "HTTP/1.1 307 Temporary Redirect"
2026-04-26 19:19:48,650 - INFO - HTTP Request: HEAD https://hf-mirror.com/BAAI/bge-large-zh-v1.5/resolve/refs%2Fpr%2F35/model.safetensors.index.json "HTTP/1.1 404 Not Found"
2026-04-26 19:19:48,789 - INFO - HTTP Request: HEAD https://hf-mirror.com/api/resolve-cache/models/BAAI/bge-large-zh-v1.5/79e7739b6ab944e86d6171e44d24c997fc1e0116/config.json "HTTP/1.1 200 OK"
2026-04-26 19:19:48,954 - INFO - HTTP Request: HEAD https://hf-mirror.com/BAAI/bge-large-zh-v1.5/resolve/refs%2Fpr%2F35/model.safetensors "HTTP/1.1 302 Found"
2026-04-26 19:19:49,094 - INFO - HTTP Request: HEAD https://hf-mirror.com/BAAI/bge-large-zh-v1.5/resolve/main/tokenizer_config.json "HTTP/1.1 307 Temporary Redirect"
2026-04-26 19:19:49,301 - INFO - HTTP Request: HEAD https://hf-mirror.com/api/resolve-cache/models/BAAI/bge-large-zh-v1.5/79e7739b6ab944e86d6171e44d24c997fc1e0116/tokenizer_config.json "HTTP/1.1 200 OK"
2026-04-26 19:19:49,430 - INFO - HTTP Request: GET https://hf-mirror.com/api/models/BAAI/bge-large-zh-v1.5/tree/main/additional_chat_templates?recursive=false&expand=false "HTTP/1.1 404 Not Found"
2026-04-26 19:19:49,545 - INFO - HTTP Request: GET https://hf-mirror.com/api/models/BAAI/bge-large-zh-v1.5/tree/main?recursive=true&expand=false "HTTP/1.1 200 OK"
2026-04-26 19:19:49,864 - INFO - HTTP Request: HEAD https://hf-mirror.com/BAAI/bge-large-zh-v1.5/resolve/main/1_Pooling/config.json "HTTP/1.1 307 Temporary Redirect"
2026-04-26 19:19:50,009 - INFO - HTTP Request: HEAD https://hf-mirror.com/api/resolve-cache/models/BAAI/bge-large-zh-v1.5/79e7739b6ab944e86d6171e44d24c997fc1e0116/1_Pooling%2Fconfig.json "HTTP/1.1 200 OK"
2026-04-26 19:19:50,130 - INFO - HTTP Request: GET https://hf-mirror.com/api/models/BAAI/bge-large-zh-v1.5 "HTTP/1.1 200 OK"
2026-04-26 19:19:50,935 - INFO - 📐 动态设定 HDBSCAN 最小聚类体积: 130
2026-04-26 19:19:50,935 - INFO - 🚀 阶段0：预计算文档完整语义 Embedding...
2026-04-26 19:25:59,751 - INFO - 🚀 阶段1：开始执行 Guided BERTopic 聚类...
2026-04-26 19:26:45,427 - INFO - 📊 初始主题数: 28 个
2026-04-26 19:26:45,427 - INFO - 🔄 阶段2.2：执行离群点归队回收（阈值 0.4，适中偏宽松）...
2026-04-26 19:26:47,529 - INFO - 🎯 阶段3：弱主题处理（置信度<0.3→尝试合并，相似度>0.5 才合并，否则噪声）...
2026-04-26 19:26:47,529 - INFO - 📊 训练完成，总耗时: 416.59秒
2026-04-26 19:26:47,529 - INFO - 📈 正在评估聚类质量...
2026-04-26 19:26:47,537 - INFO - 💾 阶段5：正在保存完整结果...
2026-04-26 19:26:47,995 - INFO - ✅ 处理全流程结束，所有文件均已输出至：E:\document\PG\studio\content\bertopic_results_optimized
2026-04-26 19:26:47,995 - INFO - 🎉 全部流程执行完毕！
2026-04-26 20:00:22,457 - INFO - 📂 正在加载数据: E:\document\PG\studio\content\bertopic_ready_data\bertopic_train_data.csv
2026-04-26 20:00:22,747 - INFO - 📊 原始有效数据量: 18255 条
2026-04-26 20:00:22,788 - INFO - 🔧 初始化 BERTopic 流水线...
2026-04-26 20:00:22,805 - INFO - 🤖 使用设备: cuda
2026-04-26 20:00:22,807 - INFO - Load pretrained SentenceTransformer: BAAI/bge-large-zh-v1.5
2026-04-26 20:00:23,390 - INFO - HTTP Request: HEAD https://hf-mirror.com/BAAI/bge-large-zh-v1.5/resolve/main/modules.json "HTTP/1.1 307 Temporary Redirect"
2026-04-26 20:00:23,604 - INFO - HTTP Request: HEAD https://hf-mirror.com/api/resolve-cache/models/BAAI/bge-large-zh-v1.5/79e7739b6ab944e86d6171e44d24c997fc1e0116/modules.json "HTTP/1.1 200 OK"
2026-04-26 20:00:23,924 - INFO - HTTP Request: HEAD https://hf-mirror.com/BAAI/bge-large-zh-v1.5/resolve/main/config_sentence_transformers.json "HTTP/1.1 307 Temporary Redirect"
2026-04-26 20:00:24,030 - INFO - HTTP Request: HEAD https://hf-mirror.com/api/resolve-cache/models/BAAI/bge-large-zh-v1.5/79e7739b6ab944e86d6171e44d24c997fc1e0116/config_sentence_transformers.json "HTTP/1.1 200 OK"
2026-04-26 20:00:24,415 - INFO - HTTP Request: HEAD https://hf-mirror.com/BAAI/bge-large-zh-v1.5/resolve/main/config_sentence_transformers.json "HTTP/1.1 307 Temporary Redirect"
2026-04-26 20:00:24,556 - INFO - HTTP Request: HEAD https://hf-mirror.com/api/resolve-cache/models/BAAI/bge-large-zh-v1.5/79e7739b6ab944e86d6171e44d24c997fc1e0116/config_sentence_transformers.json "HTTP/1.1 200 OK"
2026-04-26 20:00:24,896 - INFO - HTTP Request: HEAD https://hf-mirror.com/BAAI/bge-large-zh-v1.5/resolve/main/README.md "HTTP/1.1 307 Temporary Redirect"
2026-04-26 20:00:25,068 - INFO - HTTP Request: HEAD https://hf-mirror.com/api/resolve-cache/models/BAAI/bge-large-zh-v1.5/79e7739b6ab944e86d6171e44d24c997fc1e0116/README.md "HTTP/1.1 200 OK"
2026-04-26 20:00:25,383 - INFO - HTTP Request: HEAD https://hf-mirror.com/BAAI/bge-large-zh-v1.5/resolve/main/modules.json "HTTP/1.1 307 Temporary Redirect"
2026-04-26 20:00:25,569 - INFO - HTTP Request: HEAD https://hf-mirror.com/api/resolve-cache/models/BAAI/bge-large-zh-v1.5/79e7739b6ab944e86d6171e44d24c997fc1e0116/modules.json "HTTP/1.1 200 OK"
2026-04-26 20:00:25,876 - INFO - HTTP Request: HEAD https://hf-mirror.com/BAAI/bge-large-zh-v1.5/resolve/main/sentence_bert_config.json "HTTP/1.1 307 Temporary Redirect"
2026-04-26 20:00:26,035 - INFO - HTTP Request: HEAD https://hf-mirror.com/api/resolve-cache/models/BAAI/bge-large-zh-v1.5/79e7739b6ab944e86d6171e44d24c997fc1e0116/sentence_bert_config.json "HTTP/1.1 200 OK"
2026-04-26 20:00:26,360 - INFO - HTTP Request: HEAD https://hf-mirror.com/BAAI/bge-large-zh-v1.5/resolve/main/adapter_config.json "HTTP/1.1 404 Not Found"
2026-04-26 20:00:26,642 - INFO - HTTP Request: HEAD https://hf-mirror.com/BAAI/bge-large-zh-v1.5/resolve/main/config.json "HTTP/1.1 307 Temporary Redirect"
2026-04-26 20:00:26,804 - INFO - HTTP Request: HEAD https://hf-mirror.com/api/resolve-cache/models/BAAI/bge-large-zh-v1.5/79e7739b6ab944e86d6171e44d24c997fc1e0116/config.json "HTTP/1.1 200 OK"
2026-04-26 20:00:27,127 - INFO - HTTP Request: HEAD https://hf-mirror.com/BAAI/bge-large-zh-v1.5/resolve/main/config.json "HTTP/1.1 307 Temporary Redirect"
2026-04-26 20:00:27,354 - INFO - HTTP Request: HEAD https://hf-mirror.com/api/resolve-cache/models/BAAI/bge-large-zh-v1.5/79e7739b6ab944e86d6171e44d24c997fc1e0116/config.json "HTTP/1.1 200 OK"
2026-04-26 20:00:27,639 - INFO - HTTP Request: HEAD https://hf-mirror.com/BAAI/bge-large-zh-v1.5/resolve/main/model.safetensors "HTTP/1.1 404 Not Found"
2026-04-26 20:00:27,762 - INFO - HTTP Request: GET https://hf-mirror.com/api/models/BAAI/bge-large-zh-v1.5 "HTTP/1.1 200 OK"
2026-04-26 20:00:27,898 - INFO - HTTP Request: GET https://hf-mirror.com/api/models/BAAI/bge-large-zh-v1.5/commits/main "HTTP/1.1 200 OK"
2026-04-26 20:00:28,011 - INFO - HTTP Request: GET https://hf-mirror.com/api/models/BAAI/bge-large-zh-v1.5/discussions?p=0 "HTTP/1.1 200 OK"
2026-04-26 20:00:28,130 - INFO - HTTP Request: GET https://hf-mirror.com/api/models/BAAI/bge-large-zh-v1.5/commits/refs%2Fpr%2F35 "HTTP/1.1 200 OK"
2026-04-26 20:00:28,287 - INFO - HTTP Request: HEAD https://hf-mirror.com/BAAI/bge-large-zh-v1.5/resolve/main/config.json "HTTP/1.1 307 Temporary Redirect"
2026-04-26 20:00:28,463 - INFO - HTTP Request: HEAD https://hf-mirror.com/BAAI/bge-large-zh-v1.5/resolve/refs%2Fpr%2F35/model.safetensors.index.json "HTTP/1.1 404 Not Found"
2026-04-26 20:00:28,510 - INFO - HTTP Request: HEAD https://hf-mirror.com/api/resolve-cache/models/BAAI/bge-large-zh-v1.5/79e7739b6ab944e86d6171e44d24c997fc1e0116/config.json "HTTP/1.1 200 OK"
2026-04-26 20:00:28,807 - INFO - HTTP Request: HEAD https://hf-mirror.com/BAAI/bge-large-zh-v1.5/resolve/main/tokenizer_config.json "HTTP/1.1 307 Temporary Redirect"
2026-04-26 20:00:28,809 - INFO - HTTP Request: HEAD https://hf-mirror.com/BAAI/bge-large-zh-v1.5/resolve/refs%2Fpr%2F35/model.safetensors "HTTP/1.1 302 Found"
2026-04-26 20:00:28,901 - INFO - HTTP Request: HEAD https://hf-mirror.com/api/resolve-cache/models/BAAI/bge-large-zh-v1.5/79e7739b6ab944e86d6171e44d24c997fc1e0116/tokenizer_config.json "HTTP/1.1 200 OK"
2026-04-26 20:00:29,025 - INFO - HTTP Request: GET https://hf-mirror.com/api/models/BAAI/bge-large-zh-v1.5/tree/main/additional_chat_templates?recursive=false&expand=false "HTTP/1.1 404 Not Found"
2026-04-26 20:00:29,184 - INFO - HTTP Request: GET https://hf-mirror.com/api/models/BAAI/bge-large-zh-v1.5/tree/main?recursive=true&expand=false "HTTP/1.1 200 OK"
2026-04-26 20:00:29,548 - INFO - HTTP Request: HEAD https://hf-mirror.com/BAAI/bge-large-zh-v1.5/resolve/main/1_Pooling/config.json "HTTP/1.1 307 Temporary Redirect"
2026-04-26 20:00:29,655 - INFO - HTTP Request: HEAD https://hf-mirror.com/api/resolve-cache/models/BAAI/bge-large-zh-v1.5/79e7739b6ab944e86d6171e44d24c997fc1e0116/1_Pooling%2Fconfig.json "HTTP/1.1 200 OK"
2026-04-26 20:00:29,790 - INFO - HTTP Request: GET https://hf-mirror.com/api/models/BAAI/bge-large-zh-v1.5 "HTTP/1.1 200 OK"
2026-04-26 20:00:30,589 - INFO - 📐 动态设定 HDBSCAN 最小聚类体积: 130
2026-04-26 20:00:30,589 - INFO - 🚀 阶段0：预计算文档完整语义 Embedding...
2026-04-26 20:06:39,281 - INFO - 🚀 阶段1：开始执行 Guided BERTopic 聚类...
2026-04-26 20:07:25,033 - INFO - 📊 初始主题数: 28 个
2026-04-26 20:07:25,034 - INFO - 🔄 阶段2.2：执行离群点归队回收（阈值 0.4，适中偏宽松）...
2026-04-26 20:07:27,114 - INFO - 🎯 阶段3：弱主题处理（置信度<0.4→尝试合并，相似度>0.5 才合并，否则噪声）...
2026-04-26 20:07:27,345 - INFO -    🔗 计划合并弱主题 T10 -> T18 (相似度: 0.519)
2026-04-26 20:07:27,519 - INFO -    执行最终合并，共涉及 1 组聚类操作...
2026-04-26 20:07:29,794 - INFO - 📊 训练完成，总耗时: 419.20秒
2026-04-26 20:07:29,794 - INFO - 📈 正在评估聚类质量...
2026-04-26 20:07:29,802 - INFO - 💾 阶段5：正在保存完整结果...
2026-04-26 20:07:30,268 - INFO - ✅ 处理全流程结束，所有文件均已输出至：E:\document\PG\studio\content\bertopic_results_optimized
2026-04-26 20:07:30,268 - INFO - 🎉 全部流程执行完毕！
2026-04-26 20:10:05,079 - INFO - 📂 正在加载数据: E:\document\PG\studio\content\bertopic_ready_data\bertopic_train_data.csv
2026-04-26 20:10:05,375 - INFO - 📊 原始有效数据量: 18255 条
2026-04-26 20:10:05,417 - INFO - 🔧 初始化 BERTopic 流水线...
2026-04-26 20:10:05,433 - INFO - 🤖 使用设备: cuda
2026-04-26 20:10:05,434 - INFO - Load pretrained SentenceTransformer: BAAI/bge-large-zh-v1.5
2026-04-26 20:10:05,942 - INFO - HTTP Request: HEAD https://hf-mirror.com/BAAI/bge-large-zh-v1.5/resolve/main/modules.json "HTTP/1.1 307 Temporary Redirect"
2026-04-26 20:10:06,044 - INFO - HTTP Request: HEAD https://hf-mirror.com/api/resolve-cache/models/BAAI/bge-large-zh-v1.5/79e7739b6ab944e86d6171e44d24c997fc1e0116/modules.json "HTTP/1.1 200 OK"
2026-04-26 20:10:06,377 - INFO - HTTP Request: HEAD https://hf-mirror.com/BAAI/bge-large-zh-v1.5/resolve/main/config_sentence_transformers.json "HTTP/1.1 307 Temporary Redirect"
2026-04-26 20:10:06,492 - INFO - HTTP Request: HEAD https://hf-mirror.com/api/resolve-cache/models/BAAI/bge-large-zh-v1.5/79e7739b6ab944e86d6171e44d24c997fc1e0116/config_sentence_transformers.json "HTTP/1.1 200 OK"
2026-04-26 20:10:06,795 - INFO - HTTP Request: HEAD https://hf-mirror.com/BAAI/bge-large-zh-v1.5/resolve/main/config_sentence_transformers.json "HTTP/1.1 307 Temporary Redirect"
2026-04-26 20:10:06,914 - INFO - HTTP Request: HEAD https://hf-mirror.com/api/resolve-cache/models/BAAI/bge-large-zh-v1.5/79e7739b6ab944e86d6171e44d24c997fc1e0116/config_sentence_transformers.json "HTTP/1.1 200 OK"
2026-04-26 20:10:07,372 - INFO - HTTP Request: HEAD https://hf-mirror.com/BAAI/bge-large-zh-v1.5/resolve/main/README.md "HTTP/1.1 307 Temporary Redirect"
2026-04-26 20:10:07,605 - INFO - HTTP Request: HEAD https://hf-mirror.com/api/resolve-cache/models/BAAI/bge-large-zh-v1.5/79e7739b6ab944e86d6171e44d24c997fc1e0116/README.md "HTTP/1.1 200 OK"
2026-04-26 20:10:07,922 - INFO - HTTP Request: HEAD https://hf-mirror.com/BAAI/bge-large-zh-v1.5/resolve/main/modules.json "HTTP/1.1 307 Temporary Redirect"
2026-04-26 20:10:08,198 - INFO - HTTP Request: HEAD https://hf-mirror.com/api/resolve-cache/models/BAAI/bge-large-zh-v1.5/79e7739b6ab944e86d6171e44d24c997fc1e0116/modules.json "HTTP/1.1 200 OK"
2026-04-26 20:10:08,555 - INFO - HTTP Request: HEAD https://hf-mirror.com/BAAI/bge-large-zh-v1.5/resolve/main/sentence_bert_config.json "HTTP/1.1 307 Temporary Redirect"
2026-04-26 20:10:08,711 - INFO - HTTP Request: HEAD https://hf-mirror.com/api/resolve-cache/models/BAAI/bge-large-zh-v1.5/79e7739b6ab944e86d6171e44d24c997fc1e0116/sentence_bert_config.json "HTTP/1.1 200 OK"
2026-04-26 20:10:09,071 - INFO - HTTP Request: HEAD https://hf-mirror.com/BAAI/bge-large-zh-v1.5/resolve/main/adapter_config.json "HTTP/1.1 404 Not Found"
2026-04-26 20:10:09,373 - INFO - HTTP Request: HEAD https://hf-mirror.com/BAAI/bge-large-zh-v1.5/resolve/main/config.json "HTTP/1.1 307 Temporary Redirect"
2026-04-26 20:10:09,539 - INFO - HTTP Request: HEAD https://hf-mirror.com/api/resolve-cache/models/BAAI/bge-large-zh-v1.5/79e7739b6ab944e86d6171e44d24c997fc1e0116/config.json "HTTP/1.1 200 OK"
2026-04-26 20:10:09,963 - INFO - HTTP Request: HEAD https://hf-mirror.com/BAAI/bge-large-zh-v1.5/resolve/main/config.json "HTTP/1.1 307 Temporary Redirect"
2026-04-26 20:10:10,270 - INFO - HTTP Request: HEAD https://hf-mirror.com/api/resolve-cache/models/BAAI/bge-large-zh-v1.5/79e7739b6ab944e86d6171e44d24c997fc1e0116/config.json "HTTP/1.1 200 OK"
2026-04-26 20:10:10,578 - INFO - HTTP Request: HEAD https://hf-mirror.com/BAAI/bge-large-zh-v1.5/resolve/main/model.safetensors "HTTP/1.1 404 Not Found"
2026-04-26 20:10:10,694 - INFO - HTTP Request: GET https://hf-mirror.com/api/models/BAAI/bge-large-zh-v1.5 "HTTP/1.1 200 OK"
2026-04-26 20:10:10,890 - INFO - HTTP Request: GET https://hf-mirror.com/api/models/BAAI/bge-large-zh-v1.5/commits/main "HTTP/1.1 200 OK"
2026-04-26 20:10:11,005 - INFO - HTTP Request: GET https://hf-mirror.com/api/models/BAAI/bge-large-zh-v1.5/discussions?p=0 "HTTP/1.1 200 OK"
2026-04-26 20:10:11,140 - INFO - HTTP Request: GET https://hf-mirror.com/api/models/BAAI/bge-large-zh-v1.5/commits/refs%2Fpr%2F35 "HTTP/1.1 200 OK"
2026-04-26 20:10:11,294 - INFO - HTTP Request: HEAD https://hf-mirror.com/BAAI/bge-large-zh-v1.5/resolve/main/config.json "HTTP/1.1 307 Temporary Redirect"
2026-04-26 20:10:11,435 - INFO - HTTP Request: HEAD https://hf-mirror.com/BAAI/bge-large-zh-v1.5/resolve/refs%2Fpr%2F35/model.safetensors.index.json "HTTP/1.1 404 Not Found"
2026-04-26 20:10:11,439 - INFO - HTTP Request: HEAD https://hf-mirror.com/api/resolve-cache/models/BAAI/bge-large-zh-v1.5/79e7739b6ab944e86d6171e44d24c997fc1e0116/config.json "HTTP/1.1 200 OK"
2026-04-26 20:10:11,791 - INFO - HTTP Request: HEAD https://hf-mirror.com/BAAI/bge-large-zh-v1.5/resolve/main/tokenizer_config.json "HTTP/1.1 307 Temporary Redirect"
2026-04-26 20:10:11,792 - INFO - HTTP Request: HEAD https://hf-mirror.com/BAAI/bge-large-zh-v1.5/resolve/refs%2Fpr%2F35/model.safetensors "HTTP/1.1 302 Found"
2026-04-26 20:10:11,973 - INFO - HTTP Request: HEAD https://hf-mirror.com/api/resolve-cache/models/BAAI/bge-large-zh-v1.5/79e7739b6ab944e86d6171e44d24c997fc1e0116/tokenizer_config.json "HTTP/1.1 200 OK"
2026-04-26 20:10:12,076 - INFO - HTTP Request: GET https://hf-mirror.com/api/models/BAAI/bge-large-zh-v1.5/tree/main/additional_chat_templates?recursive=false&expand=false "HTTP/1.1 404 Not Found"
2026-04-26 20:10:12,189 - INFO - HTTP Request: GET https://hf-mirror.com/api/models/BAAI/bge-large-zh-v1.5/tree/main?recursive=true&expand=false "HTTP/1.1 200 OK"
2026-04-26 20:10:12,508 - INFO - HTTP Request: HEAD https://hf-mirror.com/BAAI/bge-large-zh-v1.5/resolve/main/1_Pooling/config.json "HTTP/1.1 307 Temporary Redirect"
2026-04-26 20:10:12,608 - INFO - HTTP Request: HEAD https://hf-mirror.com/api/resolve-cache/models/BAAI/bge-large-zh-v1.5/79e7739b6ab944e86d6171e44d24c997fc1e0116/1_Pooling%2Fconfig.json "HTTP/1.1 200 OK"
2026-04-26 20:10:12,737 - INFO - HTTP Request: GET https://hf-mirror.com/api/models/BAAI/bge-large-zh-v1.5 "HTTP/1.1 200 OK"
2026-04-26 20:10:13,552 - INFO - 📐 动态设定 HDBSCAN 最小聚类体积: 130
2026-04-26 20:10:13,552 - INFO - 🚀 阶段0：预计算文档完整语义 Embedding...
2026-04-26 20:16:24,576 - INFO - 🚀 阶段1：开始执行 Guided BERTopic 聚类...
2026-04-26 20:17:10,514 - INFO - 📊 初始主题数: 28 个
2026-04-26 20:17:10,514 - INFO - 🔄 阶段2.2：执行离群点归队回收（阈值 0.4，适中偏宽松）...
2026-04-26 20:17:12,773 - INFO - 🎯 阶段3：弱主题处理（置信度<0.3→尝试合并，相似度>0.4 才合并，否则噪声）...
2026-04-26 20:17:12,773 - INFO - 📊 训练完成，总耗时: 419.22秒
2026-04-26 20:17:12,773 - INFO - 📈 正在评估聚类质量...
2026-04-26 20:17:12,781 - INFO - 💾 阶段5：正在保存完整结果...
2026-04-26 20:17:13,236 - INFO - ✅ 处理全流程结束，所有文件均已输出至：E:\document\PG\studio\content\bertopic_results_optimized
2026-04-26 20:17:13,236 - INFO - 🎉 全部流程执行完毕！
2026-04-26 20:19:21,206 - INFO - 📂 正在加载数据: E:\document\PG\studio\content\bertopic_ready_data\bertopic_train_data.csv
2026-04-26 20:19:21,502 - INFO - 📊 原始有效数据量: 18255 条
2026-04-26 20:19:21,542 - INFO - 🔧 初始化 BERTopic 流水线...
2026-04-26 20:19:21,562 - INFO - 🤖 使用设备: cuda
2026-04-26 20:19:21,563 - INFO - Load pretrained SentenceTransformer: BAAI/bge-large-zh-v1.5
2026-04-26 20:19:22,217 - INFO - HTTP Request: HEAD https://hf-mirror.com/BAAI/bge-large-zh-v1.5/resolve/main/modules.json "HTTP/1.1 307 Temporary Redirect"
2026-04-26 20:19:22,335 - INFO - HTTP Request: HEAD https://hf-mirror.com/api/resolve-cache/models/BAAI/bge-large-zh-v1.5/79e7739b6ab944e86d6171e44d24c997fc1e0116/modules.json "HTTP/1.1 200 OK"
2026-04-26 20:19:22,730 - INFO - HTTP Request: HEAD https://hf-mirror.com/BAAI/bge-large-zh-v1.5/resolve/main/config_sentence_transformers.json "HTTP/1.1 307 Temporary Redirect"
2026-04-26 20:19:22,932 - INFO - HTTP Request: HEAD https://hf-mirror.com/api/resolve-cache/models/BAAI/bge-large-zh-v1.5/79e7739b6ab944e86d6171e44d24c997fc1e0116/config_sentence_transformers.json "HTTP/1.1 200 OK"
2026-04-26 20:19:23,243 - INFO - HTTP Request: HEAD https://hf-mirror.com/BAAI/bge-large-zh-v1.5/resolve/main/config_sentence_transformers.json "HTTP/1.1 307 Temporary Redirect"
2026-04-26 20:19:23,960 - INFO - HTTP Request: HEAD https://hf-mirror.com/api/resolve-cache/models/BAAI/bge-large-zh-v1.5/79e7739b6ab944e86d6171e44d24c997fc1e0116/config_sentence_transformers.json "HTTP/1.1 200 OK"
2026-04-26 20:19:24,264 - INFO - HTTP Request: HEAD https://hf-mirror.com/BAAI/bge-large-zh-v1.5/resolve/main/README.md "HTTP/1.1 307 Temporary Redirect"
2026-04-26 20:19:24,489 - INFO - HTTP Request: HEAD https://hf-mirror.com/api/resolve-cache/models/BAAI/bge-large-zh-v1.5/79e7739b6ab944e86d6171e44d24c997fc1e0116/README.md "HTTP/1.1 200 OK"
2026-04-26 20:19:24,784 - INFO - HTTP Request: HEAD https://hf-mirror.com/BAAI/bge-large-zh-v1.5/resolve/main/modules.json "HTTP/1.1 307 Temporary Redirect"
2026-04-26 20:19:24,982 - INFO - HTTP Request: HEAD https://hf-mirror.com/api/resolve-cache/models/BAAI/bge-large-zh-v1.5/79e7739b6ab944e86d6171e44d24c997fc1e0116/modules.json "HTTP/1.1 200 OK"
2026-04-26 20:19:25,288 - INFO - HTTP Request: HEAD https://hf-mirror.com/BAAI/bge-large-zh-v1.5/resolve/main/sentence_bert_config.json "HTTP/1.1 307 Temporary Redirect"
2026-04-26 20:19:25,498 - INFO - HTTP Request: HEAD https://hf-mirror.com/api/resolve-cache/models/BAAI/bge-large-zh-v1.5/79e7739b6ab944e86d6171e44d24c997fc1e0116/sentence_bert_config.json "HTTP/1.1 200 OK"
2026-04-26 20:19:25,844 - INFO - HTTP Request: HEAD https://hf-mirror.com/BAAI/bge-large-zh-v1.5/resolve/main/adapter_config.json "HTTP/1.1 404 Not Found"
2026-04-26 20:19:26,186 - INFO - HTTP Request: HEAD https://hf-mirror.com/BAAI/bge-large-zh-v1.5/resolve/main/config.json "HTTP/1.1 307 Temporary Redirect"
2026-04-26 20:19:26,425 - INFO - HTTP Request: HEAD https://hf-mirror.com/api/resolve-cache/models/BAAI/bge-large-zh-v1.5/79e7739b6ab944e86d6171e44d24c997fc1e0116/config.json "HTTP/1.1 200 OK"
2026-04-26 20:19:26,733 - INFO - HTTP Request: HEAD https://hf-mirror.com/BAAI/bge-large-zh-v1.5/resolve/main/config.json "HTTP/1.1 307 Temporary Redirect"
2026-04-26 20:19:26,926 - INFO - HTTP Request: HEAD https://hf-mirror.com/api/resolve-cache/models/BAAI/bge-large-zh-v1.5/79e7739b6ab944e86d6171e44d24c997fc1e0116/config.json "HTTP/1.1 200 OK"
2026-04-26 20:19:27,335 - INFO - HTTP Request: HEAD https://hf-mirror.com/BAAI/bge-large-zh-v1.5/resolve/main/model.safetensors "HTTP/1.1 404 Not Found"
2026-04-26 20:19:27,443 - INFO - HTTP Request: GET https://hf-mirror.com/api/models/BAAI/bge-large-zh-v1.5 "HTTP/1.1 200 OK"
2026-04-26 20:19:27,552 - INFO - HTTP Request: GET https://hf-mirror.com/api/models/BAAI/bge-large-zh-v1.5/commits/main "HTTP/1.1 200 OK"
2026-04-26 20:19:27,746 - INFO - HTTP Request: GET https://hf-mirror.com/api/models/BAAI/bge-large-zh-v1.5/discussions?p=0 "HTTP/1.1 200 OK"
2026-04-26 20:19:27,853 - INFO - HTTP Request: GET https://hf-mirror.com/api/models/BAAI/bge-large-zh-v1.5/commits/refs%2Fpr%2F35 "HTTP/1.1 200 OK"
2026-04-26 20:19:28,053 - INFO - HTTP Request: HEAD https://hf-mirror.com/BAAI/bge-large-zh-v1.5/resolve/main/config.json "HTTP/1.1 307 Temporary Redirect"
2026-04-26 20:19:28,158 - INFO - HTTP Request: HEAD https://hf-mirror.com/BAAI/bge-large-zh-v1.5/resolve/refs%2Fpr%2F35/model.safetensors.index.json "HTTP/1.1 404 Not Found"
2026-04-26 20:19:28,159 - INFO - HTTP Request: HEAD https://hf-mirror.com/api/resolve-cache/models/BAAI/bge-large-zh-v1.5/79e7739b6ab944e86d6171e44d24c997fc1e0116/config.json "HTTP/1.1 200 OK"
2026-04-26 20:19:28,441 - INFO - HTTP Request: HEAD https://hf-mirror.com/BAAI/bge-large-zh-v1.5/resolve/main/tokenizer_config.json "HTTP/1.1 307 Temporary Redirect"
2026-04-26 20:19:28,451 - INFO - HTTP Request: HEAD https://hf-mirror.com/BAAI/bge-large-zh-v1.5/resolve/refs%2Fpr%2F35/model.safetensors "HTTP/1.1 302 Found"
2026-04-26 20:19:28,563 - INFO - HTTP Request: HEAD https://hf-mirror.com/api/resolve-cache/models/BAAI/bge-large-zh-v1.5/79e7739b6ab944e86d6171e44d24c997fc1e0116/tokenizer_config.json "HTTP/1.1 200 OK"
2026-04-26 20:19:28,680 - INFO - HTTP Request: GET https://hf-mirror.com/api/models/BAAI/bge-large-zh-v1.5/tree/main/additional_chat_templates?recursive=false&expand=false "HTTP/1.1 404 Not Found"
2026-04-26 20:19:28,873 - INFO - HTTP Request: GET https://hf-mirror.com/api/models/BAAI/bge-large-zh-v1.5/tree/main?recursive=true&expand=false "HTTP/1.1 200 OK"
2026-04-26 20:19:29,214 - INFO - HTTP Request: HEAD https://hf-mirror.com/BAAI/bge-large-zh-v1.5/resolve/main/1_Pooling/config.json "HTTP/1.1 307 Temporary Redirect"
2026-04-26 20:19:29,308 - INFO - HTTP Request: HEAD https://hf-mirror.com/api/resolve-cache/models/BAAI/bge-large-zh-v1.5/79e7739b6ab944e86d6171e44d24c997fc1e0116/1_Pooling%2Fconfig.json "HTTP/1.1 200 OK"
2026-04-26 20:19:29,443 - INFO - HTTP Request: GET https://hf-mirror.com/api/models/BAAI/bge-large-zh-v1.5 "HTTP/1.1 200 OK"
2026-04-26 20:19:30,205 - INFO - 📐 动态设定 HDBSCAN 最小聚类体积: 130
2026-04-26 20:19:30,205 - INFO - 🚀 阶段0：预计算文档完整语义 Embedding...
2026-04-26 20:25:42,318 - INFO - 🚀 阶段1：开始执行 Guided BERTopic 聚类...
2026-04-26 20:26:23,885 - INFO - 📊 初始主题数: 28 个
2026-04-26 20:26:23,886 - INFO - 🔄 阶段2.2：执行离群点归队回收（阈值 0.4，适中偏宽松）...
2026-04-26 20:26:25,810 - INFO - 🎯 阶段3：弱主题处理（置信度<0.35→尝试合并，相似度>0.6 才合并，否则噪声）...
2026-04-26 20:26:25,811 - INFO - 📊 训练完成，总耗时: 415.61秒
2026-04-26 20:26:25,811 - INFO - 📈 正在评估聚类质量...
2026-04-26 20:26:25,821 - INFO - 💾 阶段5：正在保存完整结果...
2026-04-26 20:26:26,218 - INFO - ✅ 处理全流程结束，所有文件均已输出至：E:\document\PG\studio\content\bertopic_results_optimized
2026-04-26 20:26:26,218 - INFO - 🎉 全部流程执行完毕！
2026-04-26 20:27:02,295 - INFO - 📂 正在加载数据: E:\document\PG\studio\content\bertopic_ready_data\bertopic_train_data.csv
2026-04-26 20:27:02,595 - INFO - 📊 原始有效数据量: 18255 条
2026-04-26 20:27:02,640 - INFO - 🔧 初始化 BERTopic 流水线...
2026-04-26 20:27:02,655 - INFO - 🤖 使用设备: cuda
2026-04-26 20:27:02,656 - INFO - Load pretrained SentenceTransformer: BAAI/bge-large-zh-v1.5
2026-04-26 20:27:03,255 - INFO - HTTP Request: HEAD https://hf-mirror.com/BAAI/bge-large-zh-v1.5/resolve/main/modules.json "HTTP/1.1 307 Temporary Redirect"
2026-04-26 20:27:03,375 - INFO - HTTP Request: HEAD https://hf-mirror.com/api/resolve-cache/models/BAAI/bge-large-zh-v1.5/79e7739b6ab944e86d6171e44d24c997fc1e0116/modules.json "HTTP/1.1 200 OK"
2026-04-26 20:27:03,676 - INFO - HTTP Request: HEAD https://hf-mirror.com/BAAI/bge-large-zh-v1.5/resolve/main/config_sentence_transformers.json "HTTP/1.1 307 Temporary Redirect"
2026-04-26 20:27:03,803 - INFO - HTTP Request: HEAD https://hf-mirror.com/api/resolve-cache/models/BAAI/bge-large-zh-v1.5/79e7739b6ab944e86d6171e44d24c997fc1e0116/config_sentence_transformers.json "HTTP/1.1 200 OK"
2026-04-26 20:27:04,125 - INFO - HTTP Request: HEAD https://hf-mirror.com/BAAI/bge-large-zh-v1.5/resolve/main/config_sentence_transformers.json "HTTP/1.1 307 Temporary Redirect"
2026-04-26 20:27:04,251 - INFO - HTTP Request: HEAD https://hf-mirror.com/api/resolve-cache/models/BAAI/bge-large-zh-v1.5/79e7739b6ab944e86d6171e44d24c997fc1e0116/config_sentence_transformers.json "HTTP/1.1 200 OK"
2026-04-26 20:27:04,551 - INFO - HTTP Request: HEAD https://hf-mirror.com/BAAI/bge-large-zh-v1.5/resolve/main/README.md "HTTP/1.1 307 Temporary Redirect"
2026-04-26 20:27:04,660 - INFO - HTTP Request: HEAD https://hf-mirror.com/api/resolve-cache/models/BAAI/bge-large-zh-v1.5/79e7739b6ab944e86d6171e44d24c997fc1e0116/README.md "HTTP/1.1 200 OK"
2026-04-26 20:27:04,969 - INFO - HTTP Request: HEAD https://hf-mirror.com/BAAI/bge-large-zh-v1.5/resolve/main/modules.json "HTTP/1.1 307 Temporary Redirect"
2026-04-26 20:27:05,076 - INFO - HTTP Request: HEAD https://hf-mirror.com/api/resolve-cache/models/BAAI/bge-large-zh-v1.5/79e7739b6ab944e86d6171e44d24c997fc1e0116/modules.json "HTTP/1.1 200 OK"
2026-04-26 20:27:05,383 - INFO - HTTP Request: HEAD https://hf-mirror.com/BAAI/bge-large-zh-v1.5/resolve/main/sentence_bert_config.json "HTTP/1.1 307 Temporary Redirect"
2026-04-26 20:27:05,617 - INFO - HTTP Request: HEAD https://hf-mirror.com/api/resolve-cache/models/BAAI/bge-large-zh-v1.5/79e7739b6ab944e86d6171e44d24c997fc1e0116/sentence_bert_config.json "HTTP/1.1 200 OK"
2026-04-26 20:27:05,946 - INFO - HTTP Request: HEAD https://hf-mirror.com/BAAI/bge-large-zh-v1.5/resolve/main/adapter_config.json "HTTP/1.1 404 Not Found"
2026-04-26 20:27:06,306 - INFO - HTTP Request: HEAD https://hf-mirror.com/BAAI/bge-large-zh-v1.5/resolve/main/config.json "HTTP/1.1 307 Temporary Redirect"
2026-04-26 20:27:06,412 - INFO - HTTP Request: HEAD https://hf-mirror.com/api/resolve-cache/models/BAAI/bge-large-zh-v1.5/79e7739b6ab944e86d6171e44d24c997fc1e0116/config.json "HTTP/1.1 200 OK"
2026-04-26 20:27:06,708 - INFO - HTTP Request: HEAD https://hf-mirror.com/BAAI/bge-large-zh-v1.5/resolve/main/config.json "HTTP/1.1 307 Temporary Redirect"
2026-04-26 20:27:06,915 - INFO - HTTP Request: HEAD https://hf-mirror.com/api/resolve-cache/models/BAAI/bge-large-zh-v1.5/79e7739b6ab944e86d6171e44d24c997fc1e0116/config.json "HTTP/1.1 200 OK"
2026-04-26 20:27:07,204 - INFO - HTTP Request: HEAD https://hf-mirror.com/BAAI/bge-large-zh-v1.5/resolve/main/model.safetensors "HTTP/1.1 404 Not Found"
2026-04-26 20:27:07,305 - INFO - HTTP Request: GET https://hf-mirror.com/api/models/BAAI/bge-large-zh-v1.5 "HTTP/1.1 200 OK"
2026-04-26 20:27:07,420 - INFO - HTTP Request: GET https://hf-mirror.com/api/models/BAAI/bge-large-zh-v1.5/commits/main "HTTP/1.1 200 OK"
2026-04-26 20:27:07,542 - INFO - HTTP Request: GET https://hf-mirror.com/api/models/BAAI/bge-large-zh-v1.5/discussions?p=0 "HTTP/1.1 200 OK"
2026-04-26 20:27:07,669 - INFO - HTTP Request: GET https://hf-mirror.com/api/models/BAAI/bge-large-zh-v1.5/commits/refs%2Fpr%2F35 "HTTP/1.1 200 OK"
2026-04-26 20:27:07,840 - INFO - HTTP Request: HEAD https://hf-mirror.com/BAAI/bge-large-zh-v1.5/resolve/main/config.json "HTTP/1.1 307 Temporary Redirect"
2026-04-26 20:27:07,941 - INFO - HTTP Request: HEAD https://hf-mirror.com/api/resolve-cache/models/BAAI/bge-large-zh-v1.5/79e7739b6ab944e86d6171e44d24c997fc1e0116/config.json "HTTP/1.1 200 OK"
2026-04-26 20:27:07,970 - INFO - HTTP Request: HEAD https://hf-mirror.com/BAAI/bge-large-zh-v1.5/resolve/refs%2Fpr%2F35/model.safetensors.index.json "HTTP/1.1 404 Not Found"
2026-04-26 20:27:08,269 - INFO - HTTP Request: HEAD https://hf-mirror.com/BAAI/bge-large-zh-v1.5/resolve/main/tokenizer_config.json "HTTP/1.1 307 Temporary Redirect"
2026-04-26 20:27:08,275 - INFO - HTTP Request: HEAD https://hf-mirror.com/BAAI/bge-large-zh-v1.5/resolve/refs%2Fpr%2F35/model.safetensors "HTTP/1.1 302 Found"
2026-04-26 20:27:08,379 - INFO - HTTP Request: HEAD https://hf-mirror.com/api/resolve-cache/models/BAAI/bge-large-zh-v1.5/79e7739b6ab944e86d6171e44d24c997fc1e0116/tokenizer_config.json "HTTP/1.1 200 OK"
2026-04-26 20:27:08,495 - INFO - HTTP Request: GET https://hf-mirror.com/api/models/BAAI/bge-large-zh-v1.5/tree/main/additional_chat_templates?recursive=false&expand=false "HTTP/1.1 404 Not Found"
2026-04-26 20:27:08,606 - INFO - HTTP Request: GET https://hf-mirror.com/api/models/BAAI/bge-large-zh-v1.5/tree/main?recursive=true&expand=false "HTTP/1.1 200 OK"
2026-04-26 20:27:08,978 - INFO - HTTP Request: HEAD https://hf-mirror.com/BAAI/bge-large-zh-v1.5/resolve/main/1_Pooling/config.json "HTTP/1.1 307 Temporary Redirect"
2026-04-26 20:27:09,075 - INFO - HTTP Request: HEAD https://hf-mirror.com/api/resolve-cache/models/BAAI/bge-large-zh-v1.5/79e7739b6ab944e86d6171e44d24c997fc1e0116/1_Pooling%2Fconfig.json "HTTP/1.1 200 OK"
2026-04-26 20:27:09,187 - INFO - HTTP Request: GET https://hf-mirror.com/api/models/BAAI/bge-large-zh-v1.5 "HTTP/1.1 200 OK"
2026-04-26 20:27:09,963 - INFO - 📐 动态设定 HDBSCAN 最小聚类体积: 130
2026-04-26 20:27:09,964 - INFO - 🚀 阶段0：预计算文档完整语义 Embedding...
2026-04-26 20:28:40,147 - INFO - 📂 正在加载数据: E:\document\PG\studio\content\bertopic_ready_data\bertopic_train_data.csv
2026-04-26 20:28:40,456 - INFO - 📊 原始有效数据量: 18255 条
2026-04-26 20:28:40,496 - INFO - 🔧 初始化 BERTopic 流水线...
2026-04-26 20:28:40,511 - INFO - 🤖 使用设备: cuda
2026-04-26 20:28:40,513 - INFO - Load pretrained SentenceTransformer: BAAI/bge-large-zh-v1.5
2026-04-26 20:28:41,059 - INFO - HTTP Request: HEAD https://hf-mirror.com/BAAI/bge-large-zh-v1.5/resolve/main/modules.json "HTTP/1.1 307 Temporary Redirect"
2026-04-26 20:28:41,177 - INFO - HTTP Request: HEAD https://hf-mirror.com/api/resolve-cache/models/BAAI/bge-large-zh-v1.5/79e7739b6ab944e86d6171e44d24c997fc1e0116/modules.json "HTTP/1.1 200 OK"
2026-04-26 20:28:41,473 - INFO - HTTP Request: HEAD https://hf-mirror.com/BAAI/bge-large-zh-v1.5/resolve/main/config_sentence_transformers.json "HTTP/1.1 307 Temporary Redirect"
2026-04-26 20:28:41,685 - INFO - HTTP Request: HEAD https://hf-mirror.com/api/resolve-cache/models/BAAI/bge-large-zh-v1.5/79e7739b6ab944e86d6171e44d24c997fc1e0116/config_sentence_transformers.json "HTTP/1.1 200 OK"
2026-04-26 20:28:41,983 - INFO - HTTP Request: HEAD https://hf-mirror.com/BAAI/bge-large-zh-v1.5/resolve/main/config_sentence_transformers.json "HTTP/1.1 307 Temporary Redirect"
2026-04-26 20:28:42,084 - INFO - HTTP Request: HEAD https://hf-mirror.com/api/resolve-cache/models/BAAI/bge-large-zh-v1.5/79e7739b6ab944e86d6171e44d24c997fc1e0116/config_sentence_transformers.json "HTTP/1.1 200 OK"
2026-04-26 20:28:42,397 - INFO - HTTP Request: HEAD https://hf-mirror.com/BAAI/bge-large-zh-v1.5/resolve/main/README.md "HTTP/1.1 307 Temporary Redirect"
2026-04-26 20:28:42,501 - INFO - HTTP Request: HEAD https://hf-mirror.com/api/resolve-cache/models/BAAI/bge-large-zh-v1.5/79e7739b6ab944e86d6171e44d24c997fc1e0116/README.md "HTTP/1.1 200 OK"
2026-04-26 20:28:42,809 - INFO - HTTP Request: HEAD https://hf-mirror.com/BAAI/bge-large-zh-v1.5/resolve/main/modules.json "HTTP/1.1 307 Temporary Redirect"
2026-04-26 20:28:42,927 - INFO - HTTP Request: HEAD https://hf-mirror.com/api/resolve-cache/models/BAAI/bge-large-zh-v1.5/79e7739b6ab944e86d6171e44d24c997fc1e0116/modules.json "HTTP/1.1 200 OK"
2026-04-26 20:28:43,234 - INFO - HTTP Request: HEAD https://hf-mirror.com/BAAI/bge-large-zh-v1.5/resolve/main/sentence_bert_config.json "HTTP/1.1 307 Temporary Redirect"
2026-04-26 20:28:43,376 - INFO - HTTP Request: HEAD https://hf-mirror.com/api/resolve-cache/models/BAAI/bge-large-zh-v1.5/79e7739b6ab944e86d6171e44d24c997fc1e0116/sentence_bert_config.json "HTTP/1.1 200 OK"
2026-04-26 20:28:43,705 - INFO - HTTP Request: HEAD https://hf-mirror.com/BAAI/bge-large-zh-v1.5/resolve/main/adapter_config.json "HTTP/1.1 404 Not Found"
2026-04-26 20:28:44,007 - INFO - HTTP Request: HEAD https://hf-mirror.com/BAAI/bge-large-zh-v1.5/resolve/main/config.json "HTTP/1.1 307 Temporary Redirect"
2026-04-26 20:28:44,119 - INFO - HTTP Request: HEAD https://hf-mirror.com/api/resolve-cache/models/BAAI/bge-large-zh-v1.5/79e7739b6ab944e86d6171e44d24c997fc1e0116/config.json "HTTP/1.1 200 OK"
2026-04-26 20:28:44,428 - INFO - HTTP Request: HEAD https://hf-mirror.com/BAAI/bge-large-zh-v1.5/resolve/main/config.json "HTTP/1.1 307 Temporary Redirect"
2026-04-26 20:28:44,533 - INFO - HTTP Request: HEAD https://hf-mirror.com/api/resolve-cache/models/BAAI/bge-large-zh-v1.5/79e7739b6ab944e86d6171e44d24c997fc1e0116/config.json "HTTP/1.1 200 OK"
2026-04-26 20:28:44,830 - INFO - HTTP Request: HEAD https://hf-mirror.com/BAAI/bge-large-zh-v1.5/resolve/main/model.safetensors "HTTP/1.1 404 Not Found"
2026-04-26 20:28:44,941 - INFO - HTTP Request: GET https://hf-mirror.com/api/models/BAAI/bge-large-zh-v1.5 "HTTP/1.1 200 OK"
2026-04-26 20:28:45,046 - INFO - HTTP Request: GET https://hf-mirror.com/api/models/BAAI/bge-large-zh-v1.5/commits/main "HTTP/1.1 200 OK"
2026-04-26 20:28:45,187 - INFO - HTTP Request: GET https://hf-mirror.com/api/models/BAAI/bge-large-zh-v1.5/discussions?p=0 "HTTP/1.1 200 OK"
2026-04-26 20:28:45,303 - INFO - HTTP Request: GET https://hf-mirror.com/api/models/BAAI/bge-large-zh-v1.5/commits/refs%2Fpr%2F35 "HTTP/1.1 200 OK"
2026-04-26 20:28:45,453 - INFO - HTTP Request: HEAD https://hf-mirror.com/BAAI/bge-large-zh-v1.5/resolve/main/config.json "HTTP/1.1 307 Temporary Redirect"
2026-04-26 20:28:45,580 - INFO - HTTP Request: HEAD https://hf-mirror.com/api/resolve-cache/models/BAAI/bge-large-zh-v1.5/79e7739b6ab944e86d6171e44d24c997fc1e0116/config.json "HTTP/1.1 200 OK"
2026-04-26 20:28:45,614 - INFO - HTTP Request: HEAD https://hf-mirror.com/BAAI/bge-large-zh-v1.5/resolve/refs%2Fpr%2F35/model.safetensors.index.json "HTTP/1.1 404 Not Found"
2026-04-26 20:28:45,893 - INFO - HTTP Request: HEAD https://hf-mirror.com/BAAI/bge-large-zh-v1.5/resolve/main/tokenizer_config.json "HTTP/1.1 307 Temporary Redirect"
2026-04-26 20:28:46,010 - INFO - HTTP Request: HEAD https://hf-mirror.com/BAAI/bge-large-zh-v1.5/resolve/refs%2Fpr%2F35/model.safetensors "HTTP/1.1 302 Found"
2026-04-26 20:28:46,143 - INFO - HTTP Request: HEAD https://hf-mirror.com/api/resolve-cache/models/BAAI/bge-large-zh-v1.5/79e7739b6ab944e86d6171e44d24c997fc1e0116/tokenizer_config.json "HTTP/1.1 200 OK"
2026-04-26 20:28:46,261 - INFO - HTTP Request: GET https://hf-mirror.com/api/models/BAAI/bge-large-zh-v1.5/tree/main/additional_chat_templates?recursive=false&expand=false "HTTP/1.1 404 Not Found"
2026-04-26 20:28:46,403 - INFO - HTTP Request: GET https://hf-mirror.com/api/models/BAAI/bge-large-zh-v1.5/tree/main?recursive=true&expand=false "HTTP/1.1 200 OK"
2026-04-26 20:28:46,719 - INFO - HTTP Request: HEAD https://hf-mirror.com/BAAI/bge-large-zh-v1.5/resolve/main/1_Pooling/config.json "HTTP/1.1 307 Temporary Redirect"
2026-04-26 20:28:46,827 - INFO - HTTP Request: HEAD https://hf-mirror.com/api/resolve-cache/models/BAAI/bge-large-zh-v1.5/79e7739b6ab944e86d6171e44d24c997fc1e0116/1_Pooling%2Fconfig.json "HTTP/1.1 200 OK"
2026-04-26 20:28:46,946 - INFO - HTTP Request: GET https://hf-mirror.com/api/models/BAAI/bge-large-zh-v1.5 "HTTP/1.1 200 OK"
2026-04-26 20:28:47,739 - INFO - 📐 动态设定 HDBSCAN 最小聚类体积: 130
2026-04-26 20:28:47,739 - INFO - 🚀 阶段0：预计算文档完整语义 Embedding...
2026-04-26 20:34:58,888 - INFO - 🚀 阶段1：开始执行 Guided BERTopic 聚类...
2026-04-26 20:35:43,878 - INFO - 📊 初始主题数: 28 个
2026-04-26 20:35:43,879 - INFO - 🔄 阶段2.2：执行离群点归队回收（阈值 0.3，适中偏宽松）...
2026-04-26 20:35:45,834 - INFO - 🎯 阶段3：弱主题处理（置信度<0.3→尝试合并，相似度>0.6 才合并，否则噪声）...
2026-04-26 20:35:45,834 - INFO - 📊 训练完成，总耗时: 418.09秒
2026-04-26 20:35:45,834 - INFO - 📈 正在评估聚类质量...
2026-04-26 20:35:45,843 - INFO - 💾 阶段5：正在保存完整结果...
2026-04-26 20:35:46,251 - INFO - ✅ 处理全流程结束，所有文件均已输出至：E:\document\PG\studio\content\bertopic_results_optimized
2026-04-26 20:35:46,252 - INFO - 🎉 全部流程执行完毕！
2026-04-26 20:37:33,442 - INFO - 📂 正在加载数据: E:\document\PG\studio\content\bertopic_ready_data\bertopic_train_data.csv
2026-04-26 20:37:33,738 - INFO - 📊 原始有效数据量: 18255 条
2026-04-26 20:37:33,780 - INFO - 🔧 初始化 BERTopic 流水线...
2026-04-26 20:37:33,795 - INFO - 🤖 使用设备: cuda
2026-04-26 20:37:33,797 - INFO - Load pretrained SentenceTransformer: BAAI/bge-large-zh-v1.5
2026-04-26 20:37:34,517 - INFO - HTTP Request: HEAD https://hf-mirror.com/BAAI/bge-large-zh-v1.5/resolve/main/modules.json "HTTP/1.1 307 Temporary Redirect"
2026-04-26 20:37:34,741 - INFO - HTTP Request: HEAD https://hf-mirror.com/api/resolve-cache/models/BAAI/bge-large-zh-v1.5/79e7739b6ab944e86d6171e44d24c997fc1e0116/modules.json "HTTP/1.1 200 OK"
2026-04-26 20:37:35,152 - INFO - HTTP Request: HEAD https://hf-mirror.com/BAAI/bge-large-zh-v1.5/resolve/main/config_sentence_transformers.json "HTTP/1.1 307 Temporary Redirect"
2026-04-26 20:37:35,427 - INFO - HTTP Request: HEAD https://hf-mirror.com/api/resolve-cache/models/BAAI/bge-large-zh-v1.5/79e7739b6ab944e86d6171e44d24c997fc1e0116/config_sentence_transformers.json "HTTP/1.1 200 OK"
2026-04-26 20:37:35,731 - INFO - HTTP Request: HEAD https://hf-mirror.com/BAAI/bge-large-zh-v1.5/resolve/main/config_sentence_transformers.json "HTTP/1.1 307 Temporary Redirect"
2026-04-26 20:37:35,845 - INFO - HTTP Request: HEAD https://hf-mirror.com/api/resolve-cache/models/BAAI/bge-large-zh-v1.5/79e7739b6ab944e86d6171e44d24c997fc1e0116/config_sentence_transformers.json "HTTP/1.1 200 OK"
2026-04-26 20:37:36,138 - INFO - HTTP Request: HEAD https://hf-mirror.com/BAAI/bge-large-zh-v1.5/resolve/main/README.md "HTTP/1.1 307 Temporary Redirect"
2026-04-26 20:37:36,368 - INFO - HTTP Request: HEAD https://hf-mirror.com/api/resolve-cache/models/BAAI/bge-large-zh-v1.5/79e7739b6ab944e86d6171e44d24c997fc1e0116/README.md "HTTP/1.1 200 OK"
2026-04-26 20:37:36,687 - INFO - HTTP Request: HEAD https://hf-mirror.com/BAAI/bge-large-zh-v1.5/resolve/main/modules.json "HTTP/1.1 307 Temporary Redirect"
2026-04-26 20:37:36,897 - INFO - HTTP Request: HEAD https://hf-mirror.com/api/resolve-cache/models/BAAI/bge-large-zh-v1.5/79e7739b6ab944e86d6171e44d24c997fc1e0116/modules.json "HTTP/1.1 200 OK"
2026-04-26 20:37:37,191 - INFO - HTTP Request: HEAD https://hf-mirror.com/BAAI/bge-large-zh-v1.5/resolve/main/sentence_bert_config.json "HTTP/1.1 307 Temporary Redirect"
2026-04-26 20:37:37,331 - INFO - HTTP Request: HEAD https://hf-mirror.com/api/resolve-cache/models/BAAI/bge-large-zh-v1.5/79e7739b6ab944e86d6171e44d24c997fc1e0116/sentence_bert_config.json "HTTP/1.1 200 OK"
2026-04-26 20:37:37,655 - INFO - HTTP Request: HEAD https://hf-mirror.com/BAAI/bge-large-zh-v1.5/resolve/main/adapter_config.json "HTTP/1.1 404 Not Found"
2026-04-26 20:37:37,968 - INFO - HTTP Request: HEAD https://hf-mirror.com/BAAI/bge-large-zh-v1.5/resolve/main/config.json "HTTP/1.1 307 Temporary Redirect"
2026-04-26 20:37:38,093 - INFO - HTTP Request: HEAD https://hf-mirror.com/api/resolve-cache/models/BAAI/bge-large-zh-v1.5/79e7739b6ab944e86d6171e44d24c997fc1e0116/config.json "HTTP/1.1 200 OK"
2026-04-26 20:37:38,456 - INFO - HTTP Request: HEAD https://hf-mirror.com/BAAI/bge-large-zh-v1.5/resolve/main/config.json "HTTP/1.1 307 Temporary Redirect"
2026-04-26 20:37:38,601 - INFO - HTTP Request: HEAD https://hf-mirror.com/api/resolve-cache/models/BAAI/bge-large-zh-v1.5/79e7739b6ab944e86d6171e44d24c997fc1e0116/config.json "HTTP/1.1 200 OK"
2026-04-26 20:37:38,920 - INFO - HTTP Request: HEAD https://hf-mirror.com/BAAI/bge-large-zh-v1.5/resolve/main/model.safetensors "HTTP/1.1 404 Not Found"
2026-04-26 20:37:39,049 - INFO - HTTP Request: GET https://hf-mirror.com/api/models/BAAI/bge-large-zh-v1.5 "HTTP/1.1 200 OK"
2026-04-26 20:37:39,163 - INFO - HTTP Request: GET https://hf-mirror.com/api/models/BAAI/bge-large-zh-v1.5/commits/main "HTTP/1.1 200 OK"
2026-04-26 20:37:39,289 - INFO - HTTP Request: GET https://hf-mirror.com/api/models/BAAI/bge-large-zh-v1.5/discussions?p=0 "HTTP/1.1 200 OK"
2026-04-26 20:37:39,406 - INFO - HTTP Request: GET https://hf-mirror.com/api/models/BAAI/bge-large-zh-v1.5/commits/refs%2Fpr%2F35 "HTTP/1.1 200 OK"
2026-04-26 20:37:39,542 - INFO - HTTP Request: HEAD https://hf-mirror.com/BAAI/bge-large-zh-v1.5/resolve/main/config.json "HTTP/1.1 307 Temporary Redirect"
2026-04-26 20:37:39,674 - INFO - HTTP Request: HEAD https://hf-mirror.com/api/resolve-cache/models/BAAI/bge-large-zh-v1.5/79e7739b6ab944e86d6171e44d24c997fc1e0116/config.json "HTTP/1.1 200 OK"
2026-04-26 20:37:39,696 - INFO - HTTP Request: HEAD https://hf-mirror.com/BAAI/bge-large-zh-v1.5/resolve/refs%2Fpr%2F35/model.safetensors.index.json "HTTP/1.1 404 Not Found"
2026-04-26 20:37:39,997 - INFO - HTTP Request: HEAD https://hf-mirror.com/BAAI/bge-large-zh-v1.5/resolve/main/tokenizer_config.json "HTTP/1.1 307 Temporary Redirect"
2026-04-26 20:37:40,008 - INFO - HTTP Request: HEAD https://hf-mirror.com/BAAI/bge-large-zh-v1.5/resolve/refs%2Fpr%2F35/model.safetensors "HTTP/1.1 302 Found"
2026-04-26 20:37:40,130 - INFO - HTTP Request: HEAD https://hf-mirror.com/api/resolve-cache/models/BAAI/bge-large-zh-v1.5/79e7739b6ab944e86d6171e44d24c997fc1e0116/tokenizer_config.json "HTTP/1.1 200 OK"
2026-04-26 20:37:40,255 - INFO - HTTP Request: GET https://hf-mirror.com/api/models/BAAI/bge-large-zh-v1.5/tree/main/additional_chat_templates?recursive=false&expand=false "HTTP/1.1 404 Not Found"
2026-04-26 20:37:40,396 - INFO - HTTP Request: GET https://hf-mirror.com/api/models/BAAI/bge-large-zh-v1.5/tree/main?recursive=true&expand=false "HTTP/1.1 200 OK"
2026-04-26 20:37:40,721 - INFO - HTTP Request: HEAD https://hf-mirror.com/BAAI/bge-large-zh-v1.5/resolve/main/1_Pooling/config.json "HTTP/1.1 307 Temporary Redirect"
2026-04-26 20:37:40,837 - INFO - HTTP Request: HEAD https://hf-mirror.com/api/resolve-cache/models/BAAI/bge-large-zh-v1.5/79e7739b6ab944e86d6171e44d24c997fc1e0116/1_Pooling%2Fconfig.json "HTTP/1.1 200 OK"
2026-04-26 20:37:40,966 - INFO - HTTP Request: GET https://hf-mirror.com/api/models/BAAI/bge-large-zh-v1.5 "HTTP/1.1 200 OK"
2026-04-26 20:37:41,766 - INFO - 📐 动态设定 HDBSCAN 最小聚类体积: 130
2026-04-26 20:37:41,766 - INFO - 🚀 阶段0：预计算文档完整语义 Embedding...
2026-04-26 20:43:55,078 - INFO - 🚀 阶段1：开始执行 Guided BERTopic 聚类...
2026-04-26 20:44:39,518 - INFO - 📊 初始主题数: 28 个
2026-04-26 20:44:39,518 - INFO - 🔄 阶段2.2：执行离群点归队回收（阈值 0.5，适中偏宽松）...
2026-04-26 20:44:41,466 - INFO - 🎯 阶段3：弱主题处理（置信度<0.3→尝试合并，相似度>0.6 才合并，否则噪声）...
2026-04-26 20:44:41,466 - INFO - 📊 训练完成，总耗时: 419.70秒
2026-04-26 20:44:41,466 - INFO - 📈 正在评估聚类质量...
2026-04-26 20:44:41,473 - INFO - 💾 阶段5：正在保存完整结果...
2026-04-26 20:44:41,869 - INFO - ✅ 处理全流程结束，所有文件均已输出至：E:\document\PG\studio\content\bertopic_results_optimized
2026-04-26 20:44:41,869 - INFO - 🎉 全部流程执行完毕！
2026-04-26 21:01:23,407 - INFO - 📂 正在加载数据: E:\document\PG\studio\content\bertopic_ready_data\bertopic_train_data.csv
2026-04-26 21:01:23,702 - INFO - 📊 原始有效数据量: 18255 条
2026-04-26 21:01:23,741 - INFO - 🔧 初始化 BERTopic 流水线...
2026-04-26 21:01:23,758 - INFO - 🤖 使用设备: cuda
2026-04-26 21:01:23,760 - INFO - Load pretrained SentenceTransformer: BAAI/bge-large-zh-v1.5
2026-04-26 21:01:24,393 - INFO - HTTP Request: HEAD https://hf-mirror.com/BAAI/bge-large-zh-v1.5/resolve/main/modules.json "HTTP/1.1 307 Temporary Redirect"
2026-04-26 21:01:24,528 - INFO - HTTP Request: HEAD https://hf-mirror.com/api/resolve-cache/models/BAAI/bge-large-zh-v1.5/79e7739b6ab944e86d6171e44d24c997fc1e0116/modules.json "HTTP/1.1 200 OK"
2026-04-26 21:01:24,894 - INFO - HTTP Request: HEAD https://hf-mirror.com/BAAI/bge-large-zh-v1.5/resolve/main/config_sentence_transformers.json "HTTP/1.1 307 Temporary Redirect"
2026-04-26 21:01:25,004 - INFO - HTTP Request: HEAD https://hf-mirror.com/api/resolve-cache/models/BAAI/bge-large-zh-v1.5/79e7739b6ab944e86d6171e44d24c997fc1e0116/config_sentence_transformers.json "HTTP/1.1 200 OK"
2026-04-26 21:01:25,298 - INFO - HTTP Request: HEAD https://hf-mirror.com/BAAI/bge-large-zh-v1.5/resolve/main/config_sentence_transformers.json "HTTP/1.1 307 Temporary Redirect"
2026-04-26 21:01:25,605 - INFO - HTTP Request: HEAD https://hf-mirror.com/api/resolve-cache/models/BAAI/bge-large-zh-v1.5/79e7739b6ab944e86d6171e44d24c997fc1e0116/config_sentence_transformers.json "HTTP/1.1 200 OK"
2026-04-26 21:01:25,893 - INFO - HTTP Request: HEAD https://hf-mirror.com/BAAI/bge-large-zh-v1.5/resolve/main/README.md "HTTP/1.1 307 Temporary Redirect"
2026-04-26 21:01:26,117 - INFO - HTTP Request: HEAD https://hf-mirror.com/api/resolve-cache/models/BAAI/bge-large-zh-v1.5/79e7739b6ab944e86d6171e44d24c997fc1e0116/README.md "HTTP/1.1 200 OK"
2026-04-26 21:01:26,458 - INFO - HTTP Request: HEAD https://hf-mirror.com/BAAI/bge-large-zh-v1.5/resolve/main/modules.json "HTTP/1.1 307 Temporary Redirect"
2026-04-26 21:01:26,738 - INFO - HTTP Request: HEAD https://hf-mirror.com/api/resolve-cache/models/BAAI/bge-large-zh-v1.5/79e7739b6ab944e86d6171e44d24c997fc1e0116/modules.json "HTTP/1.1 200 OK"
2026-04-26 21:01:27,143 - INFO - HTTP Request: HEAD https://hf-mirror.com/BAAI/bge-large-zh-v1.5/resolve/main/sentence_bert_config.json "HTTP/1.1 307 Temporary Redirect"
2026-04-26 21:01:27,335 - INFO - HTTP Request: HEAD https://hf-mirror.com/api/resolve-cache/models/BAAI/bge-large-zh-v1.5/79e7739b6ab944e86d6171e44d24c997fc1e0116/sentence_bert_config.json "HTTP/1.1 200 OK"
2026-04-26 21:01:27,653 - INFO - HTTP Request: HEAD https://hf-mirror.com/BAAI/bge-large-zh-v1.5/resolve/main/adapter_config.json "HTTP/1.1 404 Not Found"
2026-04-26 21:01:27,956 - INFO - HTTP Request: HEAD https://hf-mirror.com/BAAI/bge-large-zh-v1.5/resolve/main/config.json "HTTP/1.1 307 Temporary Redirect"
2026-04-26 21:01:28,070 - INFO - HTTP Request: HEAD https://hf-mirror.com/api/resolve-cache/models/BAAI/bge-large-zh-v1.5/79e7739b6ab944e86d6171e44d24c997fc1e0116/config.json "HTTP/1.1 200 OK"
2026-04-26 21:01:28,455 - INFO - HTTP Request: HEAD https://hf-mirror.com/BAAI/bge-large-zh-v1.5/resolve/main/config.json "HTTP/1.1 307 Temporary Redirect"
2026-04-26 21:01:28,684 - INFO - HTTP Request: HEAD https://hf-mirror.com/api/resolve-cache/models/BAAI/bge-large-zh-v1.5/79e7739b6ab944e86d6171e44d24c997fc1e0116/config.json "HTTP/1.1 200 OK"
2026-04-26 21:01:29,022 - INFO - HTTP Request: HEAD https://hf-mirror.com/BAAI/bge-large-zh-v1.5/resolve/main/model.safetensors "HTTP/1.1 404 Not Found"
2026-04-26 21:01:29,154 - INFO - HTTP Request: GET https://hf-mirror.com/api/models/BAAI/bge-large-zh-v1.5 "HTTP/1.1 200 OK"
2026-04-26 21:01:29,306 - INFO - HTTP Request: GET https://hf-mirror.com/api/models/BAAI/bge-large-zh-v1.5/commits/main "HTTP/1.1 200 OK"
2026-04-26 21:01:29,505 - INFO - HTTP Request: GET https://hf-mirror.com/api/models/BAAI/bge-large-zh-v1.5/discussions?p=0 "HTTP/1.1 200 OK"
2026-04-26 21:01:29,632 - INFO - HTTP Request: HEAD https://hf-mirror.com/BAAI/bge-large-zh-v1.5/resolve/main/config.json "HTTP/1.1 307 Temporary Redirect"
2026-04-26 21:01:29,635 - INFO - HTTP Request: GET https://hf-mirror.com/api/models/BAAI/bge-large-zh-v1.5/commits/refs%2Fpr%2F35 "HTTP/1.1 200 OK"
2026-04-26 21:01:29,875 - INFO - HTTP Request: HEAD https://hf-mirror.com/api/resolve-cache/models/BAAI/bge-large-zh-v1.5/79e7739b6ab944e86d6171e44d24c997fc1e0116/config.json "HTTP/1.1 200 OK"
2026-04-26 21:01:29,945 - INFO - HTTP Request: HEAD https://hf-mirror.com/BAAI/bge-large-zh-v1.5/resolve/refs%2Fpr%2F35/model.safetensors.index.json "HTTP/1.1 404 Not Found"
2026-04-26 21:01:30,161 - INFO - HTTP Request: HEAD https://hf-mirror.com/BAAI/bge-large-zh-v1.5/resolve/main/tokenizer_config.json "HTTP/1.1 307 Temporary Redirect"
2026-04-26 21:01:30,235 - INFO - HTTP Request: HEAD https://hf-mirror.com/BAAI/bge-large-zh-v1.5/resolve/refs%2Fpr%2F35/model.safetensors "HTTP/1.1 302 Found"
2026-04-26 21:01:30,257 - INFO - HTTP Request: HEAD https://hf-mirror.com/api/resolve-cache/models/BAAI/bge-large-zh-v1.5/79e7739b6ab944e86d6171e44d24c997fc1e0116/tokenizer_config.json "HTTP/1.1 200 OK"
2026-04-26 21:01:30,378 - INFO - HTTP Request: GET https://hf-mirror.com/api/models/BAAI/bge-large-zh-v1.5/tree/main/additional_chat_templates?recursive=false&expand=false "HTTP/1.1 404 Not Found"
2026-04-26 21:01:30,509 - INFO - HTTP Request: GET https://hf-mirror.com/api/models/BAAI/bge-large-zh-v1.5/tree/main?recursive=true&expand=false "HTTP/1.1 200 OK"
2026-04-26 21:01:30,817 - INFO - HTTP Request: HEAD https://hf-mirror.com/BAAI/bge-large-zh-v1.5/resolve/main/1_Pooling/config.json "HTTP/1.1 307 Temporary Redirect"
2026-04-26 21:01:30,947 - INFO - HTTP Request: HEAD https://hf-mirror.com/api/resolve-cache/models/BAAI/bge-large-zh-v1.5/79e7739b6ab944e86d6171e44d24c997fc1e0116/1_Pooling%2Fconfig.json "HTTP/1.1 200 OK"
2026-04-26 21:01:31,057 - INFO - HTTP Request: GET https://hf-mirror.com/api/models/BAAI/bge-large-zh-v1.5 "HTTP/1.1 200 OK"
2026-04-26 21:01:31,840 - INFO - 📐 动态设定 HDBSCAN 最小聚类体积: 130
2026-04-26 21:01:31,840 - INFO - 🚀 阶段0：预计算文档完整语义 Embedding...
2026-04-26 21:07:42,562 - INFO - 🚀 阶段1：开始执行 Guided BERTopic 聚类...
2026-04-26 21:08:28,656 - INFO - 📊 初始主题数: 30 个
2026-04-26 21:08:28,656 - INFO - 🔄 阶段2.2：执行离群点归队回收（阈值 0.3，适中偏宽松）...
2026-04-26 21:08:31,118 - INFO - 🎯 阶段3：弱主题处理（置信度<0.5→尝试合并，相似度>0.8 才合并，否则噪声）...
2026-04-26 21:08:31,740 - INFO - 📊 训练完成，总耗时: 419.90秒
2026-04-26 21:08:31,740 - INFO - 📈 正在评估聚类质量...
2026-04-26 21:08:31,748 - INFO - 💾 阶段5：正在保存完整结果...
2026-04-26 21:08:32,174 - INFO - ✅ 处理全流程结束，所有文件均已输出至：E:\document\PG\studio\content\bertopic_results_optimized
2026-04-26 21:08:32,174 - INFO - 🎉 全部流程执行完毕！
2026-04-26 21:10:01,664 - INFO - 📂 正在加载数据: E:\document\PG\studio\content\bertopic_ready_data\bertopic_train_data.csv
2026-04-26 21:10:01,967 - INFO - 📊 原始有效数据量: 18255 条
2026-04-26 21:10:02,010 - INFO - 🔧 初始化 BERTopic 流水线...
2026-04-26 21:10:02,026 - INFO - 🤖 使用设备: cuda
2026-04-26 21:10:02,027 - INFO - Load pretrained SentenceTransformer: BAAI/bge-large-zh-v1.5
2026-04-26 21:10:02,720 - INFO - HTTP Request: HEAD https://hf-mirror.com/BAAI/bge-large-zh-v1.5/resolve/main/modules.json "HTTP/1.1 307 Temporary Redirect"
2026-04-26 21:10:02,851 - INFO - HTTP Request: HEAD https://hf-mirror.com/api/resolve-cache/models/BAAI/bge-large-zh-v1.5/79e7739b6ab944e86d6171e44d24c997fc1e0116/modules.json "HTTP/1.1 200 OK"
2026-04-26 21:10:03,273 - INFO - HTTP Request: HEAD https://hf-mirror.com/BAAI/bge-large-zh-v1.5/resolve/main/config_sentence_transformers.json "HTTP/1.1 307 Temporary Redirect"
2026-04-26 21:10:03,440 - INFO - HTTP Request: HEAD https://hf-mirror.com/api/resolve-cache/models/BAAI/bge-large-zh-v1.5/79e7739b6ab944e86d6171e44d24c997fc1e0116/config_sentence_transformers.json "HTTP/1.1 200 OK"
2026-04-26 21:10:03,774 - INFO - HTTP Request: HEAD https://hf-mirror.com/BAAI/bge-large-zh-v1.5/resolve/main/config_sentence_transformers.json "HTTP/1.1 307 Temporary Redirect"
2026-04-26 21:10:03,919 - INFO - HTTP Request: HEAD https://hf-mirror.com/api/resolve-cache/models/BAAI/bge-large-zh-v1.5/79e7739b6ab944e86d6171e44d24c997fc1e0116/config_sentence_transformers.json "HTTP/1.1 200 OK"
2026-04-26 21:10:04,230 - INFO - HTTP Request: HEAD https://hf-mirror.com/BAAI/bge-large-zh-v1.5/resolve/main/README.md "HTTP/1.1 307 Temporary Redirect"
2026-04-26 21:10:04,361 - INFO - HTTP Request: HEAD https://hf-mirror.com/api/resolve-cache/models/BAAI/bge-large-zh-v1.5/79e7739b6ab944e86d6171e44d24c997fc1e0116/README.md "HTTP/1.1 200 OK"
2026-04-26 21:10:04,671 - INFO - HTTP Request: HEAD https://hf-mirror.com/BAAI/bge-large-zh-v1.5/resolve/main/modules.json "HTTP/1.1 307 Temporary Redirect"
2026-04-26 21:10:04,793 - INFO - HTTP Request: HEAD https://hf-mirror.com/api/resolve-cache/models/BAAI/bge-large-zh-v1.5/79e7739b6ab944e86d6171e44d24c997fc1e0116/modules.json "HTTP/1.1 200 OK"
2026-04-26 21:10:05,124 - INFO - HTTP Request: HEAD https://hf-mirror.com/BAAI/bge-large-zh-v1.5/resolve/main/sentence_bert_config.json "HTTP/1.1 307 Temporary Redirect"
2026-04-26 21:10:05,255 - INFO - HTTP Request: HEAD https://hf-mirror.com/api/resolve-cache/models/BAAI/bge-large-zh-v1.5/79e7739b6ab944e86d6171e44d24c997fc1e0116/sentence_bert_config.json "HTTP/1.1 200 OK"
2026-04-26 21:10:05,581 - INFO - HTTP Request: HEAD https://hf-mirror.com/BAAI/bge-large-zh-v1.5/resolve/main/adapter_config.json "HTTP/1.1 404 Not Found"
2026-04-26 21:10:05,887 - INFO - HTTP Request: HEAD https://hf-mirror.com/BAAI/bge-large-zh-v1.5/resolve/main/config.json "HTTP/1.1 307 Temporary Redirect"
2026-04-26 21:10:06,018 - INFO - HTTP Request: HEAD https://hf-mirror.com/api/resolve-cache/models/BAAI/bge-large-zh-v1.5/79e7739b6ab944e86d6171e44d24c997fc1e0116/config.json "HTTP/1.1 200 OK"
2026-04-26 21:10:06,368 - INFO - HTTP Request: HEAD https://hf-mirror.com/BAAI/bge-large-zh-v1.5/resolve/main/config.json "HTTP/1.1 307 Temporary Redirect"
2026-04-26 21:10:06,579 - INFO - HTTP Request: HEAD https://hf-mirror.com/api/resolve-cache/models/BAAI/bge-large-zh-v1.5/79e7739b6ab944e86d6171e44d24c997fc1e0116/config.json "HTTP/1.1 200 OK"
2026-04-26 21:10:06,891 - INFO - HTTP Request: HEAD https://hf-mirror.com/BAAI/bge-large-zh-v1.5/resolve/main/model.safetensors "HTTP/1.1 404 Not Found"
2026-04-26 21:10:07,018 - INFO - HTTP Request: GET https://hf-mirror.com/api/models/BAAI/bge-large-zh-v1.5 "HTTP/1.1 200 OK"
2026-04-26 21:10:07,136 - INFO - HTTP Request: GET https://hf-mirror.com/api/models/BAAI/bge-large-zh-v1.5/commits/main "HTTP/1.1 200 OK"
2026-04-26 21:10:07,255 - INFO - HTTP Request: GET https://hf-mirror.com/api/models/BAAI/bge-large-zh-v1.5/discussions?p=0 "HTTP/1.1 200 OK"
2026-04-26 21:10:07,383 - INFO - HTTP Request: GET https://hf-mirror.com/api/models/BAAI/bge-large-zh-v1.5/commits/refs%2Fpr%2F35 "HTTP/1.1 200 OK"
2026-04-26 21:10:07,501 - INFO - HTTP Request: HEAD https://hf-mirror.com/BAAI/bge-large-zh-v1.5/resolve/main/config.json "HTTP/1.1 307 Temporary Redirect"
2026-04-26 21:10:07,609 - INFO - HTTP Request: HEAD https://hf-mirror.com/api/resolve-cache/models/BAAI/bge-large-zh-v1.5/79e7739b6ab944e86d6171e44d24c997fc1e0116/config.json "HTTP/1.1 200 OK"
2026-04-26 21:10:07,706 - INFO - HTTP Request: HEAD https://hf-mirror.com/BAAI/bge-large-zh-v1.5/resolve/refs%2Fpr%2F35/model.safetensors.index.json "HTTP/1.1 404 Not Found"
2026-04-26 21:10:07,918 - INFO - HTTP Request: HEAD https://hf-mirror.com/BAAI/bge-large-zh-v1.5/resolve/main/tokenizer_config.json "HTTP/1.1 307 Temporary Redirect"
2026-04-26 21:10:08,022 - INFO - HTTP Request: HEAD https://hf-mirror.com/BAAI/bge-large-zh-v1.5/resolve/refs%2Fpr%2F35/model.safetensors "HTTP/1.1 302 Found"
2026-04-26 21:10:08,033 - INFO - HTTP Request: HEAD https://hf-mirror.com/api/resolve-cache/models/BAAI/bge-large-zh-v1.5/79e7739b6ab944e86d6171e44d24c997fc1e0116/tokenizer_config.json "HTTP/1.1 200 OK"
2026-04-26 21:10:08,157 - INFO - HTTP Request: GET https://hf-mirror.com/api/models/BAAI/bge-large-zh-v1.5/tree/main/additional_chat_templates?recursive=false&expand=false "HTTP/1.1 404 Not Found"
2026-04-26 21:10:08,261 - INFO - HTTP Request: GET https://hf-mirror.com/api/models/BAAI/bge-large-zh-v1.5/tree/main?recursive=true&expand=false "HTTP/1.1 200 OK"
2026-04-26 21:10:08,567 - INFO - HTTP Request: HEAD https://hf-mirror.com/BAAI/bge-large-zh-v1.5/resolve/main/1_Pooling/config.json "HTTP/1.1 307 Temporary Redirect"
2026-04-26 21:10:08,672 - INFO - HTTP Request: HEAD https://hf-mirror.com/api/resolve-cache/models/BAAI/bge-large-zh-v1.5/79e7739b6ab944e86d6171e44d24c997fc1e0116/1_Pooling%2Fconfig.json "HTTP/1.1 200 OK"
2026-04-26 21:10:08,815 - INFO - HTTP Request: GET https://hf-mirror.com/api/models/BAAI/bge-large-zh-v1.5 "HTTP/1.1 200 OK"
2026-04-26 21:10:09,599 - INFO - 📐 动态设定 HDBSCAN 最小聚类体积: 130
2026-04-26 21:10:09,599 - INFO - 🚀 阶段0：预计算文档完整语义 Embedding...
2026-04-26 21:16:24,110 - INFO - 🚀 阶段1：开始执行 Guided BERTopic 聚类...
2026-04-26 21:17:10,664 - INFO - 📊 初始主题数: 30 个
2026-04-26 21:17:10,664 - INFO - 🔄 阶段2.2：执行离群点归队回收（阈值 0.3，适中偏宽松）...
2026-04-26 21:17:12,993 - INFO - 🎯 阶段3：弱主题处理（置信度<0.5→尝试合并，相似度>0.6 才合并，否则噪声）...
2026-04-26 21:17:13,587 - INFO -    🔗 计划合并弱主题 T29 -> T21 (相似度: 0.625)
2026-04-26 21:17:13,588 - INFO -    执行最终合并，共涉及 1 组聚类操作...
2026-04-26 21:17:16,006 - INFO - 📊 训练完成，总耗时: 426.41秒
2026-04-26 21:17:16,007 - INFO - 📈 正在评估聚类质量...
2026-04-26 21:17:16,012 - INFO - 💾 阶段5：正在保存完整结果...
2026-04-26 21:17:16,394 - INFO - ✅ 处理全流程结束，所有文件均已输出至：E:\document\PG\studio\content\bertopic_results_optimized
2026-04-26 21:17:16,394 - INFO - 🎉 全部流程执行完毕！
2026-04-26 21:18:22,833 - INFO - 📂 正在加载数据: E:\document\PG\studio\content\bertopic_ready_data\bertopic_train_data.csv
2026-04-26 21:18:23,123 - INFO - 📊 原始有效数据量: 18255 条
2026-04-26 21:18:23,165 - INFO - 🔧 初始化 BERTopic 流水线...
2026-04-26 21:18:23,180 - INFO - 🤖 使用设备: cuda
2026-04-26 21:18:23,182 - INFO - Load pretrained SentenceTransformer: BAAI/bge-large-zh-v1.5
2026-04-26 21:18:33,914 - INFO - HTTP Request: HEAD https://hf-mirror.com/BAAI/bge-large-zh-v1.5/resolve/main/config_sentence_transformers.json "HTTP/1.1 307 Temporary Redirect"
2026-04-26 21:18:34,034 - INFO - HTTP Request: HEAD https://hf-mirror.com/api/resolve-cache/models/BAAI/bge-large-zh-v1.5/79e7739b6ab944e86d6171e44d24c997fc1e0116/config_sentence_transformers.json "HTTP/1.1 200 OK"
2026-04-26 21:18:34,325 - INFO - HTTP Request: HEAD https://hf-mirror.com/BAAI/bge-large-zh-v1.5/resolve/main/config_sentence_transformers.json "HTTP/1.1 307 Temporary Redirect"
2026-04-26 21:18:34,471 - INFO - HTTP Request: HEAD https://hf-mirror.com/api/resolve-cache/models/BAAI/bge-large-zh-v1.5/79e7739b6ab944e86d6171e44d24c997fc1e0116/config_sentence_transformers.json "HTTP/1.1 200 OK"
2026-04-26 21:18:34,779 - INFO - HTTP Request: HEAD https://hf-mirror.com/BAAI/bge-large-zh-v1.5/resolve/main/README.md "HTTP/1.1 307 Temporary Redirect"
2026-04-26 21:18:34,993 - INFO - HTTP Request: HEAD https://hf-mirror.com/api/resolve-cache/models/BAAI/bge-large-zh-v1.5/79e7739b6ab944e86d6171e44d24c997fc1e0116/README.md "HTTP/1.1 200 OK"
2026-04-26 21:18:35,315 - INFO - HTTP Request: HEAD https://hf-mirror.com/BAAI/bge-large-zh-v1.5/resolve/main/modules.json "HTTP/1.1 307 Temporary Redirect"
2026-04-26 21:18:35,544 - INFO - HTTP Request: HEAD https://hf-mirror.com/api/resolve-cache/models/BAAI/bge-large-zh-v1.5/79e7739b6ab944e86d6171e44d24c997fc1e0116/modules.json "HTTP/1.1 200 OK"
2026-04-26 21:18:35,886 - INFO - HTTP Request: HEAD https://hf-mirror.com/BAAI/bge-large-zh-v1.5/resolve/main/sentence_bert_config.json "HTTP/1.1 307 Temporary Redirect"
2026-04-26 21:18:35,986 - INFO - HTTP Request: HEAD https://hf-mirror.com/api/resolve-cache/models/BAAI/bge-large-zh-v1.5/79e7739b6ab944e86d6171e44d24c997fc1e0116/sentence_bert_config.json "HTTP/1.1 200 OK"
2026-04-26 21:18:36,295 - INFO - HTTP Request: HEAD https://hf-mirror.com/BAAI/bge-large-zh-v1.5/resolve/main/adapter_config.json "HTTP/1.1 404 Not Found"
2026-04-26 21:18:36,594 - INFO - HTTP Request: HEAD https://hf-mirror.com/BAAI/bge-large-zh-v1.5/resolve/main/config.json "HTTP/1.1 307 Temporary Redirect"
2026-04-26 21:18:36,728 - INFO - HTTP Request: HEAD https://hf-mirror.com/api/resolve-cache/models/BAAI/bge-large-zh-v1.5/79e7739b6ab944e86d6171e44d24c997fc1e0116/config.json "HTTP/1.1 200 OK"
2026-04-26 21:18:37,039 - INFO - HTTP Request: HEAD https://hf-mirror.com/BAAI/bge-large-zh-v1.5/resolve/main/config.json "HTTP/1.1 307 Temporary Redirect"
2026-04-26 21:18:37,290 - INFO - HTTP Request: HEAD https://hf-mirror.com/api/resolve-cache/models/BAAI/bge-large-zh-v1.5/79e7739b6ab944e86d6171e44d24c997fc1e0116/config.json "HTTP/1.1 200 OK"
2026-04-26 21:18:37,573 - INFO - HTTP Request: HEAD https://hf-mirror.com/BAAI/bge-large-zh-v1.5/resolve/main/model.safetensors "HTTP/1.1 404 Not Found"
2026-04-26 21:18:37,735 - INFO - HTTP Request: GET https://hf-mirror.com/api/models/BAAI/bge-large-zh-v1.5 "HTTP/1.1 200 OK"
2026-04-26 21:18:37,833 - INFO - HTTP Request: GET https://hf-mirror.com/api/models/BAAI/bge-large-zh-v1.5/commits/main "HTTP/1.1 200 OK"
2026-04-26 21:18:37,960 - INFO - HTTP Request: GET https://hf-mirror.com/api/models/BAAI/bge-large-zh-v1.5/discussions?p=0 "HTTP/1.1 200 OK"
2026-04-26 21:18:38,089 - INFO - HTTP Request: GET https://hf-mirror.com/api/models/BAAI/bge-large-zh-v1.5/commits/refs%2Fpr%2F35 "HTTP/1.1 200 OK"
2026-04-26 21:18:38,170 - INFO - HTTP Request: HEAD https://hf-mirror.com/BAAI/bge-large-zh-v1.5/resolve/main/config.json "HTTP/1.1 307 Temporary Redirect"
2026-04-26 21:18:38,297 - INFO - HTTP Request: HEAD https://hf-mirror.com/api/resolve-cache/models/BAAI/bge-large-zh-v1.5/79e7739b6ab944e86d6171e44d24c997fc1e0116/config.json "HTTP/1.1 200 OK"
2026-04-26 21:18:38,446 - INFO - HTTP Request: HEAD https://hf-mirror.com/BAAI/bge-large-zh-v1.5/resolve/refs%2Fpr%2F35/model.safetensors.index.json "HTTP/1.1 404 Not Found"
2026-04-26 21:18:38,635 - INFO - HTTP Request: HEAD https://hf-mirror.com/BAAI/bge-large-zh-v1.5/resolve/main/tokenizer_config.json "HTTP/1.1 307 Temporary Redirect"
2026-04-26 21:18:38,755 - INFO - HTTP Request: HEAD https://hf-mirror.com/BAAI/bge-large-zh-v1.5/resolve/refs%2Fpr%2F35/model.safetensors "HTTP/1.1 302 Found"
2026-04-26 21:18:38,757 - INFO - HTTP Request: HEAD https://hf-mirror.com/api/resolve-cache/models/BAAI/bge-large-zh-v1.5/79e7739b6ab944e86d6171e44d24c997fc1e0116/tokenizer_config.json "HTTP/1.1 200 OK"
2026-04-26 21:18:38,870 - INFO - HTTP Request: GET https://hf-mirror.com/api/models/BAAI/bge-large-zh-v1.5/tree/main/additional_chat_templates?recursive=false&expand=false "HTTP/1.1 404 Not Found"
2026-04-26 21:18:38,985 - INFO - HTTP Request: GET https://hf-mirror.com/api/models/BAAI/bge-large-zh-v1.5/tree/main?recursive=true&expand=false "HTTP/1.1 200 OK"
2026-04-26 21:18:39,349 - INFO - HTTP Request: HEAD https://hf-mirror.com/BAAI/bge-large-zh-v1.5/resolve/main/1_Pooling/config.json "HTTP/1.1 307 Temporary Redirect"
2026-04-26 21:18:39,489 - INFO - HTTP Request: HEAD https://hf-mirror.com/api/resolve-cache/models/BAAI/bge-large-zh-v1.5/79e7739b6ab944e86d6171e44d24c997fc1e0116/1_Pooling%2Fconfig.json "HTTP/1.1 200 OK"
2026-04-26 21:18:39,610 - INFO - HTTP Request: GET https://hf-mirror.com/api/models/BAAI/bge-large-zh-v1.5 "HTTP/1.1 200 OK"
2026-04-26 21:18:40,397 - INFO - 📐 动态设定 HDBSCAN 最小聚类体积: 130
2026-04-26 21:18:40,398 - INFO - 🚀 阶段0：预计算文档完整语义 Embedding...
2026-04-26 21:24:56,476 - INFO - 🚀 阶段1：开始执行 Guided BERTopic 聚类...
2026-04-26 21:25:49,892 - INFO - 📊 初始主题数: 30 个
2026-04-26 21:25:49,892 - INFO - 🔄 阶段2.2：执行离群点归队回收（阈值 0.3，适中偏宽松）...
2026-04-26 21:25:52,211 - INFO - 🎯 阶段3：弱主题处理（置信度<0.3→尝试合并，相似度>0.6 才合并，否则噪声）...
2026-04-26 21:25:52,211 - INFO - 📊 训练完成，总耗时: 431.81秒
2026-04-26 21:25:52,211 - INFO - 📈 正在评估聚类质量...
2026-04-26 21:25:52,221 - INFO - 💾 阶段5：正在保存完整结果...
2026-04-26 21:25:52,637 - INFO - ✅ 处理全流程结束，所有文件均已输出至：E:\document\PG\studio\content\bertopic_results_optimized
2026-04-26 21:25:52,638 - INFO - 🎉 全部流程执行完毕！
2026-04-26 21:29:12,224 - INFO - 📂 正在加载数据: E:\document\PG\studio\content\bertopic_ready_data\bertopic_train_data.csv
2026-04-26 21:29:12,518 - INFO - 📊 原始有效数据量: 18255 条
2026-04-26 21:29:12,560 - INFO - 🔧 初始化 BERTopic 流水线...
2026-04-26 21:29:12,611 - INFO - 🤖 使用设备: cuda
2026-04-26 21:29:12,613 - INFO - Load pretrained SentenceTransformer: BAAI/bge-large-zh-v1.5
2026-04-26 21:29:13,134 - INFO - HTTP Request: HEAD https://hf-mirror.com/BAAI/bge-large-zh-v1.5/resolve/main/modules.json "HTTP/1.1 307 Temporary Redirect"
2026-04-26 21:29:13,239 - INFO - HTTP Request: HEAD https://hf-mirror.com/api/resolve-cache/models/BAAI/bge-large-zh-v1.5/79e7739b6ab944e86d6171e44d24c997fc1e0116/modules.json "HTTP/1.1 200 OK"
2026-04-26 21:29:13,570 - INFO - HTTP Request: HEAD https://hf-mirror.com/BAAI/bge-large-zh-v1.5/resolve/main/config_sentence_transformers.json "HTTP/1.1 307 Temporary Redirect"
2026-04-26 21:29:13,698 - INFO - HTTP Request: HEAD https://hf-mirror.com/api/resolve-cache/models/BAAI/bge-large-zh-v1.5/79e7739b6ab944e86d6171e44d24c997fc1e0116/config_sentence_transformers.json "HTTP/1.1 200 OK"
2026-04-26 21:29:13,993 - INFO - HTTP Request: HEAD https://hf-mirror.com/BAAI/bge-large-zh-v1.5/resolve/main/config_sentence_transformers.json "HTTP/1.1 307 Temporary Redirect"
2026-04-26 21:29:14,113 - INFO - HTTP Request: HEAD https://hf-mirror.com/api/resolve-cache/models/BAAI/bge-large-zh-v1.5/79e7739b6ab944e86d6171e44d24c997fc1e0116/config_sentence_transformers.json "HTTP/1.1 200 OK"
2026-04-26 21:29:14,957 - INFO - HTTP Request: HEAD https://hf-mirror.com/BAAI/bge-large-zh-v1.5/resolve/main/README.md "HTTP/1.1 307 Temporary Redirect"
2026-04-26 21:29:15,065 - INFO - HTTP Request: HEAD https://hf-mirror.com/api/resolve-cache/models/BAAI/bge-large-zh-v1.5/79e7739b6ab944e86d6171e44d24c997fc1e0116/README.md "HTTP/1.1 200 OK"
2026-04-26 21:29:15,403 - INFO - HTTP Request: HEAD https://hf-mirror.com/BAAI/bge-large-zh-v1.5/resolve/main/modules.json "HTTP/1.1 307 Temporary Redirect"
2026-04-26 21:29:15,599 - INFO - HTTP Request: HEAD https://hf-mirror.com/api/resolve-cache/models/BAAI/bge-large-zh-v1.5/79e7739b6ab944e86d6171e44d24c997fc1e0116/modules.json "HTTP/1.1 200 OK"
2026-04-26 21:29:15,942 - INFO - HTTP Request: HEAD https://hf-mirror.com/BAAI/bge-large-zh-v1.5/resolve/main/sentence_bert_config.json "HTTP/1.1 307 Temporary Redirect"
2026-04-26 21:29:16,159 - INFO - HTTP Request: HEAD https://hf-mirror.com/api/resolve-cache/models/BAAI/bge-large-zh-v1.5/79e7739b6ab944e86d6171e44d24c997fc1e0116/sentence_bert_config.json "HTTP/1.1 200 OK"
2026-04-26 21:29:16,474 - INFO - HTTP Request: HEAD https://hf-mirror.com/BAAI/bge-large-zh-v1.5/resolve/main/adapter_config.json "HTTP/1.1 404 Not Found"
2026-04-26 21:29:16,757 - INFO - HTTP Request: HEAD https://hf-mirror.com/BAAI/bge-large-zh-v1.5/resolve/main/config.json "HTTP/1.1 307 Temporary Redirect"
2026-04-26 21:29:16,972 - INFO - HTTP Request: HEAD https://hf-mirror.com/api/resolve-cache/models/BAAI/bge-large-zh-v1.5/79e7739b6ab944e86d6171e44d24c997fc1e0116/config.json "HTTP/1.1 200 OK"
2026-04-26 21:29:17,328 - INFO - HTTP Request: HEAD https://hf-mirror.com/BAAI/bge-large-zh-v1.5/resolve/main/config.json "HTTP/1.1 307 Temporary Redirect"
2026-04-26 21:29:17,496 - INFO - HTTP Request: HEAD https://hf-mirror.com/api/resolve-cache/models/BAAI/bge-large-zh-v1.5/79e7739b6ab944e86d6171e44d24c997fc1e0116/config.json "HTTP/1.1 200 OK"
2026-04-26 21:29:17,809 - INFO - HTTP Request: HEAD https://hf-mirror.com/BAAI/bge-large-zh-v1.5/resolve/main/model.safetensors "HTTP/1.1 404 Not Found"
2026-04-26 21:29:17,937 - INFO - HTTP Request: GET https://hf-mirror.com/api/models/BAAI/bge-large-zh-v1.5 "HTTP/1.1 200 OK"
2026-04-26 21:29:18,057 - INFO - HTTP Request: GET https://hf-mirror.com/api/models/BAAI/bge-large-zh-v1.5/commits/main "HTTP/1.1 200 OK"
2026-04-26 21:29:18,185 - INFO - HTTP Request: GET https://hf-mirror.com/api/models/BAAI/bge-large-zh-v1.5/discussions?p=0 "HTTP/1.1 200 OK"
2026-04-26 21:29:18,324 - INFO - HTTP Request: GET https://hf-mirror.com/api/models/BAAI/bge-large-zh-v1.5/commits/refs%2Fpr%2F35 "HTTP/1.1 200 OK"
2026-04-26 21:29:18,587 - INFO - HTTP Request: HEAD https://hf-mirror.com/BAAI/bge-large-zh-v1.5/resolve/main/config.json "HTTP/1.1 307 Temporary Redirect"
2026-04-26 21:29:18,643 - INFO - HTTP Request: HEAD https://hf-mirror.com/BAAI/bge-large-zh-v1.5/resolve/refs%2Fpr%2F35/model.safetensors.index.json "HTTP/1.1 404 Not Found"
2026-04-26 21:29:18,692 - INFO - HTTP Request: HEAD https://hf-mirror.com/api/resolve-cache/models/BAAI/bge-large-zh-v1.5/79e7739b6ab944e86d6171e44d24c997fc1e0116/config.json "HTTP/1.1 200 OK"
2026-04-26 21:29:19,005 - INFO - HTTP Request: HEAD https://hf-mirror.com/BAAI/bge-large-zh-v1.5/resolve/main/tokenizer_config.json "HTTP/1.1 307 Temporary Redirect"
2026-04-26 21:29:19,020 - INFO - HTTP Request: HEAD https://hf-mirror.com/BAAI/bge-large-zh-v1.5/resolve/refs%2Fpr%2F35/model.safetensors "HTTP/1.1 302 Found"
2026-04-26 21:29:19,240 - INFO - HTTP Request: HEAD https://hf-mirror.com/api/resolve-cache/models/BAAI/bge-large-zh-v1.5/79e7739b6ab944e86d6171e44d24c997fc1e0116/tokenizer_config.json "HTTP/1.1 200 OK"
2026-04-26 21:29:19,389 - INFO - HTTP Request: GET https://hf-mirror.com/api/models/BAAI/bge-large-zh-v1.5/tree/main/additional_chat_templates?recursive=false&expand=false "HTTP/1.1 404 Not Found"
2026-04-26 21:29:19,529 - INFO - HTTP Request: GET https://hf-mirror.com/api/models/BAAI/bge-large-zh-v1.5/tree/main?recursive=true&expand=false "HTTP/1.1 200 OK"
2026-04-26 21:29:19,932 - INFO - HTTP Request: HEAD https://hf-mirror.com/BAAI/bge-large-zh-v1.5/resolve/main/1_Pooling/config.json "HTTP/1.1 307 Temporary Redirect"
2026-04-26 21:29:20,045 - INFO - HTTP Request: HEAD https://hf-mirror.com/api/resolve-cache/models/BAAI/bge-large-zh-v1.5/79e7739b6ab944e86d6171e44d24c997fc1e0116/1_Pooling%2Fconfig.json "HTTP/1.1 200 OK"
2026-04-26 21:29:20,245 - INFO - HTTP Request: GET https://hf-mirror.com/api/models/BAAI/bge-large-zh-v1.5 "HTTP/1.1 200 OK"
2026-04-26 21:29:22,052 - INFO - 📐 动态设定 HDBSCAN 最小聚类体积: 130
2026-04-26 21:29:22,052 - INFO - 🚀 阶段0：预计算文档完整语义 Embedding...
2026-04-26 21:35:32,835 - INFO - 🚀 阶段1：开始执行 Guided BERTopic 聚类...
2026-04-26 21:36:18,743 - INFO - 📊 初始主题数: 30 个
2026-04-26 21:36:18,744 - INFO - 🔄 阶段2.2：执行离群点归队回收（阈值 0.4，适中偏宽松）...
2026-04-26 21:36:21,074 - INFO - 🎯 阶段3：弱主题处理（置信度<0.3→尝试合并，相似度>0.6 才合并，否则噪声）...
2026-04-26 21:36:21,075 - INFO - 📊 训练完成，总耗时: 419.02秒
2026-04-26 21:36:21,075 - INFO - 📈 正在评估聚类质量...
2026-04-26 21:36:21,086 - INFO - 💾 阶段5：正在保存完整结果...
2026-04-26 21:36:21,504 - INFO - ✅ 处理全流程结束，所有文件均已输出至：E:\document\PG\studio\content\bertopic_results_optimized
2026-04-26 21:36:21,504 - INFO - 🎉 全部流程执行完毕！
2026-04-26 21:36:58,162 - INFO - 📂 正在加载数据: E:\document\PG\studio\content\bertopic_ready_data\bertopic_train_data.csv
2026-04-26 21:36:58,454 - INFO - 📊 原始有效数据量: 18255 条
2026-04-26 21:36:58,494 - INFO - 🔧 初始化 BERTopic 流水线...
2026-04-26 21:36:58,511 - INFO - 🤖 使用设备: cuda
2026-04-26 21:36:58,513 - INFO - Load pretrained SentenceTransformer: BAAI/bge-large-zh-v1.5
2026-04-26 21:37:09,390 - INFO - HTTP Request: HEAD https://hf-mirror.com/BAAI/bge-large-zh-v1.5/resolve/main/config_sentence_transformers.json "HTTP/1.1 307 Temporary Redirect"
2026-04-26 21:37:09,631 - INFO - HTTP Request: HEAD https://hf-mirror.com/api/resolve-cache/models/BAAI/bge-large-zh-v1.5/79e7739b6ab944e86d6171e44d24c997fc1e0116/config_sentence_transformers.json "HTTP/1.1 200 OK"
2026-04-26 21:37:09,924 - INFO - HTTP Request: HEAD https://hf-mirror.com/BAAI/bge-large-zh-v1.5/resolve/main/config_sentence_transformers.json "HTTP/1.1 307 Temporary Redirect"
2026-04-26 21:37:10,070 - INFO - HTTP Request: HEAD https://hf-mirror.com/api/resolve-cache/models/BAAI/bge-large-zh-v1.5/79e7739b6ab944e86d6171e44d24c997fc1e0116/config_sentence_transformers.json "HTTP/1.1 200 OK"
2026-04-26 21:37:10,367 - INFO - HTTP Request: HEAD https://hf-mirror.com/BAAI/bge-large-zh-v1.5/resolve/main/README.md "HTTP/1.1 307 Temporary Redirect"
2026-04-26 21:37:10,479 - INFO - HTTP Request: HEAD https://hf-mirror.com/api/resolve-cache/models/BAAI/bge-large-zh-v1.5/79e7739b6ab944e86d6171e44d24c997fc1e0116/README.md "HTTP/1.1 200 OK"
2026-04-26 21:37:10,771 - INFO - HTTP Request: HEAD https://hf-mirror.com/BAAI/bge-large-zh-v1.5/resolve/main/modules.json "HTTP/1.1 307 Temporary Redirect"
2026-04-26 21:37:10,923 - INFO - HTTP Request: HEAD https://hf-mirror.com/api/resolve-cache/models/BAAI/bge-large-zh-v1.5/79e7739b6ab944e86d6171e44d24c997fc1e0116/modules.json "HTTP/1.1 200 OK"
2026-04-26 21:37:11,332 - INFO - HTTP Request: HEAD https://hf-mirror.com/BAAI/bge-large-zh-v1.5/resolve/main/sentence_bert_config.json "HTTP/1.1 307 Temporary Redirect"
2026-04-26 21:37:11,502 - INFO - HTTP Request: HEAD https://hf-mirror.com/api/resolve-cache/models/BAAI/bge-large-zh-v1.5/79e7739b6ab944e86d6171e44d24c997fc1e0116/sentence_bert_config.json "HTTP/1.1 200 OK"
2026-04-26 21:37:11,853 - INFO - HTTP Request: HEAD https://hf-mirror.com/BAAI/bge-large-zh-v1.5/resolve/main/adapter_config.json "HTTP/1.1 404 Not Found"
2026-04-26 21:37:12,203 - INFO - HTTP Request: HEAD https://hf-mirror.com/BAAI/bge-large-zh-v1.5/resolve/main/config.json "HTTP/1.1 307 Temporary Redirect"
2026-04-26 21:37:12,652 - INFO - HTTP Request: HEAD https://hf-mirror.com/api/resolve-cache/models/BAAI/bge-large-zh-v1.5/79e7739b6ab944e86d6171e44d24c997fc1e0116/config.json "HTTP/1.1 200 OK"
2026-04-26 21:37:12,976 - INFO - HTTP Request: HEAD https://hf-mirror.com/BAAI/bge-large-zh-v1.5/resolve/main/config.json "HTTP/1.1 307 Temporary Redirect"
2026-04-26 21:37:13,085 - INFO - HTTP Request: HEAD https://hf-mirror.com/api/resolve-cache/models/BAAI/bge-large-zh-v1.5/79e7739b6ab944e86d6171e44d24c997fc1e0116/config.json "HTTP/1.1 200 OK"
2026-04-26 21:37:13,397 - INFO - HTTP Request: HEAD https://hf-mirror.com/BAAI/bge-large-zh-v1.5/resolve/main/model.safetensors "HTTP/1.1 404 Not Found"
2026-04-26 21:37:13,514 - INFO - HTTP Request: GET https://hf-mirror.com/api/models/BAAI/bge-large-zh-v1.5 "HTTP/1.1 200 OK"
2026-04-26 21:37:13,637 - INFO - HTTP Request: GET https://hf-mirror.com/api/models/BAAI/bge-large-zh-v1.5/commits/main "HTTP/1.1 200 OK"
2026-04-26 21:37:13,749 - INFO - HTTP Request: GET https://hf-mirror.com/api/models/BAAI/bge-large-zh-v1.5/discussions?p=0 "HTTP/1.1 200 OK"
2026-04-26 21:37:13,890 - INFO - HTTP Request: GET https://hf-mirror.com/api/models/BAAI/bge-large-zh-v1.5/commits/refs%2Fpr%2F35 "HTTP/1.1 200 OK"
2026-04-26 21:37:14,081 - INFO - HTTP Request: HEAD https://hf-mirror.com/BAAI/bge-large-zh-v1.5/resolve/main/config.json "HTTP/1.1 307 Temporary Redirect"
2026-04-26 21:37:14,187 - INFO - HTTP Request: HEAD https://hf-mirror.com/BAAI/bge-large-zh-v1.5/resolve/refs%2Fpr%2F35/model.safetensors.index.json "HTTP/1.1 404 Not Found"
2026-04-26 21:37:14,302 - INFO - HTTP Request: HEAD https://hf-mirror.com/api/resolve-cache/models/BAAI/bge-large-zh-v1.5/79e7739b6ab944e86d6171e44d24c997fc1e0116/config.json "HTTP/1.1 200 OK"
2026-04-26 21:37:14,485 - INFO - HTTP Request: HEAD https://hf-mirror.com/BAAI/bge-large-zh-v1.5/resolve/refs%2Fpr%2F35/model.safetensors "HTTP/1.1 302 Found"
2026-04-26 21:37:15,105 - INFO - HTTP Request: HEAD https://hf-mirror.com/BAAI/bge-large-zh-v1.5/resolve/main/tokenizer_config.json "HTTP/1.1 307 Temporary Redirect"
2026-04-26 21:37:15,240 - INFO - HTTP Request: HEAD https://hf-mirror.com/api/resolve-cache/models/BAAI/bge-large-zh-v1.5/79e7739b6ab944e86d6171e44d24c997fc1e0116/tokenizer_config.json "HTTP/1.1 200 OK"
2026-04-26 21:37:15,376 - INFO - HTTP Request: GET https://hf-mirror.com/api/models/BAAI/bge-large-zh-v1.5/tree/main/additional_chat_templates?recursive=false&expand=false "HTTP/1.1 404 Not Found"
2026-04-26 21:37:15,495 - INFO - HTTP Request: GET https://hf-mirror.com/api/models/BAAI/bge-large-zh-v1.5/tree/main?recursive=true&expand=false "HTTP/1.1 200 OK"
2026-04-26 21:37:15,818 - INFO - HTTP Request: HEAD https://hf-mirror.com/BAAI/bge-large-zh-v1.5/resolve/main/1_Pooling/config.json "HTTP/1.1 307 Temporary Redirect"
2026-04-26 21:37:15,973 - INFO - HTTP Request: HEAD https://hf-mirror.com/api/resolve-cache/models/BAAI/bge-large-zh-v1.5/79e7739b6ab944e86d6171e44d24c997fc1e0116/1_Pooling%2Fconfig.json "HTTP/1.1 200 OK"
2026-04-26 21:37:16,203 - INFO - HTTP Request: GET https://hf-mirror.com/api/models/BAAI/bge-large-zh-v1.5 "HTTP/1.1 200 OK"
2026-04-26 21:37:16,964 - INFO - 📐 动态设定 HDBSCAN 最小聚类体积: 130
2026-04-26 21:37:16,964 - INFO - 🚀 阶段0：预计算文档完整语义 Embedding...
2026-04-26 21:43:27,812 - INFO - 🚀 阶段1：开始执行 Guided BERTopic 聚类...
2026-04-26 21:44:13,377 - INFO - 📊 初始主题数: 30 个
2026-04-26 21:44:13,377 - INFO - 🔄 阶段2.2：执行离群点归队回收（阈值 0.3，适中偏宽松）...
2026-04-26 21:44:15,531 - INFO - 🎯 阶段3：弱主题处理（置信度<0.3→尝试合并，相似度>0.7 才合并，否则噪声）...
2026-04-26 21:44:15,531 - INFO - 📊 训练完成，总耗时: 418.57秒
2026-04-26 21:44:15,532 - INFO - 📈 正在评估聚类质量...
2026-04-26 21:44:15,539 - INFO - 💾 阶段5：正在保存完整结果...
2026-04-26 21:44:15,927 - INFO - ✅ 处理全流程结束，所有文件均已输出至：E:\document\PG\studio\content\bertopic_results_optimized
2026-04-26 21:44:15,927 - INFO - 🎉 全部流程执行完毕！
2026-04-26 21:45:21,126 - INFO - 📂 正在加载数据: E:\document\PG\studio\content\bertopic_ready_data\bertopic_train_data.csv
2026-04-26 21:45:21,418 - INFO - 📊 原始有效数据量: 18255 条
2026-04-26 21:45:21,458 - INFO - 🔧 初始化 BERTopic 流水线...
2026-04-26 21:45:21,472 - INFO - 🤖 使用设备: cuda
2026-04-26 21:45:21,474 - INFO - Load pretrained SentenceTransformer: BAAI/bge-large-zh-v1.5
2026-04-26 21:45:22,012 - INFO - HTTP Request: HEAD https://hf-mirror.com/BAAI/bge-large-zh-v1.5/resolve/main/modules.json "HTTP/1.1 307 Temporary Redirect"
2026-04-26 21:45:22,142 - INFO - HTTP Request: HEAD https://hf-mirror.com/api/resolve-cache/models/BAAI/bge-large-zh-v1.5/79e7739b6ab944e86d6171e44d24c997fc1e0116/modules.json "HTTP/1.1 200 OK"
2026-04-26 21:45:22,429 - INFO - HTTP Request: HEAD https://hf-mirror.com/BAAI/bge-large-zh-v1.5/resolve/main/config_sentence_transformers.json "HTTP/1.1 307 Temporary Redirect"
2026-04-26 21:45:22,658 - INFO - HTTP Request: HEAD https://hf-mirror.com/api/resolve-cache/models/BAAI/bge-large-zh-v1.5/79e7739b6ab944e86d6171e44d24c997fc1e0116/config_sentence_transformers.json "HTTP/1.1 200 OK"
2026-04-26 21:45:22,962 - INFO - HTTP Request: HEAD https://hf-mirror.com/BAAI/bge-large-zh-v1.5/resolve/main/config_sentence_transformers.json "HTTP/1.1 307 Temporary Redirect"
2026-04-26 21:45:23,141 - INFO - HTTP Request: HEAD https://hf-mirror.com/api/resolve-cache/models/BAAI/bge-large-zh-v1.5/79e7739b6ab944e86d6171e44d24c997fc1e0116/config_sentence_transformers.json "HTTP/1.1 200 OK"
2026-04-26 21:45:23,593 - INFO - HTTP Request: HEAD https://hf-mirror.com/BAAI/bge-large-zh-v1.5/resolve/main/README.md "HTTP/1.1 307 Temporary Redirect"
2026-04-26 21:45:23,722 - INFO - HTTP Request: HEAD https://hf-mirror.com/api/resolve-cache/models/BAAI/bge-large-zh-v1.5/79e7739b6ab944e86d6171e44d24c997fc1e0116/README.md "HTTP/1.1 200 OK"
2026-04-26 21:45:24,012 - INFO - HTTP Request: HEAD https://hf-mirror.com/BAAI/bge-large-zh-v1.5/resolve/main/modules.json "HTTP/1.1 307 Temporary Redirect"
2026-04-26 21:45:24,117 - INFO - HTTP Request: HEAD https://hf-mirror.com/api/resolve-cache/models/BAAI/bge-large-zh-v1.5/79e7739b6ab944e86d6171e44d24c997fc1e0116/modules.json "HTTP/1.1 200 OK"
2026-04-26 21:45:24,420 - INFO - HTTP Request: HEAD https://hf-mirror.com/BAAI/bge-large-zh-v1.5/resolve/main/sentence_bert_config.json "HTTP/1.1 307 Temporary Redirect"
2026-04-26 21:45:24,575 - INFO - HTTP Request: HEAD https://hf-mirror.com/api/resolve-cache/models/BAAI/bge-large-zh-v1.5/79e7739b6ab944e86d6171e44d24c997fc1e0116/sentence_bert_config.json "HTTP/1.1 200 OK"
2026-04-26 21:45:24,888 - INFO - HTTP Request: HEAD https://hf-mirror.com/BAAI/bge-large-zh-v1.5/resolve/main/adapter_config.json "HTTP/1.1 404 Not Found"
2026-04-26 21:45:25,216 - INFO - HTTP Request: HEAD https://hf-mirror.com/BAAI/bge-large-zh-v1.5/resolve/main/config.json "HTTP/1.1 307 Temporary Redirect"
2026-04-26 21:45:25,376 - INFO - HTTP Request: HEAD https://hf-mirror.com/api/resolve-cache/models/BAAI/bge-large-zh-v1.5/79e7739b6ab944e86d6171e44d24c997fc1e0116/config.json "HTTP/1.1 200 OK"
2026-04-26 21:45:25,729 - INFO - HTTP Request: HEAD https://hf-mirror.com/BAAI/bge-large-zh-v1.5/resolve/main/config.json "HTTP/1.1 307 Temporary Redirect"
2026-04-26 21:45:25,939 - INFO - HTTP Request: HEAD https://hf-mirror.com/api/resolve-cache/models/BAAI/bge-large-zh-v1.5/79e7739b6ab944e86d6171e44d24c997fc1e0116/config.json "HTTP/1.1 200 OK"
2026-04-26 21:45:26,325 - INFO - HTTP Request: HEAD https://hf-mirror.com/BAAI/bge-large-zh-v1.5/resolve/main/model.safetensors "HTTP/1.1 404 Not Found"
2026-04-26 21:45:26,438 - INFO - HTTP Request: GET https://hf-mirror.com/api/models/BAAI/bge-large-zh-v1.5 "HTTP/1.1 200 OK"
2026-04-26 21:45:26,661 - INFO - HTTP Request: GET https://hf-mirror.com/api/models/BAAI/bge-large-zh-v1.5/commits/main "HTTP/1.1 200 OK"
2026-04-26 21:45:26,803 - INFO - HTTP Request: GET https://hf-mirror.com/api/models/BAAI/bge-large-zh-v1.5/discussions?p=0 "HTTP/1.1 200 OK"
2026-04-26 21:45:26,932 - INFO - HTTP Request: GET https://hf-mirror.com/api/models/BAAI/bge-large-zh-v1.5/commits/refs%2Fpr%2F35 "HTTP/1.1 200 OK"
2026-04-26 21:45:27,113 - INFO - HTTP Request: HEAD https://hf-mirror.com/BAAI/bge-large-zh-v1.5/resolve/main/config.json "HTTP/1.1 307 Temporary Redirect"
2026-04-26 21:45:27,367 - INFO - HTTP Request: HEAD https://hf-mirror.com/api/resolve-cache/models/BAAI/bge-large-zh-v1.5/79e7739b6ab944e86d6171e44d24c997fc1e0116/config.json "HTTP/1.1 200 OK"
2026-04-26 21:45:27,367 - INFO - HTTP Request: HEAD https://hf-mirror.com/BAAI/bge-large-zh-v1.5/resolve/refs%2Fpr%2F35/model.safetensors.index.json "HTTP/1.1 404 Not Found"
2026-04-26 21:45:27,788 - INFO - HTTP Request: HEAD https://hf-mirror.com/BAAI/bge-large-zh-v1.5/resolve/main/tokenizer_config.json "HTTP/1.1 307 Temporary Redirect"
2026-04-26 21:45:27,788 - INFO - HTTP Request: HEAD https://hf-mirror.com/BAAI/bge-large-zh-v1.5/resolve/refs%2Fpr%2F35/model.safetensors "HTTP/1.1 302 Found"
2026-04-26 21:45:27,880 - INFO - HTTP Request: HEAD https://hf-mirror.com/api/resolve-cache/models/BAAI/bge-large-zh-v1.5/79e7739b6ab944e86d6171e44d24c997fc1e0116/tokenizer_config.json "HTTP/1.1 200 OK"
2026-04-26 21:45:28,065 - INFO - HTTP Request: GET https://hf-mirror.com/api/models/BAAI/bge-large-zh-v1.5/tree/main/additional_chat_templates?recursive=false&expand=false "HTTP/1.1 404 Not Found"
2026-04-26 21:45:28,189 - INFO - HTTP Request: GET https://hf-mirror.com/api/models/BAAI/bge-large-zh-v1.5/tree/main?recursive=true&expand=false "HTTP/1.1 200 OK"
2026-04-26 21:45:28,596 - INFO - HTTP Request: HEAD https://hf-mirror.com/BAAI/bge-large-zh-v1.5/resolve/main/1_Pooling/config.json "HTTP/1.1 307 Temporary Redirect"
2026-04-26 21:45:28,903 - INFO - HTTP Request: HEAD https://hf-mirror.com/api/resolve-cache/models/BAAI/bge-large-zh-v1.5/79e7739b6ab944e86d6171e44d24c997fc1e0116/1_Pooling%2Fconfig.json "HTTP/1.1 200 OK"
2026-04-26 21:45:29,051 - INFO - HTTP Request: GET https://hf-mirror.com/api/models/BAAI/bge-large-zh-v1.5 "HTTP/1.1 200 OK"
2026-04-26 21:45:29,804 - INFO - 📐 动态设定 HDBSCAN 最小聚类体积: 130
2026-04-26 21:45:29,804 - INFO - 🚀 阶段0：预计算文档完整语义 Embedding...
2026-04-26 21:51:41,958 - INFO - 🚀 阶段1：开始执行 Guided BERTopic 聚类...
2026-04-26 21:52:24,709 - INFO - 📊 初始主题数: 30 个
2026-04-26 21:52:24,709 - INFO - 🔄 阶段2.2：执行离群点归队回收（阈值 0.3，适中偏宽松）...
2026-04-26 21:52:26,656 - INFO - 🎯 阶段3：弱主题处理（置信度<0.5→尝试合并，相似度>0.8 才合并，否则噪声）...
2026-04-26 21:52:27,239 - INFO - 📊 训练完成，总耗时: 417.43秒
2026-04-26 21:52:27,239 - INFO - 📈 正在评估聚类质量...
2026-04-26 21:52:27,245 - INFO - 💾 阶段5：正在保存完整结果...
2026-04-26 21:52:27,644 - INFO - ✅ 处理全流程结束，所有文件均已输出至：E:\document\PG\studio\content\bertopic_results_optimized
2026-04-26 21:52:27,644 - INFO - 🎉 全部流程执行完毕！
2026-04-26 21:53:31,225 - INFO - 📂 正在加载数据: E:\document\PG\studio\content\bertopic_ready_data\bertopic_train_data.csv
2026-04-26 21:53:31,582 - INFO - 📊 原始有效数据量: 18255 条
2026-04-26 21:53:31,636 - INFO - 🔧 初始化 BERTopic 流水线...
2026-04-26 21:53:31,653 - INFO - 🤖 使用设备: cuda
2026-04-26 21:53:31,656 - INFO - Load pretrained SentenceTransformer: BAAI/bge-large-zh-v1.5
2026-04-26 21:53:32,200 - INFO - HTTP Request: HEAD https://hf-mirror.com/BAAI/bge-large-zh-v1.5/resolve/main/modules.json "HTTP/1.1 307 Temporary Redirect"
2026-04-26 21:53:32,375 - INFO - HTTP Request: HEAD https://hf-mirror.com/api/resolve-cache/models/BAAI/bge-large-zh-v1.5/79e7739b6ab944e86d6171e44d24c997fc1e0116/modules.json "HTTP/1.1 200 OK"
2026-04-26 21:53:32,666 - INFO - HTTP Request: HEAD https://hf-mirror.com/BAAI/bge-large-zh-v1.5/resolve/main/config_sentence_transformers.json "HTTP/1.1 307 Temporary Redirect"
2026-04-26 21:53:32,793 - INFO - HTTP Request: HEAD https://hf-mirror.com/api/resolve-cache/models/BAAI/bge-large-zh-v1.5/79e7739b6ab944e86d6171e44d24c997fc1e0116/config_sentence_transformers.json "HTTP/1.1 200 OK"
2026-04-26 21:53:33,128 - INFO - HTTP Request: HEAD https://hf-mirror.com/BAAI/bge-large-zh-v1.5/resolve/main/config_sentence_transformers.json "HTTP/1.1 307 Temporary Redirect"
2026-04-26 21:53:33,239 - INFO - HTTP Request: HEAD https://hf-mirror.com/api/resolve-cache/models/BAAI/bge-large-zh-v1.5/79e7739b6ab944e86d6171e44d24c997fc1e0116/config_sentence_transformers.json "HTTP/1.1 200 OK"
2026-04-26 21:53:33,524 - INFO - HTTP Request: HEAD https://hf-mirror.com/BAAI/bge-large-zh-v1.5/resolve/main/README.md "HTTP/1.1 307 Temporary Redirect"
2026-04-26 21:53:33,651 - INFO - HTTP Request: HEAD https://hf-mirror.com/api/resolve-cache/models/BAAI/bge-large-zh-v1.5/79e7739b6ab944e86d6171e44d24c997fc1e0116/README.md "HTTP/1.1 200 OK"
2026-04-26 21:53:33,945 - INFO - HTTP Request: HEAD https://hf-mirror.com/BAAI/bge-large-zh-v1.5/resolve/main/modules.json "HTTP/1.1 307 Temporary Redirect"
2026-04-26 21:53:34,046 - INFO - HTTP Request: HEAD https://hf-mirror.com/api/resolve-cache/models/BAAI/bge-large-zh-v1.5/79e7739b6ab944e86d6171e44d24c997fc1e0116/modules.json "HTTP/1.1 200 OK"
2026-04-26 21:53:34,333 - INFO - HTTP Request: HEAD https://hf-mirror.com/BAAI/bge-large-zh-v1.5/resolve/main/sentence_bert_config.json "HTTP/1.1 307 Temporary Redirect"
2026-04-26 21:53:34,436 - INFO - HTTP Request: HEAD https://hf-mirror.com/api/resolve-cache/models/BAAI/bge-large-zh-v1.5/79e7739b6ab944e86d6171e44d24c997fc1e0116/sentence_bert_config.json "HTTP/1.1 200 OK"
2026-04-26 21:53:34,755 - INFO - HTTP Request: HEAD https://hf-mirror.com/BAAI/bge-large-zh-v1.5/resolve/main/adapter_config.json "HTTP/1.1 404 Not Found"
2026-04-26 21:53:35,043 - INFO - HTTP Request: HEAD https://hf-mirror.com/BAAI/bge-large-zh-v1.5/resolve/main/config.json "HTTP/1.1 307 Temporary Redirect"
2026-04-26 21:53:35,151 - INFO - HTTP Request: HEAD https://hf-mirror.com/api/resolve-cache/models/BAAI/bge-large-zh-v1.5/79e7739b6ab944e86d6171e44d24c997fc1e0116/config.json "HTTP/1.1 200 OK"
2026-04-26 21:53:35,466 - INFO - HTTP Request: HEAD https://hf-mirror.com/BAAI/bge-large-zh-v1.5/resolve/main/config.json "HTTP/1.1 307 Temporary Redirect"
2026-04-26 21:53:35,602 - INFO - HTTP Request: HEAD https://hf-mirror.com/api/resolve-cache/models/BAAI/bge-large-zh-v1.5/79e7739b6ab944e86d6171e44d24c997fc1e0116/config.json "HTTP/1.1 200 OK"
2026-04-26 21:53:36,286 - INFO - HTTP Request: HEAD https://hf-mirror.com/BAAI/bge-large-zh-v1.5/resolve/main/model.safetensors "HTTP/1.1 404 Not Found"
2026-04-26 21:53:36,405 - INFO - HTTP Request: GET https://hf-mirror.com/api/models/BAAI/bge-large-zh-v1.5 "HTTP/1.1 200 OK"
2026-04-26 21:53:36,507 - INFO - HTTP Request: GET https://hf-mirror.com/api/models/BAAI/bge-large-zh-v1.5/commits/main "HTTP/1.1 200 OK"
2026-04-26 21:53:36,627 - INFO - HTTP Request: GET https://hf-mirror.com/api/models/BAAI/bge-large-zh-v1.5/discussions?p=0 "HTTP/1.1 200 OK"
2026-04-26 21:53:36,762 - INFO - HTTP Request: GET https://hf-mirror.com/api/models/BAAI/bge-large-zh-v1.5/commits/refs%2Fpr%2F35 "HTTP/1.1 200 OK"
2026-04-26 21:53:36,971 - INFO - HTTP Request: HEAD https://hf-mirror.com/BAAI/bge-large-zh-v1.5/resolve/main/config.json "HTTP/1.1 307 Temporary Redirect"
2026-04-26 21:53:37,057 - INFO - HTTP Request: HEAD https://hf-mirror.com/BAAI/bge-large-zh-v1.5/resolve/refs%2Fpr%2F35/model.safetensors.index.json "HTTP/1.1 404 Not Found"
2026-04-26 21:53:37,198 - INFO - HTTP Request: HEAD https://hf-mirror.com/api/resolve-cache/models/BAAI/bge-large-zh-v1.5/79e7739b6ab944e86d6171e44d24c997fc1e0116/config.json "HTTP/1.1 200 OK"
2026-04-26 21:53:37,374 - INFO - HTTP Request: HEAD https://hf-mirror.com/BAAI/bge-large-zh-v1.5/resolve/refs%2Fpr%2F35/model.safetensors "HTTP/1.1 302 Found"
2026-04-26 21:53:37,544 - INFO - HTTP Request: HEAD https://hf-mirror.com/BAAI/bge-large-zh-v1.5/resolve/main/tokenizer_config.json "HTTP/1.1 307 Temporary Redirect"
2026-04-26 21:53:37,669 - INFO - HTTP Request: HEAD https://hf-mirror.com/api/resolve-cache/models/BAAI/bge-large-zh-v1.5/79e7739b6ab944e86d6171e44d24c997fc1e0116/tokenizer_config.json "HTTP/1.1 200 OK"
2026-04-26 21:53:37,793 - INFO - HTTP Request: GET https://hf-mirror.com/api/models/BAAI/bge-large-zh-v1.5/tree/main/additional_chat_templates?recursive=false&expand=false "HTTP/1.1 404 Not Found"
2026-04-26 21:53:37,900 - INFO - HTTP Request: GET https://hf-mirror.com/api/models/BAAI/bge-large-zh-v1.5/tree/main?recursive=true&expand=false "HTTP/1.1 200 OK"
2026-04-26 21:53:38,226 - INFO - HTTP Request: HEAD https://hf-mirror.com/BAAI/bge-large-zh-v1.5/resolve/main/1_Pooling/config.json "HTTP/1.1 307 Temporary Redirect"
2026-04-26 21:53:38,339 - INFO - HTTP Request: HEAD https://hf-mirror.com/api/resolve-cache/models/BAAI/bge-large-zh-v1.5/79e7739b6ab944e86d6171e44d24c997fc1e0116/1_Pooling%2Fconfig.json "HTTP/1.1 200 OK"
2026-04-26 21:53:38,570 - INFO - HTTP Request: GET https://hf-mirror.com/api/models/BAAI/bge-large-zh-v1.5 "HTTP/1.1 200 OK"
2026-04-26 21:53:39,417 - INFO - 📐 动态设定 HDBSCAN 最小聚类体积: 130
2026-04-26 21:53:39,417 - INFO - 🚀 阶段0：预计算文档完整语义 Embedding...
2026-04-26 21:59:53,418 - INFO - 🚀 阶段1：开始执行 Guided BERTopic 聚类...
2026-04-26 22:00:35,732 - INFO - 📊 初始主题数: 30 个
2026-04-26 22:00:35,732 - INFO - 🔄 阶段2.2：执行离群点归队回收（阈值 0.3，适中偏宽松）...
2026-04-26 22:00:37,677 - INFO - 🎯 阶段3：弱主题处理（置信度<0.4→尝试合并，相似度>0.8 才合并，否则噪声）...
2026-04-26 22:00:37,938 - INFO - 📊 训练完成，总耗时: 418.52秒
2026-04-26 22:00:37,938 - INFO - 📈 正在评估聚类质量...
2026-04-26 22:00:37,945 - INFO - 💾 阶段5：正在保存完整结果...
2026-04-26 22:00:38,346 - INFO - ✅ 处理全流程结束，所有文件均已输出至：E:\document\PG\studio\content\bertopic_results_optimized
2026-04-26 22:00:38,346 - INFO - 🎉 全部流程执行完毕！
2026-04-26 22:01:54,300 - INFO - 📂 正在加载数据: E:\document\PG\studio\content\bertopic_ready_data\bertopic_train_data.csv
2026-04-26 22:01:54,592 - INFO - 📊 原始有效数据量: 18255 条
2026-04-26 22:01:54,634 - INFO - 🔧 初始化 BERTopic 流水线...
2026-04-26 22:01:54,649 - INFO - 🤖 使用设备: cuda
2026-04-26 22:01:54,651 - INFO - Load pretrained SentenceTransformer: BAAI/bge-large-zh-v1.5
2026-04-26 22:01:55,260 - INFO - HTTP Request: HEAD https://hf-mirror.com/BAAI/bge-large-zh-v1.5/resolve/main/modules.json "HTTP/1.1 307 Temporary Redirect"
2026-04-26 22:01:55,546 - INFO - HTTP Request: HEAD https://hf-mirror.com/api/resolve-cache/models/BAAI/bge-large-zh-v1.5/79e7739b6ab944e86d6171e44d24c997fc1e0116/modules.json "HTTP/1.1 200 OK"
2026-04-26 22:01:55,956 - INFO - HTTP Request: HEAD https://hf-mirror.com/BAAI/bge-large-zh-v1.5/resolve/main/config_sentence_transformers.json "HTTP/1.1 307 Temporary Redirect"
2026-04-26 22:01:56,060 - INFO - HTTP Request: HEAD https://hf-mirror.com/api/resolve-cache/models/BAAI/bge-large-zh-v1.5/79e7739b6ab944e86d6171e44d24c997fc1e0116/config_sentence_transformers.json "HTTP/1.1 200 OK"
2026-04-26 22:01:56,364 - INFO - HTTP Request: HEAD https://hf-mirror.com/BAAI/bge-large-zh-v1.5/resolve/main/config_sentence_transformers.json "HTTP/1.1 307 Temporary Redirect"
2026-04-26 22:01:56,570 - INFO - HTTP Request: HEAD https://hf-mirror.com/api/resolve-cache/models/BAAI/bge-large-zh-v1.5/79e7739b6ab944e86d6171e44d24c997fc1e0116/config_sentence_transformers.json "HTTP/1.1 200 OK"
2026-04-26 22:01:56,877 - INFO - HTTP Request: HEAD https://hf-mirror.com/BAAI/bge-large-zh-v1.5/resolve/main/README.md "HTTP/1.1 307 Temporary Redirect"
2026-04-26 22:01:56,997 - INFO - HTTP Request: HEAD https://hf-mirror.com/api/resolve-cache/models/BAAI/bge-large-zh-v1.5/79e7739b6ab944e86d6171e44d24c997fc1e0116/README.md "HTTP/1.1 200 OK"
2026-04-26 22:01:57,287 - INFO - HTTP Request: HEAD https://hf-mirror.com/BAAI/bge-large-zh-v1.5/resolve/main/modules.json "HTTP/1.1 307 Temporary Redirect"
2026-04-26 22:01:57,395 - INFO - HTTP Request: HEAD https://hf-mirror.com/api/resolve-cache/models/BAAI/bge-large-zh-v1.5/79e7739b6ab944e86d6171e44d24c997fc1e0116/modules.json "HTTP/1.1 200 OK"
2026-04-26 22:01:57,799 - INFO - HTTP Request: HEAD https://hf-mirror.com/BAAI/bge-large-zh-v1.5/resolve/main/sentence_bert_config.json "HTTP/1.1 307 Temporary Redirect"
2026-04-26 22:01:57,901 - INFO - HTTP Request: HEAD https://hf-mirror.com/api/resolve-cache/models/BAAI/bge-large-zh-v1.5/79e7739b6ab944e86d6171e44d24c997fc1e0116/sentence_bert_config.json "HTTP/1.1 200 OK"
2026-04-26 22:01:58,208 - INFO - HTTP Request: HEAD https://hf-mirror.com/BAAI/bge-large-zh-v1.5/resolve/main/adapter_config.json "HTTP/1.1 404 Not Found"
2026-04-26 22:01:58,618 - INFO - HTTP Request: HEAD https://hf-mirror.com/BAAI/bge-large-zh-v1.5/resolve/main/config.json "HTTP/1.1 307 Temporary Redirect"
2026-04-26 22:01:58,730 - INFO - HTTP Request: HEAD https://hf-mirror.com/api/resolve-cache/models/BAAI/bge-large-zh-v1.5/79e7739b6ab944e86d6171e44d24c997fc1e0116/config.json "HTTP/1.1 200 OK"
2026-04-26 22:01:59,033 - INFO - HTTP Request: HEAD https://hf-mirror.com/BAAI/bge-large-zh-v1.5/resolve/main/config.json "HTTP/1.1 307 Temporary Redirect"
2026-04-26 22:01:59,241 - INFO - HTTP Request: HEAD https://hf-mirror.com/api/resolve-cache/models/BAAI/bge-large-zh-v1.5/79e7739b6ab944e86d6171e44d24c997fc1e0116/config.json "HTTP/1.1 200 OK"
2026-04-26 22:01:59,539 - INFO - HTTP Request: HEAD https://hf-mirror.com/BAAI/bge-large-zh-v1.5/resolve/main/model.safetensors "HTTP/1.1 404 Not Found"
2026-04-26 22:01:59,653 - INFO - HTTP Request: GET https://hf-mirror.com/api/models/BAAI/bge-large-zh-v1.5 "HTTP/1.1 200 OK"
2026-04-26 22:01:59,823 - INFO - HTTP Request: GET https://hf-mirror.com/api/models/BAAI/bge-large-zh-v1.5/commits/main "HTTP/1.1 200 OK"
2026-04-26 22:01:59,958 - INFO - HTTP Request: GET https://hf-mirror.com/api/models/BAAI/bge-large-zh-v1.5/discussions?p=0 "HTTP/1.1 200 OK"
2026-04-26 22:02:00,078 - INFO - HTTP Request: GET https://hf-mirror.com/api/models/BAAI/bge-large-zh-v1.5/commits/refs%2Fpr%2F35 "HTTP/1.1 200 OK"
2026-04-26 22:02:00,269 - INFO - HTTP Request: HEAD https://hf-mirror.com/BAAI/bge-large-zh-v1.5/resolve/main/config.json "HTTP/1.1 307 Temporary Redirect"
2026-04-26 22:02:00,385 - INFO - HTTP Request: HEAD https://hf-mirror.com/BAAI/bge-large-zh-v1.5/resolve/refs%2Fpr%2F35/model.safetensors.index.json "HTTP/1.1 404 Not Found"
2026-04-26 22:02:00,513 - INFO - HTTP Request: HEAD https://hf-mirror.com/api/resolve-cache/models/BAAI/bge-large-zh-v1.5/79e7739b6ab944e86d6171e44d24c997fc1e0116/config.json "HTTP/1.1 200 OK"
2026-04-26 22:02:00,664 - INFO - HTTP Request: HEAD https://hf-mirror.com/BAAI/bge-large-zh-v1.5/resolve/refs%2Fpr%2F35/model.safetensors "HTTP/1.1 302 Found"
2026-04-26 22:02:00,822 - INFO - HTTP Request: HEAD https://hf-mirror.com/BAAI/bge-large-zh-v1.5/resolve/main/tokenizer_config.json "HTTP/1.1 307 Temporary Redirect"
2026-04-26 22:02:00,939 - INFO - HTTP Request: HEAD https://hf-mirror.com/api/resolve-cache/models/BAAI/bge-large-zh-v1.5/79e7739b6ab944e86d6171e44d24c997fc1e0116/tokenizer_config.json "HTTP/1.1 200 OK"
2026-04-26 22:02:01,056 - INFO - HTTP Request: GET https://hf-mirror.com/api/models/BAAI/bge-large-zh-v1.5/tree/main/additional_chat_templates?recursive=false&expand=false "HTTP/1.1 404 Not Found"
2026-04-26 22:02:01,161 - INFO - HTTP Request: GET https://hf-mirror.com/api/models/BAAI/bge-large-zh-v1.5/tree/main?recursive=true&expand=false "HTTP/1.1 200 OK"
2026-04-26 22:02:01,564 - INFO - HTTP Request: HEAD https://hf-mirror.com/BAAI/bge-large-zh-v1.5/resolve/main/1_Pooling/config.json "HTTP/1.1 307 Temporary Redirect"
2026-04-26 22:02:01,660 - INFO - HTTP Request: HEAD https://hf-mirror.com/api/resolve-cache/models/BAAI/bge-large-zh-v1.5/79e7739b6ab944e86d6171e44d24c997fc1e0116/1_Pooling%2Fconfig.json "HTTP/1.1 200 OK"
2026-04-26 22:02:01,782 - INFO - HTTP Request: GET https://hf-mirror.com/api/models/BAAI/bge-large-zh-v1.5 "HTTP/1.1 200 OK"
2026-04-26 22:02:02,566 - INFO - 📐 动态设定 HDBSCAN 最小聚类体积: 130
2026-04-26 22:02:02,566 - INFO - 🚀 阶段0：预计算文档完整语义 Embedding...
2026-04-26 22:08:13,760 - INFO - 🚀 阶段1：开始执行 Guided BERTopic 聚类...
2026-04-26 22:08:59,196 - INFO - 📊 初始主题数: 30 个
2026-04-26 22:08:59,196 - INFO - 🔄 阶段2.2：执行离群点归队回收（阈值 0.3，适中偏宽松）...
2026-04-26 22:09:01,386 - INFO - 🎯 阶段3：弱主题处理（置信度<0.3→尝试合并，相似度>0.8 才合并，否则噪声）...
2026-04-26 22:09:01,386 - INFO - 📊 训练完成，总耗时: 418.82秒
2026-04-26 22:09:01,387 - INFO - 📈 正在评估聚类质量...
2026-04-26 22:09:01,395 - INFO - 💾 阶段5：正在保存完整结果...
2026-04-26 22:09:01,848 - INFO - ✅ 处理全流程结束，所有文件均已输出至：E:\document\PG\studio\content\bertopic_results_optimized
2026-04-26 22:09:01,848 - INFO - 🎉 全部流程执行完毕！
2026-04-26 22:11:29,137 - INFO - 📂 正在加载数据: E:\document\PG\studio\content\bertopic_ready_data\bertopic_train_data.csv
2026-04-26 22:11:29,491 - INFO - 📊 原始有效数据量: 18255 条
2026-04-26 22:11:29,539 - INFO - 🔧 初始化 BERTopic 流水线...
2026-04-26 22:11:29,556 - INFO - 🤖 使用设备: cuda
2026-04-26 22:11:29,558 - INFO - Load pretrained SentenceTransformer: BAAI/bge-large-zh-v1.5
2026-04-26 22:11:30,073 - INFO - HTTP Request: HEAD https://hf-mirror.com/BAAI/bge-large-zh-v1.5/resolve/main/modules.json "HTTP/1.1 307 Temporary Redirect"
2026-04-26 22:11:30,203 - INFO - HTTP Request: HEAD https://hf-mirror.com/api/resolve-cache/models/BAAI/bge-large-zh-v1.5/79e7739b6ab944e86d6171e44d24c997fc1e0116/modules.json "HTTP/1.1 200 OK"
2026-04-26 22:11:30,489 - INFO - HTTP Request: HEAD https://hf-mirror.com/BAAI/bge-large-zh-v1.5/resolve/main/config_sentence_transformers.json "HTTP/1.1 307 Temporary Redirect"
2026-04-26 22:11:30,703 - INFO - HTTP Request: HEAD https://hf-mirror.com/api/resolve-cache/models/BAAI/bge-large-zh-v1.5/79e7739b6ab944e86d6171e44d24c997fc1e0116/config_sentence_transformers.json "HTTP/1.1 200 OK"
2026-04-26 22:11:31,017 - INFO - HTTP Request: HEAD https://hf-mirror.com/BAAI/bge-large-zh-v1.5/resolve/main/config_sentence_transformers.json "HTTP/1.1 307 Temporary Redirect"
2026-04-26 22:11:31,247 - INFO - HTTP Request: HEAD https://hf-mirror.com/api/resolve-cache/models/BAAI/bge-large-zh-v1.5/79e7739b6ab944e86d6171e44d24c997fc1e0116/config_sentence_transformers.json "HTTP/1.1 200 OK"
2026-04-26 22:11:31,554 - INFO - HTTP Request: HEAD https://hf-mirror.com/BAAI/bge-large-zh-v1.5/resolve/main/README.md "HTTP/1.1 307 Temporary Redirect"
2026-04-26 22:11:31,660 - INFO - HTTP Request: HEAD https://hf-mirror.com/api/resolve-cache/models/BAAI/bge-large-zh-v1.5/79e7739b6ab944e86d6171e44d24c997fc1e0116/README.md "HTTP/1.1 200 OK"
2026-04-26 22:11:32,387 - INFO - HTTP Request: HEAD https://hf-mirror.com/BAAI/bge-large-zh-v1.5/resolve/main/modules.json "HTTP/1.1 307 Temporary Redirect"
2026-04-26 22:11:32,593 - INFO - HTTP Request: HEAD https://hf-mirror.com/api/resolve-cache/models/BAAI/bge-large-zh-v1.5/79e7739b6ab944e86d6171e44d24c997fc1e0116/modules.json "HTTP/1.1 200 OK"
2026-04-26 22:11:32,901 - INFO - HTTP Request: HEAD https://hf-mirror.com/BAAI/bge-large-zh-v1.5/resolve/main/sentence_bert_config.json "HTTP/1.1 307 Temporary Redirect"
2026-04-26 22:11:33,023 - INFO - HTTP Request: HEAD https://hf-mirror.com/api/resolve-cache/models/BAAI/bge-large-zh-v1.5/79e7739b6ab944e86d6171e44d24c997fc1e0116/sentence_bert_config.json "HTTP/1.1 200 OK"
2026-04-26 22:11:33,324 - INFO - HTTP Request: HEAD https://hf-mirror.com/BAAI/bge-large-zh-v1.5/resolve/main/adapter_config.json "HTTP/1.1 404 Not Found"
2026-04-26 22:11:33,663 - INFO - HTTP Request: HEAD https://hf-mirror.com/BAAI/bge-large-zh-v1.5/resolve/main/config.json "HTTP/1.1 307 Temporary Redirect"
2026-04-26 22:11:33,924 - INFO - HTTP Request: HEAD https://hf-mirror.com/api/resolve-cache/models/BAAI/bge-large-zh-v1.5/79e7739b6ab944e86d6171e44d24c997fc1e0116/config.json "HTTP/1.1 200 OK"
2026-04-26 22:11:34,360 - INFO - HTTP Request: HEAD https://hf-mirror.com/BAAI/bge-large-zh-v1.5/resolve/main/config.json "HTTP/1.1 307 Temporary Redirect"
2026-04-26 22:11:34,613 - INFO - HTTP Request: HEAD https://hf-mirror.com/api/resolve-cache/models/BAAI/bge-large-zh-v1.5/79e7739b6ab944e86d6171e44d24c997fc1e0116/config.json "HTTP/1.1 200 OK"
2026-04-26 22:11:34,936 - INFO - HTTP Request: HEAD https://hf-mirror.com/BAAI/bge-large-zh-v1.5/resolve/main/model.safetensors "HTTP/1.1 404 Not Found"
2026-04-26 22:11:35,062 - INFO - HTTP Request: GET https://hf-mirror.com/api/models/BAAI/bge-large-zh-v1.5 "HTTP/1.1 200 OK"
2026-04-26 22:11:35,199 - INFO - HTTP Request: GET https://hf-mirror.com/api/models/BAAI/bge-large-zh-v1.5/commits/main "HTTP/1.1 200 OK"
2026-04-26 22:11:35,355 - INFO - HTTP Request: GET https://hf-mirror.com/api/models/BAAI/bge-large-zh-v1.5/discussions?p=0 "HTTP/1.1 200 OK"
2026-04-26 22:11:35,570 - INFO - HTTP Request: GET https://hf-mirror.com/api/models/BAAI/bge-large-zh-v1.5/commits/refs%2Fpr%2F35 "HTTP/1.1 200 OK"
2026-04-26 22:11:35,607 - INFO - HTTP Request: HEAD https://hf-mirror.com/BAAI/bge-large-zh-v1.5/resolve/main/config.json "HTTP/1.1 307 Temporary Redirect"
2026-04-26 22:11:35,719 - INFO - HTTP Request: HEAD https://hf-mirror.com/api/resolve-cache/models/BAAI/bge-large-zh-v1.5/79e7739b6ab944e86d6171e44d24c997fc1e0116/config.json "HTTP/1.1 200 OK"
2026-04-26 22:11:35,883 - INFO - HTTP Request: HEAD https://hf-mirror.com/BAAI/bge-large-zh-v1.5/resolve/refs%2Fpr%2F35/model.safetensors.index.json "HTTP/1.1 404 Not Found"
2026-04-26 22:11:36,023 - INFO - HTTP Request: HEAD https://hf-mirror.com/BAAI/bge-large-zh-v1.5/resolve/main/tokenizer_config.json "HTTP/1.1 307 Temporary Redirect"
2026-04-26 22:11:36,128 - INFO - HTTP Request: HEAD https://hf-mirror.com/api/resolve-cache/models/BAAI/bge-large-zh-v1.5/79e7739b6ab944e86d6171e44d24c997fc1e0116/tokenizer_config.json "HTTP/1.1 200 OK"
2026-04-26 22:11:36,190 - INFO - HTTP Request: HEAD https://hf-mirror.com/BAAI/bge-large-zh-v1.5/resolve/refs%2Fpr%2F35/model.safetensors "HTTP/1.1 302 Found"
2026-04-26 22:11:36,256 - INFO - HTTP Request: GET https://hf-mirror.com/api/models/BAAI/bge-large-zh-v1.5/tree/main/additional_chat_templates?recursive=false&expand=false "HTTP/1.1 404 Not Found"
2026-04-26 22:11:36,431 - INFO - HTTP Request: GET https://hf-mirror.com/api/models/BAAI/bge-large-zh-v1.5/tree/main?recursive=true&expand=false "HTTP/1.1 200 OK"
2026-04-26 22:11:36,773 - INFO - HTTP Request: HEAD https://hf-mirror.com/BAAI/bge-large-zh-v1.5/resolve/main/1_Pooling/config.json "HTTP/1.1 307 Temporary Redirect"
2026-04-26 22:11:36,884 - INFO - HTTP Request: HEAD https://hf-mirror.com/api/resolve-cache/models/BAAI/bge-large-zh-v1.5/79e7739b6ab944e86d6171e44d24c997fc1e0116/1_Pooling%2Fconfig.json "HTTP/1.1 200 OK"
2026-04-26 22:11:36,999 - INFO - HTTP Request: GET https://hf-mirror.com/api/models/BAAI/bge-large-zh-v1.5 "HTTP/1.1 200 OK"
2026-04-26 22:11:37,832 - INFO - 📐 动态设定 HDBSCAN 最小聚类体积: 130
2026-04-26 22:11:37,832 - INFO - 🚀 阶段0：预计算文档完整语义 Embedding...
2026-04-26 22:17:46,455 - INFO - 🚀 阶段1：开始执行 Guided BERTopic 聚类...
2026-04-26 22:18:29,032 - INFO - 📊 初始主题数: 30 个
2026-04-26 22:18:29,032 - INFO - 🔄 阶段2.2：执行离群点归队回收（阈值 0.3，适中偏宽松）...
2026-04-26 22:18:30,985 - INFO - 🎯 阶段3：弱主题处理（置信度<0.4→尝试合并，相似度>0.7 才合并，否则噪声）...
2026-04-26 22:18:31,283 - INFO - 📊 训练完成，总耗时: 413.45秒
2026-04-26 22:18:31,283 - INFO - 📈 正在评估聚类质量...
2026-04-26 22:18:31,290 - INFO - 💾 阶段5：正在保存完整结果...
2026-04-26 22:18:31,687 - INFO - ✅ 处理全流程结束，所有文件均已输出至：E:\document\PG\studio\content\bertopic_results_optimized
2026-04-26 22:18:31,687 - INFO - 🎉 全部流程执行完毕！
2026-04-26 22:23:42,472 - INFO - 📂 正在加载数据: E:\document\PG\studio\content\bertopic_ready_data\bertopic_train_data.csv
2026-04-26 22:23:42,764 - INFO - 📊 原始有效数据量: 18255 条
2026-04-26 22:23:42,804 - INFO - 🔧 初始化 BERTopic 流水线...
2026-04-26 22:23:42,820 - INFO - 🤖 使用设备: cuda
2026-04-26 22:23:42,822 - INFO - Load pretrained SentenceTransformer: BAAI/bge-large-zh-v1.5
2026-04-26 22:23:43,379 - INFO - HTTP Request: HEAD https://hf-mirror.com/BAAI/bge-large-zh-v1.5/resolve/main/modules.json "HTTP/1.1 307 Temporary Redirect"
2026-04-26 22:23:43,517 - INFO - HTTP Request: HEAD https://hf-mirror.com/api/resolve-cache/models/BAAI/bge-large-zh-v1.5/79e7739b6ab944e86d6171e44d24c997fc1e0116/modules.json "HTTP/1.1 200 OK"
2026-04-26 22:23:43,844 - INFO - HTTP Request: HEAD https://hf-mirror.com/BAAI/bge-large-zh-v1.5/resolve/main/config_sentence_transformers.json "HTTP/1.1 307 Temporary Redirect"
2026-04-26 22:23:43,978 - INFO - HTTP Request: HEAD https://hf-mirror.com/api/resolve-cache/models/BAAI/bge-large-zh-v1.5/79e7739b6ab944e86d6171e44d24c997fc1e0116/config_sentence_transformers.json "HTTP/1.1 200 OK"
2026-04-26 22:23:44,296 - INFO - HTTP Request: HEAD https://hf-mirror.com/BAAI/bge-large-zh-v1.5/resolve/main/config_sentence_transformers.json "HTTP/1.1 307 Temporary Redirect"
2026-04-26 22:23:44,399 - INFO - HTTP Request: HEAD https://hf-mirror.com/api/resolve-cache/models/BAAI/bge-large-zh-v1.5/79e7739b6ab944e86d6171e44d24c997fc1e0116/config_sentence_transformers.json "HTTP/1.1 200 OK"
2026-04-26 22:23:44,692 - INFO - HTTP Request: HEAD https://hf-mirror.com/BAAI/bge-large-zh-v1.5/resolve/main/README.md "HTTP/1.1 307 Temporary Redirect"
2026-04-26 22:23:44,916 - INFO - HTTP Request: HEAD https://hf-mirror.com/api/resolve-cache/models/BAAI/bge-large-zh-v1.5/79e7739b6ab944e86d6171e44d24c997fc1e0116/README.md "HTTP/1.1 200 OK"
2026-04-26 22:23:45,291 - INFO - HTTP Request: HEAD https://hf-mirror.com/BAAI/bge-large-zh-v1.5/resolve/main/modules.json "HTTP/1.1 307 Temporary Redirect"
2026-04-26 22:23:45,422 - INFO - HTTP Request: HEAD https://hf-mirror.com/api/resolve-cache/models/BAAI/bge-large-zh-v1.5/79e7739b6ab944e86d6171e44d24c997fc1e0116/modules.json "HTTP/1.1 200 OK"
2026-04-26 22:23:45,858 - INFO - HTTP Request: HEAD https://hf-mirror.com/BAAI/bge-large-zh-v1.5/resolve/main/sentence_bert_config.json "HTTP/1.1 307 Temporary Redirect"
2026-04-26 22:23:45,981 - INFO - HTTP Request: HEAD https://hf-mirror.com/api/resolve-cache/models/BAAI/bge-large-zh-v1.5/79e7739b6ab944e86d6171e44d24c997fc1e0116/sentence_bert_config.json "HTTP/1.1 200 OK"
2026-04-26 22:23:46,288 - INFO - HTTP Request: HEAD https://hf-mirror.com/BAAI/bge-large-zh-v1.5/resolve/main/adapter_config.json "HTTP/1.1 404 Not Found"
2026-04-26 22:23:46,594 - INFO - HTTP Request: HEAD https://hf-mirror.com/BAAI/bge-large-zh-v1.5/resolve/main/config.json "HTTP/1.1 307 Temporary Redirect"
2026-04-26 22:23:46,795 - INFO - HTTP Request: HEAD https://hf-mirror.com/api/resolve-cache/models/BAAI/bge-large-zh-v1.5/79e7739b6ab944e86d6171e44d24c997fc1e0116/config.json "HTTP/1.1 200 OK"
2026-04-26 22:23:47,092 - INFO - HTTP Request: HEAD https://hf-mirror.com/BAAI/bge-large-zh-v1.5/resolve/main/config.json "HTTP/1.1 307 Temporary Redirect"
2026-04-26 22:23:47,209 - INFO - HTTP Request: HEAD https://hf-mirror.com/api/resolve-cache/models/BAAI/bge-large-zh-v1.5/79e7739b6ab944e86d6171e44d24c997fc1e0116/config.json "HTTP/1.1 200 OK"
2026-04-26 22:23:47,621 - INFO - HTTP Request: HEAD https://hf-mirror.com/BAAI/bge-large-zh-v1.5/resolve/main/model.safetensors "HTTP/1.1 404 Not Found"
2026-04-26 22:23:47,749 - INFO - HTTP Request: GET https://hf-mirror.com/api/models/BAAI/bge-large-zh-v1.5 "HTTP/1.1 200 OK"
2026-04-26 22:23:47,873 - INFO - HTTP Request: GET https://hf-mirror.com/api/models/BAAI/bge-large-zh-v1.5/commits/main "HTTP/1.1 200 OK"
2026-04-26 22:23:48,006 - INFO - HTTP Request: GET https://hf-mirror.com/api/models/BAAI/bge-large-zh-v1.5/discussions?p=0 "HTTP/1.1 200 OK"
2026-04-26 22:23:48,244 - INFO - HTTP Request: GET https://hf-mirror.com/api/models/BAAI/bge-large-zh-v1.5/commits/refs%2Fpr%2F35 "HTTP/1.1 200 OK"
2026-04-26 22:23:48,303 - INFO - HTTP Request: HEAD https://hf-mirror.com/BAAI/bge-large-zh-v1.5/resolve/main/config.json "HTTP/1.1 307 Temporary Redirect"
2026-04-26 22:23:48,451 - INFO - HTTP Request: HEAD https://hf-mirror.com/api/resolve-cache/models/BAAI/bge-large-zh-v1.5/79e7739b6ab944e86d6171e44d24c997fc1e0116/config.json "HTTP/1.1 200 OK"
2026-04-26 22:23:48,646 - INFO - HTTP Request: HEAD https://hf-mirror.com/BAAI/bge-large-zh-v1.5/resolve/refs%2Fpr%2F35/model.safetensors.index.json "HTTP/1.1 404 Not Found"
2026-04-26 22:23:48,802 - INFO - HTTP Request: HEAD https://hf-mirror.com/BAAI/bge-large-zh-v1.5/resolve/main/tokenizer_config.json "HTTP/1.1 307 Temporary Redirect"
2026-04-26 22:23:48,953 - INFO - HTTP Request: HEAD https://hf-mirror.com/api/resolve-cache/models/BAAI/bge-large-zh-v1.5/79e7739b6ab944e86d6171e44d24c997fc1e0116/tokenizer_config.json "HTTP/1.1 200 OK"
2026-04-26 22:23:48,989 - INFO - HTTP Request: HEAD https://hf-mirror.com/BAAI/bge-large-zh-v1.5/resolve/refs%2Fpr%2F35/model.safetensors "HTTP/1.1 302 Found"
2026-04-26 22:23:49,157 - INFO - HTTP Request: GET https://hf-mirror.com/api/models/BAAI/bge-large-zh-v1.5/tree/main/additional_chat_templates?recursive=false&expand=false "HTTP/1.1 404 Not Found"
2026-04-26 22:23:49,442 - INFO - HTTP Request: GET https://hf-mirror.com/api/models/BAAI/bge-large-zh-v1.5/tree/main?recursive=true&expand=false "HTTP/1.1 200 OK"
2026-04-26 22:23:49,769 - INFO - HTTP Request: HEAD https://hf-mirror.com/BAAI/bge-large-zh-v1.5/resolve/main/1_Pooling/config.json "HTTP/1.1 307 Temporary Redirect"
2026-04-26 22:23:49,884 - INFO - HTTP Request: HEAD https://hf-mirror.com/api/resolve-cache/models/BAAI/bge-large-zh-v1.5/79e7739b6ab944e86d6171e44d24c997fc1e0116/1_Pooling%2Fconfig.json "HTTP/1.1 200 OK"
2026-04-26 22:23:50,003 - INFO - HTTP Request: GET https://hf-mirror.com/api/models/BAAI/bge-large-zh-v1.5 "HTTP/1.1 200 OK"
2026-04-26 22:23:50,788 - INFO - 📐 动态设定 HDBSCAN 最小聚类体积: 130
2026-04-26 22:23:50,789 - INFO - 🚀 阶段0：预计算文档完整语义 Embedding...
2026-04-26 22:29:59,232 - INFO - 🚀 阶段1：开始执行 Guided BERTopic 聚类...
2026-04-26 22:30:44,159 - INFO - 📊 初始主题数: 30 个
2026-04-26 22:30:44,159 - INFO - 🔄 阶段2.2：执行离群点归队回收（阈值 0.3，适中偏宽松）...
2026-04-26 22:30:46,110 - INFO - 🎯 阶段3：弱主题处理（置信度<0.4→尝试合并，相似度>0.6 才合并，否则噪声）...
2026-04-26 22:30:46,443 - INFO -    🔗 计划合并弱主题 T29 -> T21 (相似度: 0.625)
2026-04-26 22:30:46,443 - INFO -    执行最终合并，共涉及 1 组聚类操作...
2026-04-26 22:30:48,717 - INFO - 📊 训练完成，总耗时: 417.93秒
2026-04-26 22:30:48,717 - INFO - 📈 正在评估聚类质量...
2026-04-26 22:30:48,726 - INFO - 💾 阶段5：正在保存完整结果...
2026-04-26 22:30:49,129 - INFO - ✅ 处理全流程结束，所有文件均已输出至：E:\document\PG\studio\content\bertopic_results_optimized
2026-04-26 22:30:49,129 - INFO - 🎉 全部流程执行完毕！
2026-04-26 22:34:19,117 - INFO - 📂 正在加载数据: E:\document\PG\studio\content\bertopic_ready_data\bertopic_train_data.csv
2026-04-26 22:34:19,412 - INFO - 📊 原始有效数据量: 18255 条
2026-04-26 22:34:19,452 - INFO - 🔧 初始化 BERTopic 流水线...
2026-04-26 22:34:19,479 - INFO - 🤖 使用设备: cuda
2026-04-26 22:34:19,481 - INFO - Load pretrained SentenceTransformer: BAAI/bge-large-zh-v1.5
2026-04-26 22:34:20,469 - INFO - HTTP Request: HEAD https://hf-mirror.com/BAAI/bge-large-zh-v1.5/resolve/main/modules.json "HTTP/1.1 307 Temporary Redirect"
2026-04-26 22:34:20,671 - INFO - HTTP Request: HEAD https://hf-mirror.com/api/resolve-cache/models/BAAI/bge-large-zh-v1.5/79e7739b6ab944e86d6171e44d24c997fc1e0116/modules.json "HTTP/1.1 200 OK"
2026-04-26 22:34:20,977 - INFO - HTTP Request: HEAD https://hf-mirror.com/BAAI/bge-large-zh-v1.5/resolve/main/config_sentence_transformers.json "HTTP/1.1 307 Temporary Redirect"
2026-04-26 22:34:21,118 - INFO - HTTP Request: HEAD https://hf-mirror.com/api/resolve-cache/models/BAAI/bge-large-zh-v1.5/79e7739b6ab944e86d6171e44d24c997fc1e0116/config_sentence_transformers.json "HTTP/1.1 200 OK"
2026-04-26 22:34:21,489 - INFO - HTTP Request: HEAD https://hf-mirror.com/BAAI/bge-large-zh-v1.5/resolve/main/config_sentence_transformers.json "HTTP/1.1 307 Temporary Redirect"
2026-04-26 22:34:21,610 - INFO - HTTP Request: HEAD https://hf-mirror.com/api/resolve-cache/models/BAAI/bge-large-zh-v1.5/79e7739b6ab944e86d6171e44d24c997fc1e0116/config_sentence_transformers.json "HTTP/1.1 200 OK"
2026-04-26 22:34:22,001 - INFO - HTTP Request: HEAD https://hf-mirror.com/BAAI/bge-large-zh-v1.5/resolve/main/README.md "HTTP/1.1 307 Temporary Redirect"
2026-04-26 22:34:22,107 - INFO - HTTP Request: HEAD https://hf-mirror.com/api/resolve-cache/models/BAAI/bge-large-zh-v1.5/79e7739b6ab944e86d6171e44d24c997fc1e0116/README.md "HTTP/1.1 200 OK"
2026-04-26 22:34:22,626 - INFO - HTTP Request: HEAD https://hf-mirror.com/BAAI/bge-large-zh-v1.5/resolve/main/modules.json "HTTP/1.1 307 Temporary Redirect"
2026-04-26 22:34:22,820 - INFO - HTTP Request: HEAD https://hf-mirror.com/api/resolve-cache/models/BAAI/bge-large-zh-v1.5/79e7739b6ab944e86d6171e44d24c997fc1e0116/modules.json "HTTP/1.1 200 OK"
2026-04-26 22:34:23,167 - INFO - HTTP Request: HEAD https://hf-mirror.com/BAAI/bge-large-zh-v1.5/resolve/main/sentence_bert_config.json "HTTP/1.1 307 Temporary Redirect"
2026-04-26 22:34:23,287 - INFO - HTTP Request: HEAD https://hf-mirror.com/api/resolve-cache/models/BAAI/bge-large-zh-v1.5/79e7739b6ab944e86d6171e44d24c997fc1e0116/sentence_bert_config.json "HTTP/1.1 200 OK"
2026-04-26 22:34:23,637 - INFO - HTTP Request: HEAD https://hf-mirror.com/BAAI/bge-large-zh-v1.5/resolve/main/adapter_config.json "HTTP/1.1 404 Not Found"
2026-04-26 22:34:24,049 - INFO - HTTP Request: HEAD https://hf-mirror.com/BAAI/bge-large-zh-v1.5/resolve/main/config.json "HTTP/1.1 307 Temporary Redirect"
2026-04-26 22:34:24,151 - INFO - HTTP Request: HEAD https://hf-mirror.com/api/resolve-cache/models/BAAI/bge-large-zh-v1.5/79e7739b6ab944e86d6171e44d24c997fc1e0116/config.json "HTTP/1.1 200 OK"
2026-04-26 22:34:24,561 - INFO - HTTP Request: HEAD https://hf-mirror.com/BAAI/bge-large-zh-v1.5/resolve/main/config.json "HTTP/1.1 307 Temporary Redirect"
2026-04-26 22:34:24,769 - INFO - HTTP Request: HEAD https://hf-mirror.com/api/resolve-cache/models/BAAI/bge-large-zh-v1.5/79e7739b6ab944e86d6171e44d24c997fc1e0116/config.json "HTTP/1.1 200 OK"
2026-04-26 22:34:25,081 - INFO - HTTP Request: HEAD https://hf-mirror.com/BAAI/bge-large-zh-v1.5/resolve/main/model.safetensors "HTTP/1.1 404 Not Found"
2026-04-26 22:34:25,243 - INFO - HTTP Request: GET https://hf-mirror.com/api/models/BAAI/bge-large-zh-v1.5 "HTTP/1.1 200 OK"
2026-04-26 22:34:25,367 - INFO - HTTP Request: GET https://hf-mirror.com/api/models/BAAI/bge-large-zh-v1.5/commits/main "HTTP/1.1 200 OK"
2026-04-26 22:34:25,530 - INFO - HTTP Request: GET https://hf-mirror.com/api/models/BAAI/bge-large-zh-v1.5/discussions?p=0 "HTTP/1.1 200 OK"
2026-04-26 22:34:25,645 - INFO - HTTP Request: GET https://hf-mirror.com/api/models/BAAI/bge-large-zh-v1.5/commits/refs%2Fpr%2F35 "HTTP/1.1 200 OK"
2026-04-26 22:34:25,783 - INFO - HTTP Request: HEAD https://hf-mirror.com/BAAI/bge-large-zh-v1.5/resolve/main/config.json "HTTP/1.1 307 Temporary Redirect"
2026-04-26 22:34:25,945 - INFO - HTTP Request: HEAD https://hf-mirror.com/api/resolve-cache/models/BAAI/bge-large-zh-v1.5/79e7739b6ab944e86d6171e44d24c997fc1e0116/config.json "HTTP/1.1 200 OK"
2026-04-26 22:34:25,996 - INFO - HTTP Request: HEAD https://hf-mirror.com/BAAI/bge-large-zh-v1.5/resolve/refs%2Fpr%2F35/model.safetensors.index.json "HTTP/1.1 404 Not Found"
2026-04-26 22:34:26,259 - INFO - HTTP Request: HEAD https://hf-mirror.com/BAAI/bge-large-zh-v1.5/resolve/main/tokenizer_config.json "HTTP/1.1 307 Temporary Redirect"
2026-04-26 22:34:26,306 - INFO - HTTP Request: HEAD https://hf-mirror.com/BAAI/bge-large-zh-v1.5/resolve/refs%2Fpr%2F35/model.safetensors "HTTP/1.1 302 Found"
2026-04-26 22:34:26,412 - INFO - HTTP Request: HEAD https://hf-mirror.com/api/resolve-cache/models/BAAI/bge-large-zh-v1.5/79e7739b6ab944e86d6171e44d24c997fc1e0116/tokenizer_config.json "HTTP/1.1 200 OK"
2026-04-26 22:34:26,520 - INFO - HTTP Request: GET https://hf-mirror.com/api/models/BAAI/bge-large-zh-v1.5/tree/main/additional_chat_templates?recursive=false&expand=false "HTTP/1.1 404 Not Found"
2026-04-26 22:34:26,644 - INFO - HTTP Request: GET https://hf-mirror.com/api/models/BAAI/bge-large-zh-v1.5/tree/main?recursive=true&expand=false "HTTP/1.1 200 OK"
2026-04-26 22:34:26,977 - INFO - HTTP Request: HEAD https://hf-mirror.com/BAAI/bge-large-zh-v1.5/resolve/main/1_Pooling/config.json "HTTP/1.1 307 Temporary Redirect"
2026-04-26 22:34:27,073 - INFO - HTTP Request: HEAD https://hf-mirror.com/api/resolve-cache/models/BAAI/bge-large-zh-v1.5/79e7739b6ab944e86d6171e44d24c997fc1e0116/1_Pooling%2Fconfig.json "HTTP/1.1 200 OK"
2026-04-26 22:34:27,214 - INFO - HTTP Request: GET https://hf-mirror.com/api/models/BAAI/bge-large-zh-v1.5 "HTTP/1.1 200 OK"
2026-04-26 22:34:28,566 - INFO - 📐 动态设定 HDBSCAN 最小聚类体积: 130
2026-04-26 22:34:28,568 - INFO - 🚀 阶段0：预计算文档完整语义 Embedding...
2026-04-26 22:40:39,049 - INFO - 🚀 阶段1：开始执行 Guided BERTopic 聚类...
2026-04-26 22:41:24,495 - INFO - 📊 初始主题数: 30 个
2026-04-26 22:41:24,495 - INFO - 🔄 阶段2.2：执行离群点归队回收（阈值 0.4，适中偏宽松）...
2026-04-26 22:41:26,509 - INFO - 🎯 阶段3：弱主题处理（置信度<0.4→尝试合并，相似度>0.7 才合并，否则噪声）...
2026-04-26 22:41:26,878 - INFO - 📊 训练完成，总耗时: 418.31秒
2026-04-26 22:41:26,879 - INFO - 📈 正在评估聚类质量...
2026-04-26 22:41:26,885 - INFO - 💾 阶段5：正在保存完整结果...
2026-04-26 22:41:27,328 - INFO - ✅ 处理全流程结束，所有文件均已输出至：E:\document\PG\studio\content\bertopic_results_optimized
2026-04-26 22:41:27,328 - INFO - 🎉 全部流程执行完毕！
2026-04-26 22:48:56,271 - INFO - 📂 正在加载数据: E:\document\PG\studio\content\bertopic_ready_data\bertopic_train_data.csv
2026-04-26 22:48:56,566 - INFO - 📊 原始有效数据量: 18255 条
2026-04-26 22:48:56,609 - INFO - 🔧 初始化 BERTopic 流水线...
2026-04-26 22:48:56,623 - INFO - 🤖 使用设备: cuda
2026-04-26 22:48:56,625 - INFO - Load pretrained SentenceTransformer: BAAI/bge-large-zh-v1.5
2026-04-26 22:48:57,444 - INFO - HTTP Request: HEAD https://hf-mirror.com/BAAI/bge-large-zh-v1.5/resolve/main/modules.json "HTTP/1.1 307 Temporary Redirect"
2026-04-26 22:48:57,657 - INFO - HTTP Request: HEAD https://hf-mirror.com/api/resolve-cache/models/BAAI/bge-large-zh-v1.5/79e7739b6ab944e86d6171e44d24c997fc1e0116/modules.json "HTTP/1.1 200 OK"
2026-04-26 22:48:58,048 - INFO - HTTP Request: HEAD https://hf-mirror.com/BAAI/bge-large-zh-v1.5/resolve/main/config_sentence_transformers.json "HTTP/1.1 307 Temporary Redirect"
2026-04-26 22:48:58,167 - INFO - HTTP Request: HEAD https://hf-mirror.com/api/resolve-cache/models/BAAI/bge-large-zh-v1.5/79e7739b6ab944e86d6171e44d24c997fc1e0116/config_sentence_transformers.json "HTTP/1.1 200 OK"
2026-04-26 22:48:58,560 - INFO - HTTP Request: HEAD https://hf-mirror.com/BAAI/bge-large-zh-v1.5/resolve/main/config_sentence_transformers.json "HTTP/1.1 307 Temporary Redirect"
2026-04-26 22:48:58,970 - INFO - HTTP Request: HEAD https://hf-mirror.com/api/resolve-cache/models/BAAI/bge-large-zh-v1.5/79e7739b6ab944e86d6171e44d24c997fc1e0116/config_sentence_transformers.json "HTTP/1.1 200 OK"
2026-04-26 22:48:59,300 - INFO - HTTP Request: HEAD https://hf-mirror.com/BAAI/bge-large-zh-v1.5/resolve/main/README.md "HTTP/1.1 307 Temporary Redirect"
2026-04-26 22:48:59,585 - INFO - HTTP Request: HEAD https://hf-mirror.com/api/resolve-cache/models/BAAI/bge-large-zh-v1.5/79e7739b6ab944e86d6171e44d24c997fc1e0116/README.md "HTTP/1.1 200 OK"
2026-04-26 22:48:59,995 - INFO - HTTP Request: HEAD https://hf-mirror.com/BAAI/bge-large-zh-v1.5/resolve/main/modules.json "HTTP/1.1 307 Temporary Redirect"
2026-04-26 22:49:00,157 - INFO - HTTP Request: HEAD https://hf-mirror.com/api/resolve-cache/models/BAAI/bge-large-zh-v1.5/79e7739b6ab944e86d6171e44d24c997fc1e0116/modules.json "HTTP/1.1 200 OK"
2026-04-26 22:49:00,499 - INFO - HTTP Request: HEAD https://hf-mirror.com/BAAI/bge-large-zh-v1.5/resolve/main/sentence_bert_config.json "HTTP/1.1 307 Temporary Redirect"
2026-04-26 22:49:00,814 - INFO - HTTP Request: HEAD https://hf-mirror.com/api/resolve-cache/models/BAAI/bge-large-zh-v1.5/79e7739b6ab944e86d6171e44d24c997fc1e0116/sentence_bert_config.json "HTTP/1.1 200 OK"
2026-04-26 22:49:01,122 - INFO - HTTP Request: HEAD https://hf-mirror.com/BAAI/bge-large-zh-v1.5/resolve/main/adapter_config.json "HTTP/1.1 404 Not Found"
2026-04-26 22:49:01,450 - INFO - HTTP Request: HEAD https://hf-mirror.com/BAAI/bge-large-zh-v1.5/resolve/main/config.json "HTTP/1.1 307 Temporary Redirect"
2026-04-26 22:49:01,682 - INFO - HTTP Request: HEAD https://hf-mirror.com/api/resolve-cache/models/BAAI/bge-large-zh-v1.5/79e7739b6ab944e86d6171e44d24c997fc1e0116/config.json "HTTP/1.1 200 OK"
2026-04-26 22:49:02,027 - INFO - HTTP Request: HEAD https://hf-mirror.com/BAAI/bge-large-zh-v1.5/resolve/main/config.json "HTTP/1.1 307 Temporary Redirect"
2026-04-26 22:49:02,166 - INFO - HTTP Request: HEAD https://hf-mirror.com/api/resolve-cache/models/BAAI/bge-large-zh-v1.5/79e7739b6ab944e86d6171e44d24c997fc1e0116/config.json "HTTP/1.1 200 OK"
2026-04-26 22:49:02,486 - INFO - HTTP Request: HEAD https://hf-mirror.com/BAAI/bge-large-zh-v1.5/resolve/main/model.safetensors "HTTP/1.1 404 Not Found"
2026-04-26 22:49:02,622 - INFO - HTTP Request: GET https://hf-mirror.com/api/models/BAAI/bge-large-zh-v1.5 "HTTP/1.1 200 OK"
2026-04-26 22:49:02,780 - INFO - HTTP Request: GET https://hf-mirror.com/api/models/BAAI/bge-large-zh-v1.5/commits/main "HTTP/1.1 200 OK"
2026-04-26 22:49:02,930 - INFO - HTTP Request: GET https://hf-mirror.com/api/models/BAAI/bge-large-zh-v1.5/discussions?p=0 "HTTP/1.1 200 OK"
2026-04-26 22:49:03,065 - INFO - HTTP Request: GET https://hf-mirror.com/api/models/BAAI/bge-large-zh-v1.5/commits/refs%2Fpr%2F35 "HTTP/1.1 200 OK"
2026-04-26 22:49:03,250 - INFO - HTTP Request: HEAD https://hf-mirror.com/BAAI/bge-large-zh-v1.5/resolve/main/config.json "HTTP/1.1 307 Temporary Redirect"
2026-04-26 22:49:03,367 - INFO - HTTP Request: HEAD https://hf-mirror.com/BAAI/bge-large-zh-v1.5/resolve/refs%2Fpr%2F35/model.safetensors.index.json "HTTP/1.1 404 Not Found"
2026-04-26 22:49:03,451 - INFO - HTTP Request: HEAD https://hf-mirror.com/api/resolve-cache/models/BAAI/bge-large-zh-v1.5/79e7739b6ab944e86d6171e44d24c997fc1e0116/config.json "HTTP/1.1 200 OK"
2026-04-26 22:49:03,679 - INFO - HTTP Request: HEAD https://hf-mirror.com/BAAI/bge-large-zh-v1.5/resolve/refs%2Fpr%2F35/model.safetensors "HTTP/1.1 302 Found"
2026-04-26 22:49:03,747 - INFO - HTTP Request: HEAD https://hf-mirror.com/BAAI/bge-large-zh-v1.5/resolve/main/tokenizer_config.json "HTTP/1.1 307 Temporary Redirect"
2026-04-26 22:49:03,854 - INFO - HTTP Request: HEAD https://hf-mirror.com/api/resolve-cache/models/BAAI/bge-large-zh-v1.5/79e7739b6ab944e86d6171e44d24c997fc1e0116/tokenizer_config.json "HTTP/1.1 200 OK"
2026-04-26 22:49:03,956 - INFO - HTTP Request: GET https://hf-mirror.com/api/models/BAAI/bge-large-zh-v1.5/tree/main/additional_chat_templates?recursive=false&expand=false "HTTP/1.1 404 Not Found"
2026-04-26 22:49:04,069 - INFO - HTTP Request: GET https://hf-mirror.com/api/models/BAAI/bge-large-zh-v1.5/tree/main?recursive=true&expand=false "HTTP/1.1 200 OK"
2026-04-26 22:49:04,397 - INFO - HTTP Request: HEAD https://hf-mirror.com/BAAI/bge-large-zh-v1.5/resolve/main/1_Pooling/config.json "HTTP/1.1 307 Temporary Redirect"
2026-04-26 22:49:04,506 - INFO - HTTP Request: HEAD https://hf-mirror.com/api/resolve-cache/models/BAAI/bge-large-zh-v1.5/79e7739b6ab944e86d6171e44d24c997fc1e0116/1_Pooling%2Fconfig.json "HTTP/1.1 200 OK"
2026-04-26 22:49:04,611 - INFO - HTTP Request: GET https://hf-mirror.com/api/models/BAAI/bge-large-zh-v1.5 "HTTP/1.1 200 OK"
2026-04-26 22:49:05,387 - INFO - 📐 动态设定 HDBSCAN 最小聚类体积: 130
2026-04-26 22:49:05,388 - INFO - 🚀 阶段0：预计算文档完整语义 Embedding...
2026-04-26 22:55:16,018 - INFO - 🚀 阶段1：开始执行 Guided BERTopic 聚类...
2026-04-26 22:56:01,090 - INFO - 📊 初始主题数: 30 个
2026-04-26 22:56:01,090 - INFO - 🔄 阶段2.2：执行离群点归队回收（阈值 0.5，适中偏宽松）...
2026-04-26 22:56:03,115 - INFO - 🎯 阶段3：弱主题处理（置信度<0.4→尝试合并，相似度>0.7 才合并，否则噪声）...
2026-04-26 22:56:03,421 - INFO - 📊 训练完成，总耗时: 418.03秒
2026-04-26 22:56:03,422 - INFO - 📈 正在评估聚类质量...
2026-04-26 22:56:03,430 - INFO - 💾 阶段5：正在保存完整结果...
2026-04-26 22:56:03,893 - INFO - ✅ 处理全流程结束，所有文件均已输出至：E:\document\PG\studio\content\bertopic_results_optimized
2026-04-26 22:56:03,894 - INFO - 🎉 全部流程执行完毕！
2026-04-26 22:57:41,247 - INFO - 📂 正在加载数据: E:\document\PG\studio\content\bertopic_ready_data\bertopic_train_data.csv
2026-04-26 22:57:41,545 - INFO - 📊 原始有效数据量: 18255 条
2026-04-26 22:57:41,585 - INFO - 🔧 初始化 BERTopic 流水线...
2026-04-26 22:57:41,602 - INFO - 🤖 使用设备: cuda
2026-04-26 22:57:41,604 - INFO - Load pretrained SentenceTransformer: BAAI/bge-large-zh-v1.5
2026-04-26 22:57:42,200 - INFO - HTTP Request: HEAD https://hf-mirror.com/BAAI/bge-large-zh-v1.5/resolve/main/modules.json "HTTP/1.1 307 Temporary Redirect"
2026-04-26 22:57:42,462 - INFO - HTTP Request: HEAD https://hf-mirror.com/api/resolve-cache/models/BAAI/bge-large-zh-v1.5/79e7739b6ab944e86d6171e44d24c997fc1e0116/modules.json "HTTP/1.1 200 OK"
2026-04-26 22:57:42,888 - INFO - HTTP Request: HEAD https://hf-mirror.com/BAAI/bge-large-zh-v1.5/resolve/main/config_sentence_transformers.json "HTTP/1.1 307 Temporary Redirect"
2026-04-26 22:57:42,994 - INFO - HTTP Request: HEAD https://hf-mirror.com/api/resolve-cache/models/BAAI/bge-large-zh-v1.5/79e7739b6ab944e86d6171e44d24c997fc1e0116/config_sentence_transformers.json "HTTP/1.1 200 OK"
2026-04-26 22:57:43,694 - INFO - HTTP Request: HEAD https://hf-mirror.com/BAAI/bge-large-zh-v1.5/resolve/main/config_sentence_transformers.json "HTTP/1.1 307 Temporary Redirect"
2026-04-26 22:57:43,884 - INFO - HTTP Request: HEAD https://hf-mirror.com/api/resolve-cache/models/BAAI/bge-large-zh-v1.5/79e7739b6ab944e86d6171e44d24c997fc1e0116/config_sentence_transformers.json "HTTP/1.1 200 OK"
2026-04-26 22:57:44,188 - INFO - HTTP Request: HEAD https://hf-mirror.com/BAAI/bge-large-zh-v1.5/resolve/main/README.md "HTTP/1.1 307 Temporary Redirect"
2026-04-26 22:57:44,465 - INFO - HTTP Request: HEAD https://hf-mirror.com/api/resolve-cache/models/BAAI/bge-large-zh-v1.5/79e7739b6ab944e86d6171e44d24c997fc1e0116/README.md "HTTP/1.1 200 OK"
2026-04-26 22:57:44,805 - INFO - HTTP Request: HEAD https://hf-mirror.com/BAAI/bge-large-zh-v1.5/resolve/main/modules.json "HTTP/1.1 307 Temporary Redirect"
2026-04-26 22:57:44,978 - INFO - HTTP Request: HEAD https://hf-mirror.com/api/resolve-cache/models/BAAI/bge-large-zh-v1.5/79e7739b6ab944e86d6171e44d24c997fc1e0116/modules.json "HTTP/1.1 200 OK"
2026-04-26 22:57:45,324 - INFO - HTTP Request: HEAD https://hf-mirror.com/BAAI/bge-large-zh-v1.5/resolve/main/sentence_bert_config.json "HTTP/1.1 307 Temporary Redirect"
2026-04-26 22:57:45,505 - INFO - HTTP Request: HEAD https://hf-mirror.com/api/resolve-cache/models/BAAI/bge-large-zh-v1.5/79e7739b6ab944e86d6171e44d24c997fc1e0116/sentence_bert_config.json "HTTP/1.1 200 OK"
2026-04-26 22:57:45,938 - INFO - HTTP Request: HEAD https://hf-mirror.com/BAAI/bge-large-zh-v1.5/resolve/main/adapter_config.json "HTTP/1.1 404 Not Found"
2026-04-26 22:57:46,238 - INFO - HTTP Request: HEAD https://hf-mirror.com/BAAI/bge-large-zh-v1.5/resolve/main/config.json "HTTP/1.1 307 Temporary Redirect"
2026-04-26 22:57:46,449 - INFO - HTTP Request: HEAD https://hf-mirror.com/api/resolve-cache/models/BAAI/bge-large-zh-v1.5/79e7739b6ab944e86d6171e44d24c997fc1e0116/config.json "HTTP/1.1 200 OK"
2026-04-26 22:57:46,784 - INFO - HTTP Request: HEAD https://hf-mirror.com/BAAI/bge-large-zh-v1.5/resolve/main/config.json "HTTP/1.1 307 Temporary Redirect"
2026-04-26 22:57:47,031 - INFO - HTTP Request: HEAD https://hf-mirror.com/api/resolve-cache/models/BAAI/bge-large-zh-v1.5/79e7739b6ab944e86d6171e44d24c997fc1e0116/config.json "HTTP/1.1 200 OK"
2026-04-26 22:57:47,353 - INFO - HTTP Request: HEAD https://hf-mirror.com/BAAI/bge-large-zh-v1.5/resolve/main/model.safetensors "HTTP/1.1 404 Not Found"
2026-04-26 22:57:47,466 - INFO - HTTP Request: GET https://hf-mirror.com/api/models/BAAI/bge-large-zh-v1.5 "HTTP/1.1 200 OK"
2026-04-26 22:57:47,675 - INFO - HTTP Request: GET https://hf-mirror.com/api/models/BAAI/bge-large-zh-v1.5/commits/main "HTTP/1.1 200 OK"
2026-04-26 22:57:47,773 - INFO - HTTP Request: GET https://hf-mirror.com/api/models/BAAI/bge-large-zh-v1.5/discussions?p=0 "HTTP/1.1 200 OK"
2026-04-26 22:57:47,979 - INFO - HTTP Request: GET https://hf-mirror.com/api/models/BAAI/bge-large-zh-v1.5/commits/refs%2Fpr%2F35 "HTTP/1.1 200 OK"
2026-04-26 22:57:48,124 - INFO - HTTP Request: HEAD https://hf-mirror.com/BAAI/bge-large-zh-v1.5/resolve/main/config.json "HTTP/1.1 307 Temporary Redirect"
2026-04-26 22:57:48,285 - INFO - HTTP Request: HEAD https://hf-mirror.com/api/resolve-cache/models/BAAI/bge-large-zh-v1.5/79e7739b6ab944e86d6171e44d24c997fc1e0116/config.json "HTTP/1.1 200 OK"
2026-04-26 22:57:48,288 - INFO - HTTP Request: HEAD https://hf-mirror.com/BAAI/bge-large-zh-v1.5/resolve/refs%2Fpr%2F35/model.safetensors.index.json "HTTP/1.1 404 Not Found"
2026-04-26 22:57:48,597 - INFO - HTTP Request: HEAD https://hf-mirror.com/BAAI/bge-large-zh-v1.5/resolve/refs%2Fpr%2F35/model.safetensors "HTTP/1.1 302 Found"
2026-04-26 22:57:48,695 - INFO - HTTP Request: HEAD https://hf-mirror.com/BAAI/bge-large-zh-v1.5/resolve/main/tokenizer_config.json "HTTP/1.1 307 Temporary Redirect"
2026-04-26 22:57:48,860 - INFO - HTTP Request: HEAD https://hf-mirror.com/api/resolve-cache/models/BAAI/bge-large-zh-v1.5/79e7739b6ab944e86d6171e44d24c997fc1e0116/tokenizer_config.json "HTTP/1.1 200 OK"
2026-04-26 22:57:49,004 - INFO - HTTP Request: GET https://hf-mirror.com/api/models/BAAI/bge-large-zh-v1.5/tree/main/additional_chat_templates?recursive=false&expand=false "HTTP/1.1 404 Not Found"
2026-04-26 22:57:49,159 - INFO - HTTP Request: GET https://hf-mirror.com/api/models/BAAI/bge-large-zh-v1.5/tree/main?recursive=true&expand=false "HTTP/1.1 200 OK"
2026-04-26 22:57:49,476 - INFO - HTTP Request: HEAD https://hf-mirror.com/BAAI/bge-large-zh-v1.5/resolve/main/1_Pooling/config.json "HTTP/1.1 307 Temporary Redirect"
2026-04-26 22:57:49,633 - INFO - HTTP Request: HEAD https://hf-mirror.com/api/resolve-cache/models/BAAI/bge-large-zh-v1.5/79e7739b6ab944e86d6171e44d24c997fc1e0116/1_Pooling%2Fconfig.json "HTTP/1.1 200 OK"
2026-04-26 22:57:49,748 - INFO - HTTP Request: GET https://hf-mirror.com/api/models/BAAI/bge-large-zh-v1.5 "HTTP/1.1 200 OK"
2026-04-26 22:57:50,520 - INFO - 📐 动态设定 HDBSCAN 最小聚类体积: 130
2026-04-26 22:57:50,520 - INFO - 🚀 阶段0：预计算文档完整语义 Embedding...
2026-04-26 23:04:01,423 - INFO - 🚀 阶段1：开始执行 Guided BERTopic 聚类...
2026-04-26 23:04:47,046 - INFO - 📊 初始主题数: 30 个
2026-04-26 23:04:47,046 - INFO - 🔄 阶段2.2：执行离群点归队回收（阈值 0.6，适中偏宽松）...
2026-04-26 23:04:49,041 - INFO - 🎯 阶段3：弱主题处理（置信度<0.4→尝试合并，相似度>0.7 才合并，否则噪声）...
2026-04-26 23:04:49,358 - INFO - 📊 训练完成，总耗时: 418.84秒
2026-04-26 23:04:49,358 - INFO - 📈 正在评估聚类质量...
2026-04-26 23:04:49,367 - INFO - 💾 阶段5：正在保存完整结果...
2026-04-26 23:04:49,795 - INFO - ✅ 处理全流程结束，所有文件均已输出至：E:\document\PG\studio\content\bertopic_results_optimized
2026-04-26 23:04:49,796 - INFO - 🎉 全部流程执行完毕！
2026-04-26 23:14:12,411 - INFO - 📂 正在加载数据: E:\document\PG\studio\content\bertopic_ready_data\bertopic_train_data.csv
2026-04-26 23:14:12,704 - INFO - 📊 原始有效数据量: 18255 条
2026-04-26 23:14:12,748 - INFO - 🔧 初始化 BERTopic 流水线...
2026-04-26 23:14:12,764 - INFO - 🤖 使用设备: cuda
2026-04-26 23:14:12,766 - INFO - Load pretrained SentenceTransformer: BAAI/bge-large-zh-v1.5
2026-04-26 23:14:13,673 - INFO - HTTP Request: HEAD https://hf-mirror.com/BAAI/bge-large-zh-v1.5/resolve/main/modules.json "HTTP/1.1 307 Temporary Redirect"
2026-04-26 23:14:13,833 - INFO - HTTP Request: HEAD https://hf-mirror.com/api/resolve-cache/models/BAAI/bge-large-zh-v1.5/79e7739b6ab944e86d6171e44d24c997fc1e0116/modules.json "HTTP/1.1 200 OK"
2026-04-26 23:14:14,157 - INFO - HTTP Request: HEAD https://hf-mirror.com/BAAI/bge-large-zh-v1.5/resolve/main/config_sentence_transformers.json "HTTP/1.1 307 Temporary Redirect"
2026-04-26 23:14:14,284 - INFO - HTTP Request: HEAD https://hf-mirror.com/api/resolve-cache/models/BAAI/bge-large-zh-v1.5/79e7739b6ab944e86d6171e44d24c997fc1e0116/config_sentence_transformers.json "HTTP/1.1 200 OK"
2026-04-26 23:14:14,622 - INFO - HTTP Request: HEAD https://hf-mirror.com/BAAI/bge-large-zh-v1.5/resolve/main/config_sentence_transformers.json "HTTP/1.1 307 Temporary Redirect"
2026-04-26 23:14:14,751 - INFO - HTTP Request: HEAD https://hf-mirror.com/api/resolve-cache/models/BAAI/bge-large-zh-v1.5/79e7739b6ab944e86d6171e44d24c997fc1e0116/config_sentence_transformers.json "HTTP/1.1 200 OK"
2026-04-26 23:14:15,052 - INFO - HTTP Request: HEAD https://hf-mirror.com/BAAI/bge-large-zh-v1.5/resolve/main/README.md "HTTP/1.1 307 Temporary Redirect"
2026-04-26 23:14:15,204 - INFO - HTTP Request: HEAD https://hf-mirror.com/api/resolve-cache/models/BAAI/bge-large-zh-v1.5/79e7739b6ab944e86d6171e44d24c997fc1e0116/README.md "HTTP/1.1 200 OK"
2026-04-26 23:14:15,543 - INFO - HTTP Request: HEAD https://hf-mirror.com/BAAI/bge-large-zh-v1.5/resolve/main/modules.json "HTTP/1.1 307 Temporary Redirect"
2026-04-26 23:14:15,654 - INFO - HTTP Request: HEAD https://hf-mirror.com/api/resolve-cache/models/BAAI/bge-large-zh-v1.5/79e7739b6ab944e86d6171e44d24c997fc1e0116/modules.json "HTTP/1.1 200 OK"
2026-04-26 23:14:15,977 - INFO - HTTP Request: HEAD https://hf-mirror.com/BAAI/bge-large-zh-v1.5/resolve/main/sentence_bert_config.json "HTTP/1.1 307 Temporary Redirect"
2026-04-26 23:14:16,124 - INFO - HTTP Request: HEAD https://hf-mirror.com/api/resolve-cache/models/BAAI/bge-large-zh-v1.5/79e7739b6ab944e86d6171e44d24c997fc1e0116/sentence_bert_config.json "HTTP/1.1 200 OK"
2026-04-26 23:14:16,454 - INFO - HTTP Request: HEAD https://hf-mirror.com/BAAI/bge-large-zh-v1.5/resolve/main/adapter_config.json "HTTP/1.1 404 Not Found"
2026-04-26 23:14:16,772 - INFO - HTTP Request: HEAD https://hf-mirror.com/BAAI/bge-large-zh-v1.5/resolve/main/config.json "HTTP/1.1 307 Temporary Redirect"
2026-04-26 23:14:17,037 - INFO - HTTP Request: HEAD https://hf-mirror.com/api/resolve-cache/models/BAAI/bge-large-zh-v1.5/79e7739b6ab944e86d6171e44d24c997fc1e0116/config.json "HTTP/1.1 200 OK"
2026-04-26 23:14:17,384 - INFO - HTTP Request: HEAD https://hf-mirror.com/BAAI/bge-large-zh-v1.5/resolve/main/config.json "HTTP/1.1 307 Temporary Redirect"
2026-04-26 23:14:17,582 - INFO - HTTP Request: HEAD https://hf-mirror.com/api/resolve-cache/models/BAAI/bge-large-zh-v1.5/79e7739b6ab944e86d6171e44d24c997fc1e0116/config.json "HTTP/1.1 200 OK"
2026-04-26 23:14:17,891 - INFO - HTTP Request: HEAD https://hf-mirror.com/BAAI/bge-large-zh-v1.5/resolve/main/model.safetensors "HTTP/1.1 404 Not Found"
2026-04-26 23:14:18,011 - INFO - HTTP Request: GET https://hf-mirror.com/api/models/BAAI/bge-large-zh-v1.5 "HTTP/1.1 200 OK"
2026-04-26 23:14:18,177 - INFO - HTTP Request: GET https://hf-mirror.com/api/models/BAAI/bge-large-zh-v1.5/commits/main "HTTP/1.1 200 OK"
2026-04-26 23:14:18,314 - INFO - HTTP Request: GET https://hf-mirror.com/api/models/BAAI/bge-large-zh-v1.5/discussions?p=0 "HTTP/1.1 200 OK"
2026-04-26 23:14:18,432 - INFO - HTTP Request: GET https://hf-mirror.com/api/models/BAAI/bge-large-zh-v1.5/commits/refs%2Fpr%2F35 "HTTP/1.1 200 OK"
2026-04-26 23:14:18,615 - INFO - HTTP Request: HEAD https://hf-mirror.com/BAAI/bge-large-zh-v1.5/resolve/main/config.json "HTTP/1.1 307 Temporary Redirect"
2026-04-26 23:14:18,724 - INFO - HTTP Request: HEAD https://hf-mirror.com/api/resolve-cache/models/BAAI/bge-large-zh-v1.5/79e7739b6ab944e86d6171e44d24c997fc1e0116/config.json "HTTP/1.1 200 OK"
2026-04-26 23:14:18,724 - INFO - HTTP Request: HEAD https://hf-mirror.com/BAAI/bge-large-zh-v1.5/resolve/refs%2Fpr%2F35/model.safetensors.index.json "HTTP/1.1 404 Not Found"
2026-04-26 23:14:19,025 - INFO - HTTP Request: HEAD https://hf-mirror.com/BAAI/bge-large-zh-v1.5/resolve/main/tokenizer_config.json "HTTP/1.1 307 Temporary Redirect"
2026-04-26 23:14:19,141 - INFO - HTTP Request: HEAD https://hf-mirror.com/api/resolve-cache/models/BAAI/bge-large-zh-v1.5/79e7739b6ab944e86d6171e44d24c997fc1e0116/tokenizer_config.json "HTTP/1.1 200 OK"
2026-04-26 23:14:19,262 - INFO - HTTP Request: GET https://hf-mirror.com/api/models/BAAI/bge-large-zh-v1.5/tree/main/additional_chat_templates?recursive=false&expand=false "HTTP/1.1 404 Not Found"
2026-04-26 23:14:19,374 - INFO - HTTP Request: GET https://hf-mirror.com/api/models/BAAI/bge-large-zh-v1.5/tree/main?recursive=true&expand=false "HTTP/1.1 200 OK"
2026-04-26 23:14:19,493 - INFO - HTTP Request: HEAD https://hf-mirror.com/BAAI/bge-large-zh-v1.5/resolve/refs%2Fpr%2F35/model.safetensors "HTTP/1.1 302 Found"
2026-04-26 23:14:19,710 - INFO - HTTP Request: HEAD https://hf-mirror.com/BAAI/bge-large-zh-v1.5/resolve/main/1_Pooling/config.json "HTTP/1.1 307 Temporary Redirect"
2026-04-26 23:14:19,833 - INFO - HTTP Request: HEAD https://hf-mirror.com/api/resolve-cache/models/BAAI/bge-large-zh-v1.5/79e7739b6ab944e86d6171e44d24c997fc1e0116/1_Pooling%2Fconfig.json "HTTP/1.1 200 OK"
2026-04-26 23:14:19,960 - INFO - HTTP Request: GET https://hf-mirror.com/api/models/BAAI/bge-large-zh-v1.5 "HTTP/1.1 200 OK"
2026-04-26 23:14:20,749 - INFO - 📐 动态设定 HDBSCAN 最小聚类体积: 130
2026-04-26 23:14:20,750 - INFO - 🚀 阶段0：预计算文档完整语义 Embedding...
2026-04-26 23:20:28,785 - INFO - 🚀 阶段1：开始执行 Guided BERTopic 聚类...
2026-04-26 23:21:10,854 - INFO - 📊 初始主题数: 30 个
2026-04-26 23:21:10,854 - INFO - 🔄 阶段2.2：执行离群点归队回收（阈值 0.6，适中偏宽松）...
2026-04-26 23:21:12,854 - INFO - 🎯 阶段3：弱主题处理（置信度<0.5→尝试合并，相似度>0.7 才合并，否则噪声）...
2026-04-26 23:21:13,399 - INFO - 📊 训练完成，总耗时: 412.65秒
2026-04-26 23:21:13,400 - INFO - 📈 正在评估聚类质量...
2026-04-26 23:21:13,408 - INFO - 💾 阶段5：正在保存完整结果...
2026-04-26 23:21:13,809 - INFO - ✅ 处理全流程结束，所有文件均已输出至：E:\document\PG\studio\content\bertopic_results_optimized
2026-04-26 23:21:13,810 - INFO - 🎉 全部流程执行完毕！
2026-04-26 23:26:40,227 - INFO - 📂 正在加载数据: E:\document\PG\studio\content\bertopic_ready_data\bertopic_train_data.csv
2026-04-26 23:26:40,566 - INFO - 📊 原始有效数据量: 18255 条
2026-04-26 23:26:40,608 - INFO - 🔧 初始化 BERTopic 流水线...
2026-04-26 23:26:40,717 - INFO - 🤖 使用设备: cuda
2026-04-26 23:26:40,719 - INFO - Load pretrained SentenceTransformer: BAAI/bge-large-zh-v1.5
2026-04-26 23:26:42,667 - INFO - HTTP Request: HEAD https://hf-mirror.com/BAAI/bge-large-zh-v1.5/resolve/main/modules.json "HTTP/1.1 307 Temporary Redirect"
2026-04-26 23:26:42,835 - INFO - HTTP Request: HEAD https://hf-mirror.com/api/resolve-cache/models/BAAI/bge-large-zh-v1.5/79e7739b6ab944e86d6171e44d24c997fc1e0116/modules.json "HTTP/1.1 200 OK"
2026-04-26 23:26:43,179 - INFO - HTTP Request: HEAD https://hf-mirror.com/BAAI/bge-large-zh-v1.5/resolve/main/config_sentence_transformers.json "HTTP/1.1 307 Temporary Redirect"
2026-04-26 23:26:43,486 - INFO - HTTP Request: HEAD https://hf-mirror.com/api/resolve-cache/models/BAAI/bge-large-zh-v1.5/79e7739b6ab944e86d6171e44d24c997fc1e0116/config_sentence_transformers.json "HTTP/1.1 200 OK"
2026-04-26 23:26:43,794 - INFO - HTTP Request: HEAD https://hf-mirror.com/BAAI/bge-large-zh-v1.5/resolve/main/config_sentence_transformers.json "HTTP/1.1 307 Temporary Redirect"
2026-04-26 23:26:44,856 - INFO - HTTP Request: HEAD https://hf-mirror.com/api/resolve-cache/models/BAAI/bge-large-zh-v1.5/79e7739b6ab944e86d6171e44d24c997fc1e0116/config_sentence_transformers.json "HTTP/1.1 200 OK"
2026-04-26 23:26:45,228 - INFO - HTTP Request: HEAD https://hf-mirror.com/BAAI/bge-large-zh-v1.5/resolve/main/README.md "HTTP/1.1 307 Temporary Redirect"
2026-04-26 23:26:45,369 - INFO - HTTP Request: HEAD https://hf-mirror.com/api/resolve-cache/models/BAAI/bge-large-zh-v1.5/79e7739b6ab944e86d6171e44d24c997fc1e0116/README.md "HTTP/1.1 200 OK"
2026-04-26 23:26:45,665 - INFO - HTTP Request: HEAD https://hf-mirror.com/BAAI/bge-large-zh-v1.5/resolve/main/modules.json "HTTP/1.1 307 Temporary Redirect"
2026-04-26 23:26:45,783 - INFO - HTTP Request: HEAD https://hf-mirror.com/api/resolve-cache/models/BAAI/bge-large-zh-v1.5/79e7739b6ab944e86d6171e44d24c997fc1e0116/modules.json "HTTP/1.1 200 OK"
2026-04-26 23:26:46,112 - INFO - HTTP Request: HEAD https://hf-mirror.com/BAAI/bge-large-zh-v1.5/resolve/main/sentence_bert_config.json "HTTP/1.1 307 Temporary Redirect"
2026-04-26 23:26:46,266 - INFO - HTTP Request: HEAD https://hf-mirror.com/api/resolve-cache/models/BAAI/bge-large-zh-v1.5/79e7739b6ab944e86d6171e44d24c997fc1e0116/sentence_bert_config.json "HTTP/1.1 200 OK"
2026-04-26 23:26:46,627 - INFO - HTTP Request: HEAD https://hf-mirror.com/BAAI/bge-large-zh-v1.5/resolve/main/adapter_config.json "HTTP/1.1 404 Not Found"
2026-04-26 23:26:46,932 - INFO - HTTP Request: HEAD https://hf-mirror.com/BAAI/bge-large-zh-v1.5/resolve/main/config.json "HTTP/1.1 307 Temporary Redirect"
2026-04-26 23:26:47,049 - INFO - HTTP Request: HEAD https://hf-mirror.com/api/resolve-cache/models/BAAI/bge-large-zh-v1.5/79e7739b6ab944e86d6171e44d24c997fc1e0116/config.json "HTTP/1.1 200 OK"
2026-04-26 23:26:47,378 - INFO - HTTP Request: HEAD https://hf-mirror.com/BAAI/bge-large-zh-v1.5/resolve/main/config.json "HTTP/1.1 307 Temporary Redirect"
2026-04-26 23:26:47,490 - INFO - HTTP Request: HEAD https://hf-mirror.com/api/resolve-cache/models/BAAI/bge-large-zh-v1.5/79e7739b6ab944e86d6171e44d24c997fc1e0116/config.json "HTTP/1.1 200 OK"
2026-04-26 23:26:47,881 - INFO - HTTP Request: HEAD https://hf-mirror.com/BAAI/bge-large-zh-v1.5/resolve/main/model.safetensors "HTTP/1.1 404 Not Found"
2026-04-26 23:26:48,037 - INFO - HTTP Request: GET https://hf-mirror.com/api/models/BAAI/bge-large-zh-v1.5 "HTTP/1.1 200 OK"
2026-04-26 23:26:48,207 - INFO - HTTP Request: GET https://hf-mirror.com/api/models/BAAI/bge-large-zh-v1.5/commits/main "HTTP/1.1 200 OK"
2026-04-26 23:26:48,366 - INFO - HTTP Request: GET https://hf-mirror.com/api/models/BAAI/bge-large-zh-v1.5/discussions?p=0 "HTTP/1.1 200 OK"
2026-04-26 23:26:48,569 - INFO - HTTP Request: GET https://hf-mirror.com/api/models/BAAI/bge-large-zh-v1.5/commits/refs%2Fpr%2F35 "HTTP/1.1 200 OK"
2026-04-26 23:26:48,716 - INFO - HTTP Request: HEAD https://hf-mirror.com/BAAI/bge-large-zh-v1.5/resolve/main/config.json "HTTP/1.1 307 Temporary Redirect"
2026-04-26 23:26:48,913 - INFO - HTTP Request: HEAD https://hf-mirror.com/api/resolve-cache/models/BAAI/bge-large-zh-v1.5/79e7739b6ab944e86d6171e44d24c997fc1e0116/config.json "HTTP/1.1 200 OK"
2026-04-26 23:26:48,913 - INFO - HTTP Request: HEAD https://hf-mirror.com/BAAI/bge-large-zh-v1.5/resolve/refs%2Fpr%2F35/model.safetensors.index.json "HTTP/1.1 404 Not Found"
2026-04-26 23:26:49,221 - INFO - HTTP Request: HEAD https://hf-mirror.com/BAAI/bge-large-zh-v1.5/resolve/main/tokenizer_config.json "HTTP/1.1 307 Temporary Redirect"
2026-04-26 23:26:49,256 - INFO - HTTP Request: HEAD https://hf-mirror.com/BAAI/bge-large-zh-v1.5/resolve/refs%2Fpr%2F35/model.safetensors "HTTP/1.1 302 Found"
2026-04-26 23:26:49,528 - INFO - HTTP Request: HEAD https://hf-mirror.com/api/resolve-cache/models/BAAI/bge-large-zh-v1.5/79e7739b6ab944e86d6171e44d24c997fc1e0116/tokenizer_config.json "HTTP/1.1 200 OK"
2026-04-26 23:26:49,655 - INFO - HTTP Request: GET https://hf-mirror.com/api/models/BAAI/bge-large-zh-v1.5/tree/main/additional_chat_templates?recursive=false&expand=false "HTTP/1.1 404 Not Found"
2026-04-26 23:26:49,793 - INFO - HTTP Request: GET https://hf-mirror.com/api/models/BAAI/bge-large-zh-v1.5/tree/main?recursive=true&expand=false "HTTP/1.1 200 OK"
2026-04-26 23:26:50,118 - INFO - HTTP Request: HEAD https://hf-mirror.com/BAAI/bge-large-zh-v1.5/resolve/main/1_Pooling/config.json "HTTP/1.1 307 Temporary Redirect"
2026-04-26 23:26:50,237 - INFO - HTTP Request: HEAD https://hf-mirror.com/api/resolve-cache/models/BAAI/bge-large-zh-v1.5/79e7739b6ab944e86d6171e44d24c997fc1e0116/1_Pooling%2Fconfig.json "HTTP/1.1 200 OK"
2026-04-26 23:26:50,382 - INFO - HTTP Request: GET https://hf-mirror.com/api/models/BAAI/bge-large-zh-v1.5 "HTTP/1.1 200 OK"
2026-04-26 23:26:52,186 - INFO - 📐 动态设定 HDBSCAN 最小聚类体积: 130
2026-04-26 23:26:52,187 - INFO - 🚀 阶段0：预计算文档完整语义 Embedding...
2026-04-26 23:33:03,573 - INFO - 🚀 阶段1：开始执行 Guided BERTopic 聚类...
2026-04-26 23:33:49,186 - INFO - 📊 初始主题数: 32 个
2026-04-26 23:33:49,186 - INFO - 🔄 阶段2.2：执行离群点归队回收（阈值 0.6，适中偏宽松）...
2026-04-26 23:33:51,396 - INFO - 🎯 阶段3：弱主题处理（置信度<0.5→尝试合并，相似度>0.7 才合并，否则噪声）...
2026-04-26 23:33:52,492 - INFO - 📊 训练完成，总耗时: 420.31秒
2026-04-26 23:33:52,493 - INFO - 📈 正在评估聚类质量...
2026-04-26 23:33:52,501 - INFO - 💾 阶段5：正在保存完整结果...
2026-04-26 23:33:52,921 - INFO - ✅ 处理全流程结束，所有文件均已输出至：E:\document\PG\studio\content\bertopic_results_optimized
2026-04-26 23:33:52,921 - INFO - 🎉 全部流程执行完毕！
2026-04-26 23:44:55,579 - INFO - 📂 正在加载数据: E:\document\PG\studio\content\bertopic_ready_data\bertopic_train_data.csv
2026-04-26 23:44:55,869 - INFO - 📊 原始有效数据量: 18255 条
2026-04-26 23:44:55,911 - INFO - 🔧 初始化 BERTopic 流水线...
2026-04-26 23:44:55,929 - INFO - 🤖 使用设备: cuda
2026-04-26 23:44:55,930 - INFO - Load pretrained SentenceTransformer: BAAI/bge-large-zh-v1.5
2026-04-26 23:44:56,523 - INFO - HTTP Request: HEAD https://hf-mirror.com/BAAI/bge-large-zh-v1.5/resolve/main/modules.json "HTTP/1.1 307 Temporary Redirect"
2026-04-26 23:44:56,728 - INFO - HTTP Request: HEAD https://hf-mirror.com/api/resolve-cache/models/BAAI/bge-large-zh-v1.5/79e7739b6ab944e86d6171e44d24c997fc1e0116/modules.json "HTTP/1.1 200 OK"
2026-04-26 23:44:57,090 - INFO - HTTP Request: HEAD https://hf-mirror.com/BAAI/bge-large-zh-v1.5/resolve/main/config_sentence_transformers.json "HTTP/1.1 307 Temporary Redirect"
2026-04-26 23:44:57,593 - INFO - HTTP Request: HEAD https://hf-mirror.com/api/resolve-cache/models/BAAI/bge-large-zh-v1.5/79e7739b6ab944e86d6171e44d24c997fc1e0116/config_sentence_transformers.json "HTTP/1.1 200 OK"
2026-04-26 23:44:57,949 - INFO - HTTP Request: HEAD https://hf-mirror.com/BAAI/bge-large-zh-v1.5/resolve/main/config_sentence_transformers.json "HTTP/1.1 307 Temporary Redirect"
2026-04-26 23:44:58,067 - INFO - HTTP Request: HEAD https://hf-mirror.com/api/resolve-cache/models/BAAI/bge-large-zh-v1.5/79e7739b6ab944e86d6171e44d24c997fc1e0116/config_sentence_transformers.json "HTTP/1.1 200 OK"
2026-04-26 23:44:58,405 - INFO - HTTP Request: HEAD https://hf-mirror.com/BAAI/bge-large-zh-v1.5/resolve/main/README.md "HTTP/1.1 307 Temporary Redirect"
2026-04-26 23:44:58,542 - INFO - HTTP Request: HEAD https://hf-mirror.com/api/resolve-cache/models/BAAI/bge-large-zh-v1.5/79e7739b6ab944e86d6171e44d24c997fc1e0116/README.md "HTTP/1.1 200 OK"
2026-04-26 23:44:58,858 - INFO - HTTP Request: HEAD https://hf-mirror.com/BAAI/bge-large-zh-v1.5/resolve/main/modules.json "HTTP/1.1 307 Temporary Redirect"
2026-04-26 23:44:58,981 - INFO - HTTP Request: HEAD https://hf-mirror.com/api/resolve-cache/models/BAAI/bge-large-zh-v1.5/79e7739b6ab944e86d6171e44d24c997fc1e0116/modules.json "HTTP/1.1 200 OK"
2026-04-26 23:44:59,306 - INFO - HTTP Request: HEAD https://hf-mirror.com/BAAI/bge-large-zh-v1.5/resolve/main/sentence_bert_config.json "HTTP/1.1 307 Temporary Redirect"
2026-04-26 23:44:59,528 - INFO - HTTP Request: HEAD https://hf-mirror.com/api/resolve-cache/models/BAAI/bge-large-zh-v1.5/79e7739b6ab944e86d6171e44d24c997fc1e0116/sentence_bert_config.json "HTTP/1.1 200 OK"
2026-04-26 23:44:59,865 - INFO - HTTP Request: HEAD https://hf-mirror.com/BAAI/bge-large-zh-v1.5/resolve/main/adapter_config.json "HTTP/1.1 404 Not Found"
2026-04-26 23:45:00,171 - INFO - HTTP Request: HEAD https://hf-mirror.com/BAAI/bge-large-zh-v1.5/resolve/main/config.json "HTTP/1.1 307 Temporary Redirect"
2026-04-26 23:45:00,324 - INFO - HTTP Request: HEAD https://hf-mirror.com/api/resolve-cache/models/BAAI/bge-large-zh-v1.5/79e7739b6ab944e86d6171e44d24c997fc1e0116/config.json "HTTP/1.1 200 OK"
2026-04-26 23:45:00,722 - INFO - HTTP Request: HEAD https://hf-mirror.com/BAAI/bge-large-zh-v1.5/resolve/main/config.json "HTTP/1.1 307 Temporary Redirect"
2026-04-26 23:45:00,927 - INFO - HTTP Request: HEAD https://hf-mirror.com/api/resolve-cache/models/BAAI/bge-large-zh-v1.5/79e7739b6ab944e86d6171e44d24c997fc1e0116/config.json "HTTP/1.1 200 OK"
2026-04-26 23:45:01,336 - INFO - HTTP Request: HEAD https://hf-mirror.com/BAAI/bge-large-zh-v1.5/resolve/main/model.safetensors "HTTP/1.1 404 Not Found"
2026-04-26 23:45:01,460 - INFO - HTTP Request: GET https://hf-mirror.com/api/models/BAAI/bge-large-zh-v1.5 "HTTP/1.1 200 OK"
2026-04-26 23:45:01,975 - INFO - HTTP Request: HEAD https://hf-mirror.com/BAAI/bge-large-zh-v1.5/resolve/main/config.json "HTTP/1.1 307 Temporary Redirect"
2026-04-26 23:45:02,080 - INFO - HTTP Request: GET https://hf-mirror.com/api/models/BAAI/bge-large-zh-v1.5/commits/main "HTTP/1.1 200 OK"
2026-04-26 23:45:02,098 - INFO - HTTP Request: HEAD https://hf-mirror.com/api/resolve-cache/models/BAAI/bge-large-zh-v1.5/79e7739b6ab944e86d6171e44d24c997fc1e0116/config.json "HTTP/1.1 200 OK"
2026-04-26 23:45:02,210 - INFO - HTTP Request: GET https://hf-mirror.com/api/models/BAAI/bge-large-zh-v1.5/discussions?p=0 "HTTP/1.1 200 OK"
2026-04-26 23:45:02,336 - INFO - HTTP Request: GET https://hf-mirror.com/api/models/BAAI/bge-large-zh-v1.5/commits/refs%2Fpr%2F35 "HTTP/1.1 200 OK"
2026-04-26 23:45:02,388 - INFO - HTTP Request: HEAD https://hf-mirror.com/BAAI/bge-large-zh-v1.5/resolve/main/tokenizer_config.json "HTTP/1.1 307 Temporary Redirect"
2026-04-26 23:45:02,515 - INFO - HTTP Request: HEAD https://hf-mirror.com/api/resolve-cache/models/BAAI/bge-large-zh-v1.5/79e7739b6ab944e86d6171e44d24c997fc1e0116/tokenizer_config.json "HTTP/1.1 200 OK"
2026-04-26 23:45:02,629 - INFO - HTTP Request: GET https://hf-mirror.com/api/models/BAAI/bge-large-zh-v1.5/tree/main/additional_chat_templates?recursive=false&expand=false "HTTP/1.1 404 Not Found"
2026-04-26 23:45:02,644 - INFO - HTTP Request: HEAD https://hf-mirror.com/BAAI/bge-large-zh-v1.5/resolve/refs%2Fpr%2F35/model.safetensors.index.json "HTTP/1.1 404 Not Found"
2026-04-26 23:45:02,740 - INFO - HTTP Request: GET https://hf-mirror.com/api/models/BAAI/bge-large-zh-v1.5/tree/main?recursive=true&expand=false "HTTP/1.1 200 OK"
2026-04-26 23:45:03,030 - INFO - HTTP Request: HEAD https://hf-mirror.com/BAAI/bge-large-zh-v1.5/resolve/refs%2Fpr%2F35/model.safetensors "HTTP/1.1 302 Found"
2026-04-26 23:45:03,075 - INFO - HTTP Request: HEAD https://hf-mirror.com/BAAI/bge-large-zh-v1.5/resolve/main/1_Pooling/config.json "HTTP/1.1 307 Temporary Redirect"
2026-04-26 23:45:03,279 - INFO - HTTP Request: HEAD https://hf-mirror.com/api/resolve-cache/models/BAAI/bge-large-zh-v1.5/79e7739b6ab944e86d6171e44d24c997fc1e0116/1_Pooling%2Fconfig.json "HTTP/1.1 200 OK"
2026-04-26 23:45:03,421 - INFO - HTTP Request: GET https://hf-mirror.com/api/models/BAAI/bge-large-zh-v1.5 "HTTP/1.1 200 OK"
2026-04-26 23:45:04,157 - INFO - 📐 动态设定 HDBSCAN 最小聚类体积: 130
2026-04-26 23:45:04,158 - INFO - 🚀 阶段0：预计算文档完整语义 Embedding...
2026-04-26 23:51:14,924 - INFO - 🚀 阶段1：开始执行 Guided BERTopic 聚类...
2026-04-26 23:52:01,716 - INFO - 📊 初始主题数: 32 个
2026-04-26 23:52:01,717 - INFO - 🔄 阶段2.2：执行离群点归队回收（阈值 0.3，适中偏宽松）...
2026-04-26 23:52:03,809 - INFO - 🎯 阶段3：弱主题处理（置信度<0.4→尝试合并，相似度>0.5 才合并，否则噪声）...
2026-04-26 23:52:03,880 - INFO - 📊 训练完成，总耗时: 419.72秒
2026-04-26 23:52:03,880 - INFO - 📈 正在评估聚类质量...
2026-04-26 23:52:03,888 - INFO - 💾 阶段5：正在保存完整结果...
2026-04-26 23:52:04,377 - INFO - ✅ 处理全流程结束，所有文件均已输出至：E:\document\PG\studio\content\bertopic_results_optimized
2026-04-26 23:52:04,377 - INFO - 🎉 全部流程执行完毕！
2026-04-26 23:53:01,553 - INFO - 📂 正在加载数据: E:\document\PG\studio\content\bertopic_ready_data\bertopic_train_data.csv
2026-04-26 23:53:01,843 - INFO - 📊 原始有效数据量: 18255 条
2026-04-26 23:53:01,884 - INFO - 🔧 初始化 BERTopic 流水线...
2026-04-26 23:53:01,898 - INFO - 🤖 使用设备: cuda
2026-04-26 23:53:01,900 - INFO - Load pretrained SentenceTransformer: BAAI/bge-large-zh-v1.5
2026-04-26 23:53:02,466 - INFO - HTTP Request: HEAD https://hf-mirror.com/BAAI/bge-large-zh-v1.5/resolve/main/modules.json "HTTP/1.1 307 Temporary Redirect"
2026-04-26 23:53:02,601 - INFO - HTTP Request: HEAD https://hf-mirror.com/api/resolve-cache/models/BAAI/bge-large-zh-v1.5/79e7739b6ab944e86d6171e44d24c997fc1e0116/modules.json "HTTP/1.1 200 OK"
2026-04-26 23:53:02,933 - INFO - HTTP Request: HEAD https://hf-mirror.com/BAAI/bge-large-zh-v1.5/resolve/main/config_sentence_transformers.json "HTTP/1.1 307 Temporary Redirect"
2026-04-26 23:53:03,137 - INFO - HTTP Request: HEAD https://hf-mirror.com/api/resolve-cache/models/BAAI/bge-large-zh-v1.5/79e7739b6ab944e86d6171e44d24c997fc1e0116/config_sentence_transformers.json "HTTP/1.1 200 OK"
2026-04-26 23:53:03,449 - INFO - HTTP Request: HEAD https://hf-mirror.com/BAAI/bge-large-zh-v1.5/resolve/main/config_sentence_transformers.json "HTTP/1.1 307 Temporary Redirect"
2026-04-26 23:53:03,601 - INFO - HTTP Request: HEAD https://hf-mirror.com/api/resolve-cache/models/BAAI/bge-large-zh-v1.5/79e7739b6ab944e86d6171e44d24c997fc1e0116/config_sentence_transformers.json "HTTP/1.1 200 OK"
2026-04-26 23:53:03,907 - INFO - HTTP Request: HEAD https://hf-mirror.com/BAAI/bge-large-zh-v1.5/resolve/main/README.md "HTTP/1.1 307 Temporary Redirect"
2026-04-26 23:53:04,048 - INFO - HTTP Request: HEAD https://hf-mirror.com/api/resolve-cache/models/BAAI/bge-large-zh-v1.5/79e7739b6ab944e86d6171e44d24c997fc1e0116/README.md "HTTP/1.1 200 OK"
2026-04-26 23:53:04,456 - INFO - HTTP Request: HEAD https://hf-mirror.com/BAAI/bge-large-zh-v1.5/resolve/main/modules.json "HTTP/1.1 307 Temporary Redirect"
2026-04-26 23:53:04,589 - INFO - HTTP Request: HEAD https://hf-mirror.com/api/resolve-cache/models/BAAI/bge-large-zh-v1.5/79e7739b6ab944e86d6171e44d24c997fc1e0116/modules.json "HTTP/1.1 200 OK"
2026-04-26 23:53:04,892 - INFO - HTTP Request: HEAD https://hf-mirror.com/BAAI/bge-large-zh-v1.5/resolve/main/sentence_bert_config.json "HTTP/1.1 307 Temporary Redirect"
2026-04-26 23:53:05,067 - INFO - HTTP Request: HEAD https://hf-mirror.com/api/resolve-cache/models/BAAI/bge-large-zh-v1.5/79e7739b6ab944e86d6171e44d24c997fc1e0116/sentence_bert_config.json "HTTP/1.1 200 OK"
2026-04-26 23:53:05,391 - INFO - HTTP Request: HEAD https://hf-mirror.com/BAAI/bge-large-zh-v1.5/resolve/main/adapter_config.json "HTTP/1.1 404 Not Found"
2026-04-26 23:53:05,672 - INFO - HTTP Request: HEAD https://hf-mirror.com/BAAI/bge-large-zh-v1.5/resolve/main/config.json "HTTP/1.1 307 Temporary Redirect"
2026-04-26 23:53:05,800 - INFO - HTTP Request: HEAD https://hf-mirror.com/api/resolve-cache/models/BAAI/bge-large-zh-v1.5/79e7739b6ab944e86d6171e44d24c997fc1e0116/config.json "HTTP/1.1 200 OK"
2026-04-26 23:53:06,126 - INFO - HTTP Request: HEAD https://hf-mirror.com/BAAI/bge-large-zh-v1.5/resolve/main/config.json "HTTP/1.1 307 Temporary Redirect"
2026-04-26 23:53:06,280 - INFO - HTTP Request: HEAD https://hf-mirror.com/api/resolve-cache/models/BAAI/bge-large-zh-v1.5/79e7739b6ab944e86d6171e44d24c997fc1e0116/config.json "HTTP/1.1 200 OK"
2026-04-26 23:53:06,619 - INFO - HTTP Request: HEAD https://hf-mirror.com/BAAI/bge-large-zh-v1.5/resolve/main/model.safetensors "HTTP/1.1 404 Not Found"
2026-04-26 23:53:06,738 - INFO - HTTP Request: GET https://hf-mirror.com/api/models/BAAI/bge-large-zh-v1.5 "HTTP/1.1 200 OK"
2026-04-26 23:53:06,868 - INFO - HTTP Request: GET https://hf-mirror.com/api/models/BAAI/bge-large-zh-v1.5/commits/main "HTTP/1.1 200 OK"
2026-04-26 23:53:07,033 - INFO - HTTP Request: GET https://hf-mirror.com/api/models/BAAI/bge-large-zh-v1.5/discussions?p=0 "HTTP/1.1 200 OK"
2026-04-26 23:53:07,157 - INFO - HTTP Request: GET https://hf-mirror.com/api/models/BAAI/bge-large-zh-v1.5/commits/refs%2Fpr%2F35 "HTTP/1.1 200 OK"
2026-04-26 23:53:07,336 - INFO - HTTP Request: HEAD https://hf-mirror.com/BAAI/bge-large-zh-v1.5/resolve/main/config.json "HTTP/1.1 307 Temporary Redirect"
2026-04-26 23:53:07,447 - INFO - HTTP Request: HEAD https://hf-mirror.com/api/resolve-cache/models/BAAI/bge-large-zh-v1.5/79e7739b6ab944e86d6171e44d24c997fc1e0116/config.json "HTTP/1.1 200 OK"
2026-04-26 23:53:07,750 - INFO - HTTP Request: HEAD https://hf-mirror.com/BAAI/bge-large-zh-v1.5/resolve/main/tokenizer_config.json "HTTP/1.1 307 Temporary Redirect"
2026-04-26 23:53:07,943 - INFO - HTTP Request: HEAD https://hf-mirror.com/api/resolve-cache/models/BAAI/bge-large-zh-v1.5/79e7739b6ab944e86d6171e44d24c997fc1e0116/tokenizer_config.json "HTTP/1.1 200 OK"
2026-04-26 23:53:08,056 - INFO - HTTP Request: HEAD https://hf-mirror.com/BAAI/bge-large-zh-v1.5/resolve/refs%2Fpr%2F35/model.safetensors.index.json "HTTP/1.1 404 Not Found"
2026-04-26 23:53:08,064 - INFO - HTTP Request: GET https://hf-mirror.com/api/models/BAAI/bge-large-zh-v1.5/tree/main/additional_chat_templates?recursive=false&expand=false "HTTP/1.1 404 Not Found"
2026-04-26 23:53:08,174 - INFO - HTTP Request: GET https://hf-mirror.com/api/models/BAAI/bge-large-zh-v1.5/tree/main?recursive=true&expand=false "HTTP/1.1 200 OK"
2026-04-26 23:53:08,385 - INFO - HTTP Request: HEAD https://hf-mirror.com/BAAI/bge-large-zh-v1.5/resolve/refs%2Fpr%2F35/model.safetensors "HTTP/1.1 302 Found"
2026-04-26 23:53:08,473 - INFO - HTTP Request: HEAD https://hf-mirror.com/BAAI/bge-large-zh-v1.5/resolve/main/1_Pooling/config.json "HTTP/1.1 307 Temporary Redirect"
2026-04-26 23:53:08,679 - INFO - HTTP Request: HEAD https://hf-mirror.com/api/resolve-cache/models/BAAI/bge-large-zh-v1.5/79e7739b6ab944e86d6171e44d24c997fc1e0116/1_Pooling%2Fconfig.json "HTTP/1.1 200 OK"
2026-04-26 23:53:08,850 - INFO - HTTP Request: GET https://hf-mirror.com/api/models/BAAI/bge-large-zh-v1.5 "HTTP/1.1 200 OK"
2026-04-26 23:53:09,697 - INFO - 📐 动态设定 HDBSCAN 最小聚类体积: 130
2026-04-26 23:53:09,698 - INFO - 🚀 阶段0：预计算文档完整语义 Embedding...
2026-04-26 23:59:21,074 - INFO - 🚀 阶段1：开始执行 Guided BERTopic 聚类...
2026-04-27 00:00:06,669 - INFO - 📊 初始主题数: 32 个
2026-04-27 00:00:06,669 - INFO - 🔄 阶段2.2：执行离群点归队回收（阈值 0.3，适中偏宽松）...
2026-04-27 00:00:08,731 - INFO - 🎯 阶段3：弱主题处理（置信度<0.4→尝试合并，相似度>0.6 才合并，否则噪声）...
2026-04-27 00:00:08,805 - INFO - 📊 训练完成，总耗时: 419.11秒
2026-04-27 00:00:08,805 - INFO - 📈 正在评估聚类质量...
2026-04-27 00:00:08,814 - INFO - 💾 阶段5：正在保存完整结果...
2026-04-27 00:00:09,229 - INFO - ✅ 处理全流程结束，所有文件均已输出至：E:\document\PG\studio\content\bertopic_results_optimized
2026-04-27 00:00:09,229 - INFO - 🎉 全部流程执行完毕！
2026-04-27 00:02:42,169 - INFO - 📂 正在加载数据: E:\document\PG\studio\content\bertopic_ready_data\bertopic_train_data.csv
2026-04-27 00:02:42,472 - INFO - 📊 原始有效数据量: 18255 条
2026-04-27 00:02:42,520 - INFO - 🔧 初始化 BERTopic 流水线...
2026-04-27 00:02:42,542 - INFO - 🤖 使用设备: cuda
2026-04-27 00:02:42,545 - INFO - Load pretrained SentenceTransformer: BAAI/bge-large-zh-v1.5
2026-04-27 00:02:43,062 - INFO - HTTP Request: HEAD https://hf-mirror.com/BAAI/bge-large-zh-v1.5/resolve/main/modules.json "HTTP/1.1 307 Temporary Redirect"
2026-04-27 00:02:43,163 - INFO - HTTP Request: HEAD https://hf-mirror.com/api/resolve-cache/models/BAAI/bge-large-zh-v1.5/79e7739b6ab944e86d6171e44d24c997fc1e0116/modules.json "HTTP/1.1 200 OK"
2026-04-27 00:02:43,459 - INFO - HTTP Request: HEAD https://hf-mirror.com/BAAI/bge-large-zh-v1.5/resolve/main/config_sentence_transformers.json "HTTP/1.1 307 Temporary Redirect"
2026-04-27 00:02:43,654 - INFO - HTTP Request: HEAD https://hf-mirror.com/api/resolve-cache/models/BAAI/bge-large-zh-v1.5/79e7739b6ab944e86d6171e44d24c997fc1e0116/config_sentence_transformers.json "HTTP/1.1 200 OK"
2026-04-27 00:02:43,963 - INFO - HTTP Request: HEAD https://hf-mirror.com/BAAI/bge-large-zh-v1.5/resolve/main/config_sentence_transformers.json "HTTP/1.1 307 Temporary Redirect"
2026-04-27 00:02:44,168 - INFO - HTTP Request: HEAD https://hf-mirror.com/api/resolve-cache/models/BAAI/bge-large-zh-v1.5/79e7739b6ab944e86d6171e44d24c997fc1e0116/config_sentence_transformers.json "HTTP/1.1 200 OK"
2026-04-27 00:02:44,498 - INFO - HTTP Request: HEAD https://hf-mirror.com/BAAI/bge-large-zh-v1.5/resolve/main/README.md "HTTP/1.1 307 Temporary Redirect"
2026-04-27 00:02:44,629 - INFO - HTTP Request: HEAD https://hf-mirror.com/api/resolve-cache/models/BAAI/bge-large-zh-v1.5/79e7739b6ab944e86d6171e44d24c997fc1e0116/README.md "HTTP/1.1 200 OK"
2026-04-27 00:02:44,921 - INFO - HTTP Request: HEAD https://hf-mirror.com/BAAI/bge-large-zh-v1.5/resolve/main/modules.json "HTTP/1.1 307 Temporary Redirect"
2026-04-27 00:02:45,088 - INFO - HTTP Request: HEAD https://hf-mirror.com/api/resolve-cache/models/BAAI/bge-large-zh-v1.5/79e7739b6ab944e86d6171e44d24c997fc1e0116/modules.json "HTTP/1.1 200 OK"
2026-04-27 00:02:45,376 - INFO - HTTP Request: HEAD https://hf-mirror.com/BAAI/bge-large-zh-v1.5/resolve/main/sentence_bert_config.json "HTTP/1.1 307 Temporary Redirect"
2026-04-27 00:02:45,590 - INFO - HTTP Request: HEAD https://hf-mirror.com/api/resolve-cache/models/BAAI/bge-large-zh-v1.5/79e7739b6ab944e86d6171e44d24c997fc1e0116/sentence_bert_config.json "HTTP/1.1 200 OK"
2026-04-27 00:02:45,893 - INFO - HTTP Request: HEAD https://hf-mirror.com/BAAI/bge-large-zh-v1.5/resolve/main/adapter_config.json "HTTP/1.1 404 Not Found"
2026-04-27 00:02:46,255 - INFO - HTTP Request: HEAD https://hf-mirror.com/BAAI/bge-large-zh-v1.5/resolve/main/config.json "HTTP/1.1 307 Temporary Redirect"
2026-04-27 00:02:46,370 - INFO - HTTP Request: HEAD https://hf-mirror.com/api/resolve-cache/models/BAAI/bge-large-zh-v1.5/79e7739b6ab944e86d6171e44d24c997fc1e0116/config.json "HTTP/1.1 200 OK"
2026-04-27 00:02:46,698 - INFO - HTTP Request: HEAD https://hf-mirror.com/BAAI/bge-large-zh-v1.5/resolve/main/config.json "HTTP/1.1 307 Temporary Redirect"
2026-04-27 00:02:46,815 - INFO - HTTP Request: HEAD https://hf-mirror.com/api/resolve-cache/models/BAAI/bge-large-zh-v1.5/79e7739b6ab944e86d6171e44d24c997fc1e0116/config.json "HTTP/1.1 200 OK"
2026-04-27 00:02:47,118 - INFO - HTTP Request: HEAD https://hf-mirror.com/BAAI/bge-large-zh-v1.5/resolve/main/model.safetensors "HTTP/1.1 404 Not Found"
2026-04-27 00:02:47,236 - INFO - HTTP Request: GET https://hf-mirror.com/api/models/BAAI/bge-large-zh-v1.5 "HTTP/1.1 200 OK"
2026-04-27 00:02:47,445 - INFO - HTTP Request: GET https://hf-mirror.com/api/models/BAAI/bge-large-zh-v1.5/commits/main "HTTP/1.1 200 OK"
2026-04-27 00:02:47,555 - INFO - HTTP Request: GET https://hf-mirror.com/api/models/BAAI/bge-large-zh-v1.5/discussions?p=0 "HTTP/1.1 200 OK"
2026-04-27 00:02:47,893 - INFO - HTTP Request: HEAD https://hf-mirror.com/BAAI/bge-large-zh-v1.5/resolve/main/config.json "HTTP/1.1 307 Temporary Redirect"
2026-04-27 00:02:48,164 - INFO - HTTP Request: HEAD https://hf-mirror.com/api/resolve-cache/models/BAAI/bge-large-zh-v1.5/79e7739b6ab944e86d6171e44d24c997fc1e0116/config.json "HTTP/1.1 200 OK"
2026-04-27 00:02:48,165 - INFO - HTTP Request: GET https://hf-mirror.com/api/models/BAAI/bge-large-zh-v1.5/commits/refs%2Fpr%2F35 "HTTP/1.1 200 OK"
2026-04-27 00:02:48,528 - INFO - HTTP Request: HEAD https://hf-mirror.com/BAAI/bge-large-zh-v1.5/resolve/refs%2Fpr%2F35/model.safetensors.index.json "HTTP/1.1 404 Not Found"
2026-04-27 00:02:48,529 - INFO - HTTP Request: HEAD https://hf-mirror.com/BAAI/bge-large-zh-v1.5/resolve/main/tokenizer_config.json "HTTP/1.1 307 Temporary Redirect"
2026-04-27 00:02:48,788 - INFO - HTTP Request: HEAD https://hf-mirror.com/api/resolve-cache/models/BAAI/bge-large-zh-v1.5/79e7739b6ab944e86d6171e44d24c997fc1e0116/tokenizer_config.json "HTTP/1.1 200 OK"
2026-04-27 00:02:48,869 - INFO - HTTP Request: HEAD https://hf-mirror.com/BAAI/bge-large-zh-v1.5/resolve/refs%2Fpr%2F35/model.safetensors "HTTP/1.1 302 Found"
2026-04-27 00:02:49,094 - INFO - HTTP Request: GET https://hf-mirror.com/api/models/BAAI/bge-large-zh-v1.5/tree/main/additional_chat_templates?recursive=false&expand=false "HTTP/1.1 404 Not Found"
2026-04-27 00:02:49,219 - INFO - HTTP Request: GET https://hf-mirror.com/api/models/BAAI/bge-large-zh-v1.5/tree/main?recursive=true&expand=false "HTTP/1.1 200 OK"
2026-04-27 00:02:49,538 - INFO - HTTP Request: HEAD https://hf-mirror.com/BAAI/bge-large-zh-v1.5/resolve/main/1_Pooling/config.json "HTTP/1.1 307 Temporary Redirect"
2026-04-27 00:02:49,742 - INFO - HTTP Request: HEAD https://hf-mirror.com/api/resolve-cache/models/BAAI/bge-large-zh-v1.5/79e7739b6ab944e86d6171e44d24c997fc1e0116/1_Pooling%2Fconfig.json "HTTP/1.1 200 OK"
2026-04-27 00:02:49,856 - INFO - HTTP Request: GET https://hf-mirror.com/api/models/BAAI/bge-large-zh-v1.5 "HTTP/1.1 200 OK"
2026-04-27 00:02:50,643 - INFO - 📐 动态设定 HDBSCAN 最小聚类体积: 130
2026-04-27 00:02:50,644 - INFO - 🚀 阶段0：预计算文档完整语义 Embedding...
2026-04-27 00:09:01,541 - INFO - 🚀 阶段1：开始执行 Guided BERTopic 聚类...
2026-04-27 00:09:48,080 - INFO - 📊 初始主题数: 32 个
2026-04-27 00:09:48,080 - INFO - 🔄 阶段2.2：执行离群点归队回收（阈值 0.3，适中偏宽松）...
2026-04-27 00:09:50,182 - INFO - 🎯 阶段3：弱主题处理（置信度<0.3→尝试合并，相似度>0.6 才合并，否则噪声）...
2026-04-27 00:09:50,182 - INFO - 📊 训练完成，总耗时: 419.54秒
2026-04-27 00:09:50,182 - INFO - 📈 正在评估聚类质量...
2026-04-27 00:09:50,194 - INFO - 💾 阶段5：正在保存完整结果...
2026-04-27 00:09:50,644 - INFO - ✅ 处理全流程结束，所有文件均已输出至：E:\document\PG\studio\content\bertopic_results_optimized
2026-04-27 00:09:50,644 - INFO - 🎉 全部流程执行完毕！
2026-04-27 10:53:24,626 - INFO - 📂 正在加载数据: E:\document\PG\studio\content\bertopic_ready_data\bertopic_train_data.csv
2026-04-27 10:53:24,946 - INFO - 📊 原始有效数据量: 18255 条
2026-04-27 10:53:24,990 - INFO - 🔧 初始化 BERTopic 流水线...
2026-04-27 10:53:25,011 - INFO - 🤖 使用设备: cuda
2026-04-27 10:53:25,014 - INFO - Load pretrained SentenceTransformer: BAAI/bge-large-zh-v1.5
2026-04-27 10:53:25,540 - INFO - HTTP Request: HEAD https://hf-mirror.com/BAAI/bge-large-zh-v1.5/resolve/main/modules.json "HTTP/1.1 307 Temporary Redirect"
2026-04-27 10:53:25,716 - INFO - HTTP Request: HEAD https://hf-mirror.com/api/resolve-cache/models/BAAI/bge-large-zh-v1.5/79e7739b6ab944e86d6171e44d24c997fc1e0116/modules.json "HTTP/1.1 200 OK"
2026-04-27 10:53:26,000 - INFO - HTTP Request: HEAD https://hf-mirror.com/BAAI/bge-large-zh-v1.5/resolve/main/config_sentence_transformers.json "HTTP/1.1 307 Temporary Redirect"
2026-04-27 10:53:26,144 - INFO - HTTP Request: HEAD https://hf-mirror.com/api/resolve-cache/models/BAAI/bge-large-zh-v1.5/79e7739b6ab944e86d6171e44d24c997fc1e0116/config_sentence_transformers.json "HTTP/1.1 200 OK"
2026-04-27 10:53:26,477 - INFO - HTTP Request: HEAD https://hf-mirror.com/BAAI/bge-large-zh-v1.5/resolve/main/config_sentence_transformers.json "HTTP/1.1 307 Temporary Redirect"
2026-04-27 10:53:26,601 - INFO - HTTP Request: HEAD https://hf-mirror.com/api/resolve-cache/models/BAAI/bge-large-zh-v1.5/79e7739b6ab944e86d6171e44d24c997fc1e0116/config_sentence_transformers.json "HTTP/1.1 200 OK"
2026-04-27 10:53:26,922 - INFO - HTTP Request: HEAD https://hf-mirror.com/BAAI/bge-large-zh-v1.5/resolve/main/README.md "HTTP/1.1 307 Temporary Redirect"
2026-04-27 10:53:27,022 - INFO - HTTP Request: HEAD https://hf-mirror.com/api/resolve-cache/models/BAAI/bge-large-zh-v1.5/79e7739b6ab944e86d6171e44d24c997fc1e0116/README.md "HTTP/1.1 200 OK"
2026-04-27 10:53:27,297 - INFO - HTTP Request: HEAD https://hf-mirror.com/BAAI/bge-large-zh-v1.5/resolve/main/modules.json "HTTP/1.1 307 Temporary Redirect"
2026-04-27 10:53:27,415 - INFO - HTTP Request: HEAD https://hf-mirror.com/api/resolve-cache/models/BAAI/bge-large-zh-v1.5/79e7739b6ab944e86d6171e44d24c997fc1e0116/modules.json "HTTP/1.1 200 OK"
2026-04-27 10:53:27,738 - INFO - HTTP Request: HEAD https://hf-mirror.com/BAAI/bge-large-zh-v1.5/resolve/main/sentence_bert_config.json "HTTP/1.1 307 Temporary Redirect"
2026-04-27 10:53:27,855 - INFO - HTTP Request: HEAD https://hf-mirror.com/api/resolve-cache/models/BAAI/bge-large-zh-v1.5/79e7739b6ab944e86d6171e44d24c997fc1e0116/sentence_bert_config.json "HTTP/1.1 200 OK"
2026-04-27 10:53:28,168 - INFO - HTTP Request: HEAD https://hf-mirror.com/BAAI/bge-large-zh-v1.5/resolve/main/adapter_config.json "HTTP/1.1 404 Not Found"
2026-04-27 10:53:28,458 - INFO - HTTP Request: HEAD https://hf-mirror.com/BAAI/bge-large-zh-v1.5/resolve/main/config.json "HTTP/1.1 307 Temporary Redirect"
2026-04-27 10:53:28,564 - INFO - HTTP Request: HEAD https://hf-mirror.com/api/resolve-cache/models/BAAI/bge-large-zh-v1.5/79e7739b6ab944e86d6171e44d24c997fc1e0116/config.json "HTTP/1.1 200 OK"
2026-04-27 10:53:28,869 - INFO - HTTP Request: HEAD https://hf-mirror.com/BAAI/bge-large-zh-v1.5/resolve/main/config.json "HTTP/1.1 307 Temporary Redirect"
2026-04-27 10:53:29,071 - INFO - HTTP Request: HEAD https://hf-mirror.com/api/resolve-cache/models/BAAI/bge-large-zh-v1.5/79e7739b6ab944e86d6171e44d24c997fc1e0116/config.json "HTTP/1.1 200 OK"
2026-04-27 10:53:29,374 - INFO - HTTP Request: HEAD https://hf-mirror.com/BAAI/bge-large-zh-v1.5/resolve/main/model.safetensors "HTTP/1.1 404 Not Found"
2026-04-27 10:53:29,483 - INFO - HTTP Request: GET https://hf-mirror.com/api/models/BAAI/bge-large-zh-v1.5 "HTTP/1.1 200 OK"
2026-04-27 10:53:29,592 - INFO - HTTP Request: GET https://hf-mirror.com/api/models/BAAI/bge-large-zh-v1.5/commits/main "HTTP/1.1 200 OK"
2026-04-27 10:53:29,712 - INFO - HTTP Request: GET https://hf-mirror.com/api/models/BAAI/bge-large-zh-v1.5/discussions?p=0 "HTTP/1.1 200 OK"
2026-04-27 10:53:29,826 - INFO - HTTP Request: GET https://hf-mirror.com/api/models/BAAI/bge-large-zh-v1.5/commits/refs%2Fpr%2F35 "HTTP/1.1 200 OK"
2026-04-27 10:53:30,106 - INFO - HTTP Request: HEAD https://hf-mirror.com/BAAI/bge-large-zh-v1.5/resolve/main/config.json "HTTP/1.1 307 Temporary Redirect"
2026-04-27 10:53:30,161 - INFO - HTTP Request: HEAD https://hf-mirror.com/BAAI/bge-large-zh-v1.5/resolve/refs%2Fpr%2F35/model.safetensors.index.json "HTTP/1.1 404 Not Found"
2026-04-27 10:53:30,203 - INFO - HTTP Request: HEAD https://hf-mirror.com/api/resolve-cache/models/BAAI/bge-large-zh-v1.5/79e7739b6ab944e86d6171e44d24c997fc1e0116/config.json "HTTP/1.1 200 OK"
2026-04-27 10:53:30,477 - INFO - HTTP Request: HEAD https://hf-mirror.com/BAAI/bge-large-zh-v1.5/resolve/refs%2Fpr%2F35/model.safetensors "HTTP/1.1 302 Found"
2026-04-27 10:53:30,499 - INFO - HTTP Request: HEAD https://hf-mirror.com/BAAI/bge-large-zh-v1.5/resolve/main/tokenizer_config.json "HTTP/1.1 307 Temporary Redirect"
2026-04-27 10:53:30,629 - INFO - HTTP Request: HEAD https://hf-mirror.com/api/resolve-cache/models/BAAI/bge-large-zh-v1.5/79e7739b6ab944e86d6171e44d24c997fc1e0116/tokenizer_config.json "HTTP/1.1 200 OK"
2026-04-27 10:53:30,755 - INFO - HTTP Request: GET https://hf-mirror.com/api/models/BAAI/bge-large-zh-v1.5/tree/main/additional_chat_templates?recursive=false&expand=false "HTTP/1.1 404 Not Found"
2026-04-27 10:53:30,877 - INFO - HTTP Request: GET https://hf-mirror.com/api/models/BAAI/bge-large-zh-v1.5/tree/main?recursive=true&expand=false "HTTP/1.1 200 OK"
2026-04-27 10:53:31,219 - INFO - HTTP Request: HEAD https://hf-mirror.com/BAAI/bge-large-zh-v1.5/resolve/main/1_Pooling/config.json "HTTP/1.1 307 Temporary Redirect"
2026-04-27 10:53:31,349 - INFO - HTTP Request: HEAD https://hf-mirror.com/api/resolve-cache/models/BAAI/bge-large-zh-v1.5/79e7739b6ab944e86d6171e44d24c997fc1e0116/1_Pooling%2Fconfig.json "HTTP/1.1 200 OK"
2026-04-27 10:53:31,499 - INFO - HTTP Request: GET https://hf-mirror.com/api/models/BAAI/bge-large-zh-v1.5 "HTTP/1.1 200 OK"
2026-04-27 10:53:33,327 - INFO - 📐 动态设定 HDBSCAN 最小聚类体积: 130
2026-04-27 10:53:33,327 - INFO - 🚀 阶段0：预计算文档完整语义 Embedding...
2026-04-27 10:59:30,673 - INFO - 🚀 阶段1：开始执行 Guided BERTopic 聚类...
2026-04-27 11:00:19,260 - INFO - 📊 初始主题数: 32 个
2026-04-27 11:00:19,260 - INFO - 🔄 阶段2.2：执行离群点归队回收（阈值 0.5，适中偏宽松）...
2026-04-27 11:00:21,116 - INFO - 🎯 阶段3：弱主题处理（置信度<0.3→尝试合并，相似度>0.7 才合并，否则噪声）...
2026-04-27 11:00:21,117 - INFO - 📊 训练完成，总耗时: 407.79秒
2026-04-27 11:00:21,117 - INFO - 📈 正在评估聚类质量...
2026-04-27 11:00:21,128 - INFO - 💾 阶段5：正在保存完整结果...
2026-04-27 11:00:21,521 - INFO - ✅ 处理全流程结束，所有文件均已输出至：E:\document\PG\studio\content\bertopic_results_optimized
2026-04-27 11:00:21,521 - INFO - 🎉 全部流程执行完毕！
2026-04-27 11:02:41,075 - INFO - 📂 正在加载数据: E:\document\PG\studio\content\bertopic_ready_data\bertopic_train_data.csv
2026-04-27 11:02:41,424 - INFO - 📊 原始有效数据量: 18255 条
2026-04-27 11:02:41,474 - INFO - 🔧 初始化 BERTopic 流水线...
2026-04-27 11:02:41,527 - INFO - 🤖 使用设备: cuda
2026-04-27 11:02:41,531 - INFO - Load pretrained SentenceTransformer: BAAI/bge-large-zh-v1.5
2026-04-27 11:02:42,094 - INFO - HTTP Request: HEAD https://hf-mirror.com/BAAI/bge-large-zh-v1.5/resolve/main/modules.json "HTTP/1.1 307 Temporary Redirect"
2026-04-27 11:02:42,197 - INFO - HTTP Request: HEAD https://hf-mirror.com/api/resolve-cache/models/BAAI/bge-large-zh-v1.5/79e7739b6ab944e86d6171e44d24c997fc1e0116/modules.json "HTTP/1.1 200 OK"
2026-04-27 11:02:42,606 - INFO - HTTP Request: HEAD https://hf-mirror.com/BAAI/bge-large-zh-v1.5/resolve/main/config_sentence_transformers.json "HTTP/1.1 307 Temporary Redirect"
2026-04-27 11:02:43,118 - INFO - HTTP Request: HEAD https://hf-mirror.com/api/resolve-cache/models/BAAI/bge-large-zh-v1.5/79e7739b6ab944e86d6171e44d24c997fc1e0116/config_sentence_transformers.json "HTTP/1.1 200 OK"
2026-04-27 11:02:43,528 - INFO - HTTP Request: HEAD https://hf-mirror.com/BAAI/bge-large-zh-v1.5/resolve/main/config_sentence_transformers.json "HTTP/1.1 307 Temporary Redirect"
2026-04-27 11:02:43,722 - INFO - HTTP Request: HEAD https://hf-mirror.com/api/resolve-cache/models/BAAI/bge-large-zh-v1.5/79e7739b6ab944e86d6171e44d24c997fc1e0116/config_sentence_transformers.json "HTTP/1.1 200 OK"
2026-04-27 11:02:44,040 - INFO - HTTP Request: HEAD https://hf-mirror.com/BAAI/bge-large-zh-v1.5/resolve/main/README.md "HTTP/1.1 307 Temporary Redirect"
2026-04-27 11:02:44,355 - INFO - HTTP Request: HEAD https://hf-mirror.com/api/resolve-cache/models/BAAI/bge-large-zh-v1.5/79e7739b6ab944e86d6171e44d24c997fc1e0116/README.md "HTTP/1.1 200 OK"
2026-04-27 11:02:44,724 - INFO - HTTP Request: HEAD https://hf-mirror.com/BAAI/bge-large-zh-v1.5/resolve/main/modules.json "HTTP/1.1 307 Temporary Redirect"
2026-04-27 11:02:44,861 - INFO - HTTP Request: HEAD https://hf-mirror.com/api/resolve-cache/models/BAAI/bge-large-zh-v1.5/79e7739b6ab944e86d6171e44d24c997fc1e0116/modules.json "HTTP/1.1 200 OK"
2026-04-27 11:02:45,269 - INFO - HTTP Request: HEAD https://hf-mirror.com/BAAI/bge-large-zh-v1.5/resolve/main/sentence_bert_config.json "HTTP/1.1 307 Temporary Redirect"
2026-04-27 11:02:45,475 - INFO - HTTP Request: HEAD https://hf-mirror.com/api/resolve-cache/models/BAAI/bge-large-zh-v1.5/79e7739b6ab944e86d6171e44d24c997fc1e0116/sentence_bert_config.json "HTTP/1.1 200 OK"
2026-04-27 11:02:45,783 - INFO - HTTP Request: HEAD https://hf-mirror.com/BAAI/bge-large-zh-v1.5/resolve/main/adapter_config.json "HTTP/1.1 404 Not Found"
2026-04-27 11:02:46,088 - INFO - HTTP Request: HEAD https://hf-mirror.com/BAAI/bge-large-zh-v1.5/resolve/main/config.json "HTTP/1.1 307 Temporary Redirect"
2026-04-27 11:02:46,190 - INFO - HTTP Request: HEAD https://hf-mirror.com/api/resolve-cache/models/BAAI/bge-large-zh-v1.5/79e7739b6ab944e86d6171e44d24c997fc1e0116/config.json "HTTP/1.1 200 OK"
2026-04-27 11:02:46,509 - INFO - HTTP Request: HEAD https://hf-mirror.com/BAAI/bge-large-zh-v1.5/resolve/main/config.json "HTTP/1.1 307 Temporary Redirect"
2026-04-27 11:02:46,725 - INFO - HTTP Request: HEAD https://hf-mirror.com/api/resolve-cache/models/BAAI/bge-large-zh-v1.5/79e7739b6ab944e86d6171e44d24c997fc1e0116/config.json "HTTP/1.1 200 OK"
2026-04-27 11:02:47,011 - INFO - HTTP Request: HEAD https://hf-mirror.com/BAAI/bge-large-zh-v1.5/resolve/main/model.safetensors "HTTP/1.1 404 Not Found"
2026-04-27 11:02:47,160 - INFO - HTTP Request: GET https://hf-mirror.com/api/models/BAAI/bge-large-zh-v1.5 "HTTP/1.1 200 OK"
2026-04-27 11:02:47,326 - INFO - HTTP Request: GET https://hf-mirror.com/api/models/BAAI/bge-large-zh-v1.5/commits/main "HTTP/1.1 200 OK"
2026-04-27 11:02:47,522 - INFO - HTTP Request: GET https://hf-mirror.com/api/models/BAAI/bge-large-zh-v1.5/discussions?p=0 "HTTP/1.1 200 OK"
2026-04-27 11:02:47,647 - INFO - HTTP Request: GET https://hf-mirror.com/api/models/BAAI/bge-large-zh-v1.5/commits/refs%2Fpr%2F35 "HTTP/1.1 200 OK"
2026-04-27 11:02:47,827 - INFO - HTTP Request: HEAD https://hf-mirror.com/BAAI/bge-large-zh-v1.5/resolve/main/config.json "HTTP/1.1 307 Temporary Redirect"
2026-04-27 11:02:48,034 - INFO - HTTP Request: HEAD https://hf-mirror.com/BAAI/bge-large-zh-v1.5/resolve/refs%2Fpr%2F35/model.safetensors.index.json "HTTP/1.1 404 Not Found"
2026-04-27 11:02:48,034 - INFO - HTTP Request: HEAD https://hf-mirror.com/api/resolve-cache/models/BAAI/bge-large-zh-v1.5/79e7739b6ab944e86d6171e44d24c997fc1e0116/config.json "HTTP/1.1 200 OK"
2026-04-27 11:02:48,342 - INFO - HTTP Request: HEAD https://hf-mirror.com/BAAI/bge-large-zh-v1.5/resolve/refs%2Fpr%2F35/model.safetensors "HTTP/1.1 302 Found"
2026-04-27 11:02:48,355 - INFO - HTTP Request: HEAD https://hf-mirror.com/BAAI/bge-large-zh-v1.5/resolve/main/tokenizer_config.json "HTTP/1.1 307 Temporary Redirect"
2026-04-27 11:02:48,545 - INFO - HTTP Request: HEAD https://hf-mirror.com/api/resolve-cache/models/BAAI/bge-large-zh-v1.5/79e7739b6ab944e86d6171e44d24c997fc1e0116/tokenizer_config.json "HTTP/1.1 200 OK"
2026-04-27 11:02:48,751 - INFO - HTTP Request: GET https://hf-mirror.com/api/models/BAAI/bge-large-zh-v1.5/tree/main/additional_chat_templates?recursive=false&expand=false "HTTP/1.1 404 Not Found"
2026-04-27 11:02:48,932 - INFO - HTTP Request: GET https://hf-mirror.com/api/models/BAAI/bge-large-zh-v1.5/tree/main?recursive=true&expand=false "HTTP/1.1 200 OK"
2026-04-27 11:02:49,260 - INFO - HTTP Request: HEAD https://hf-mirror.com/BAAI/bge-large-zh-v1.5/resolve/main/1_Pooling/config.json "HTTP/1.1 307 Temporary Redirect"
2026-04-27 11:02:49,366 - INFO - HTTP Request: HEAD https://hf-mirror.com/api/resolve-cache/models/BAAI/bge-large-zh-v1.5/79e7739b6ab944e86d6171e44d24c997fc1e0116/1_Pooling%2Fconfig.json "HTTP/1.1 200 OK"
2026-04-27 11:02:49,494 - INFO - HTTP Request: GET https://hf-mirror.com/api/models/BAAI/bge-large-zh-v1.5 "HTTP/1.1 200 OK"
2026-04-27 11:02:50,262 - INFO - 📐 动态设定 HDBSCAN 最小聚类体积: 130
2026-04-27 11:02:50,262 - INFO - 🚀 阶段0：预计算文档完整语义 Embedding...
2026-04-27 11:08:51,574 - INFO - 🚀 阶段1：开始执行 Guided BERTopic 聚类...
2026-04-27 11:09:33,000 - INFO - 📊 初始主题数: 32 个
2026-04-27 11:09:33,000 - INFO - 🔄 阶段2.2：执行离群点归队回收（阈值 0.5，适中偏宽松）...
2026-04-27 11:09:34,889 - INFO - 🎯 阶段3：弱主题处理（置信度<0.4→尝试合并，相似度>0.7 才合并，否则噪声）...
2026-04-27 11:09:34,946 - INFO - 📊 训练完成，总耗时: 404.68秒
2026-04-27 11:09:34,946 - INFO - 📈 正在评估聚类质量...
2026-04-27 11:09:34,955 - INFO - 💾 阶段5：正在保存完整结果...
2026-04-27 11:09:35,346 - INFO - ✅ 处理全流程结束，所有文件均已输出至：E:\document\PG\studio\content\bertopic_results_optimized
2026-04-27 11:09:35,346 - INFO - 🎉 全部流程执行完毕！
2026-04-27 11:21:37,684 - INFO - 📂 正在加载数据: E:\document\PG\studio\content\bertopic_ready_data\bertopic_train_data.csv
2026-04-27 11:21:37,977 - INFO - 📊 原始有效数据量: 18255 条
2026-04-27 11:21:38,016 - INFO - 🔧 初始化 BERTopic 流水线...
2026-04-27 11:21:38,029 - INFO - 🤖 使用设备: cuda
2026-04-27 11:21:38,031 - INFO - Load pretrained SentenceTransformer: BAAI/bge-large-zh-v1.5
2026-04-27 11:21:38,542 - INFO - HTTP Request: HEAD https://hf-mirror.com/BAAI/bge-large-zh-v1.5/resolve/main/modules.json "HTTP/1.1 307 Temporary Redirect"
2026-04-27 11:21:38,668 - INFO - HTTP Request: HEAD https://hf-mirror.com/api/resolve-cache/models/BAAI/bge-large-zh-v1.5/79e7739b6ab944e86d6171e44d24c997fc1e0116/modules.json "HTTP/1.1 200 OK"
2026-04-27 11:21:38,959 - INFO - HTTP Request: HEAD https://hf-mirror.com/BAAI/bge-large-zh-v1.5/resolve/main/config_sentence_transformers.json "HTTP/1.1 307 Temporary Redirect"
2026-04-27 11:21:39,068 - INFO - HTTP Request: HEAD https://hf-mirror.com/api/resolve-cache/models/BAAI/bge-large-zh-v1.5/79e7739b6ab944e86d6171e44d24c997fc1e0116/config_sentence_transformers.json "HTTP/1.1 200 OK"
2026-04-27 11:21:39,368 - INFO - HTTP Request: HEAD https://hf-mirror.com/BAAI/bge-large-zh-v1.5/resolve/main/config_sentence_transformers.json "HTTP/1.1 307 Temporary Redirect"
2026-04-27 11:21:39,574 - INFO - HTTP Request: HEAD https://hf-mirror.com/api/resolve-cache/models/BAAI/bge-large-zh-v1.5/79e7739b6ab944e86d6171e44d24c997fc1e0116/config_sentence_transformers.json "HTTP/1.1 200 OK"
2026-04-27 11:21:39,868 - INFO - HTTP Request: HEAD https://hf-mirror.com/BAAI/bge-large-zh-v1.5/resolve/main/README.md "HTTP/1.1 307 Temporary Redirect"
2026-04-27 11:21:39,973 - INFO - HTTP Request: HEAD https://hf-mirror.com/api/resolve-cache/models/BAAI/bge-large-zh-v1.5/79e7739b6ab944e86d6171e44d24c997fc1e0116/README.md "HTTP/1.1 200 OK"
2026-04-27 11:21:40,347 - INFO - HTTP Request: HEAD https://hf-mirror.com/BAAI/bge-large-zh-v1.5/resolve/main/modules.json "HTTP/1.1 307 Temporary Redirect"
2026-04-27 11:21:40,473 - INFO - HTTP Request: HEAD https://hf-mirror.com/api/resolve-cache/models/BAAI/bge-large-zh-v1.5/79e7739b6ab944e86d6171e44d24c997fc1e0116/modules.json "HTTP/1.1 200 OK"
2026-04-27 11:21:40,790 - INFO - HTTP Request: HEAD https://hf-mirror.com/BAAI/bge-large-zh-v1.5/resolve/main/sentence_bert_config.json "HTTP/1.1 307 Temporary Redirect"
2026-04-27 11:21:40,893 - INFO - HTTP Request: HEAD https://hf-mirror.com/api/resolve-cache/models/BAAI/bge-large-zh-v1.5/79e7739b6ab944e86d6171e44d24c997fc1e0116/sentence_bert_config.json "HTTP/1.1 200 OK"
2026-04-27 11:21:41,154 - INFO - HTTP Request: HEAD https://hf-mirror.com/BAAI/bge-large-zh-v1.5/resolve/main/adapter_config.json "HTTP/1.1 404 Not Found"
2026-04-27 11:21:41,450 - INFO - HTTP Request: HEAD https://hf-mirror.com/BAAI/bge-large-zh-v1.5/resolve/main/config.json "HTTP/1.1 307 Temporary Redirect"
2026-04-27 11:21:41,568 - INFO - HTTP Request: HEAD https://hf-mirror.com/api/resolve-cache/models/BAAI/bge-large-zh-v1.5/79e7739b6ab944e86d6171e44d24c997fc1e0116/config.json "HTTP/1.1 200 OK"
2026-04-27 11:21:41,899 - INFO - HTTP Request: HEAD https://hf-mirror.com/BAAI/bge-large-zh-v1.5/resolve/main/config.json "HTTP/1.1 307 Temporary Redirect"
2026-04-27 11:21:42,033 - INFO - HTTP Request: HEAD https://hf-mirror.com/api/resolve-cache/models/BAAI/bge-large-zh-v1.5/79e7739b6ab944e86d6171e44d24c997fc1e0116/config.json "HTTP/1.1 200 OK"
2026-04-27 11:21:42,357 - INFO - HTTP Request: HEAD https://hf-mirror.com/BAAI/bge-large-zh-v1.5/resolve/main/model.safetensors "HTTP/1.1 404 Not Found"
2026-04-27 11:21:42,474 - INFO - HTTP Request: GET https://hf-mirror.com/api/models/BAAI/bge-large-zh-v1.5 "HTTP/1.1 200 OK"
2026-04-27 11:21:42,591 - INFO - HTTP Request: GET https://hf-mirror.com/api/models/BAAI/bge-large-zh-v1.5/commits/main "HTTP/1.1 200 OK"
2026-04-27 11:21:42,719 - INFO - HTTP Request: GET https://hf-mirror.com/api/models/BAAI/bge-large-zh-v1.5/discussions?p=0 "HTTP/1.1 200 OK"
2026-04-27 11:21:42,839 - INFO - HTTP Request: GET https://hf-mirror.com/api/models/BAAI/bge-large-zh-v1.5/commits/refs%2Fpr%2F35 "HTTP/1.1 200 OK"
2026-04-27 11:21:42,996 - INFO - HTTP Request: HEAD https://hf-mirror.com/BAAI/bge-large-zh-v1.5/resolve/main/config.json "HTTP/1.1 307 Temporary Redirect"
2026-04-27 11:21:43,111 - INFO - HTTP Request: HEAD https://hf-mirror.com/api/resolve-cache/models/BAAI/bge-large-zh-v1.5/79e7739b6ab944e86d6171e44d24c997fc1e0116/config.json "HTTP/1.1 200 OK"
2026-04-27 11:21:43,172 - INFO - HTTP Request: HEAD https://hf-mirror.com/BAAI/bge-large-zh-v1.5/resolve/refs%2Fpr%2F35/model.safetensors.index.json "HTTP/1.1 404 Not Found"
2026-04-27 11:21:43,415 - INFO - HTTP Request: HEAD https://hf-mirror.com/BAAI/bge-large-zh-v1.5/resolve/main/tokenizer_config.json "HTTP/1.1 307 Temporary Redirect"
2026-04-27 11:21:43,499 - INFO - HTTP Request: HEAD https://hf-mirror.com/BAAI/bge-large-zh-v1.5/resolve/refs%2Fpr%2F35/model.safetensors "HTTP/1.1 302 Found"
2026-04-27 11:21:43,531 - INFO - HTTP Request: HEAD https://hf-mirror.com/api/resolve-cache/models/BAAI/bge-large-zh-v1.5/79e7739b6ab944e86d6171e44d24c997fc1e0116/tokenizer_config.json "HTTP/1.1 200 OK"
2026-04-27 11:21:43,669 - INFO - HTTP Request: GET https://hf-mirror.com/api/models/BAAI/bge-large-zh-v1.5/tree/main/additional_chat_templates?recursive=false&expand=false "HTTP/1.1 404 Not Found"
2026-04-27 11:21:43,785 - INFO - HTTP Request: GET https://hf-mirror.com/api/models/BAAI/bge-large-zh-v1.5/tree/main?recursive=true&expand=false "HTTP/1.1 200 OK"
2026-04-27 11:21:44,125 - INFO - HTTP Request: HEAD https://hf-mirror.com/BAAI/bge-large-zh-v1.5/resolve/main/1_Pooling/config.json "HTTP/1.1 307 Temporary Redirect"
2026-04-27 11:21:44,229 - INFO - HTTP Request: HEAD https://hf-mirror.com/api/resolve-cache/models/BAAI/bge-large-zh-v1.5/79e7739b6ab944e86d6171e44d24c997fc1e0116/1_Pooling%2Fconfig.json "HTTP/1.1 200 OK"
2026-04-27 11:21:44,359 - INFO - HTTP Request: GET https://hf-mirror.com/api/models/BAAI/bge-large-zh-v1.5 "HTTP/1.1 200 OK"
2026-04-27 11:21:45,102 - INFO - 📐 动态设定 HDBSCAN 最小聚类体积: 130
2026-04-27 11:21:45,103 - INFO - 🚀 阶段0：预计算文档完整语义 Embedding...
2026-04-27 11:27:41,024 - INFO - 🚀 阶段1：开始执行 Guided BERTopic 聚类...
2026-04-27 11:28:21,520 - INFO - 📊 初始主题数: 30 个
2026-04-27 11:28:21,521 - INFO - 🔄 阶段2.2：执行离群点归队回收（阈值 0.5，适中偏宽松）...
2026-04-27 11:28:23,344 - INFO - 🎯 阶段3：弱主题处理（置信度<0.4→尝试合并，相似度>0.7 才合并，否则噪声）...
2026-04-27 11:28:23,663 - INFO - 📊 训练完成，总耗时: 398.56秒
2026-04-27 11:28:23,663 - INFO - 📈 正在评估聚类质量...
2026-04-27 11:28:23,669 - INFO - 💾 阶段5：正在保存完整结果...
2026-04-27 11:28:24,040 - INFO - ✅ 处理全流程结束，所有文件均已输出至：E:\document\PG\studio\content\bertopic_results_optimized
2026-04-27 11:28:24,040 - INFO - 🎉 全部流程执行完毕！
2026-04-27 11:30:07,501 - INFO - 📂 正在加载数据: E:\document\PG\studio\content\bertopic_ready_data\bertopic_train_data.csv
2026-04-27 11:30:07,795 - INFO - 📊 原始有效数据量: 18255 条
2026-04-27 11:30:07,837 - INFO - 🔧 初始化 BERTopic 流水线...
2026-04-27 11:30:07,855 - INFO - 🤖 使用设备: cuda
2026-04-27 11:30:07,859 - INFO - Load pretrained SentenceTransformer: BAAI/bge-large-zh-v1.5
2026-04-27 11:30:08,416 - INFO - HTTP Request: HEAD https://hf-mirror.com/BAAI/bge-large-zh-v1.5/resolve/main/modules.json "HTTP/1.1 307 Temporary Redirect"
2026-04-27 11:30:08,717 - INFO - HTTP Request: HEAD https://hf-mirror.com/api/resolve-cache/models/BAAI/bge-large-zh-v1.5/79e7739b6ab944e86d6171e44d24c997fc1e0116/modules.json "HTTP/1.1 200 OK"
2026-04-27 11:30:09,126 - INFO - HTTP Request: HEAD https://hf-mirror.com/BAAI/bge-large-zh-v1.5/resolve/main/config_sentence_transformers.json "HTTP/1.1 307 Temporary Redirect"
2026-04-27 11:30:09,333 - INFO - HTTP Request: HEAD https://hf-mirror.com/api/resolve-cache/models/BAAI/bge-large-zh-v1.5/79e7739b6ab944e86d6171e44d24c997fc1e0116/config_sentence_transformers.json "HTTP/1.1 200 OK"
2026-04-27 11:30:09,640 - INFO - HTTP Request: HEAD https://hf-mirror.com/BAAI/bge-large-zh-v1.5/resolve/main/config_sentence_transformers.json "HTTP/1.1 307 Temporary Redirect"
2026-04-27 11:30:09,857 - INFO - HTTP Request: HEAD https://hf-mirror.com/api/resolve-cache/models/BAAI/bge-large-zh-v1.5/79e7739b6ab944e86d6171e44d24c997fc1e0116/config_sentence_transformers.json "HTTP/1.1 200 OK"
2026-04-27 11:30:10,253 - INFO - HTTP Request: HEAD https://hf-mirror.com/BAAI/bge-large-zh-v1.5/resolve/main/README.md "HTTP/1.1 307 Temporary Redirect"
2026-04-27 11:30:10,464 - INFO - HTTP Request: HEAD https://hf-mirror.com/api/resolve-cache/models/BAAI/bge-large-zh-v1.5/79e7739b6ab944e86d6171e44d24c997fc1e0116/README.md "HTTP/1.1 200 OK"
2026-04-27 11:30:10,868 - INFO - HTTP Request: HEAD https://hf-mirror.com/BAAI/bge-large-zh-v1.5/resolve/main/modules.json "HTTP/1.1 307 Temporary Redirect"
2026-04-27 11:30:11,174 - INFO - HTTP Request: HEAD https://hf-mirror.com/api/resolve-cache/models/BAAI/bge-large-zh-v1.5/79e7739b6ab944e86d6171e44d24c997fc1e0116/modules.json "HTTP/1.1 200 OK"
2026-04-27 11:30:11,584 - INFO - HTTP Request: HEAD https://hf-mirror.com/BAAI/bge-large-zh-v1.5/resolve/main/sentence_bert_config.json "HTTP/1.1 307 Temporary Redirect"
2026-04-27 11:30:11,694 - INFO - HTTP Request: HEAD https://hf-mirror.com/api/resolve-cache/models/BAAI/bge-large-zh-v1.5/79e7739b6ab944e86d6171e44d24c997fc1e0116/sentence_bert_config.json "HTTP/1.1 200 OK"
2026-04-27 11:30:12,096 - INFO - HTTP Request: HEAD https://hf-mirror.com/BAAI/bge-large-zh-v1.5/resolve/main/adapter_config.json "HTTP/1.1 404 Not Found"
2026-04-27 11:30:12,506 - INFO - HTTP Request: HEAD https://hf-mirror.com/BAAI/bge-large-zh-v1.5/resolve/main/config.json "HTTP/1.1 307 Temporary Redirect"
2026-04-27 11:30:12,642 - INFO - HTTP Request: HEAD https://hf-mirror.com/api/resolve-cache/models/BAAI/bge-large-zh-v1.5/79e7739b6ab944e86d6171e44d24c997fc1e0116/config.json "HTTP/1.1 200 OK"
2026-04-27 11:30:13,017 - INFO - HTTP Request: HEAD https://hf-mirror.com/BAAI/bge-large-zh-v1.5/resolve/main/config.json "HTTP/1.1 307 Temporary Redirect"
2026-04-27 11:30:13,133 - INFO - HTTP Request: HEAD https://hf-mirror.com/api/resolve-cache/models/BAAI/bge-large-zh-v1.5/79e7739b6ab944e86d6171e44d24c997fc1e0116/config.json "HTTP/1.1 200 OK"
2026-04-27 11:30:13,576 - INFO - HTTP Request: HEAD https://hf-mirror.com/BAAI/bge-large-zh-v1.5/resolve/main/model.safetensors "HTTP/1.1 404 Not Found"
2026-04-27 11:30:13,696 - INFO - HTTP Request: GET https://hf-mirror.com/api/models/BAAI/bge-large-zh-v1.5 "HTTP/1.1 200 OK"
2026-04-27 11:30:13,851 - INFO - HTTP Request: GET https://hf-mirror.com/api/models/BAAI/bge-large-zh-v1.5/commits/main "HTTP/1.1 200 OK"
2026-04-27 11:30:14,054 - INFO - HTTP Request: GET https://hf-mirror.com/api/models/BAAI/bge-large-zh-v1.5/discussions?p=0 "HTTP/1.1 200 OK"
2026-04-27 11:30:14,182 - INFO - HTTP Request: GET https://hf-mirror.com/api/models/BAAI/bge-large-zh-v1.5/commits/refs%2Fpr%2F35 "HTTP/1.1 200 OK"
2026-04-27 11:30:14,388 - INFO - HTTP Request: HEAD https://hf-mirror.com/BAAI/bge-large-zh-v1.5/resolve/main/config.json "HTTP/1.1 307 Temporary Redirect"
2026-04-27 11:30:14,554 - INFO - HTTP Request: HEAD https://hf-mirror.com/api/resolve-cache/models/BAAI/bge-large-zh-v1.5/79e7739b6ab944e86d6171e44d24c997fc1e0116/config.json "HTTP/1.1 200 OK"
2026-04-27 11:30:14,554 - INFO - HTTP Request: HEAD https://hf-mirror.com/BAAI/bge-large-zh-v1.5/resolve/refs%2Fpr%2F35/model.safetensors.index.json "HTTP/1.1 404 Not Found"
2026-04-27 11:30:14,860 - INFO - HTTP Request: HEAD https://hf-mirror.com/BAAI/bge-large-zh-v1.5/resolve/refs%2Fpr%2F35/model.safetensors "HTTP/1.1 302 Found"
2026-04-27 11:30:14,870 - INFO - HTTP Request: HEAD https://hf-mirror.com/BAAI/bge-large-zh-v1.5/resolve/main/tokenizer_config.json "HTTP/1.1 307 Temporary Redirect"
2026-04-27 11:30:15,065 - INFO - HTTP Request: HEAD https://hf-mirror.com/api/resolve-cache/models/BAAI/bge-large-zh-v1.5/79e7739b6ab944e86d6171e44d24c997fc1e0116/tokenizer_config.json "HTTP/1.1 200 OK"
2026-04-27 11:30:15,229 - INFO - HTTP Request: GET https://hf-mirror.com/api/models/BAAI/bge-large-zh-v1.5/tree/main/additional_chat_templates?recursive=false&expand=false "HTTP/1.1 404 Not Found"
2026-04-27 11:30:15,374 - INFO - HTTP Request: GET https://hf-mirror.com/api/models/BAAI/bge-large-zh-v1.5/tree/main?recursive=true&expand=false "HTTP/1.1 200 OK"
2026-04-27 11:30:15,671 - INFO - HTTP Request: HEAD https://hf-mirror.com/BAAI/bge-large-zh-v1.5/resolve/main/1_Pooling/config.json "HTTP/1.1 307 Temporary Redirect"
2026-04-27 11:30:15,929 - INFO - HTTP Request: HEAD https://hf-mirror.com/api/resolve-cache/models/BAAI/bge-large-zh-v1.5/79e7739b6ab944e86d6171e44d24c997fc1e0116/1_Pooling%2Fconfig.json "HTTP/1.1 200 OK"
2026-04-27 11:30:16,047 - INFO - HTTP Request: GET https://hf-mirror.com/api/models/BAAI/bge-large-zh-v1.5 "HTTP/1.1 200 OK"
2026-04-27 11:30:16,819 - INFO - 📐 动态设定 HDBSCAN 最小聚类体积: 130
2026-04-27 11:30:16,819 - INFO - 🚀 阶段0：预计算文档完整语义 Embedding...
2026-04-27 11:36:14,624 - INFO - 🚀 阶段1：开始执行 Guided BERTopic 聚类...
2026-04-27 11:36:56,960 - INFO - 📊 初始主题数: 30 个
2026-04-27 11:36:56,960 - INFO - 🔄 阶段2.2：执行离群点归队回收（阈值 0.5，适中偏宽松）...
2026-04-27 11:36:58,798 - INFO - 🎯 阶段3：弱主题处理（置信度<0.4→尝试合并，相似度>0.4 才合并，否则噪声）...
2026-04-27 11:36:58,912 - INFO -    🔗 计划合并弱主题 T0 -> T24 (相似度: 0.575)
2026-04-27 11:36:59,025 - INFO -    🔗 计划合并弱主题 T6 -> T11 (相似度: 0.431)
2026-04-27 11:36:59,131 - INFO -    🔗 计划合并弱主题 T29 -> T5 (相似度: 0.448)
2026-04-27 11:36:59,131 - INFO -    执行最终合并，共涉及 3 组聚类操作...
2026-04-27 11:37:01,187 - INFO - 📊 训练完成，总耗时: 404.37秒
2026-04-27 11:37:01,187 - INFO - 📈 正在评估聚类质量...
2026-04-27 11:37:01,193 - INFO - 💾 阶段5：正在保存完整结果...
2026-04-27 11:37:01,574 - INFO - ✅ 处理全流程结束，所有文件均已输出至：E:\document\PG\studio\content\bertopic_results_optimized
2026-04-27 11:37:01,575 - INFO - 🎉 全部流程执行完毕！
2026-04-27 11:46:00,748 - INFO - 📂 正在加载数据: E:\document\PG\studio\content\bertopic_ready_data\bertopic_train_data.csv
2026-04-27 11:46:01,038 - INFO - 📊 原始有效数据量: 18255 条
2026-04-27 11:46:01,090 - INFO - 🔧 初始化 BERTopic 流水线...
2026-04-27 11:46:01,107 - INFO - 🤖 使用设备: cuda
2026-04-27 11:46:01,108 - INFO - Load pretrained SentenceTransformer: BAAI/bge-large-zh-v1.5
2026-04-27 11:46:01,678 - INFO - HTTP Request: HEAD https://hf-mirror.com/BAAI/bge-large-zh-v1.5/resolve/main/modules.json "HTTP/1.1 307 Temporary Redirect"
2026-04-27 11:46:01,878 - INFO - HTTP Request: HEAD https://hf-mirror.com/api/resolve-cache/models/BAAI/bge-large-zh-v1.5/79e7739b6ab944e86d6171e44d24c997fc1e0116/modules.json "HTTP/1.1 200 OK"
2026-04-27 11:46:02,271 - INFO - HTTP Request: HEAD https://hf-mirror.com/BAAI/bge-large-zh-v1.5/resolve/main/config_sentence_transformers.json "HTTP/1.1 307 Temporary Redirect"
2026-04-27 11:46:02,487 - INFO - HTTP Request: HEAD https://hf-mirror.com/api/resolve-cache/models/BAAI/bge-large-zh-v1.5/79e7739b6ab944e86d6171e44d24c997fc1e0116/config_sentence_transformers.json "HTTP/1.1 200 OK"
2026-04-27 11:46:02,897 - INFO - HTTP Request: HEAD https://hf-mirror.com/BAAI/bge-large-zh-v1.5/resolve/main/config_sentence_transformers.json "HTTP/1.1 307 Temporary Redirect"
2026-04-27 11:46:03,067 - INFO - HTTP Request: HEAD https://hf-mirror.com/api/resolve-cache/models/BAAI/bge-large-zh-v1.5/79e7739b6ab944e86d6171e44d24c997fc1e0116/config_sentence_transformers.json "HTTP/1.1 200 OK"
2026-04-27 11:46:03,467 - INFO - HTTP Request: HEAD https://hf-mirror.com/BAAI/bge-large-zh-v1.5/resolve/main/README.md "HTTP/1.1 307 Temporary Redirect"
2026-04-27 11:46:03,677 - INFO - HTTP Request: HEAD https://hf-mirror.com/api/resolve-cache/models/BAAI/bge-large-zh-v1.5/79e7739b6ab944e86d6171e44d24c997fc1e0116/README.md "HTTP/1.1 200 OK"
2026-04-27 11:46:04,034 - INFO - HTTP Request: HEAD https://hf-mirror.com/BAAI/bge-large-zh-v1.5/resolve/main/modules.json "HTTP/1.1 307 Temporary Redirect"
2026-04-27 11:46:04,286 - INFO - HTTP Request: HEAD https://hf-mirror.com/api/resolve-cache/models/BAAI/bge-large-zh-v1.5/79e7739b6ab944e86d6171e44d24c997fc1e0116/modules.json "HTTP/1.1 200 OK"
2026-04-27 11:46:04,717 - INFO - HTTP Request: HEAD https://hf-mirror.com/BAAI/bge-large-zh-v1.5/resolve/main/sentence_bert_config.json "HTTP/1.1 307 Temporary Redirect"
2026-04-27 11:46:04,875 - INFO - HTTP Request: HEAD https://hf-mirror.com/api/resolve-cache/models/BAAI/bge-large-zh-v1.5/79e7739b6ab944e86d6171e44d24c997fc1e0116/sentence_bert_config.json "HTTP/1.1 200 OK"
2026-04-27 11:46:05,198 - INFO - HTTP Request: HEAD https://hf-mirror.com/BAAI/bge-large-zh-v1.5/resolve/main/adapter_config.json "HTTP/1.1 404 Not Found"
2026-04-27 11:46:05,630 - INFO - HTTP Request: HEAD https://hf-mirror.com/BAAI/bge-large-zh-v1.5/resolve/main/config.json "HTTP/1.1 307 Temporary Redirect"
2026-04-27 11:46:05,758 - INFO - HTTP Request: HEAD https://hf-mirror.com/api/resolve-cache/models/BAAI/bge-large-zh-v1.5/79e7739b6ab944e86d6171e44d24c997fc1e0116/config.json "HTTP/1.1 200 OK"
2026-04-27 11:46:06,183 - INFO - HTTP Request: HEAD https://hf-mirror.com/BAAI/bge-large-zh-v1.5/resolve/main/config.json "HTTP/1.1 307 Temporary Redirect"
2026-04-27 11:46:06,457 - INFO - HTTP Request: HEAD https://hf-mirror.com/api/resolve-cache/models/BAAI/bge-large-zh-v1.5/79e7739b6ab944e86d6171e44d24c997fc1e0116/config.json "HTTP/1.1 200 OK"
2026-04-27 11:46:06,975 - INFO - HTTP Request: HEAD https://hf-mirror.com/BAAI/bge-large-zh-v1.5/resolve/main/model.safetensors "HTTP/1.1 404 Not Found"
2026-04-27 11:46:07,147 - INFO - HTTP Request: GET https://hf-mirror.com/api/models/BAAI/bge-large-zh-v1.5 "HTTP/1.1 200 OK"
2026-04-27 11:46:07,346 - INFO - HTTP Request: GET https://hf-mirror.com/api/models/BAAI/bge-large-zh-v1.5/commits/main "HTTP/1.1 200 OK"
2026-04-27 11:46:07,534 - INFO - HTTP Request: GET https://hf-mirror.com/api/models/BAAI/bge-large-zh-v1.5/discussions?p=0 "HTTP/1.1 200 OK"
2026-04-27 11:46:07,720 - INFO - HTTP Request: GET https://hf-mirror.com/api/models/BAAI/bge-large-zh-v1.5/commits/refs%2Fpr%2F35 "HTTP/1.1 200 OK"
2026-04-27 11:46:07,805 - INFO - HTTP Request: HEAD https://hf-mirror.com/BAAI/bge-large-zh-v1.5/resolve/main/config.json "HTTP/1.1 307 Temporary Redirect"
2026-04-27 11:46:08,085 - INFO - HTTP Request: HEAD https://hf-mirror.com/BAAI/bge-large-zh-v1.5/resolve/refs%2Fpr%2F35/model.safetensors.index.json "HTTP/1.1 404 Not Found"
2026-04-27 11:46:08,085 - INFO - HTTP Request: HEAD https://hf-mirror.com/api/resolve-cache/models/BAAI/bge-large-zh-v1.5/79e7739b6ab944e86d6171e44d24c997fc1e0116/config.json "HTTP/1.1 200 OK"
2026-04-27 11:46:08,406 - INFO - HTTP Request: HEAD https://hf-mirror.com/BAAI/bge-large-zh-v1.5/resolve/refs%2Fpr%2F35/model.safetensors "HTTP/1.1 302 Found"
2026-04-27 11:46:08,408 - INFO - HTTP Request: HEAD https://hf-mirror.com/BAAI/bge-large-zh-v1.5/resolve/main/tokenizer_config.json "HTTP/1.1 307 Temporary Redirect"
2026-04-27 11:46:08,510 - INFO - HTTP Request: HEAD https://hf-mirror.com/api/resolve-cache/models/BAAI/bge-large-zh-v1.5/79e7739b6ab944e86d6171e44d24c997fc1e0116/tokenizer_config.json "HTTP/1.1 200 OK"
2026-04-27 11:46:08,668 - INFO - HTTP Request: GET https://hf-mirror.com/api/models/BAAI/bge-large-zh-v1.5/tree/main/additional_chat_templates?recursive=false&expand=false "HTTP/1.1 404 Not Found"
2026-04-27 11:46:08,880 - INFO - HTTP Request: GET https://hf-mirror.com/api/models/BAAI/bge-large-zh-v1.5/tree/main?recursive=true&expand=false "HTTP/1.1 200 OK"
2026-04-27 11:46:09,286 - INFO - HTTP Request: HEAD https://hf-mirror.com/BAAI/bge-large-zh-v1.5/resolve/main/1_Pooling/config.json "HTTP/1.1 307 Temporary Redirect"
2026-04-27 11:46:09,435 - INFO - HTTP Request: HEAD https://hf-mirror.com/api/resolve-cache/models/BAAI/bge-large-zh-v1.5/79e7739b6ab944e86d6171e44d24c997fc1e0116/1_Pooling%2Fconfig.json "HTTP/1.1 200 OK"
2026-04-27 11:46:09,546 - INFO - HTTP Request: GET https://hf-mirror.com/api/models/BAAI/bge-large-zh-v1.5 "HTTP/1.1 200 OK"
2026-04-27 11:46:10,313 - INFO - 📐 动态设定 HDBSCAN 最小聚类体积: 152
2026-04-27 11:46:10,315 - INFO - 🚀 阶段0：预计算文档完整语义 Embedding...
2026-04-27 11:52:09,425 - INFO - 🚀 阶段1：开始执行 Guided BERTopic 聚类...
2026-04-27 11:52:54,585 - INFO - 📊 初始主题数: 27 个
2026-04-27 11:52:54,585 - INFO - 🔄 阶段2.2：执行离群点归队回收（适中阈值: 0.55）...
2026-04-27 11:52:56,629 - INFO - 🎯 阶段3：执行低置信度主题处理...
2026-04-27 11:52:56,863 - INFO - 📊 训练完成，总耗时: 406.55秒
2026-04-27 11:52:56,863 - INFO - 📈 正在评估聚类质量...
2026-04-27 11:52:56,871 - INFO - 💾 阶段5：正在保存完整结果...
2026-04-27 11:52:57,342 - INFO - ✅ 处理全流程结束，所有文件均已输出至：E:\document\PG\studio\content\bertopic_results_optimized
2026-04-27 11:52:57,342 - INFO - 🎉 全部流程执行完毕！
2026-04-27 11:57:45,561 - INFO - 📂 正在加载数据: E:\document\PG\studio\content\bertopic_ready_data\bertopic_train_data.csv
2026-04-27 11:57:45,852 - INFO - 📊 原始有效数据量: 18255 条
2026-04-27 11:57:45,894 - INFO - 🔧 初始化 BERTopic 流水线...
2026-04-27 11:57:45,909 - INFO - 🤖 使用设备: cuda
2026-04-27 11:57:45,910 - INFO - Load pretrained SentenceTransformer: BAAI/bge-large-zh-v1.5
2026-04-27 11:57:46,486 - INFO - HTTP Request: HEAD https://hf-mirror.com/BAAI/bge-large-zh-v1.5/resolve/main/modules.json "HTTP/1.1 307 Temporary Redirect"
2026-04-27 11:57:46,613 - INFO - HTTP Request: HEAD https://hf-mirror.com/api/resolve-cache/models/BAAI/bge-large-zh-v1.5/79e7739b6ab944e86d6171e44d24c997fc1e0116/modules.json "HTTP/1.1 200 OK"
2026-04-27 11:57:46,964 - INFO - HTTP Request: HEAD https://hf-mirror.com/BAAI/bge-large-zh-v1.5/resolve/main/config_sentence_transformers.json "HTTP/1.1 307 Temporary Redirect"
2026-04-27 11:57:47,216 - INFO - HTTP Request: HEAD https://hf-mirror.com/api/resolve-cache/models/BAAI/bge-large-zh-v1.5/79e7739b6ab944e86d6171e44d24c997fc1e0116/config_sentence_transformers.json "HTTP/1.1 200 OK"
2026-04-27 11:57:47,528 - INFO - HTTP Request: HEAD https://hf-mirror.com/BAAI/bge-large-zh-v1.5/resolve/main/config_sentence_transformers.json "HTTP/1.1 307 Temporary Redirect"
2026-04-27 11:57:47,658 - INFO - HTTP Request: HEAD https://hf-mirror.com/api/resolve-cache/models/BAAI/bge-large-zh-v1.5/79e7739b6ab944e86d6171e44d24c997fc1e0116/config_sentence_transformers.json "HTTP/1.1 200 OK"
2026-04-27 11:57:48,005 - INFO - HTTP Request: HEAD https://hf-mirror.com/BAAI/bge-large-zh-v1.5/resolve/main/README.md "HTTP/1.1 307 Temporary Redirect"
2026-04-27 11:57:48,163 - INFO - HTTP Request: HEAD https://hf-mirror.com/api/resolve-cache/models/BAAI/bge-large-zh-v1.5/79e7739b6ab944e86d6171e44d24c997fc1e0116/README.md "HTTP/1.1 200 OK"
2026-04-27 11:57:48,484 - INFO - HTTP Request: HEAD https://hf-mirror.com/BAAI/bge-large-zh-v1.5/resolve/main/modules.json "HTTP/1.1 307 Temporary Redirect"
2026-04-27 11:57:48,589 - INFO - HTTP Request: HEAD https://hf-mirror.com/api/resolve-cache/models/BAAI/bge-large-zh-v1.5/79e7739b6ab944e86d6171e44d24c997fc1e0116/modules.json "HTTP/1.1 200 OK"
2026-04-27 11:57:48,965 - INFO - HTTP Request: HEAD https://hf-mirror.com/BAAI/bge-large-zh-v1.5/resolve/main/sentence_bert_config.json "HTTP/1.1 307 Temporary Redirect"
2026-04-27 11:57:49,127 - INFO - HTTP Request: HEAD https://hf-mirror.com/api/resolve-cache/models/BAAI/bge-large-zh-v1.5/79e7739b6ab944e86d6171e44d24c997fc1e0116/sentence_bert_config.json "HTTP/1.1 200 OK"
2026-04-27 11:57:49,462 - INFO - HTTP Request: HEAD https://hf-mirror.com/BAAI/bge-large-zh-v1.5/resolve/main/adapter_config.json "HTTP/1.1 404 Not Found"
2026-04-27 11:57:49,763 - INFO - HTTP Request: HEAD https://hf-mirror.com/BAAI/bge-large-zh-v1.5/resolve/main/config.json "HTTP/1.1 307 Temporary Redirect"
2026-04-27 11:57:49,931 - INFO - HTTP Request: HEAD https://hf-mirror.com/api/resolve-cache/models/BAAI/bge-large-zh-v1.5/79e7739b6ab944e86d6171e44d24c997fc1e0116/config.json "HTTP/1.1 200 OK"
2026-04-27 11:57:50,254 - INFO - HTTP Request: HEAD https://hf-mirror.com/BAAI/bge-large-zh-v1.5/resolve/main/config.json "HTTP/1.1 307 Temporary Redirect"
2026-04-27 11:57:50,403 - INFO - HTTP Request: HEAD https://hf-mirror.com/api/resolve-cache/models/BAAI/bge-large-zh-v1.5/79e7739b6ab944e86d6171e44d24c997fc1e0116/config.json "HTTP/1.1 200 OK"
2026-04-27 11:57:50,723 - INFO - HTTP Request: HEAD https://hf-mirror.com/BAAI/bge-large-zh-v1.5/resolve/main/model.safetensors "HTTP/1.1 404 Not Found"
2026-04-27 11:57:50,855 - INFO - HTTP Request: GET https://hf-mirror.com/api/models/BAAI/bge-large-zh-v1.5 "HTTP/1.1 200 OK"
2026-04-27 11:57:50,981 - INFO - HTTP Request: GET https://hf-mirror.com/api/models/BAAI/bge-large-zh-v1.5/commits/main "HTTP/1.1 200 OK"
2026-04-27 11:57:51,092 - INFO - HTTP Request: GET https://hf-mirror.com/api/models/BAAI/bge-large-zh-v1.5/discussions?p=0 "HTTP/1.1 200 OK"
2026-04-27 11:57:51,225 - INFO - HTTP Request: GET https://hf-mirror.com/api/models/BAAI/bge-large-zh-v1.5/commits/refs%2Fpr%2F35 "HTTP/1.1 200 OK"
2026-04-27 11:57:51,287 - INFO - HTTP Request: HEAD https://hf-mirror.com/BAAI/bge-large-zh-v1.5/resolve/main/config.json "HTTP/1.1 307 Temporary Redirect"
2026-04-27 11:57:51,407 - INFO - HTTP Request: HEAD https://hf-mirror.com/api/resolve-cache/models/BAAI/bge-large-zh-v1.5/79e7739b6ab944e86d6171e44d24c997fc1e0116/config.json "HTTP/1.1 200 OK"
2026-04-27 11:57:51,527 - INFO - HTTP Request: HEAD https://hf-mirror.com/BAAI/bge-large-zh-v1.5/resolve/refs%2Fpr%2F35/model.safetensors.index.json "HTTP/1.1 404 Not Found"
2026-04-27 11:57:51,764 - INFO - HTTP Request: HEAD https://hf-mirror.com/BAAI/bge-large-zh-v1.5/resolve/main/tokenizer_config.json "HTTP/1.1 307 Temporary Redirect"
2026-04-27 11:57:51,845 - INFO - HTTP Request: HEAD https://hf-mirror.com/BAAI/bge-large-zh-v1.5/resolve/refs%2Fpr%2F35/model.safetensors "HTTP/1.1 302 Found"
2026-04-27 11:57:51,927 - INFO - HTTP Request: HEAD https://hf-mirror.com/api/resolve-cache/models/BAAI/bge-large-zh-v1.5/79e7739b6ab944e86d6171e44d24c997fc1e0116/tokenizer_config.json "HTTP/1.1 200 OK"
2026-04-27 11:57:52,084 - INFO - HTTP Request: GET https://hf-mirror.com/api/models/BAAI/bge-large-zh-v1.5/tree/main/additional_chat_templates?recursive=false&expand=false "HTTP/1.1 404 Not Found"
2026-04-27 11:57:52,243 - INFO - HTTP Request: GET https://hf-mirror.com/api/models/BAAI/bge-large-zh-v1.5/tree/main?recursive=true&expand=false "HTTP/1.1 200 OK"
2026-04-27 11:57:52,601 - INFO - HTTP Request: HEAD https://hf-mirror.com/BAAI/bge-large-zh-v1.5/resolve/main/1_Pooling/config.json "HTTP/1.1 307 Temporary Redirect"
2026-04-27 11:57:52,752 - INFO - HTTP Request: HEAD https://hf-mirror.com/api/resolve-cache/models/BAAI/bge-large-zh-v1.5/79e7739b6ab944e86d6171e44d24c997fc1e0116/1_Pooling%2Fconfig.json "HTTP/1.1 200 OK"
2026-04-27 11:57:52,905 - INFO - HTTP Request: GET https://hf-mirror.com/api/models/BAAI/bge-large-zh-v1.5 "HTTP/1.1 200 OK"
2026-04-27 11:57:53,900 - INFO - 📐 动态设定 HDBSCAN 最小聚类体积: 97
2026-04-27 11:57:53,900 - INFO - 📐 CountVectorizer min_df=3
2026-04-27 11:57:53,902 - INFO - 🚀 阶段0：预计算文档完整语义 Embedding...
2026-04-27 12:03:49,526 - INFO - 🚀 阶段1：开始执行 Guided BERTopic 聚类...
2026-04-27 12:04:32,224 - INFO - 📊 初始主题数: 40 个
2026-04-27 12:04:32,225 - INFO - 🔄 阶段2.1：微调合并控制主题数不超过 30...
2026-04-27 12:04:35,236 - INFO - 🔄 阶段2.2：离群点归队（embeddings，阈值 0.48）...
2026-04-27 12:04:36,305 - INFO - 🔄 阶段2.2b：二次归队（阈值 0.36，当前 -1: 36）...
2026-04-27 12:04:38,275 - INFO - 🎯 阶段3：执行低置信度主题处理...
2026-04-27 12:04:38,741 - INFO - 📊 训练完成，总耗时: 404.84秒
2026-04-27 12:04:38,741 - INFO - 📈 正在评估聚类质量...
2026-04-27 12:04:38,749 - INFO - 💾 阶段5：正在保存完整结果...
2026-04-27 12:04:39,164 - INFO - ✅ 处理全流程结束，所有文件均已输出至：E:\document\PG\studio\content\bertopic_results_optimized
2026-04-27 12:04:39,164 - INFO - 🎉 全部流程执行完毕！
2026-04-27 12:13:21,151 - INFO - 📂 正在加载数据: E:\document\PG\studio\content\bertopic_ready_data\bertopic_train_data.csv
2026-04-27 12:13:21,448 - INFO - 📊 原始有效数据量: 18255 条
2026-04-27 12:13:21,488 - INFO - 🔧 初始化 BERTopic 流水线...
2026-04-27 12:13:21,503 - INFO - 🤖 使用设备: cuda
2026-04-27 12:13:21,507 - INFO - Load pretrained SentenceTransformer: BAAI/bge-large-zh-v1.5
2026-04-27 12:13:21,960 - INFO - HTTP Request: HEAD https://hf-mirror.com/BAAI/bge-large-zh-v1.5/resolve/main/modules.json "HTTP/1.1 307 Temporary Redirect"
2026-04-27 12:13:22,248 - INFO - HTTP Request: HEAD https://hf-mirror.com/api/resolve-cache/models/BAAI/bge-large-zh-v1.5/79e7739b6ab944e86d6171e44d24c997fc1e0116/modules.json "HTTP/1.1 200 OK"
2026-04-27 12:13:22,657 - INFO - HTTP Request: HEAD https://hf-mirror.com/BAAI/bge-large-zh-v1.5/resolve/main/config_sentence_transformers.json "HTTP/1.1 307 Temporary Redirect"
2026-04-27 12:13:22,866 - INFO - HTTP Request: HEAD https://hf-mirror.com/api/resolve-cache/models/BAAI/bge-large-zh-v1.5/79e7739b6ab944e86d6171e44d24c997fc1e0116/config_sentence_transformers.json "HTTP/1.1 200 OK"
2026-04-27 12:13:23,263 - INFO - HTTP Request: HEAD https://hf-mirror.com/BAAI/bge-large-zh-v1.5/resolve/main/config_sentence_transformers.json "HTTP/1.1 307 Temporary Redirect"
2026-04-27 12:13:23,477 - INFO - HTTP Request: HEAD https://hf-mirror.com/api/resolve-cache/models/BAAI/bge-large-zh-v1.5/79e7739b6ab944e86d6171e44d24c997fc1e0116/config_sentence_transformers.json "HTTP/1.1 200 OK"
2026-04-27 12:13:23,887 - INFO - HTTP Request: HEAD https://hf-mirror.com/BAAI/bge-large-zh-v1.5/resolve/main/README.md "HTTP/1.1 307 Temporary Redirect"
2026-04-27 12:13:24,093 - INFO - HTTP Request: HEAD https://hf-mirror.com/api/resolve-cache/models/BAAI/bge-large-zh-v1.5/79e7739b6ab944e86d6171e44d24c997fc1e0116/README.md "HTTP/1.1 200 OK"
2026-04-27 12:13:24,501 - INFO - HTTP Request: HEAD https://hf-mirror.com/BAAI/bge-large-zh-v1.5/resolve/main/modules.json "HTTP/1.1 307 Temporary Redirect"
2026-04-27 12:13:24,807 - INFO - HTTP Request: HEAD https://hf-mirror.com/api/resolve-cache/models/BAAI/bge-large-zh-v1.5/79e7739b6ab944e86d6171e44d24c997fc1e0116/modules.json "HTTP/1.1 200 OK"
2026-04-27 12:13:25,153 - INFO - HTTP Request: HEAD https://hf-mirror.com/BAAI/bge-large-zh-v1.5/resolve/main/sentence_bert_config.json "HTTP/1.1 307 Temporary Redirect"
2026-04-27 12:13:25,290 - INFO - HTTP Request: HEAD https://hf-mirror.com/api/resolve-cache/models/BAAI/bge-large-zh-v1.5/79e7739b6ab944e86d6171e44d24c997fc1e0116/sentence_bert_config.json "HTTP/1.1 200 OK"
2026-04-27 12:13:25,647 - INFO - HTTP Request: HEAD https://hf-mirror.com/BAAI/bge-large-zh-v1.5/resolve/main/adapter_config.json "HTTP/1.1 404 Not Found"
2026-04-27 12:13:25,940 - INFO - HTTP Request: HEAD https://hf-mirror.com/BAAI/bge-large-zh-v1.5/resolve/main/config.json "HTTP/1.1 307 Temporary Redirect"
2026-04-27 12:13:26,243 - INFO - HTTP Request: HEAD https://hf-mirror.com/api/resolve-cache/models/BAAI/bge-large-zh-v1.5/79e7739b6ab944e86d6171e44d24c997fc1e0116/config.json "HTTP/1.1 200 OK"
2026-04-27 12:13:26,654 - INFO - HTTP Request: HEAD https://hf-mirror.com/BAAI/bge-large-zh-v1.5/resolve/main/config.json "HTTP/1.1 307 Temporary Redirect"
2026-04-27 12:13:26,842 - INFO - HTTP Request: HEAD https://hf-mirror.com/api/resolve-cache/models/BAAI/bge-large-zh-v1.5/79e7739b6ab944e86d6171e44d24c997fc1e0116/config.json "HTTP/1.1 200 OK"
2026-04-27 12:13:27,164 - INFO - HTTP Request: HEAD https://hf-mirror.com/BAAI/bge-large-zh-v1.5/resolve/main/model.safetensors "HTTP/1.1 404 Not Found"
2026-04-27 12:13:27,301 - INFO - HTTP Request: GET https://hf-mirror.com/api/models/BAAI/bge-large-zh-v1.5 "HTTP/1.1 200 OK"
2026-04-27 12:13:27,487 - INFO - HTTP Request: GET https://hf-mirror.com/api/models/BAAI/bge-large-zh-v1.5/commits/main "HTTP/1.1 200 OK"
2026-04-27 12:13:27,689 - INFO - HTTP Request: GET https://hf-mirror.com/api/models/BAAI/bge-large-zh-v1.5/discussions?p=0 "HTTP/1.1 200 OK"
2026-04-27 12:13:27,886 - INFO - HTTP Request: HEAD https://hf-mirror.com/BAAI/bge-large-zh-v1.5/resolve/main/config.json "HTTP/1.1 307 Temporary Redirect"
2026-04-27 12:13:27,890 - INFO - HTTP Request: GET https://hf-mirror.com/api/models/BAAI/bge-large-zh-v1.5/commits/refs%2Fpr%2F35 "HTTP/1.1 200 OK"
2026-04-27 12:13:28,092 - INFO - HTTP Request: HEAD https://hf-mirror.com/api/resolve-cache/models/BAAI/bge-large-zh-v1.5/79e7739b6ab944e86d6171e44d24c997fc1e0116/config.json "HTTP/1.1 200 OK"
2026-04-27 12:13:28,222 - INFO - HTTP Request: HEAD https://hf-mirror.com/BAAI/bge-large-zh-v1.5/resolve/refs%2Fpr%2F35/model.safetensors.index.json "HTTP/1.1 404 Not Found"
2026-04-27 12:13:28,439 - INFO - HTTP Request: HEAD https://hf-mirror.com/BAAI/bge-large-zh-v1.5/resolve/main/tokenizer_config.json "HTTP/1.1 307 Temporary Redirect"
2026-04-27 12:13:28,513 - INFO - HTTP Request: HEAD https://hf-mirror.com/BAAI/bge-large-zh-v1.5/resolve/refs%2Fpr%2F35/model.safetensors "HTTP/1.1 302 Found"
2026-04-27 12:13:28,546 - INFO - HTTP Request: HEAD https://hf-mirror.com/api/resolve-cache/models/BAAI/bge-large-zh-v1.5/79e7739b6ab944e86d6171e44d24c997fc1e0116/tokenizer_config.json "HTTP/1.1 200 OK"
2026-04-27 12:13:28,656 - INFO - HTTP Request: GET https://hf-mirror.com/api/models/BAAI/bge-large-zh-v1.5/tree/main/additional_chat_templates?recursive=false&expand=false "HTTP/1.1 404 Not Found"
2026-04-27 12:13:28,768 - INFO - HTTP Request: GET https://hf-mirror.com/api/models/BAAI/bge-large-zh-v1.5/tree/main?recursive=true&expand=false "HTTP/1.1 200 OK"
2026-04-27 12:13:29,217 - INFO - HTTP Request: HEAD https://hf-mirror.com/BAAI/bge-large-zh-v1.5/resolve/main/1_Pooling/config.json "HTTP/1.1 307 Temporary Redirect"
2026-04-27 12:13:29,458 - INFO - HTTP Request: HEAD https://hf-mirror.com/api/resolve-cache/models/BAAI/bge-large-zh-v1.5/79e7739b6ab944e86d6171e44d24c997fc1e0116/1_Pooling%2Fconfig.json "HTTP/1.1 200 OK"
2026-04-27 12:13:29,581 - INFO - HTTP Request: GET https://hf-mirror.com/api/models/BAAI/bge-large-zh-v1.5 "HTTP/1.1 200 OK"
2026-04-27 12:13:30,349 - INFO - 📐 动态设定 HDBSCAN 最小聚类体积: 152
2026-04-27 12:13:30,350 - INFO - 🚀 阶段0：预计算文档完整语义 Embedding...
2026-04-27 12:19:25,706 - INFO - 🚀 阶段1：开始执行 Guided BERTopic 聚类...
2026-04-27 12:20:07,131 - INFO - 📊 初始主题数: 28 个
2026-04-27 12:20:07,131 - INFO - 🔄 阶段2.2：执行离群点归队回收（适中阈值: 0.55）...
2026-04-27 12:20:09,225 - INFO - 🎯 阶段3：执行低置信度主题处理...
2026-04-27 12:20:09,606 - INFO - 📊 训练完成，总耗时: 399.26秒
2026-04-27 12:20:09,606 - INFO - 📈 正在评估聚类质量...
2026-04-27 12:20:09,616 - INFO - 💾 阶段5：正在保存完整结果...
2026-04-27 12:20:10,004 - INFO - ✅ 处理全流程结束，所有文件均已输出至：E:\document\PG\studio\content\bertopic_results_optimized
2026-04-27 12:20:10,004 - INFO - 🎉 全部流程执行完毕！
2026-04-27 12:25:27,784 - INFO - 📂 正在加载数据: E:\document\PG\studio\content\bertopic_ready_data\bertopic_train_data.csv
2026-04-27 12:25:28,077 - INFO - 📊 原始有效数据量: 18255 条
2026-04-27 12:25:28,117 - INFO - 🔧 初始化 BERTopic 流水线...
2026-04-27 12:25:28,137 - INFO - 🤖 使用设备: cuda
2026-04-27 12:25:28,140 - INFO - Load pretrained SentenceTransformer: BAAI/bge-large-zh-v1.5
2026-04-27 12:25:28,694 - INFO - HTTP Request: HEAD https://hf-mirror.com/BAAI/bge-large-zh-v1.5/resolve/main/modules.json "HTTP/1.1 307 Temporary Redirect"
2026-04-27 12:25:28,995 - INFO - HTTP Request: HEAD https://hf-mirror.com/api/resolve-cache/models/BAAI/bge-large-zh-v1.5/79e7739b6ab944e86d6171e44d24c997fc1e0116/modules.json "HTTP/1.1 200 OK"
2026-04-27 12:25:29,317 - INFO - HTTP Request: HEAD https://hf-mirror.com/BAAI/bge-large-zh-v1.5/resolve/main/config_sentence_transformers.json "HTTP/1.1 307 Temporary Redirect"
2026-04-27 12:25:29,536 - INFO - HTTP Request: HEAD https://hf-mirror.com/api/resolve-cache/models/BAAI/bge-large-zh-v1.5/79e7739b6ab944e86d6171e44d24c997fc1e0116/config_sentence_transformers.json "HTTP/1.1 200 OK"
2026-04-27 12:25:29,911 - INFO - HTTP Request: HEAD https://hf-mirror.com/BAAI/bge-large-zh-v1.5/resolve/main/config_sentence_transformers.json "HTTP/1.1 307 Temporary Redirect"
2026-04-27 12:25:30,043 - INFO - HTTP Request: HEAD https://hf-mirror.com/api/resolve-cache/models/BAAI/bge-large-zh-v1.5/79e7739b6ab944e86d6171e44d24c997fc1e0116/config_sentence_transformers.json "HTTP/1.1 200 OK"
2026-04-27 12:25:30,381 - INFO - HTTP Request: HEAD https://hf-mirror.com/BAAI/bge-large-zh-v1.5/resolve/main/README.md "HTTP/1.1 307 Temporary Redirect"
2026-04-27 12:25:30,507 - INFO - HTTP Request: HEAD https://hf-mirror.com/api/resolve-cache/models/BAAI/bge-large-zh-v1.5/79e7739b6ab944e86d6171e44d24c997fc1e0116/README.md "HTTP/1.1 200 OK"
2026-04-27 12:25:30,804 - INFO - HTTP Request: HEAD https://hf-mirror.com/BAAI/bge-large-zh-v1.5/resolve/main/modules.json "HTTP/1.1 307 Temporary Redirect"
2026-04-27 12:25:30,925 - INFO - HTTP Request: HEAD https://hf-mirror.com/api/resolve-cache/models/BAAI/bge-large-zh-v1.5/79e7739b6ab944e86d6171e44d24c997fc1e0116/modules.json "HTTP/1.1 200 OK"
2026-04-27 12:25:31,225 - INFO - HTTP Request: HEAD https://hf-mirror.com/BAAI/bge-large-zh-v1.5/resolve/main/sentence_bert_config.json "HTTP/1.1 307 Temporary Redirect"
2026-04-27 12:25:31,335 - INFO - HTTP Request: HEAD https://hf-mirror.com/api/resolve-cache/models/BAAI/bge-large-zh-v1.5/79e7739b6ab944e86d6171e44d24c997fc1e0116/sentence_bert_config.json "HTTP/1.1 200 OK"
2026-04-27 12:25:31,658 - INFO - HTTP Request: HEAD https://hf-mirror.com/BAAI/bge-large-zh-v1.5/resolve/main/adapter_config.json "HTTP/1.1 404 Not Found"
2026-04-27 12:25:32,167 - INFO - HTTP Request: HEAD https://hf-mirror.com/BAAI/bge-large-zh-v1.5/resolve/main/config.json "HTTP/1.1 307 Temporary Redirect"
2026-04-27 12:25:32,536 - INFO - HTTP Request: HEAD https://hf-mirror.com/api/resolve-cache/models/BAAI/bge-large-zh-v1.5/79e7739b6ab944e86d6171e44d24c997fc1e0116/config.json "HTTP/1.1 200 OK"
2026-04-27 12:25:32,856 - INFO - HTTP Request: HEAD https://hf-mirror.com/BAAI/bge-large-zh-v1.5/resolve/main/config.json "HTTP/1.1 307 Temporary Redirect"
2026-04-27 12:25:32,963 - INFO - HTTP Request: HEAD https://hf-mirror.com/api/resolve-cache/models/BAAI/bge-large-zh-v1.5/79e7739b6ab944e86d6171e44d24c997fc1e0116/config.json "HTTP/1.1 200 OK"
2026-04-27 12:25:33,265 - INFO - HTTP Request: HEAD https://hf-mirror.com/BAAI/bge-large-zh-v1.5/resolve/main/model.safetensors "HTTP/1.1 404 Not Found"
2026-04-27 12:25:33,405 - INFO - HTTP Request: GET https://hf-mirror.com/api/models/BAAI/bge-large-zh-v1.5 "HTTP/1.1 200 OK"
2026-04-27 12:25:33,532 - INFO - HTTP Request: GET https://hf-mirror.com/api/models/BAAI/bge-large-zh-v1.5/commits/main "HTTP/1.1 200 OK"
2026-04-27 12:25:33,664 - INFO - HTTP Request: GET https://hf-mirror.com/api/models/BAAI/bge-large-zh-v1.5/discussions?p=0 "HTTP/1.1 200 OK"
2026-04-27 12:25:33,787 - INFO - HTTP Request: GET https://hf-mirror.com/api/models/BAAI/bge-large-zh-v1.5/commits/refs%2Fpr%2F35 "HTTP/1.1 200 OK"
2026-04-27 12:25:33,866 - INFO - HTTP Request: HEAD https://hf-mirror.com/BAAI/bge-large-zh-v1.5/resolve/main/config.json "HTTP/1.1 307 Temporary Redirect"
2026-04-27 12:25:33,990 - INFO - HTTP Request: HEAD https://hf-mirror.com/api/resolve-cache/models/BAAI/bge-large-zh-v1.5/79e7739b6ab944e86d6171e44d24c997fc1e0116/config.json "HTTP/1.1 200 OK"
2026-04-27 12:25:34,103 - INFO - HTTP Request: HEAD https://hf-mirror.com/BAAI/bge-large-zh-v1.5/resolve/refs%2Fpr%2F35/model.safetensors.index.json "HTTP/1.1 404 Not Found"
2026-04-27 12:25:34,292 - INFO - HTTP Request: HEAD https://hf-mirror.com/BAAI/bge-large-zh-v1.5/resolve/main/tokenizer_config.json "HTTP/1.1 307 Temporary Redirect"
2026-04-27 12:25:34,398 - INFO - HTTP Request: HEAD https://hf-mirror.com/BAAI/bge-large-zh-v1.5/resolve/refs%2Fpr%2F35/model.safetensors "HTTP/1.1 302 Found"
2026-04-27 12:25:34,505 - INFO - HTTP Request: HEAD https://hf-mirror.com/api/resolve-cache/models/BAAI/bge-large-zh-v1.5/79e7739b6ab944e86d6171e44d24c997fc1e0116/tokenizer_config.json "HTTP/1.1 200 OK"
2026-04-27 12:25:34,611 - INFO - HTTP Request: GET https://hf-mirror.com/api/models/BAAI/bge-large-zh-v1.5/tree/main/additional_chat_templates?recursive=false&expand=false "HTTP/1.1 404 Not Found"
2026-04-27 12:25:34,711 - INFO - HTTP Request: GET https://hf-mirror.com/api/models/BAAI/bge-large-zh-v1.5/tree/main?recursive=true&expand=false "HTTP/1.1 200 OK"
2026-04-27 12:25:35,042 - INFO - HTTP Request: HEAD https://hf-mirror.com/BAAI/bge-large-zh-v1.5/resolve/main/1_Pooling/config.json "HTTP/1.1 307 Temporary Redirect"
2026-04-27 12:25:35,146 - INFO - HTTP Request: HEAD https://hf-mirror.com/api/resolve-cache/models/BAAI/bge-large-zh-v1.5/79e7739b6ab944e86d6171e44d24c997fc1e0116/1_Pooling%2Fconfig.json "HTTP/1.1 200 OK"
2026-04-27 12:25:35,244 - INFO - HTTP Request: GET https://hf-mirror.com/api/models/BAAI/bge-large-zh-v1.5 "HTTP/1.1 200 OK"
2026-04-27 12:25:37,013 - INFO - 📐 动态设定 HDBSCAN 最小聚类体积: 152
2026-04-27 12:25:37,013 - INFO - 🚀 阶段0：预计算文档完整语义 Embedding...
2026-04-27 12:31:34,041 - INFO - 🚀 阶段1：开始执行 Guided BERTopic 聚类...
2026-04-27 12:32:14,172 - INFO - 📊 初始主题数: 27 个
2026-04-27 12:32:14,172 - INFO - 🔄 阶段2.2：执行离群点归队回收（适中阈值: 0.55）...
2026-04-27 12:32:15,992 - INFO - 🎯 阶段3：执行低置信度主题处理...
2026-04-27 12:32:16,169 - INFO - 📊 训练完成，总耗时: 399.16秒
2026-04-27 12:32:16,169 - INFO - 📈 正在评估聚类质量...
2026-04-27 12:32:16,175 - INFO - 💾 阶段5：正在保存完整结果...
2026-04-27 12:32:16,562 - INFO - ✅ 处理全流程结束，所有文件均已输出至：E:\document\PG\studio\content\bertopic_results_optimized
2026-04-27 12:32:16,564 - INFO - 🎉 全部流程执行完毕！
2026-04-27 12:44:10,984 - INFO - 📂 正在加载数据: E:\document\PG\studio\content\bertopic_ready_data\bertopic_train_data.csv
2026-04-27 12:44:11,270 - INFO - 📊 原始有效数据量: 18255 条
2026-04-27 12:44:11,311 - INFO - 🔧 初始化 BERTopic 流水线...
2026-04-27 12:44:11,329 - INFO - 🤖 使用设备: cuda
2026-04-27 12:44:11,332 - INFO - Load pretrained SentenceTransformer: BAAI/bge-large-zh-v1.5
2026-04-27 12:44:11,934 - INFO - HTTP Request: HEAD https://hf-mirror.com/BAAI/bge-large-zh-v1.5/resolve/main/modules.json "HTTP/1.1 307 Temporary Redirect"
2026-04-27 12:44:12,138 - INFO - HTTP Request: HEAD https://hf-mirror.com/api/resolve-cache/models/BAAI/bge-large-zh-v1.5/79e7739b6ab944e86d6171e44d24c997fc1e0116/modules.json "HTTP/1.1 200 OK"
2026-04-27 12:44:12,445 - INFO - HTTP Request: HEAD https://hf-mirror.com/BAAI/bge-large-zh-v1.5/resolve/main/config_sentence_transformers.json "HTTP/1.1 307 Temporary Redirect"
2026-04-27 12:44:12,650 - INFO - HTTP Request: HEAD https://hf-mirror.com/api/resolve-cache/models/BAAI/bge-large-zh-v1.5/79e7739b6ab944e86d6171e44d24c997fc1e0116/config_sentence_transformers.json "HTTP/1.1 200 OK"
2026-04-27 12:44:12,973 - INFO - HTTP Request: HEAD https://hf-mirror.com/BAAI/bge-large-zh-v1.5/resolve/main/config_sentence_transformers.json "HTTP/1.1 307 Temporary Redirect"
2026-04-27 12:44:13,265 - INFO - HTTP Request: HEAD https://hf-mirror.com/api/resolve-cache/models/BAAI/bge-large-zh-v1.5/79e7739b6ab944e86d6171e44d24c997fc1e0116/config_sentence_transformers.json "HTTP/1.1 200 OK"
2026-04-27 12:44:13,710 - INFO - HTTP Request: HEAD https://hf-mirror.com/BAAI/bge-large-zh-v1.5/resolve/main/README.md "HTTP/1.1 307 Temporary Redirect"
2026-04-27 12:44:13,878 - INFO - HTTP Request: HEAD https://hf-mirror.com/api/resolve-cache/models/BAAI/bge-large-zh-v1.5/79e7739b6ab944e86d6171e44d24c997fc1e0116/README.md "HTTP/1.1 200 OK"
2026-04-27 12:44:14,199 - INFO - HTTP Request: HEAD https://hf-mirror.com/BAAI/bge-large-zh-v1.5/resolve/main/modules.json "HTTP/1.1 307 Temporary Redirect"
2026-04-27 12:44:14,492 - INFO - HTTP Request: HEAD https://hf-mirror.com/api/resolve-cache/models/BAAI/bge-large-zh-v1.5/79e7739b6ab944e86d6171e44d24c997fc1e0116/modules.json "HTTP/1.1 200 OK"
2026-04-27 12:44:14,903 - INFO - HTTP Request: HEAD https://hf-mirror.com/BAAI/bge-large-zh-v1.5/resolve/main/sentence_bert_config.json "HTTP/1.1 307 Temporary Redirect"
2026-04-27 12:44:15,211 - INFO - HTTP Request: HEAD https://hf-mirror.com/api/resolve-cache/models/BAAI/bge-large-zh-v1.5/79e7739b6ab944e86d6171e44d24c997fc1e0116/sentence_bert_config.json "HTTP/1.1 200 OK"
2026-04-27 12:44:15,620 - INFO - HTTP Request: HEAD https://hf-mirror.com/BAAI/bge-large-zh-v1.5/resolve/main/adapter_config.json "HTTP/1.1 404 Not Found"
2026-04-27 12:44:15,982 - INFO - HTTP Request: HEAD https://hf-mirror.com/BAAI/bge-large-zh-v1.5/resolve/main/config.json "HTTP/1.1 307 Temporary Redirect"
2026-04-27 12:44:16,131 - INFO - HTTP Request: HEAD https://hf-mirror.com/api/resolve-cache/models/BAAI/bge-large-zh-v1.5/79e7739b6ab944e86d6171e44d24c997fc1e0116/config.json "HTTP/1.1 200 OK"
2026-04-27 12:44:16,438 - INFO - HTTP Request: HEAD https://hf-mirror.com/BAAI/bge-large-zh-v1.5/resolve/main/config.json "HTTP/1.1 307 Temporary Redirect"
2026-04-27 12:44:16,643 - INFO - HTTP Request: HEAD https://hf-mirror.com/api/resolve-cache/models/BAAI/bge-large-zh-v1.5/79e7739b6ab944e86d6171e44d24c997fc1e0116/config.json "HTTP/1.1 200 OK"
2026-04-27 12:44:17,010 - INFO - HTTP Request: HEAD https://hf-mirror.com/BAAI/bge-large-zh-v1.5/resolve/main/model.safetensors "HTTP/1.1 404 Not Found"
2026-04-27 12:44:17,228 - INFO - HTTP Request: GET https://hf-mirror.com/api/models/BAAI/bge-large-zh-v1.5 "HTTP/1.1 200 OK"
2026-04-27 12:44:17,405 - INFO - HTTP Request: GET https://hf-mirror.com/api/models/BAAI/bge-large-zh-v1.5/commits/main "HTTP/1.1 200 OK"
2026-04-27 12:44:17,648 - INFO - HTTP Request: GET https://hf-mirror.com/api/models/BAAI/bge-large-zh-v1.5/discussions?p=0 "HTTP/1.1 200 OK"
2026-04-27 12:44:17,771 - INFO - HTTP Request: HEAD https://hf-mirror.com/BAAI/bge-large-zh-v1.5/resolve/main/config.json "HTTP/1.1 307 Temporary Redirect"
2026-04-27 12:44:17,803 - INFO - HTTP Request: GET https://hf-mirror.com/api/models/BAAI/bge-large-zh-v1.5/commits/refs%2Fpr%2F35 "HTTP/1.1 200 OK"
2026-04-27 12:44:17,976 - INFO - HTTP Request: HEAD https://hf-mirror.com/api/resolve-cache/models/BAAI/bge-large-zh-v1.5/79e7739b6ab944e86d6171e44d24c997fc1e0116/config.json "HTTP/1.1 200 OK"
2026-04-27 12:44:18,124 - INFO - HTTP Request: HEAD https://hf-mirror.com/BAAI/bge-large-zh-v1.5/resolve/refs%2Fpr%2F35/model.safetensors.index.json "HTTP/1.1 404 Not Found"
2026-04-27 12:44:18,360 - INFO - HTTP Request: HEAD https://hf-mirror.com/BAAI/bge-large-zh-v1.5/resolve/main/tokenizer_config.json "HTTP/1.1 307 Temporary Redirect"
2026-04-27 12:44:18,488 - INFO - HTTP Request: HEAD https://hf-mirror.com/api/resolve-cache/models/BAAI/bge-large-zh-v1.5/79e7739b6ab944e86d6171e44d24c997fc1e0116/tokenizer_config.json "HTTP/1.1 200 OK"
2026-04-27 12:44:18,488 - INFO - HTTP Request: HEAD https://hf-mirror.com/BAAI/bge-large-zh-v1.5/resolve/refs%2Fpr%2F35/model.safetensors "HTTP/1.1 302 Found"
2026-04-27 12:44:18,628 - INFO - HTTP Request: GET https://hf-mirror.com/api/models/BAAI/bge-large-zh-v1.5/tree/main/additional_chat_templates?recursive=false&expand=false "HTTP/1.1 404 Not Found"
2026-04-27 12:44:18,795 - INFO - HTTP Request: GET https://hf-mirror.com/api/models/BAAI/bge-large-zh-v1.5/tree/main?recursive=true&expand=false "HTTP/1.1 200 OK"
2026-04-27 12:44:19,204 - INFO - HTTP Request: HEAD https://hf-mirror.com/BAAI/bge-large-zh-v1.5/resolve/main/1_Pooling/config.json "HTTP/1.1 307 Temporary Redirect"
2026-04-27 12:44:19,423 - INFO - HTTP Request: HEAD https://hf-mirror.com/api/resolve-cache/models/BAAI/bge-large-zh-v1.5/79e7739b6ab944e86d6171e44d24c997fc1e0116/1_Pooling%2Fconfig.json "HTTP/1.1 200 OK"
2026-04-27 12:44:19,558 - INFO - HTTP Request: GET https://hf-mirror.com/api/models/BAAI/bge-large-zh-v1.5 "HTTP/1.1 200 OK"
2026-04-27 12:44:20,255 - INFO - 📐 动态设定 HDBSCAN 最小聚类体积: 152
2026-04-27 12:44:20,255 - INFO - 🚀 阶段0：预计算文档完整语义 Embedding...
2026-04-27 12:50:14,944 - INFO - 🚀 阶段1：开始执行 Guided BERTopic 聚类...
2026-04-27 12:50:57,118 - INFO - 📊 初始主题数: 27 个
2026-04-27 12:50:57,119 - INFO - 🔄 阶段2.2：执行离群点归队回收（适中阈值: 0.55）...
2026-04-27 12:50:59,096 - INFO - 🎯 阶段3：执行低置信度主题处理...
2026-04-27 12:50:59,304 - INFO - 📊 训练完成，总耗时: 399.05秒
2026-04-27 12:50:59,304 - INFO - 📈 正在评估聚类质量...
2026-04-27 12:50:59,312 - INFO - 💾 阶段5：正在保存完整结果...
2026-04-27 12:50:59,750 - INFO - ✅ 处理全流程结束，所有文件均已输出至：E:\document\PG\studio\content\bertopic_results_optimized
2026-04-27 12:50:59,750 - INFO - 🎉 全部流程执行完毕！
2026-04-27 13:00:33,217 - INFO - 📂 正在加载数据: E:\document\PG\studio\content\bertopic_ready_data\bertopic_train_data.csv
2026-04-27 13:00:33,511 - INFO - 📊 原始有效数据量: 18255 条
2026-04-27 13:00:33,550 - INFO - 🔧 初始化 BERTopic 流水线...
2026-04-27 13:00:33,569 - INFO - 🤖 使用设备: cuda
2026-04-27 13:00:33,570 - INFO - Load pretrained SentenceTransformer: BAAI/bge-large-zh-v1.5
2026-04-27 13:00:34,071 - INFO - HTTP Request: HEAD https://hf-mirror.com/BAAI/bge-large-zh-v1.5/resolve/main/modules.json "HTTP/1.1 307 Temporary Redirect"
2026-04-27 13:00:34,275 - INFO - HTTP Request: HEAD https://hf-mirror.com/api/resolve-cache/models/BAAI/bge-large-zh-v1.5/79e7739b6ab944e86d6171e44d24c997fc1e0116/modules.json "HTTP/1.1 200 OK"
2026-04-27 13:00:34,582 - INFO - HTTP Request: HEAD https://hf-mirror.com/BAAI/bge-large-zh-v1.5/resolve/main/config_sentence_transformers.json "HTTP/1.1 307 Temporary Redirect"
2026-04-27 13:00:34,787 - INFO - HTTP Request: HEAD https://hf-mirror.com/api/resolve-cache/models/BAAI/bge-large-zh-v1.5/79e7739b6ab944e86d6171e44d24c997fc1e0116/config_sentence_transformers.json "HTTP/1.1 200 OK"
2026-04-27 13:00:35,109 - INFO - HTTP Request: HEAD https://hf-mirror.com/BAAI/bge-large-zh-v1.5/resolve/main/config_sentence_transformers.json "HTTP/1.1 307 Temporary Redirect"
2026-04-27 13:00:35,299 - INFO - HTTP Request: HEAD https://hf-mirror.com/api/resolve-cache/models/BAAI/bge-large-zh-v1.5/79e7739b6ab944e86d6171e44d24c997fc1e0116/config_sentence_transformers.json "HTTP/1.1 200 OK"
2026-04-27 13:00:35,694 - INFO - HTTP Request: HEAD https://hf-mirror.com/BAAI/bge-large-zh-v1.5/resolve/main/README.md "HTTP/1.1 307 Temporary Redirect"
2026-04-27 13:00:35,912 - INFO - HTTP Request: HEAD https://hf-mirror.com/api/resolve-cache/models/BAAI/bge-large-zh-v1.5/79e7739b6ab944e86d6171e44d24c997fc1e0116/README.md "HTTP/1.1 200 OK"
2026-04-27 13:00:36,264 - INFO - HTTP Request: HEAD https://hf-mirror.com/BAAI/bge-large-zh-v1.5/resolve/main/modules.json "HTTP/1.1 307 Temporary Redirect"
2026-04-27 13:00:36,424 - INFO - HTTP Request: HEAD https://hf-mirror.com/api/resolve-cache/models/BAAI/bge-large-zh-v1.5/79e7739b6ab944e86d6171e44d24c997fc1e0116/modules.json "HTTP/1.1 200 OK"
2026-04-27 13:00:36,835 - INFO - HTTP Request: HEAD https://hf-mirror.com/BAAI/bge-large-zh-v1.5/resolve/main/sentence_bert_config.json "HTTP/1.1 307 Temporary Redirect"
2026-04-27 13:00:37,039 - INFO - HTTP Request: HEAD https://hf-mirror.com/api/resolve-cache/models/BAAI/bge-large-zh-v1.5/79e7739b6ab944e86d6171e44d24c997fc1e0116/sentence_bert_config.json "HTTP/1.1 200 OK"
2026-04-27 13:00:37,347 - INFO - HTTP Request: HEAD https://hf-mirror.com/BAAI/bge-large-zh-v1.5/resolve/main/adapter_config.json "HTTP/1.1 404 Not Found"
2026-04-27 13:00:37,654 - INFO - HTTP Request: HEAD https://hf-mirror.com/BAAI/bge-large-zh-v1.5/resolve/main/config.json "HTTP/1.1 307 Temporary Redirect"
2026-04-27 13:00:37,846 - INFO - HTTP Request: HEAD https://hf-mirror.com/api/resolve-cache/models/BAAI/bge-large-zh-v1.5/79e7739b6ab944e86d6171e44d24c997fc1e0116/config.json "HTTP/1.1 200 OK"
2026-04-27 13:00:38,268 - INFO - HTTP Request: HEAD https://hf-mirror.com/BAAI/bge-large-zh-v1.5/resolve/main/config.json "HTTP/1.1 307 Temporary Redirect"
2026-04-27 13:00:38,383 - INFO - HTTP Request: HEAD https://hf-mirror.com/api/resolve-cache/models/BAAI/bge-large-zh-v1.5/79e7739b6ab944e86d6171e44d24c997fc1e0116/config.json "HTTP/1.1 200 OK"
2026-04-27 13:00:38,781 - INFO - HTTP Request: HEAD https://hf-mirror.com/BAAI/bge-large-zh-v1.5/resolve/main/model.safetensors "HTTP/1.1 404 Not Found"
2026-04-27 13:00:38,897 - INFO - HTTP Request: GET https://hf-mirror.com/api/models/BAAI/bge-large-zh-v1.5 "HTTP/1.1 200 OK"
2026-04-27 13:00:39,097 - INFO - HTTP Request: GET https://hf-mirror.com/api/models/BAAI/bge-large-zh-v1.5/commits/main "HTTP/1.1 200 OK"
2026-04-27 13:00:39,202 - INFO - HTTP Request: GET https://hf-mirror.com/api/models/BAAI/bge-large-zh-v1.5/discussions?p=0 "HTTP/1.1 200 OK"
2026-04-27 13:00:39,395 - INFO - HTTP Request: GET https://hf-mirror.com/api/models/BAAI/bge-large-zh-v1.5/commits/refs%2Fpr%2F35 "HTTP/1.1 200 OK"
2026-04-27 13:00:39,396 - INFO - HTTP Request: HEAD https://hf-mirror.com/BAAI/bge-large-zh-v1.5/resolve/main/config.json "HTTP/1.1 307 Temporary Redirect"
2026-04-27 13:00:39,702 - INFO - HTTP Request: HEAD https://hf-mirror.com/api/resolve-cache/models/BAAI/bge-large-zh-v1.5/79e7739b6ab944e86d6171e44d24c997fc1e0116/config.json "HTTP/1.1 200 OK"
2026-04-27 13:00:39,769 - INFO - HTTP Request: HEAD https://hf-mirror.com/BAAI/bge-large-zh-v1.5/resolve/refs%2Fpr%2F35/model.safetensors.index.json "HTTP/1.1 404 Not Found"
2026-04-27 13:00:40,157 - INFO - HTTP Request: HEAD https://hf-mirror.com/BAAI/bge-large-zh-v1.5/resolve/refs%2Fpr%2F35/model.safetensors "HTTP/1.1 302 Found"
2026-04-27 13:00:40,167 - INFO - HTTP Request: HEAD https://hf-mirror.com/BAAI/bge-large-zh-v1.5/resolve/main/tokenizer_config.json "HTTP/1.1 307 Temporary Redirect"
2026-04-27 13:00:40,391 - INFO - HTTP Request: HEAD https://hf-mirror.com/api/resolve-cache/models/BAAI/bge-large-zh-v1.5/79e7739b6ab944e86d6171e44d24c997fc1e0116/tokenizer_config.json "HTTP/1.1 200 OK"
2026-04-27 13:00:40,529 - INFO - HTTP Request: GET https://hf-mirror.com/api/models/BAAI/bge-large-zh-v1.5/tree/main/additional_chat_templates?recursive=false&expand=false "HTTP/1.1 404 Not Found"
2026-04-27 13:00:40,700 - INFO - HTTP Request: GET https://hf-mirror.com/api/models/BAAI/bge-large-zh-v1.5/tree/main?recursive=true&expand=false "HTTP/1.1 200 OK"
2026-04-27 13:00:41,010 - INFO - HTTP Request: HEAD https://hf-mirror.com/BAAI/bge-large-zh-v1.5/resolve/main/1_Pooling/config.json "HTTP/1.1 307 Temporary Redirect"
2026-04-27 13:00:41,448 - INFO - HTTP Request: HEAD https://hf-mirror.com/api/resolve-cache/models/BAAI/bge-large-zh-v1.5/79e7739b6ab944e86d6171e44d24c997fc1e0116/1_Pooling%2Fconfig.json "HTTP/1.1 200 OK"
2026-04-27 13:00:41,588 - INFO - HTTP Request: GET https://hf-mirror.com/api/models/BAAI/bge-large-zh-v1.5 "HTTP/1.1 200 OK"
2026-04-27 13:00:42,337 - INFO - 📐 动态设定 HDBSCAN 最小聚类体积: 152
2026-04-27 13:00:42,337 - INFO - 🚀 阶段0：预计算文档完整语义 Embedding...
2026-04-27 13:06:38,623 - INFO - 🚀 阶段1：开始执行 Guided BERTopic 聚类...
2026-04-27 13:07:19,000 - INFO - 📊 初始主题数: 27 个
2026-04-27 13:07:19,000 - INFO - 🔄 阶段2.2：执行离群点归队回收（适中阈值: 0.55）...
2026-04-27 13:07:20,893 - INFO - 🎯 阶段3：执行低置信度主题处理...
2026-04-27 13:07:21,086 - INFO - 📊 训练完成，总耗时: 398.75秒
2026-04-27 13:07:21,088 - INFO - 📈 正在评估聚类质量...
2026-04-27 13:07:21,094 - INFO - 💾 阶段5：正在保存完整结果...
2026-04-27 13:07:21,479 - INFO - ✅ 处理全流程结束，所有文件均已输出至：E:\document\PG\studio\content\bertopic_results_optimized
2026-04-27 13:07:21,479 - INFO - 🎉 全部流程执行完毕！
2026-04-27 13:09:34,524 - INFO - 📂 正在加载数据: E:\document\PG\studio\content\bertopic_ready_data\bertopic_train_data.csv
2026-04-27 13:09:34,817 - INFO - 📊 原始有效数据量: 18255 条
2026-04-27 13:09:34,859 - INFO - 🔧 初始化 BERTopic 流水线...
2026-04-27 13:09:34,877 - INFO - 🤖 使用设备: cuda
2026-04-27 13:09:34,879 - INFO - Load pretrained SentenceTransformer: BAAI/bge-large-zh-v1.5
2026-04-27 13:09:35,577 - INFO - HTTP Request: HEAD https://hf-mirror.com/BAAI/bge-large-zh-v1.5/resolve/main/modules.json "HTTP/1.1 307 Temporary Redirect"
2026-04-27 13:09:35,859 - INFO - HTTP Request: HEAD https://hf-mirror.com/api/resolve-cache/models/BAAI/bge-large-zh-v1.5/79e7739b6ab944e86d6171e44d24c997fc1e0116/modules.json "HTTP/1.1 200 OK"
2026-04-27 13:09:36,289 - INFO - HTTP Request: HEAD https://hf-mirror.com/BAAI/bge-large-zh-v1.5/resolve/main/config_sentence_transformers.json "HTTP/1.1 307 Temporary Redirect"
2026-04-27 13:09:36,493 - INFO - HTTP Request: HEAD https://hf-mirror.com/api/resolve-cache/models/BAAI/bge-large-zh-v1.5/79e7739b6ab944e86d6171e44d24c997fc1e0116/config_sentence_transformers.json "HTTP/1.1 200 OK"
2026-04-27 13:09:36,915 - INFO - HTTP Request: HEAD https://hf-mirror.com/BAAI/bge-large-zh-v1.5/resolve/main/config_sentence_transformers.json "HTTP/1.1 307 Temporary Redirect"
2026-04-27 13:09:37,182 - INFO - HTTP Request: HEAD https://hf-mirror.com/api/resolve-cache/models/BAAI/bge-large-zh-v1.5/79e7739b6ab944e86d6171e44d24c997fc1e0116/config_sentence_transformers.json "HTTP/1.1 200 OK"
2026-04-27 13:09:37,497 - INFO - HTTP Request: HEAD https://hf-mirror.com/BAAI/bge-large-zh-v1.5/resolve/main/README.md "HTTP/1.1 307 Temporary Redirect"
2026-04-27 13:09:37,740 - INFO - HTTP Request: HEAD https://hf-mirror.com/api/resolve-cache/models/BAAI/bge-large-zh-v1.5/79e7739b6ab944e86d6171e44d24c997fc1e0116/README.md "HTTP/1.1 200 OK"
2026-04-27 13:09:38,056 - INFO - HTTP Request: HEAD https://hf-mirror.com/BAAI/bge-large-zh-v1.5/resolve/main/modules.json "HTTP/1.1 307 Temporary Redirect"
2026-04-27 13:09:38,220 - INFO - HTTP Request: HEAD https://hf-mirror.com/api/resolve-cache/models/BAAI/bge-large-zh-v1.5/79e7739b6ab944e86d6171e44d24c997fc1e0116/modules.json "HTTP/1.1 200 OK"
2026-04-27 13:09:38,539 - INFO - HTTP Request: HEAD https://hf-mirror.com/BAAI/bge-large-zh-v1.5/resolve/main/sentence_bert_config.json "HTTP/1.1 307 Temporary Redirect"
2026-04-27 13:09:38,643 - INFO - HTTP Request: HEAD https://hf-mirror.com/api/resolve-cache/models/BAAI/bge-large-zh-v1.5/79e7739b6ab944e86d6171e44d24c997fc1e0116/sentence_bert_config.json "HTTP/1.1 200 OK"
2026-04-27 13:09:39,052 - INFO - HTTP Request: HEAD https://hf-mirror.com/BAAI/bge-large-zh-v1.5/resolve/main/adapter_config.json "HTTP/1.1 404 Not Found"
2026-04-27 13:09:39,461 - INFO - HTTP Request: HEAD https://hf-mirror.com/BAAI/bge-large-zh-v1.5/resolve/main/config.json "HTTP/1.1 307 Temporary Redirect"
2026-04-27 13:09:39,770 - INFO - HTTP Request: HEAD https://hf-mirror.com/api/resolve-cache/models/BAAI/bge-large-zh-v1.5/79e7739b6ab944e86d6171e44d24c997fc1e0116/config.json "HTTP/1.1 200 OK"
2026-04-27 13:09:40,150 - INFO - HTTP Request: HEAD https://hf-mirror.com/BAAI/bge-large-zh-v1.5/resolve/main/config.json "HTTP/1.1 307 Temporary Redirect"
2026-04-27 13:09:40,486 - INFO - HTTP Request: HEAD https://hf-mirror.com/api/resolve-cache/models/BAAI/bge-large-zh-v1.5/79e7739b6ab944e86d6171e44d24c997fc1e0116/config.json "HTTP/1.1 200 OK"
2026-04-27 13:09:40,794 - INFO - HTTP Request: HEAD https://hf-mirror.com/BAAI/bge-large-zh-v1.5/resolve/main/model.safetensors "HTTP/1.1 404 Not Found"
2026-04-27 13:09:40,945 - INFO - HTTP Request: GET https://hf-mirror.com/api/models/BAAI/bge-large-zh-v1.5 "HTTP/1.1 200 OK"
2026-04-27 13:09:41,102 - INFO - HTTP Request: GET https://hf-mirror.com/api/models/BAAI/bge-large-zh-v1.5/commits/main "HTTP/1.1 200 OK"
2026-04-27 13:09:41,239 - INFO - HTTP Request: GET https://hf-mirror.com/api/models/BAAI/bge-large-zh-v1.5/discussions?p=0 "HTTP/1.1 200 OK"
2026-04-27 13:09:41,409 - INFO - HTTP Request: HEAD https://hf-mirror.com/BAAI/bge-large-zh-v1.5/resolve/main/config.json "HTTP/1.1 307 Temporary Redirect"
2026-04-27 13:09:41,418 - INFO - HTTP Request: GET https://hf-mirror.com/api/models/BAAI/bge-large-zh-v1.5/commits/refs%2Fpr%2F35 "HTTP/1.1 200 OK"
2026-04-27 13:09:41,619 - INFO - HTTP Request: HEAD https://hf-mirror.com/api/resolve-cache/models/BAAI/bge-large-zh-v1.5/79e7739b6ab944e86d6171e44d24c997fc1e0116/config.json "HTTP/1.1 200 OK"
2026-04-27 13:09:41,818 - INFO - HTTP Request: HEAD https://hf-mirror.com/BAAI/bge-large-zh-v1.5/resolve/refs%2Fpr%2F35/model.safetensors.index.json "HTTP/1.1 404 Not Found"
2026-04-27 13:09:41,919 - INFO - HTTP Request: HEAD https://hf-mirror.com/BAAI/bge-large-zh-v1.5/resolve/main/tokenizer_config.json "HTTP/1.1 307 Temporary Redirect"
2026-04-27 13:09:42,133 - INFO - HTTP Request: HEAD https://hf-mirror.com/api/resolve-cache/models/BAAI/bge-large-zh-v1.5/79e7739b6ab944e86d6171e44d24c997fc1e0116/tokenizer_config.json "HTTP/1.1 200 OK"
2026-04-27 13:09:42,150 - INFO - HTTP Request: HEAD https://hf-mirror.com/BAAI/bge-large-zh-v1.5/resolve/refs%2Fpr%2F35/model.safetensors "HTTP/1.1 302 Found"
2026-04-27 13:09:42,238 - INFO - HTTP Request: GET https://hf-mirror.com/api/models/BAAI/bge-large-zh-v1.5/tree/main/additional_chat_templates?recursive=false&expand=false "HTTP/1.1 404 Not Found"
2026-04-27 13:09:42,433 - INFO - HTTP Request: GET https://hf-mirror.com/api/models/BAAI/bge-large-zh-v1.5/tree/main?recursive=true&expand=false "HTTP/1.1 200 OK"
2026-04-27 13:09:42,842 - INFO - HTTP Request: HEAD https://hf-mirror.com/BAAI/bge-large-zh-v1.5/resolve/main/1_Pooling/config.json "HTTP/1.1 307 Temporary Redirect"
2026-04-27 13:09:42,953 - INFO - HTTP Request: HEAD https://hf-mirror.com/api/resolve-cache/models/BAAI/bge-large-zh-v1.5/79e7739b6ab944e86d6171e44d24c997fc1e0116/1_Pooling%2Fconfig.json "HTTP/1.1 200 OK"
2026-04-27 13:09:43,102 - INFO - HTTP Request: GET https://hf-mirror.com/api/models/BAAI/bge-large-zh-v1.5 "HTTP/1.1 200 OK"
2026-04-27 13:09:43,891 - INFO - 📐 动态设定 HDBSCAN 最小聚类体积: 152
2026-04-27 13:09:43,891 - INFO - 🚀 阶段0：预计算文档完整语义 Embedding...
2026-04-27 13:15:39,359 - INFO - 🚀 阶段1：开始执行 Guided BERTopic 聚类...
2026-04-27 13:16:22,508 - INFO - 📊 初始主题数: 29 个
2026-04-27 13:16:22,508 - INFO - 🔄 阶段2.2：执行离群点归队回收（适中阈值: 0.3）...
2026-04-27 13:16:24,470 - INFO - 🎯 阶段3：执行低置信度主题处理...
2026-04-27 13:16:24,973 - INFO - 📊 训练完成，总耗时: 401.08秒
2026-04-27 13:16:24,973 - INFO - 📈 正在评估聚类质量...
2026-04-27 13:16:24,982 - INFO - 💾 阶段5：正在保存完整结果...
2026-04-27 13:16:25,435 - INFO - ✅ 处理全流程结束，所有文件均已输出至：E:\document\PG\studio\content\bertopic_results_optimized
2026-04-27 13:16:25,435 - INFO - 🎉 全部流程执行完毕！
2026-04-27 13:20:32,175 - INFO - 📂 正在加载数据: E:\document\PG\studio\content\bertopic_ready_data\bertopic_train_data.csv
2026-04-27 13:20:32,466 - INFO - 📊 原始有效数据量: 18255 条
2026-04-27 13:20:32,507 - INFO - 🔧 初始化 BERTopic 流水线...
2026-04-27 13:20:32,523 - INFO - 🤖 使用设备: cuda
2026-04-27 13:20:32,525 - INFO - Load pretrained SentenceTransformer: BAAI/bge-large-zh-v1.5
2026-04-27 13:20:33,197 - INFO - HTTP Request: HEAD https://hf-mirror.com/BAAI/bge-large-zh-v1.5/resolve/main/modules.json "HTTP/1.1 307 Temporary Redirect"
2026-04-27 13:20:33,590 - INFO - HTTP Request: HEAD https://hf-mirror.com/api/resolve-cache/models/BAAI/bge-large-zh-v1.5/79e7739b6ab944e86d6171e44d24c997fc1e0116/modules.json "HTTP/1.1 200 OK"
2026-04-27 13:20:33,984 - INFO - HTTP Request: HEAD https://hf-mirror.com/BAAI/bge-large-zh-v1.5/resolve/main/config_sentence_transformers.json "HTTP/1.1 307 Temporary Redirect"
2026-04-27 13:20:34,152 - INFO - HTTP Request: HEAD https://hf-mirror.com/api/resolve-cache/models/BAAI/bge-large-zh-v1.5/79e7739b6ab944e86d6171e44d24c997fc1e0116/config_sentence_transformers.json "HTTP/1.1 200 OK"
2026-04-27 13:20:34,527 - INFO - HTTP Request: HEAD https://hf-mirror.com/BAAI/bge-large-zh-v1.5/resolve/main/config_sentence_transformers.json "HTTP/1.1 307 Temporary Redirect"
2026-04-27 13:20:34,732 - INFO - HTTP Request: HEAD https://hf-mirror.com/api/resolve-cache/models/BAAI/bge-large-zh-v1.5/79e7739b6ab944e86d6171e44d24c997fc1e0116/config_sentence_transformers.json "HTTP/1.1 200 OK"
2026-04-27 13:20:35,038 - INFO - HTTP Request: HEAD https://hf-mirror.com/BAAI/bge-large-zh-v1.5/resolve/main/README.md "HTTP/1.1 307 Temporary Redirect"
2026-04-27 13:20:35,345 - INFO - HTTP Request: HEAD https://hf-mirror.com/api/resolve-cache/models/BAAI/bge-large-zh-v1.5/79e7739b6ab944e86d6171e44d24c997fc1e0116/README.md "HTTP/1.1 200 OK"
2026-04-27 13:20:35,652 - INFO - HTTP Request: HEAD https://hf-mirror.com/BAAI/bge-large-zh-v1.5/resolve/main/modules.json "HTTP/1.1 307 Temporary Redirect"
2026-04-27 13:20:35,789 - INFO - HTTP Request: HEAD https://hf-mirror.com/api/resolve-cache/models/BAAI/bge-large-zh-v1.5/79e7739b6ab944e86d6171e44d24c997fc1e0116/modules.json "HTTP/1.1 200 OK"
2026-04-27 13:20:36,088 - INFO - HTTP Request: HEAD https://hf-mirror.com/BAAI/bge-large-zh-v1.5/resolve/main/sentence_bert_config.json "HTTP/1.1 307 Temporary Redirect"
2026-04-27 13:20:36,268 - INFO - HTTP Request: HEAD https://hf-mirror.com/api/resolve-cache/models/BAAI/bge-large-zh-v1.5/79e7739b6ab944e86d6171e44d24c997fc1e0116/sentence_bert_config.json "HTTP/1.1 200 OK"
2026-04-27 13:20:36,597 - INFO - HTTP Request: HEAD https://hf-mirror.com/BAAI/bge-large-zh-v1.5/resolve/main/adapter_config.json "HTTP/1.1 404 Not Found"
2026-04-27 13:20:36,985 - INFO - HTTP Request: HEAD https://hf-mirror.com/BAAI/bge-large-zh-v1.5/resolve/main/config.json "HTTP/1.1 307 Temporary Redirect"
2026-04-27 13:20:37,189 - INFO - HTTP Request: HEAD https://hf-mirror.com/api/resolve-cache/models/BAAI/bge-large-zh-v1.5/79e7739b6ab944e86d6171e44d24c997fc1e0116/config.json "HTTP/1.1 200 OK"
2026-04-27 13:20:37,504 - INFO - HTTP Request: HEAD https://hf-mirror.com/BAAI/bge-large-zh-v1.5/resolve/main/config.json "HTTP/1.1 307 Temporary Redirect"
2026-04-27 13:20:37,702 - INFO - HTTP Request: HEAD https://hf-mirror.com/api/resolve-cache/models/BAAI/bge-large-zh-v1.5/79e7739b6ab944e86d6171e44d24c997fc1e0116/config.json "HTTP/1.1 200 OK"
2026-04-27 13:20:38,111 - INFO - HTTP Request: HEAD https://hf-mirror.com/BAAI/bge-large-zh-v1.5/resolve/main/model.safetensors "HTTP/1.1 404 Not Found"
2026-04-27 13:20:38,316 - INFO - HTTP Request: GET https://hf-mirror.com/api/models/BAAI/bge-large-zh-v1.5 "HTTP/1.1 200 OK"
2026-04-27 13:20:38,465 - INFO - HTTP Request: GET https://hf-mirror.com/api/models/BAAI/bge-large-zh-v1.5/commits/main "HTTP/1.1 200 OK"
2026-04-27 13:20:38,631 - INFO - HTTP Request: GET https://hf-mirror.com/api/models/BAAI/bge-large-zh-v1.5/discussions?p=0 "HTTP/1.1 200 OK"
2026-04-27 13:20:38,726 - INFO - HTTP Request: HEAD https://hf-mirror.com/BAAI/bge-large-zh-v1.5/resolve/main/config.json "HTTP/1.1 307 Temporary Redirect"
2026-04-27 13:20:38,833 - INFO - HTTP Request: GET https://hf-mirror.com/api/models/BAAI/bge-large-zh-v1.5/commits/refs%2Fpr%2F35 "HTTP/1.1 200 OK"
2026-04-27 13:20:39,034 - INFO - HTTP Request: HEAD https://hf-mirror.com/api/resolve-cache/models/BAAI/bge-large-zh-v1.5/79e7739b6ab944e86d6171e44d24c997fc1e0116/config.json "HTTP/1.1 200 OK"
2026-04-27 13:20:39,206 - INFO - HTTP Request: HEAD https://hf-mirror.com/BAAI/bge-large-zh-v1.5/resolve/refs%2Fpr%2F35/model.safetensors.index.json "HTTP/1.1 404 Not Found"
2026-04-27 13:20:39,340 - INFO - HTTP Request: HEAD https://hf-mirror.com/BAAI/bge-large-zh-v1.5/resolve/main/tokenizer_config.json "HTTP/1.1 307 Temporary Redirect"
2026-04-27 13:20:39,631 - INFO - HTTP Request: HEAD https://hf-mirror.com/api/resolve-cache/models/BAAI/bge-large-zh-v1.5/79e7739b6ab944e86d6171e44d24c997fc1e0116/tokenizer_config.json "HTTP/1.1 200 OK"
2026-04-27 13:20:39,632 - INFO - HTTP Request: HEAD https://hf-mirror.com/BAAI/bge-large-zh-v1.5/resolve/refs%2Fpr%2F35/model.safetensors "HTTP/1.1 302 Found"
2026-04-27 13:20:39,764 - INFO - HTTP Request: GET https://hf-mirror.com/api/models/BAAI/bge-large-zh-v1.5/tree/main/additional_chat_templates?recursive=false&expand=false "HTTP/1.1 404 Not Found"
2026-04-27 13:20:39,970 - INFO - HTTP Request: GET https://hf-mirror.com/api/models/BAAI/bge-large-zh-v1.5/tree/main?recursive=true&expand=false "HTTP/1.1 200 OK"
2026-04-27 13:20:40,265 - INFO - HTTP Request: HEAD https://hf-mirror.com/BAAI/bge-large-zh-v1.5/resolve/main/1_Pooling/config.json "HTTP/1.1 307 Temporary Redirect"
2026-04-27 13:20:40,413 - INFO - HTTP Request: HEAD https://hf-mirror.com/api/resolve-cache/models/BAAI/bge-large-zh-v1.5/79e7739b6ab944e86d6171e44d24c997fc1e0116/1_Pooling%2Fconfig.json "HTTP/1.1 200 OK"
2026-04-27 13:20:40,545 - INFO - HTTP Request: GET https://hf-mirror.com/api/models/BAAI/bge-large-zh-v1.5 "HTTP/1.1 200 OK"
2026-04-27 13:20:41,284 - INFO - 📐 动态设定 HDBSCAN 最小聚类体积: 121
2026-04-27 13:20:41,284 - INFO - 🚀 阶段0：预计算文档完整语义 Embedding...
2026-04-27 13:26:37,189 - INFO - 🚀 阶段1：开始执行 Guided BERTopic 聚类...
2026-04-27 13:27:19,902 - INFO - 📊 初始主题数: 35 个
2026-04-27 13:27:19,902 - INFO - 🔄 阶段2.1：微调合并控制主题数不超过 30...
2026-04-27 13:27:22,768 - INFO - 🔄 阶段2.2：执行离群点归队回收（适中阈值: 0.3）...
2026-04-27 13:27:24,915 - INFO - 🎯 阶段3：执行低置信度主题处理...
2026-04-27 13:27:25,137 - INFO - 📊 训练完成，总耗时: 403.85秒
2026-04-27 13:27:25,138 - INFO - 📈 正在评估聚类质量...
2026-04-27 13:27:25,146 - INFO - 💾 阶段5：正在保存完整结果...
2026-04-27 13:27:25,540 - INFO - ✅ 处理全流程结束，所有文件均已输出至：E:\document\PG\studio\content\bertopic_results_optimized
2026-04-27 13:27:25,540 - INFO - 🎉 全部流程执行完毕！
2026-04-27 13:29:36,192 - INFO - 📂 正在加载数据: E:\document\PG\studio\content\bertopic_ready_data\bertopic_train_data.csv
2026-04-27 13:29:36,481 - INFO - 📊 原始有效数据量: 18255 条
2026-04-27 13:29:36,524 - INFO - 🔧 初始化 BERTopic 流水线...
2026-04-27 13:29:36,543 - INFO - 🤖 使用设备: cuda
2026-04-27 13:29:36,545 - INFO - Load pretrained SentenceTransformer: BAAI/bge-large-zh-v1.5
2026-04-27 13:29:37,155 - INFO - HTTP Request: HEAD https://hf-mirror.com/BAAI/bge-large-zh-v1.5/resolve/main/modules.json "HTTP/1.1 307 Temporary Redirect"
2026-04-27 13:29:37,365 - INFO - HTTP Request: HEAD https://hf-mirror.com/api/resolve-cache/models/BAAI/bge-large-zh-v1.5/79e7739b6ab944e86d6171e44d24c997fc1e0116/modules.json "HTTP/1.1 200 OK"
2026-04-27 13:29:37,666 - INFO - HTTP Request: HEAD https://hf-mirror.com/BAAI/bge-large-zh-v1.5/resolve/main/config_sentence_transformers.json "HTTP/1.1 307 Temporary Redirect"
2026-04-27 13:29:38,077 - INFO - HTTP Request: HEAD https://hf-mirror.com/api/resolve-cache/models/BAAI/bge-large-zh-v1.5/79e7739b6ab944e86d6171e44d24c997fc1e0116/config_sentence_transformers.json "HTTP/1.1 200 OK"
2026-04-27 13:29:38,391 - INFO - HTTP Request: HEAD https://hf-mirror.com/BAAI/bge-large-zh-v1.5/resolve/main/config_sentence_transformers.json "HTTP/1.1 307 Temporary Redirect"
2026-04-27 13:29:38,588 - INFO - HTTP Request: HEAD https://hf-mirror.com/api/resolve-cache/models/BAAI/bge-large-zh-v1.5/79e7739b6ab944e86d6171e44d24c997fc1e0116/config_sentence_transformers.json "HTTP/1.1 200 OK"
2026-04-27 13:29:38,907 - INFO - HTTP Request: HEAD https://hf-mirror.com/BAAI/bge-large-zh-v1.5/resolve/main/README.md "HTTP/1.1 307 Temporary Redirect"
2026-04-27 13:29:39,101 - INFO - HTTP Request: HEAD https://hf-mirror.com/api/resolve-cache/models/BAAI/bge-large-zh-v1.5/79e7739b6ab944e86d6171e44d24c997fc1e0116/README.md "HTTP/1.1 200 OK"
2026-04-27 13:29:39,510 - INFO - HTTP Request: HEAD https://hf-mirror.com/BAAI/bge-large-zh-v1.5/resolve/main/modules.json "HTTP/1.1 307 Temporary Redirect"
2026-04-27 13:29:39,671 - INFO - HTTP Request: HEAD https://hf-mirror.com/api/resolve-cache/models/BAAI/bge-large-zh-v1.5/79e7739b6ab944e86d6171e44d24c997fc1e0116/modules.json "HTTP/1.1 200 OK"
2026-04-27 13:29:40,023 - INFO - HTTP Request: HEAD https://hf-mirror.com/BAAI/bge-large-zh-v1.5/resolve/main/sentence_bert_config.json "HTTP/1.1 307 Temporary Redirect"
2026-04-27 13:29:40,227 - INFO - HTTP Request: HEAD https://hf-mirror.com/api/resolve-cache/models/BAAI/bge-large-zh-v1.5/79e7739b6ab944e86d6171e44d24c997fc1e0116/sentence_bert_config.json "HTTP/1.1 200 OK"
2026-04-27 13:29:40,534 - INFO - HTTP Request: HEAD https://hf-mirror.com/BAAI/bge-large-zh-v1.5/resolve/main/adapter_config.json "HTTP/1.1 404 Not Found"
2026-04-27 13:29:40,944 - INFO - HTTP Request: HEAD https://hf-mirror.com/BAAI/bge-large-zh-v1.5/resolve/main/config.json "HTTP/1.1 307 Temporary Redirect"
2026-04-27 13:29:41,250 - INFO - HTTP Request: HEAD https://hf-mirror.com/api/resolve-cache/models/BAAI/bge-large-zh-v1.5/79e7739b6ab944e86d6171e44d24c997fc1e0116/config.json "HTTP/1.1 200 OK"
2026-04-27 13:29:41,557 - INFO - HTTP Request: HEAD https://hf-mirror.com/BAAI/bge-large-zh-v1.5/resolve/main/config.json "HTTP/1.1 307 Temporary Redirect"
2026-04-27 13:29:41,879 - INFO - HTTP Request: HEAD https://hf-mirror.com/api/resolve-cache/models/BAAI/bge-large-zh-v1.5/79e7739b6ab944e86d6171e44d24c997fc1e0116/config.json "HTTP/1.1 200 OK"
2026-04-27 13:29:42,258 - INFO - HTTP Request: HEAD https://hf-mirror.com/BAAI/bge-large-zh-v1.5/resolve/main/model.safetensors "HTTP/1.1 404 Not Found"
2026-04-27 13:29:42,385 - INFO - HTTP Request: GET https://hf-mirror.com/api/models/BAAI/bge-large-zh-v1.5 "HTTP/1.1 200 OK"
2026-04-27 13:29:42,607 - INFO - HTTP Request: GET https://hf-mirror.com/api/models/BAAI/bge-large-zh-v1.5/commits/main "HTTP/1.1 200 OK"
2026-04-27 13:29:42,794 - INFO - HTTP Request: GET https://hf-mirror.com/api/models/BAAI/bge-large-zh-v1.5/discussions?p=0 "HTTP/1.1 200 OK"
2026-04-27 13:29:42,959 - INFO - HTTP Request: HEAD https://hf-mirror.com/BAAI/bge-large-zh-v1.5/resolve/main/config.json "HTTP/1.1 307 Temporary Redirect"
2026-04-27 13:29:42,960 - INFO - HTTP Request: GET https://hf-mirror.com/api/models/BAAI/bge-large-zh-v1.5/commits/refs%2Fpr%2F35 "HTTP/1.1 200 OK"
2026-04-27 13:29:43,110 - INFO - HTTP Request: HEAD https://hf-mirror.com/api/resolve-cache/models/BAAI/bge-large-zh-v1.5/79e7739b6ab944e86d6171e44d24c997fc1e0116/config.json "HTTP/1.1 200 OK"
2026-04-27 13:29:43,270 - INFO - HTTP Request: HEAD https://hf-mirror.com/BAAI/bge-large-zh-v1.5/resolve/refs%2Fpr%2F35/model.safetensors.index.json "HTTP/1.1 404 Not Found"
2026-04-27 13:29:43,366 - INFO - HTTP Request: HEAD https://hf-mirror.com/BAAI/bge-large-zh-v1.5/resolve/main/tokenizer_config.json "HTTP/1.1 307 Temporary Redirect"
2026-04-27 13:29:43,508 - INFO - HTTP Request: HEAD https://hf-mirror.com/api/resolve-cache/models/BAAI/bge-large-zh-v1.5/79e7739b6ab944e86d6171e44d24c997fc1e0116/tokenizer_config.json "HTTP/1.1 200 OK"
2026-04-27 13:29:43,671 - INFO - HTTP Request: GET https://hf-mirror.com/api/models/BAAI/bge-large-zh-v1.5/tree/main/additional_chat_templates?recursive=false&expand=false "HTTP/1.1 404 Not Found"
2026-04-27 13:29:43,831 - INFO - HTTP Request: GET https://hf-mirror.com/api/models/BAAI/bge-large-zh-v1.5/tree/main?recursive=true&expand=false "HTTP/1.1 200 OK"
2026-04-27 13:29:44,150 - INFO - HTTP Request: HEAD https://hf-mirror.com/BAAI/bge-large-zh-v1.5/resolve/main/1_Pooling/config.json "HTTP/1.1 307 Temporary Redirect"
2026-04-27 13:29:44,151 - INFO - HTTP Request: HEAD https://hf-mirror.com/BAAI/bge-large-zh-v1.5/resolve/refs%2Fpr%2F35/model.safetensors "HTTP/1.1 302 Found"
2026-04-27 13:29:44,256 - INFO - HTTP Request: HEAD https://hf-mirror.com/api/resolve-cache/models/BAAI/bge-large-zh-v1.5/79e7739b6ab944e86d6171e44d24c997fc1e0116/1_Pooling%2Fconfig.json "HTTP/1.1 200 OK"
2026-04-27 13:29:44,389 - INFO - HTTP Request: GET https://hf-mirror.com/api/models/BAAI/bge-large-zh-v1.5 "HTTP/1.1 200 OK"
2026-04-27 13:29:45,159 - INFO - 📐 动态设定 HDBSCAN 最小聚类体积: 121
2026-04-27 13:29:45,159 - INFO - 🚀 阶段0：预计算文档完整语义 Embedding...
2026-04-27 13:35:40,472 - INFO - 🚀 阶段1：开始执行 Guided BERTopic 聚类...
2026-04-27 13:36:22,891 - INFO - 📊 初始主题数: 33 个
2026-04-27 13:36:22,891 - INFO - 🔄 阶段2.1：微调合并控制主题数不超过 30...
2026-04-27 13:36:25,647 - INFO - 🔄 阶段2.2：执行离群点归队回收（适中阈值: 0.3）...
2026-04-27 13:36:27,671 - INFO - 🎯 阶段3：执行低置信度主题处理...
2026-04-27 13:36:27,972 - INFO - 📊 训练完成，总耗时: 402.81秒
2026-04-27 13:36:27,972 - INFO - 📈 正在评估聚类质量...
2026-04-27 13:36:27,978 - INFO - 💾 阶段5：正在保存完整结果...
2026-04-27 13:36:28,376 - INFO - ✅ 处理全流程结束，所有文件均已输出至：E:\document\PG\studio\content\bertopic_results_optimized
2026-04-27 13:36:28,376 - INFO - 🎉 全部流程执行完毕！
2026-04-27 13:38:58,287 - INFO - 📂 正在加载数据: E:\document\PG\studio\content\bertopic_ready_data\bertopic_train_data.csv
2026-04-27 13:38:58,587 - INFO - 📊 原始有效数据量: 18255 条
2026-04-27 13:38:58,630 - INFO - 🔧 初始化 BERTopic 流水线...
2026-04-27 13:38:58,650 - INFO - 🤖 使用设备: cuda
2026-04-27 13:38:58,653 - INFO - Load pretrained SentenceTransformer: BAAI/bge-large-zh-v1.5
2026-04-27 13:38:59,147 - INFO - HTTP Request: HEAD https://hf-mirror.com/BAAI/bge-large-zh-v1.5/resolve/main/modules.json "HTTP/1.1 307 Temporary Redirect"
2026-04-27 13:38:59,341 - INFO - HTTP Request: HEAD https://hf-mirror.com/api/resolve-cache/models/BAAI/bge-large-zh-v1.5/79e7739b6ab944e86d6171e44d24c997fc1e0116/modules.json "HTTP/1.1 200 OK"
2026-04-27 13:38:59,631 - INFO - HTTP Request: HEAD https://hf-mirror.com/BAAI/bge-large-zh-v1.5/resolve/main/config_sentence_transformers.json "HTTP/1.1 307 Temporary Redirect"
2026-04-27 13:38:59,790 - INFO - HTTP Request: HEAD https://hf-mirror.com/api/resolve-cache/models/BAAI/bge-large-zh-v1.5/79e7739b6ab944e86d6171e44d24c997fc1e0116/config_sentence_transformers.json "HTTP/1.1 200 OK"
2026-04-27 13:39:00,105 - INFO - HTTP Request: HEAD https://hf-mirror.com/BAAI/bge-large-zh-v1.5/resolve/main/config_sentence_transformers.json "HTTP/1.1 307 Temporary Redirect"
2026-04-27 13:39:00,235 - INFO - HTTP Request: HEAD https://hf-mirror.com/api/resolve-cache/models/BAAI/bge-large-zh-v1.5/79e7739b6ab944e86d6171e44d24c997fc1e0116/config_sentence_transformers.json "HTTP/1.1 200 OK"
2026-04-27 13:39:00,556 - INFO - HTTP Request: HEAD https://hf-mirror.com/BAAI/bge-large-zh-v1.5/resolve/main/README.md "HTTP/1.1 307 Temporary Redirect"
2026-04-27 13:39:00,716 - INFO - HTTP Request: HEAD https://hf-mirror.com/api/resolve-cache/models/BAAI/bge-large-zh-v1.5/79e7739b6ab944e86d6171e44d24c997fc1e0116/README.md "HTTP/1.1 200 OK"
2026-04-27 13:39:01,039 - INFO - HTTP Request: HEAD https://hf-mirror.com/BAAI/bge-large-zh-v1.5/resolve/main/modules.json "HTTP/1.1 307 Temporary Redirect"
2026-04-27 13:39:01,199 - INFO - HTTP Request: HEAD https://hf-mirror.com/api/resolve-cache/models/BAAI/bge-large-zh-v1.5/79e7739b6ab944e86d6171e44d24c997fc1e0116/modules.json "HTTP/1.1 200 OK"
2026-04-27 13:39:01,520 - INFO - HTTP Request: HEAD https://hf-mirror.com/BAAI/bge-large-zh-v1.5/resolve/main/sentence_bert_config.json "HTTP/1.1 307 Temporary Redirect"
2026-04-27 13:39:01,757 - INFO - HTTP Request: HEAD https://hf-mirror.com/api/resolve-cache/models/BAAI/bge-large-zh-v1.5/79e7739b6ab944e86d6171e44d24c997fc1e0116/sentence_bert_config.json "HTTP/1.1 200 OK"
2026-04-27 13:39:02,209 - INFO - HTTP Request: HEAD https://hf-mirror.com/BAAI/bge-large-zh-v1.5/resolve/main/adapter_config.json "HTTP/1.1 404 Not Found"
2026-04-27 13:39:02,823 - INFO - HTTP Request: HEAD https://hf-mirror.com/BAAI/bge-large-zh-v1.5/resolve/main/config.json "HTTP/1.1 307 Temporary Redirect"
2026-04-27 13:39:03,342 - INFO - HTTP Request: HEAD https://hf-mirror.com/api/resolve-cache/models/BAAI/bge-large-zh-v1.5/79e7739b6ab944e86d6171e44d24c997fc1e0116/config.json "HTTP/1.1 200 OK"
2026-04-27 13:39:03,846 - INFO - HTTP Request: HEAD https://hf-mirror.com/BAAI/bge-large-zh-v1.5/resolve/main/config.json "HTTP/1.1 307 Temporary Redirect"
2026-04-27 13:39:04,212 - INFO - HTTP Request: HEAD https://hf-mirror.com/api/resolve-cache/models/BAAI/bge-large-zh-v1.5/79e7739b6ab944e86d6171e44d24c997fc1e0116/config.json "HTTP/1.1 200 OK"
2026-04-27 13:39:04,570 - INFO - HTTP Request: HEAD https://hf-mirror.com/BAAI/bge-large-zh-v1.5/resolve/main/model.safetensors "HTTP/1.1 404 Not Found"
2026-04-27 13:39:04,959 - INFO - HTTP Request: GET https://hf-mirror.com/api/models/BAAI/bge-large-zh-v1.5 "HTTP/1.1 200 OK"
2026-04-27 13:39:05,217 - INFO - HTTP Request: GET https://hf-mirror.com/api/models/BAAI/bge-large-zh-v1.5/commits/main "HTTP/1.1 200 OK"
2026-04-27 13:39:05,606 - INFO - HTTP Request: GET https://hf-mirror.com/api/models/BAAI/bge-large-zh-v1.5/discussions?p=0 "HTTP/1.1 200 OK"
2026-04-27 13:39:05,606 - INFO - HTTP Request: HEAD https://hf-mirror.com/BAAI/bge-large-zh-v1.5/resolve/main/config.json "HTTP/1.1 307 Temporary Redirect"
2026-04-27 13:39:05,760 - INFO - HTTP Request: GET https://hf-mirror.com/api/models/BAAI/bge-large-zh-v1.5/commits/refs%2Fpr%2F35 "HTTP/1.1 200 OK"
2026-04-27 13:39:05,902 - INFO - HTTP Request: HEAD https://hf-mirror.com/api/resolve-cache/models/BAAI/bge-large-zh-v1.5/79e7739b6ab944e86d6171e44d24c997fc1e0116/config.json "HTTP/1.1 200 OK"
2026-04-27 13:39:06,115 - INFO - HTTP Request: HEAD https://hf-mirror.com/BAAI/bge-large-zh-v1.5/resolve/refs%2Fpr%2F35/model.safetensors.index.json "HTTP/1.1 404 Not Found"
2026-04-27 13:39:06,209 - INFO - HTTP Request: HEAD https://hf-mirror.com/BAAI/bge-large-zh-v1.5/resolve/main/tokenizer_config.json "HTTP/1.1 307 Temporary Redirect"
2026-04-27 13:39:06,436 - INFO - HTTP Request: HEAD https://hf-mirror.com/BAAI/bge-large-zh-v1.5/resolve/refs%2Fpr%2F35/model.safetensors "HTTP/1.1 302 Found"
2026-04-27 13:39:06,436 - INFO - HTTP Request: HEAD https://hf-mirror.com/api/resolve-cache/models/BAAI/bge-large-zh-v1.5/79e7739b6ab944e86d6171e44d24c997fc1e0116/tokenizer_config.json "HTTP/1.1 200 OK"
2026-04-27 13:39:06,595 - INFO - HTTP Request: GET https://hf-mirror.com/api/models/BAAI/bge-large-zh-v1.5/tree/main/additional_chat_templates?recursive=false&expand=false "HTTP/1.1 404 Not Found"
2026-04-27 13:39:06,797 - INFO - HTTP Request: GET https://hf-mirror.com/api/models/BAAI/bge-large-zh-v1.5/tree/main?recursive=true&expand=false "HTTP/1.1 200 OK"
2026-04-27 13:39:07,073 - INFO - HTTP Request: HEAD https://hf-mirror.com/BAAI/bge-large-zh-v1.5/resolve/main/1_Pooling/config.json "HTTP/1.1 307 Temporary Redirect"
2026-04-27 13:39:07,226 - INFO - HTTP Request: HEAD https://hf-mirror.com/api/resolve-cache/models/BAAI/bge-large-zh-v1.5/79e7739b6ab944e86d6171e44d24c997fc1e0116/1_Pooling%2Fconfig.json "HTTP/1.1 200 OK"
2026-04-27 13:39:07,441 - INFO - HTTP Request: GET https://hf-mirror.com/api/models/BAAI/bge-large-zh-v1.5 "HTTP/1.1 200 OK"
2026-04-27 13:39:08,199 - INFO - 📐 动态设定 HDBSCAN 最小聚类体积: 121
2026-04-27 13:39:08,200 - INFO - 🚀 阶段0：预计算文档完整语义 Embedding...
2026-04-27 13:45:02,751 - INFO - 🚀 阶段1：开始执行 Guided BERTopic 聚类...
2026-04-27 13:45:48,094 - INFO - 📊 初始主题数: 33 个
2026-04-27 13:45:48,095 - INFO - 🔄 阶段2.1：微调合并控制主题数不超过 30...
2026-04-27 13:45:50,875 - INFO - 🔄 阶段2.2：执行离群点归队回收（适中阈值: 0.3）...
2026-04-27 13:45:53,003 - INFO - 🎯 阶段3：执行低置信度主题处理...
2026-04-27 13:45:53,268 - INFO - 📊 训练完成，总耗时: 405.07秒
2026-04-27 13:45:53,268 - INFO - 📈 正在评估聚类质量...
2026-04-27 13:45:53,276 - INFO - 💾 阶段5：正在保存完整结果...
2026-04-27 13:45:53,675 - INFO - ✅ 处理全流程结束，所有文件均已输出至：E:\document\PG\studio\content\bertopic_results_optimized
2026-04-27 13:45:53,677 - INFO - 🎉 全部流程执行完毕！
2026-04-27 13:59:51,606 - INFO - 📂 正在加载数据: E:\document\PG\studio\content\bertopic_ready_data\bertopic_train_data.csv
2026-04-27 13:59:51,895 - INFO - 📊 原始有效数据量: 18255 条
2026-04-27 13:59:51,935 - INFO - 🔧 初始化 BERTopic 流水线...
2026-04-27 13:59:51,950 - INFO - 🤖 使用设备: cuda
2026-04-27 13:59:51,952 - INFO - Load pretrained SentenceTransformer: BAAI/bge-large-zh-v1.5
2026-04-27 13:59:52,638 - INFO - HTTP Request: HEAD https://hf-mirror.com/BAAI/bge-large-zh-v1.5/resolve/main/modules.json "HTTP/1.1 307 Temporary Redirect"
2026-04-27 13:59:52,851 - INFO - HTTP Request: HEAD https://hf-mirror.com/api/resolve-cache/models/BAAI/bge-large-zh-v1.5/79e7739b6ab944e86d6171e44d24c997fc1e0116/modules.json "HTTP/1.1 200 OK"
2026-04-27 13:59:53,252 - INFO - HTTP Request: HEAD https://hf-mirror.com/BAAI/bge-large-zh-v1.5/resolve/main/config_sentence_transformers.json "HTTP/1.1 307 Temporary Redirect"
2026-04-27 13:59:53,455 - INFO - HTTP Request: HEAD https://hf-mirror.com/api/resolve-cache/models/BAAI/bge-large-zh-v1.5/79e7739b6ab944e86d6171e44d24c997fc1e0116/config_sentence_transformers.json "HTTP/1.1 200 OK"
2026-04-27 13:59:53,730 - INFO - HTTP Request: HEAD https://hf-mirror.com/BAAI/bge-large-zh-v1.5/resolve/main/config_sentence_transformers.json "HTTP/1.1 307 Temporary Redirect"
2026-04-27 13:59:53,940 - INFO - HTTP Request: HEAD https://hf-mirror.com/api/resolve-cache/models/BAAI/bge-large-zh-v1.5/79e7739b6ab944e86d6171e44d24c997fc1e0116/config_sentence_transformers.json "HTTP/1.1 200 OK"
2026-04-27 13:59:54,202 - INFO - HTTP Request: HEAD https://hf-mirror.com/BAAI/bge-large-zh-v1.5/resolve/main/README.md "HTTP/1.1 307 Temporary Redirect"
2026-04-27 13:59:54,330 - INFO - HTTP Request: HEAD https://hf-mirror.com/api/resolve-cache/models/BAAI/bge-large-zh-v1.5/79e7739b6ab944e86d6171e44d24c997fc1e0116/README.md "HTTP/1.1 200 OK"
2026-04-27 13:59:54,601 - INFO - HTTP Request: HEAD https://hf-mirror.com/BAAI/bge-large-zh-v1.5/resolve/main/modules.json "HTTP/1.1 307 Temporary Redirect"
2026-04-27 13:59:54,890 - INFO - HTTP Request: HEAD https://hf-mirror.com/api/resolve-cache/models/BAAI/bge-large-zh-v1.5/79e7739b6ab944e86d6171e44d24c997fc1e0116/modules.json "HTTP/1.1 200 OK"
2026-04-27 13:59:55,211 - INFO - HTTP Request: HEAD https://hf-mirror.com/BAAI/bge-large-zh-v1.5/resolve/main/sentence_bert_config.json "HTTP/1.1 307 Temporary Redirect"
2026-04-27 13:59:55,376 - INFO - HTTP Request: HEAD https://hf-mirror.com/api/resolve-cache/models/BAAI/bge-large-zh-v1.5/79e7739b6ab944e86d6171e44d24c997fc1e0116/sentence_bert_config.json "HTTP/1.1 200 OK"
2026-04-27 13:59:55,689 - INFO - HTTP Request: HEAD https://hf-mirror.com/BAAI/bge-large-zh-v1.5/resolve/main/adapter_config.json "HTTP/1.1 404 Not Found"
2026-04-27 13:59:56,126 - INFO - HTTP Request: HEAD https://hf-mirror.com/BAAI/bge-large-zh-v1.5/resolve/main/config.json "HTTP/1.1 307 Temporary Redirect"
2026-04-27 13:59:56,357 - INFO - HTTP Request: HEAD https://hf-mirror.com/api/resolve-cache/models/BAAI/bge-large-zh-v1.5/79e7739b6ab944e86d6171e44d24c997fc1e0116/config.json "HTTP/1.1 200 OK"
2026-04-27 13:59:56,940 - INFO - HTTP Request: HEAD https://hf-mirror.com/BAAI/bge-large-zh-v1.5/resolve/main/config.json "HTTP/1.1 307 Temporary Redirect"
2026-04-27 13:59:57,085 - INFO - HTTP Request: HEAD https://hf-mirror.com/api/resolve-cache/models/BAAI/bge-large-zh-v1.5/79e7739b6ab944e86d6171e44d24c997fc1e0116/config.json "HTTP/1.1 200 OK"
2026-04-27 13:59:57,554 - INFO - HTTP Request: HEAD https://hf-mirror.com/BAAI/bge-large-zh-v1.5/resolve/main/model.safetensors "HTTP/1.1 404 Not Found"
2026-04-27 13:59:57,762 - INFO - HTTP Request: GET https://hf-mirror.com/api/models/BAAI/bge-large-zh-v1.5 "HTTP/1.1 200 OK"
2026-04-27 13:59:57,961 - INFO - HTTP Request: GET https://hf-mirror.com/api/models/BAAI/bge-large-zh-v1.5/commits/main "HTTP/1.1 200 OK"
2026-04-27 13:59:58,171 - INFO - HTTP Request: HEAD https://hf-mirror.com/BAAI/bge-large-zh-v1.5/resolve/main/config.json "HTTP/1.1 307 Temporary Redirect"
2026-04-27 13:59:58,184 - INFO - HTTP Request: GET https://hf-mirror.com/api/models/BAAI/bge-large-zh-v1.5/discussions?p=0 "HTTP/1.1 200 OK"
2026-04-27 13:59:58,343 - INFO - HTTP Request: HEAD https://hf-mirror.com/api/resolve-cache/models/BAAI/bge-large-zh-v1.5/79e7739b6ab944e86d6171e44d24c997fc1e0116/config.json "HTTP/1.1 200 OK"
2026-04-27 13:59:58,480 - INFO - HTTP Request: GET https://hf-mirror.com/api/models/BAAI/bge-large-zh-v1.5/commits/refs%2Fpr%2F35 "HTTP/1.1 200 OK"
2026-04-27 13:59:58,652 - INFO - HTTP Request: HEAD https://hf-mirror.com/BAAI/bge-large-zh-v1.5/resolve/main/tokenizer_config.json "HTTP/1.1 307 Temporary Redirect"
2026-04-27 13:59:58,782 - INFO - HTTP Request: HEAD https://hf-mirror.com/api/resolve-cache/models/BAAI/bge-large-zh-v1.5/79e7739b6ab944e86d6171e44d24c997fc1e0116/tokenizer_config.json "HTTP/1.1 200 OK"
2026-04-27 13:59:58,885 - INFO - HTTP Request: HEAD https://hf-mirror.com/BAAI/bge-large-zh-v1.5/resolve/refs%2Fpr%2F35/model.safetensors.index.json "HTTP/1.1 404 Not Found"
2026-04-27 13:59:58,966 - INFO - HTTP Request: GET https://hf-mirror.com/api/models/BAAI/bge-large-zh-v1.5/tree/main/additional_chat_templates?recursive=false&expand=false "HTTP/1.1 404 Not Found"
2026-04-27 13:59:59,091 - INFO - HTTP Request: GET https://hf-mirror.com/api/models/BAAI/bge-large-zh-v1.5/tree/main?recursive=true&expand=false "HTTP/1.1 200 OK"
2026-04-27 13:59:59,297 - INFO - HTTP Request: HEAD https://hf-mirror.com/BAAI/bge-large-zh-v1.5/resolve/refs%2Fpr%2F35/model.safetensors "HTTP/1.1 302 Found"
2026-04-27 13:59:59,409 - INFO - HTTP Request: HEAD https://hf-mirror.com/BAAI/bge-large-zh-v1.5/resolve/main/1_Pooling/config.json "HTTP/1.1 307 Temporary Redirect"
2026-04-27 13:59:59,691 - INFO - HTTP Request: HEAD https://hf-mirror.com/api/resolve-cache/models/BAAI/bge-large-zh-v1.5/79e7739b6ab944e86d6171e44d24c997fc1e0116/1_Pooling%2Fconfig.json "HTTP/1.1 200 OK"
2026-04-27 13:59:59,856 - INFO - HTTP Request: GET https://hf-mirror.com/api/models/BAAI/bge-large-zh-v1.5 "HTTP/1.1 200 OK"
2026-04-27 14:00:00,641 - INFO - 📐 动态设定 HDBSCAN 最小聚类体积: 152
2026-04-27 14:00:00,641 - INFO - 🚀 阶段0：预计算文档完整语义 Embedding...
2026-04-27 14:05:55,669 - INFO - 🚀 阶段1：开始执行 Guided BERTopic 聚类...
2026-04-27 14:06:36,294 - INFO - 📊 初始主题数: 28 个
2026-04-27 14:06:36,294 - INFO - 🔄 阶段2.2：执行离群点归队回收（适中阈值: 0.55）...
2026-04-27 14:06:38,200 - INFO - 🎯 阶段3：执行低置信度主题处理...
2026-04-27 14:06:38,541 - INFO - 📊 训练完成，总耗时: 397.90秒
2026-04-27 14:06:38,543 - INFO - 📈 正在评估聚类质量...
2026-04-27 14:06:38,549 - INFO - 💾 阶段5：正在保存完整结果...
2026-04-27 14:06:38,926 - INFO - ✅ 处理全流程结束，所有文件均已输出至：E:\document\PG\studio\content\bertopic_results_optimized
2026-04-27 14:06:38,927 - INFO - 🎉 全部流程执行完毕！
2026-04-27 14:07:09,050 - INFO - 📂 正在加载数据: E:\document\PG\studio\content\bertopic_ready_data\bertopic_train_data.csv
2026-04-27 14:07:09,356 - INFO - 📊 原始有效数据量: 18255 条
2026-04-27 14:07:09,396 - INFO - 🔧 初始化 BERTopic 流水线...
2026-04-27 14:07:09,412 - INFO - 🤖 使用设备: cuda
2026-04-27 14:07:09,415 - INFO - Load pretrained SentenceTransformer: BAAI/bge-large-zh-v1.5
2026-04-27 14:07:10,099 - INFO - HTTP Request: HEAD https://hf-mirror.com/BAAI/bge-large-zh-v1.5/resolve/main/modules.json "HTTP/1.1 307 Temporary Redirect"
2026-04-27 14:07:10,288 - INFO - HTTP Request: HEAD https://hf-mirror.com/api/resolve-cache/models/BAAI/bge-large-zh-v1.5/79e7739b6ab944e86d6171e44d24c997fc1e0116/modules.json "HTTP/1.1 200 OK"
2026-04-27 14:07:10,611 - INFO - HTTP Request: HEAD https://hf-mirror.com/BAAI/bge-large-zh-v1.5/resolve/main/config_sentence_transformers.json "HTTP/1.1 307 Temporary Redirect"
2026-04-27 14:07:10,815 - INFO - HTTP Request: HEAD https://hf-mirror.com/api/resolve-cache/models/BAAI/bge-large-zh-v1.5/79e7739b6ab944e86d6171e44d24c997fc1e0116/config_sentence_transformers.json "HTTP/1.1 200 OK"
2026-04-27 14:07:11,121 - INFO - HTTP Request: HEAD https://hf-mirror.com/BAAI/bge-large-zh-v1.5/resolve/main/config_sentence_transformers.json "HTTP/1.1 307 Temporary Redirect"
2026-04-27 14:07:11,326 - INFO - HTTP Request: HEAD https://hf-mirror.com/api/resolve-cache/models/BAAI/bge-large-zh-v1.5/79e7739b6ab944e86d6171e44d24c997fc1e0116/config_sentence_transformers.json "HTTP/1.1 200 OK"
2026-04-27 14:07:11,744 - INFO - HTTP Request: HEAD https://hf-mirror.com/BAAI/bge-large-zh-v1.5/resolve/main/README.md "HTTP/1.1 307 Temporary Redirect"
2026-04-27 14:07:12,452 - INFO - HTTP Request: HEAD https://hf-mirror.com/api/resolve-cache/models/BAAI/bge-large-zh-v1.5/79e7739b6ab944e86d6171e44d24c997fc1e0116/README.md "HTTP/1.1 200 OK"
2026-04-27 14:07:12,811 - INFO - HTTP Request: HEAD https://hf-mirror.com/BAAI/bge-large-zh-v1.5/resolve/main/modules.json "HTTP/1.1 307 Temporary Redirect"
2026-04-27 14:07:12,975 - INFO - HTTP Request: HEAD https://hf-mirror.com/api/resolve-cache/models/BAAI/bge-large-zh-v1.5/79e7739b6ab944e86d6171e44d24c997fc1e0116/modules.json "HTTP/1.1 200 OK"
2026-04-27 14:07:13,298 - INFO - HTTP Request: HEAD https://hf-mirror.com/BAAI/bge-large-zh-v1.5/resolve/main/sentence_bert_config.json "HTTP/1.1 307 Temporary Redirect"
2026-04-27 14:07:13,489 - INFO - HTTP Request: HEAD https://hf-mirror.com/api/resolve-cache/models/BAAI/bge-large-zh-v1.5/79e7739b6ab944e86d6171e44d24c997fc1e0116/sentence_bert_config.json "HTTP/1.1 200 OK"
2026-04-27 14:07:13,990 - INFO - HTTP Request: HEAD https://hf-mirror.com/BAAI/bge-large-zh-v1.5/resolve/main/adapter_config.json "HTTP/1.1 404 Not Found"
2026-04-27 14:07:14,399 - INFO - HTTP Request: HEAD https://hf-mirror.com/BAAI/bge-large-zh-v1.5/resolve/main/config.json "HTTP/1.1 307 Temporary Redirect"
2026-04-27 14:07:14,604 - INFO - HTTP Request: HEAD https://hf-mirror.com/api/resolve-cache/models/BAAI/bge-large-zh-v1.5/79e7739b6ab944e86d6171e44d24c997fc1e0116/config.json "HTTP/1.1 200 OK"
2026-04-27 14:07:14,920 - INFO - HTTP Request: HEAD https://hf-mirror.com/BAAI/bge-large-zh-v1.5/resolve/main/config.json "HTTP/1.1 307 Temporary Redirect"
2026-04-27 14:07:15,238 - INFO - HTTP Request: HEAD https://hf-mirror.com/api/resolve-cache/models/BAAI/bge-large-zh-v1.5/79e7739b6ab944e86d6171e44d24c997fc1e0116/config.json "HTTP/1.1 200 OK"
2026-04-27 14:07:15,583 - INFO - HTTP Request: HEAD https://hf-mirror.com/BAAI/bge-large-zh-v1.5/resolve/main/model.safetensors "HTTP/1.1 404 Not Found"
2026-04-27 14:07:15,735 - INFO - HTTP Request: GET https://hf-mirror.com/api/models/BAAI/bge-large-zh-v1.5 "HTTP/1.1 200 OK"
2026-04-27 14:07:15,939 - INFO - HTTP Request: GET https://hf-mirror.com/api/models/BAAI/bge-large-zh-v1.5/commits/main "HTTP/1.1 200 OK"
2026-04-27 14:07:16,105 - INFO - HTTP Request: GET https://hf-mirror.com/api/models/BAAI/bge-large-zh-v1.5/discussions?p=0 "HTTP/1.1 200 OK"
2026-04-27 14:07:16,177 - INFO - HTTP Request: HEAD https://hf-mirror.com/BAAI/bge-large-zh-v1.5/resolve/main/config.json "HTTP/1.1 307 Temporary Redirect"
2026-04-27 14:07:16,259 - INFO - HTTP Request: GET https://hf-mirror.com/api/models/BAAI/bge-large-zh-v1.5/commits/refs%2Fpr%2F35 "HTTP/1.1 200 OK"
2026-04-27 14:07:16,416 - INFO - HTTP Request: HEAD https://hf-mirror.com/api/resolve-cache/models/BAAI/bge-large-zh-v1.5/79e7739b6ab944e86d6171e44d24c997fc1e0116/config.json "HTTP/1.1 200 OK"
2026-04-27 14:07:16,578 - INFO - HTTP Request: HEAD https://hf-mirror.com/BAAI/bge-large-zh-v1.5/resolve/refs%2Fpr%2F35/model.safetensors.index.json "HTTP/1.1 404 Not Found"
2026-04-27 14:07:16,684 - INFO - HTTP Request: HEAD https://hf-mirror.com/BAAI/bge-large-zh-v1.5/resolve/main/tokenizer_config.json "HTTP/1.1 307 Temporary Redirect"
2026-04-27 14:07:16,817 - INFO - HTTP Request: HEAD https://hf-mirror.com/api/resolve-cache/models/BAAI/bge-large-zh-v1.5/79e7739b6ab944e86d6171e44d24c997fc1e0116/tokenizer_config.json "HTTP/1.1 200 OK"
2026-04-27 14:07:16,900 - INFO - HTTP Request: HEAD https://hf-mirror.com/BAAI/bge-large-zh-v1.5/resolve/refs%2Fpr%2F35/model.safetensors "HTTP/1.1 302 Found"
2026-04-27 14:07:16,979 - INFO - HTTP Request: GET https://hf-mirror.com/api/models/BAAI/bge-large-zh-v1.5/tree/main/additional_chat_templates?recursive=false&expand=false "HTTP/1.1 404 Not Found"
2026-04-27 14:07:17,135 - INFO - HTTP Request: GET https://hf-mirror.com/api/models/BAAI/bge-large-zh-v1.5/tree/main?recursive=true&expand=false "HTTP/1.1 200 OK"
2026-04-27 14:07:17,534 - INFO - HTTP Request: HEAD https://hf-mirror.com/BAAI/bge-large-zh-v1.5/resolve/main/1_Pooling/config.json "HTTP/1.1 307 Temporary Redirect"
2026-04-27 14:07:17,748 - INFO - HTTP Request: HEAD https://hf-mirror.com/api/resolve-cache/models/BAAI/bge-large-zh-v1.5/79e7739b6ab944e86d6171e44d24c997fc1e0116/1_Pooling%2Fconfig.json "HTTP/1.1 200 OK"
2026-04-27 14:07:17,992 - INFO - HTTP Request: GET https://hf-mirror.com/api/models/BAAI/bge-large-zh-v1.5 "HTTP/1.1 200 OK"
2026-04-27 14:07:18,769 - INFO - 📐 动态设定 HDBSCAN 最小聚类体积: 121
2026-04-27 14:07:18,769 - INFO - 🚀 阶段0：预计算文档完整语义 Embedding...
2026-04-27 14:13:15,155 - INFO - 🚀 阶段1：开始执行 Guided BERTopic 聚类...
2026-04-27 14:13:57,486 - INFO - 📊 初始主题数: 35 个
2026-04-27 14:13:57,486 - INFO - 🔄 阶段2.1：微调合并控制主题数不超过 30...
2026-04-27 14:14:00,307 - INFO - 🔄 阶段2.2：执行离群点归队回收（适中阈值: 0.3）...
2026-04-27 14:14:02,415 - INFO - 🎯 阶段3：执行低置信度主题处理...
2026-04-27 14:14:02,611 - INFO - 📊 训练完成，总耗时: 403.84秒
2026-04-27 14:14:02,611 - INFO - 📈 正在评估聚类质量...
2026-04-27 14:14:02,619 - INFO - 💾 阶段5：正在保存完整结果...
2026-04-27 14:14:03,025 - INFO - ✅ 处理全流程结束，所有文件均已输出至：E:\document\PG\studio\content\bertopic_results_optimized
2026-04-27 14:14:03,025 - INFO - 🎉 全部流程执行完毕！
2026-04-27 14:23:39,565 - INFO - 📂 正在加载数据: E:\document\PG\studio\content\bertopic_ready_data\bertopic_train_data.csv
2026-04-27 14:23:39,870 - INFO - 📊 原始有效数据量: 18255 条
2026-04-27 14:23:39,912 - INFO - 🔧 初始化 BERTopic 流水线...
2026-04-27 14:23:39,935 - INFO - 🤖 使用设备: cuda
2026-04-27 14:23:39,937 - INFO - Load pretrained SentenceTransformer: BAAI/bge-large-zh-v1.5
2026-04-27 14:23:42,105 - INFO - HTTP Request: HEAD https://hf-mirror.com/BAAI/bge-large-zh-v1.5/resolve/main/modules.json "HTTP/1.1 307 Temporary Redirect"
2026-04-27 14:23:42,510 - INFO - HTTP Request: HEAD https://hf-mirror.com/api/resolve-cache/models/BAAI/bge-large-zh-v1.5/79e7739b6ab944e86d6171e44d24c997fc1e0116/modules.json "HTTP/1.1 200 OK"
2026-04-27 14:23:42,826 - INFO - HTTP Request: HEAD https://hf-mirror.com/BAAI/bge-large-zh-v1.5/resolve/main/config_sentence_transformers.json "HTTP/1.1 307 Temporary Redirect"
2026-04-27 14:23:42,923 - INFO - HTTP Request: HEAD https://hf-mirror.com/api/resolve-cache/models/BAAI/bge-large-zh-v1.5/79e7739b6ab944e86d6171e44d24c997fc1e0116/config_sentence_transformers.json "HTTP/1.1 200 OK"
2026-04-27 14:23:43,227 - INFO - HTTP Request: HEAD https://hf-mirror.com/BAAI/bge-large-zh-v1.5/resolve/main/config_sentence_transformers.json "HTTP/1.1 307 Temporary Redirect"
2026-04-27 14:23:43,681 - INFO - HTTP Request: HEAD https://hf-mirror.com/api/resolve-cache/models/BAAI/bge-large-zh-v1.5/79e7739b6ab944e86d6171e44d24c997fc1e0116/config_sentence_transformers.json "HTTP/1.1 200 OK"
2026-04-27 14:23:44,115 - INFO - HTTP Request: HEAD https://hf-mirror.com/BAAI/bge-large-zh-v1.5/resolve/main/README.md "HTTP/1.1 307 Temporary Redirect"
2026-04-27 14:23:44,268 - INFO - HTTP Request: HEAD https://hf-mirror.com/api/resolve-cache/models/BAAI/bge-large-zh-v1.5/79e7739b6ab944e86d6171e44d24c997fc1e0116/README.md "HTTP/1.1 200 OK"
2026-04-27 14:23:44,534 - INFO - HTTP Request: HEAD https://hf-mirror.com/BAAI/bge-large-zh-v1.5/resolve/main/modules.json "HTTP/1.1 307 Temporary Redirect"
2026-04-27 14:23:44,666 - INFO - HTTP Request: HEAD https://hf-mirror.com/api/resolve-cache/models/BAAI/bge-large-zh-v1.5/79e7739b6ab944e86d6171e44d24c997fc1e0116/modules.json "HTTP/1.1 200 OK"
2026-04-27 14:23:45,003 - INFO - HTTP Request: HEAD https://hf-mirror.com/BAAI/bge-large-zh-v1.5/resolve/main/sentence_bert_config.json "HTTP/1.1 307 Temporary Redirect"
2026-04-27 14:23:45,343 - INFO - HTTP Request: HEAD https://hf-mirror.com/api/resolve-cache/models/BAAI/bge-large-zh-v1.5/79e7739b6ab944e86d6171e44d24c997fc1e0116/sentence_bert_config.json "HTTP/1.1 200 OK"
2026-04-27 14:23:45,824 - INFO - HTTP Request: HEAD https://hf-mirror.com/BAAI/bge-large-zh-v1.5/resolve/main/adapter_config.json "HTTP/1.1 404 Not Found"
2026-04-27 14:23:46,273 - INFO - HTTP Request: HEAD https://hf-mirror.com/BAAI/bge-large-zh-v1.5/resolve/main/config.json "HTTP/1.1 307 Temporary Redirect"
2026-04-27 14:23:46,440 - INFO - HTTP Request: HEAD https://hf-mirror.com/api/resolve-cache/models/BAAI/bge-large-zh-v1.5/79e7739b6ab944e86d6171e44d24c997fc1e0116/config.json "HTTP/1.1 200 OK"
2026-04-27 14:23:46,979 - INFO - HTTP Request: HEAD https://hf-mirror.com/BAAI/bge-large-zh-v1.5/resolve/main/config.json "HTTP/1.1 307 Temporary Redirect"
2026-04-27 14:23:47,173 - INFO - HTTP Request: HEAD https://hf-mirror.com/api/resolve-cache/models/BAAI/bge-large-zh-v1.5/79e7739b6ab944e86d6171e44d24c997fc1e0116/config.json "HTTP/1.1 200 OK"
2026-04-27 14:23:47,557 - INFO - HTTP Request: HEAD https://hf-mirror.com/BAAI/bge-large-zh-v1.5/resolve/main/model.safetensors "HTTP/1.1 404 Not Found"
2026-04-27 14:23:47,734 - INFO - HTTP Request: GET https://hf-mirror.com/api/models/BAAI/bge-large-zh-v1.5 "HTTP/1.1 200 OK"
2026-04-27 14:23:47,967 - INFO - HTTP Request: GET https://hf-mirror.com/api/models/BAAI/bge-large-zh-v1.5/commits/main "HTTP/1.1 200 OK"
2026-04-27 14:23:48,203 - INFO - HTTP Request: GET https://hf-mirror.com/api/models/BAAI/bge-large-zh-v1.5/discussions?p=0 "HTTP/1.1 200 OK"
2026-04-27 14:23:48,443 - INFO - HTTP Request: GET https://hf-mirror.com/api/models/BAAI/bge-large-zh-v1.5/commits/refs%2Fpr%2F35 "HTTP/1.1 200 OK"
2026-04-27 14:23:48,455 - INFO - HTTP Request: HEAD https://hf-mirror.com/BAAI/bge-large-zh-v1.5/resolve/main/config.json "HTTP/1.1 307 Temporary Redirect"
2026-04-27 14:23:48,685 - INFO - HTTP Request: HEAD https://hf-mirror.com/api/resolve-cache/models/BAAI/bge-large-zh-v1.5/79e7739b6ab944e86d6171e44d24c997fc1e0116/config.json "HTTP/1.1 200 OK"
2026-04-27 14:23:48,767 - INFO - HTTP Request: HEAD https://hf-mirror.com/BAAI/bge-large-zh-v1.5/resolve/refs%2Fpr%2F35/model.safetensors.index.json "HTTP/1.1 404 Not Found"
2026-04-27 14:23:49,081 - INFO - HTTP Request: HEAD https://hf-mirror.com/BAAI/bge-large-zh-v1.5/resolve/main/tokenizer_config.json "HTTP/1.1 307 Temporary Redirect"
2026-04-27 14:23:49,234 - INFO - HTTP Request: HEAD https://hf-mirror.com/api/resolve-cache/models/BAAI/bge-large-zh-v1.5/79e7739b6ab944e86d6171e44d24c997fc1e0116/tokenizer_config.json "HTTP/1.1 200 OK"
2026-04-27 14:23:49,388 - INFO - HTTP Request: GET https://hf-mirror.com/api/models/BAAI/bge-large-zh-v1.5/tree/main/additional_chat_templates?recursive=false&expand=false "HTTP/1.1 404 Not Found"
2026-04-27 14:23:49,393 - INFO - HTTP Request: HEAD https://hf-mirror.com/BAAI/bge-large-zh-v1.5/resolve/refs%2Fpr%2F35/model.safetensors "HTTP/1.1 302 Found"
2026-04-27 14:23:49,874 - INFO - HTTP Request: GET https://hf-mirror.com/api/models/BAAI/bge-large-zh-v1.5/tree/main?recursive=true&expand=false "HTTP/1.1 200 OK"
2026-04-27 14:23:50,188 - INFO - HTTP Request: HEAD https://hf-mirror.com/BAAI/bge-large-zh-v1.5/resolve/main/1_Pooling/config.json "HTTP/1.1 307 Temporary Redirect"
2026-04-27 14:23:50,346 - INFO - HTTP Request: HEAD https://hf-mirror.com/api/resolve-cache/models/BAAI/bge-large-zh-v1.5/79e7739b6ab944e86d6171e44d24c997fc1e0116/1_Pooling%2Fconfig.json "HTTP/1.1 200 OK"
2026-04-27 14:23:50,523 - INFO - HTTP Request: GET https://hf-mirror.com/api/models/BAAI/bge-large-zh-v1.5 "HTTP/1.1 200 OK"
2026-04-27 14:23:52,293 - INFO - 📐 动态设定 HDBSCAN 最小聚类体积: 121
2026-04-27 14:23:52,293 - INFO - 🚀 阶段0：预计算文档完整语义 Embedding...
2026-04-27 14:29:48,258 - INFO - 🚀 阶段1：开始执行 Guided BERTopic 聚类...
2026-04-27 14:30:31,241 - INFO - 📊 初始主题数: 30 个
2026-04-27 14:30:31,242 - INFO - 🔄 阶段2.2：执行离群点归队回收（适中阈值: 0.3）...
2026-04-27 14:30:33,266 - INFO - 🎯 阶段3：执行低置信度主题处理...
2026-04-27 14:30:33,379 - INFO -    🔗 计划合并弱主题 T13 -> T13 (相似度: 1.000)
2026-04-27 14:30:33,493 - INFO -    执行最终合并，共涉及 1 组聚类操作...
2026-04-27 14:30:35,729 - INFO - 📊 训练完成，总耗时: 403.44秒
2026-04-27 14:30:35,729 - INFO - 📈 正在评估聚类质量...
2026-04-27 14:30:35,739 - INFO - 💾 阶段5：正在保存完整结果...
2026-04-27 14:30:36,149 - INFO - ✅ 处理全流程结束，所有文件均已输出至：E:\document\PG\studio\content\bertopic_results_optimized
2026-04-27 14:30:36,150 - INFO - 🎉 全部流程执行完毕！
2026-04-27 14:31:19,526 - INFO - 📂 正在加载数据: E:\document\PG\studio\content\bertopic_ready_data\bertopic_train_data.csv
2026-04-27 14:31:19,819 - INFO - 📊 原始有效数据量: 18255 条
2026-04-27 14:31:19,858 - INFO - 🔧 初始化 BERTopic 流水线...
2026-04-27 14:31:19,874 - INFO - 🤖 使用设备: cuda
2026-04-27 14:31:19,878 - INFO - Load pretrained SentenceTransformer: BAAI/bge-large-zh-v1.5
2026-04-27 14:31:20,838 - INFO - HTTP Request: HEAD https://hf-mirror.com/BAAI/bge-large-zh-v1.5/resolve/main/modules.json "HTTP/1.1 307 Temporary Redirect"
2026-04-27 14:31:21,137 - INFO - HTTP Request: HEAD https://hf-mirror.com/api/resolve-cache/models/BAAI/bge-large-zh-v1.5/79e7739b6ab944e86d6171e44d24c997fc1e0116/modules.json "HTTP/1.1 200 OK"
2026-04-27 14:31:21,543 - INFO - HTTP Request: HEAD https://hf-mirror.com/BAAI/bge-large-zh-v1.5/resolve/main/config_sentence_transformers.json "HTTP/1.1 307 Temporary Redirect"
2026-04-27 14:31:21,819 - INFO - HTTP Request: HEAD https://hf-mirror.com/api/resolve-cache/models/BAAI/bge-large-zh-v1.5/79e7739b6ab944e86d6171e44d24c997fc1e0116/config_sentence_transformers.json "HTTP/1.1 200 OK"
2026-04-27 14:31:22,156 - INFO - HTTP Request: HEAD https://hf-mirror.com/BAAI/bge-large-zh-v1.5/resolve/main/config_sentence_transformers.json "HTTP/1.1 307 Temporary Redirect"
2026-04-27 14:31:22,466 - INFO - HTTP Request: HEAD https://hf-mirror.com/api/resolve-cache/models/BAAI/bge-large-zh-v1.5/79e7739b6ab944e86d6171e44d24c997fc1e0116/config_sentence_transformers.json "HTTP/1.1 200 OK"
2026-04-27 14:31:22,878 - INFO - HTTP Request: HEAD https://hf-mirror.com/BAAI/bge-large-zh-v1.5/resolve/main/README.md "HTTP/1.1 307 Temporary Redirect"
2026-04-27 14:31:23,182 - INFO - HTTP Request: HEAD https://hf-mirror.com/api/resolve-cache/models/BAAI/bge-large-zh-v1.5/79e7739b6ab944e86d6171e44d24c997fc1e0116/README.md "HTTP/1.1 200 OK"
2026-04-27 14:31:23,648 - INFO - HTTP Request: HEAD https://hf-mirror.com/BAAI/bge-large-zh-v1.5/resolve/main/modules.json "HTTP/1.1 307 Temporary Redirect"
2026-04-27 14:31:23,882 - INFO - HTTP Request: HEAD https://hf-mirror.com/api/resolve-cache/models/BAAI/bge-large-zh-v1.5/79e7739b6ab944e86d6171e44d24c997fc1e0116/modules.json "HTTP/1.1 200 OK"
2026-04-27 14:31:24,423 - INFO - HTTP Request: HEAD https://hf-mirror.com/BAAI/bge-large-zh-v1.5/resolve/main/sentence_bert_config.json "HTTP/1.1 307 Temporary Redirect"
2026-04-27 14:31:24,629 - INFO - HTTP Request: HEAD https://hf-mirror.com/api/resolve-cache/models/BAAI/bge-large-zh-v1.5/79e7739b6ab944e86d6171e44d24c997fc1e0116/sentence_bert_config.json "HTTP/1.1 200 OK"
2026-04-27 14:31:25,026 - INFO - HTTP Request: HEAD https://hf-mirror.com/BAAI/bge-large-zh-v1.5/resolve/main/adapter_config.json "HTTP/1.1 404 Not Found"
2026-04-27 14:31:25,432 - INFO - HTTP Request: HEAD https://hf-mirror.com/BAAI/bge-large-zh-v1.5/resolve/main/config.json "HTTP/1.1 307 Temporary Redirect"
2026-04-27 14:31:25,814 - INFO - HTTP Request: HEAD https://hf-mirror.com/api/resolve-cache/models/BAAI/bge-large-zh-v1.5/79e7739b6ab944e86d6171e44d24c997fc1e0116/config.json "HTTP/1.1 200 OK"
2026-04-27 14:31:26,363 - INFO - HTTP Request: HEAD https://hf-mirror.com/BAAI/bge-large-zh-v1.5/resolve/main/config.json "HTTP/1.1 307 Temporary Redirect"
2026-04-27 14:31:26,563 - INFO - HTTP Request: HEAD https://hf-mirror.com/api/resolve-cache/models/BAAI/bge-large-zh-v1.5/79e7739b6ab944e86d6171e44d24c997fc1e0116/config.json "HTTP/1.1 200 OK"
2026-04-27 14:31:26,980 - INFO - HTTP Request: HEAD https://hf-mirror.com/BAAI/bge-large-zh-v1.5/resolve/main/model.safetensors "HTTP/1.1 404 Not Found"
2026-04-27 14:31:27,900 - INFO - HTTP Request: HEAD https://hf-mirror.com/BAAI/bge-large-zh-v1.5/resolve/main/config.json "HTTP/1.1 307 Temporary Redirect"
2026-04-27 14:31:28,303 - INFO - HTTP Request: GET https://hf-mirror.com/api/models/BAAI/bge-large-zh-v1.5 "HTTP/1.1 200 OK"
2026-04-27 14:31:28,508 - INFO - HTTP Request: HEAD https://hf-mirror.com/api/resolve-cache/models/BAAI/bge-large-zh-v1.5/79e7739b6ab944e86d6171e44d24c997fc1e0116/config.json "HTTP/1.1 200 OK"
2026-04-27 14:31:28,522 - INFO - HTTP Request: GET https://hf-mirror.com/api/models/BAAI/bge-large-zh-v1.5/commits/main "HTTP/1.1 200 OK"
2026-04-27 14:31:28,724 - INFO - HTTP Request: GET https://hf-mirror.com/api/models/BAAI/bge-large-zh-v1.5/discussions?p=0 "HTTP/1.1 200 OK"
2026-04-27 14:31:28,915 - INFO - HTTP Request: GET https://hf-mirror.com/api/models/BAAI/bge-large-zh-v1.5/commits/refs%2Fpr%2F35 "HTTP/1.1 200 OK"
2026-04-27 14:31:29,074 - INFO - HTTP Request: HEAD https://hf-mirror.com/BAAI/bge-large-zh-v1.5/resolve/main/tokenizer_config.json "HTTP/1.1 307 Temporary Redirect"
2026-04-27 14:31:29,234 - INFO - HTTP Request: HEAD https://hf-mirror.com/BAAI/bge-large-zh-v1.5/resolve/refs%2Fpr%2F35/model.safetensors.index.json "HTTP/1.1 404 Not Found"
2026-04-27 14:31:29,234 - INFO - HTTP Request: HEAD https://hf-mirror.com/api/resolve-cache/models/BAAI/bge-large-zh-v1.5/79e7739b6ab944e86d6171e44d24c997fc1e0116/tokenizer_config.json "HTTP/1.1 200 OK"
2026-04-27 14:31:29,393 - INFO - HTTP Request: GET https://hf-mirror.com/api/models/BAAI/bge-large-zh-v1.5/tree/main/additional_chat_templates?recursive=false&expand=false "HTTP/1.1 404 Not Found"
2026-04-27 14:31:29,551 - INFO - HTTP Request: HEAD https://hf-mirror.com/BAAI/bge-large-zh-v1.5/resolve/refs%2Fpr%2F35/model.safetensors "HTTP/1.1 302 Found"
2026-04-27 14:31:29,636 - INFO - HTTP Request: GET https://hf-mirror.com/api/models/BAAI/bge-large-zh-v1.5/tree/main?recursive=true&expand=false "HTTP/1.1 200 OK"
2026-04-27 14:31:29,989 - INFO - HTTP Request: HEAD https://hf-mirror.com/BAAI/bge-large-zh-v1.5/resolve/main/1_Pooling/config.json "HTTP/1.1 307 Temporary Redirect"
2026-04-27 14:31:30,272 - INFO - HTTP Request: HEAD https://hf-mirror.com/api/resolve-cache/models/BAAI/bge-large-zh-v1.5/79e7739b6ab944e86d6171e44d24c997fc1e0116/1_Pooling%2Fconfig.json "HTTP/1.1 200 OK"
2026-04-27 14:31:30,445 - INFO - HTTP Request: GET https://hf-mirror.com/api/models/BAAI/bge-large-zh-v1.5 "HTTP/1.1 200 OK"
2026-04-27 14:31:31,175 - INFO - 📐 动态设定 HDBSCAN 最小聚类体积: 121
2026-04-27 14:31:31,175 - INFO - 🚀 阶段0：预计算文档完整语义 Embedding...
2026-04-27 14:37:29,685 - INFO - 🚀 阶段1：开始执行 Guided BERTopic 聚类...
2026-04-27 14:38:09,131 - INFO - 📊 初始主题数: 30 个
2026-04-27 14:38:09,131 - INFO - 🔄 阶段2.2：执行离群点归队回收（适中阈值: 0.3）...
2026-04-27 14:38:11,045 - INFO - 🎯 阶段3：执行低置信度主题处理...
2026-04-27 14:38:11,149 - INFO -    🔗 计划合并弱主题 T13 -> T13 (相似度: 1.000)
2026-04-27 14:38:11,247 - INFO -    执行最终合并，共涉及 1 组聚类操作...
2026-04-27 14:38:13,308 - INFO - 📊 训练完成，总耗时: 402.13秒
2026-04-27 14:38:13,308 - INFO - 📈 正在评估聚类质量...
2026-04-27 14:38:13,317 - INFO - 💾 阶段5：正在保存完整结果...
2026-04-27 14:38:13,698 - INFO - ✅ 处理全流程结束，所有文件均已输出至：E:\document\PG\studio\content\bertopic_results_optimized
2026-04-27 14:38:13,698 - INFO - 🎉 全部流程执行完毕！
2026-04-27 14:39:05,470 - INFO - 📂 正在加载数据: E:\document\PG\studio\content\bertopic_ready_data\bertopic_train_data.csv
2026-04-27 14:39:05,761 - INFO - 📊 原始有效数据量: 18255 条
2026-04-27 14:39:05,802 - INFO - 🔧 初始化 BERTopic 流水线...
2026-04-27 14:39:05,816 - INFO - 🤖 使用设备: cuda
2026-04-27 14:39:05,818 - INFO - Load pretrained SentenceTransformer: BAAI/bge-large-zh-v1.5
2026-04-27 14:39:06,755 - INFO - HTTP Request: HEAD https://hf-mirror.com/BAAI/bge-large-zh-v1.5/resolve/main/modules.json "HTTP/1.1 307 Temporary Redirect"
2026-04-27 14:39:07,023 - INFO - HTTP Request: HEAD https://hf-mirror.com/api/resolve-cache/models/BAAI/bge-large-zh-v1.5/79e7739b6ab944e86d6171e44d24c997fc1e0116/modules.json "HTTP/1.1 200 OK"
2026-04-27 14:39:07,369 - INFO - HTTP Request: HEAD https://hf-mirror.com/BAAI/bge-large-zh-v1.5/resolve/main/config_sentence_transformers.json "HTTP/1.1 307 Temporary Redirect"
2026-04-27 14:39:07,574 - INFO - HTTP Request: HEAD https://hf-mirror.com/api/resolve-cache/models/BAAI/bge-large-zh-v1.5/79e7739b6ab944e86d6171e44d24c997fc1e0116/config_sentence_transformers.json "HTTP/1.1 200 OK"
2026-04-27 14:39:07,913 - INFO - HTTP Request: HEAD https://hf-mirror.com/BAAI/bge-large-zh-v1.5/resolve/main/config_sentence_transformers.json "HTTP/1.1 307 Temporary Redirect"
2026-04-27 14:39:08,271 - INFO - HTTP Request: HEAD https://hf-mirror.com/api/resolve-cache/models/BAAI/bge-large-zh-v1.5/79e7739b6ab944e86d6171e44d24c997fc1e0116/config_sentence_transformers.json "HTTP/1.1 200 OK"
2026-04-27 14:39:08,610 - INFO - HTTP Request: HEAD https://hf-mirror.com/BAAI/bge-large-zh-v1.5/resolve/main/README.md "HTTP/1.1 307 Temporary Redirect"
2026-04-27 14:39:08,805 - INFO - HTTP Request: HEAD https://hf-mirror.com/api/resolve-cache/models/BAAI/bge-large-zh-v1.5/79e7739b6ab944e86d6171e44d24c997fc1e0116/README.md "HTTP/1.1 200 OK"
2026-04-27 14:39:09,316 - INFO - HTTP Request: HEAD https://hf-mirror.com/BAAI/bge-large-zh-v1.5/resolve/main/modules.json "HTTP/1.1 307 Temporary Redirect"
2026-04-27 14:39:09,816 - INFO - HTTP Request: HEAD https://hf-mirror.com/api/resolve-cache/models/BAAI/bge-large-zh-v1.5/79e7739b6ab944e86d6171e44d24c997fc1e0116/modules.json "HTTP/1.1 200 OK"
2026-04-27 14:39:10,218 - INFO - HTTP Request: HEAD https://hf-mirror.com/BAAI/bge-large-zh-v1.5/resolve/main/sentence_bert_config.json "HTTP/1.1 307 Temporary Redirect"
2026-04-27 14:39:10,449 - INFO - HTTP Request: HEAD https://hf-mirror.com/api/resolve-cache/models/BAAI/bge-large-zh-v1.5/79e7739b6ab944e86d6171e44d24c997fc1e0116/sentence_bert_config.json "HTTP/1.1 200 OK"
2026-04-27 14:39:11,082 - INFO - HTTP Request: HEAD https://hf-mirror.com/BAAI/bge-large-zh-v1.5/resolve/main/adapter_config.json "HTTP/1.1 404 Not Found"
2026-04-27 14:39:11,567 - INFO - HTTP Request: HEAD https://hf-mirror.com/BAAI/bge-large-zh-v1.5/resolve/main/config.json "HTTP/1.1 307 Temporary Redirect"
2026-04-27 14:39:11,859 - INFO - HTTP Request: HEAD https://hf-mirror.com/api/resolve-cache/models/BAAI/bge-large-zh-v1.5/79e7739b6ab944e86d6171e44d24c997fc1e0116/config.json "HTTP/1.1 200 OK"
2026-04-27 14:39:12,286 - INFO - HTTP Request: HEAD https://hf-mirror.com/BAAI/bge-large-zh-v1.5/resolve/main/config.json "HTTP/1.1 307 Temporary Redirect"
2026-04-27 14:39:12,795 - INFO - HTTP Request: HEAD https://hf-mirror.com/api/resolve-cache/models/BAAI/bge-large-zh-v1.5/79e7739b6ab944e86d6171e44d24c997fc1e0116/config.json "HTTP/1.1 200 OK"
2026-04-27 14:39:13,205 - INFO - HTTP Request: HEAD https://hf-mirror.com/BAAI/bge-large-zh-v1.5/resolve/main/model.safetensors "HTTP/1.1 404 Not Found"
2026-04-27 14:39:13,496 - INFO - HTTP Request: GET https://hf-mirror.com/api/models/BAAI/bge-large-zh-v1.5 "HTTP/1.1 200 OK"
2026-04-27 14:39:13,651 - INFO - HTTP Request: GET https://hf-mirror.com/api/models/BAAI/bge-large-zh-v1.5/commits/main "HTTP/1.1 200 OK"
2026-04-27 14:39:13,825 - INFO - HTTP Request: GET https://hf-mirror.com/api/models/BAAI/bge-large-zh-v1.5/discussions?p=0 "HTTP/1.1 200 OK"
2026-04-27 14:39:14,129 - INFO - HTTP Request: GET https://hf-mirror.com/api/models/BAAI/bge-large-zh-v1.5/commits/refs%2Fpr%2F35 "HTTP/1.1 200 OK"
2026-04-27 14:39:14,230 - INFO - HTTP Request: HEAD https://hf-mirror.com/BAAI/bge-large-zh-v1.5/resolve/main/config.json "HTTP/1.1 307 Temporary Redirect"
2026-04-27 14:39:14,753 - INFO - HTTP Request: HEAD https://hf-mirror.com/BAAI/bge-large-zh-v1.5/resolve/refs%2Fpr%2F35/model.safetensors.index.json "HTTP/1.1 404 Not Found"
2026-04-27 14:39:14,946 - INFO - HTTP Request: HEAD https://hf-mirror.com/api/resolve-cache/models/BAAI/bge-large-zh-v1.5/79e7739b6ab944e86d6171e44d24c997fc1e0116/config.json "HTTP/1.1 200 OK"
2026-04-27 14:39:15,102 - INFO - HTTP Request: HEAD https://hf-mirror.com/BAAI/bge-large-zh-v1.5/resolve/refs%2Fpr%2F35/model.safetensors "HTTP/1.1 302 Found"
2026-04-27 14:39:15,428 - INFO - HTTP Request: HEAD https://hf-mirror.com/BAAI/bge-large-zh-v1.5/resolve/main/tokenizer_config.json "HTTP/1.1 307 Temporary Redirect"
2026-04-27 14:39:16,585 - INFO - HTTP Request: HEAD https://hf-mirror.com/api/resolve-cache/models/BAAI/bge-large-zh-v1.5/79e7739b6ab944e86d6171e44d24c997fc1e0116/tokenizer_config.json "HTTP/1.1 200 OK"
2026-04-27 14:39:16,791 - INFO - HTTP Request: GET https://hf-mirror.com/api/models/BAAI/bge-large-zh-v1.5/tree/main/additional_chat_templates?recursive=false&expand=false "HTTP/1.1 404 Not Found"
2026-04-27 14:39:17,097 - INFO - HTTP Request: GET https://hf-mirror.com/api/models/BAAI/bge-large-zh-v1.5/tree/main?recursive=true&expand=false "HTTP/1.1 200 OK"
2026-04-27 14:39:17,508 - INFO - HTTP Request: HEAD https://hf-mirror.com/BAAI/bge-large-zh-v1.5/resolve/main/1_Pooling/config.json "HTTP/1.1 307 Temporary Redirect"
2026-04-27 14:39:18,419 - INFO - HTTP Request: HEAD https://hf-mirror.com/api/resolve-cache/models/BAAI/bge-large-zh-v1.5/79e7739b6ab944e86d6171e44d24c997fc1e0116/1_Pooling%2Fconfig.json "HTTP/1.1 200 OK"
2026-04-27 14:39:18,739 - INFO - HTTP Request: GET https://hf-mirror.com/api/models/BAAI/bge-large-zh-v1.5 "HTTP/1.1 200 OK"
2026-04-27 14:39:19,505 - INFO - 📐 动态设定 HDBSCAN 最小聚类体积: 121
2026-04-27 14:39:19,505 - INFO - 🚀 阶段0：预计算文档完整语义 Embedding...
2026-04-27 14:45:16,045 - INFO - 🚀 阶段1：开始执行 Guided BERTopic 聚类...
2026-04-27 14:45:58,263 - INFO - 📊 初始主题数: 33 个
2026-04-27 14:45:58,263 - INFO - 🔄 阶段2.1：微调合并控制主题数不超过 30...
2026-04-27 14:46:01,115 - INFO - 🔄 阶段2.2：执行离群点归队回收（适中阈值: 0.3）...
2026-04-27 14:46:02,945 - INFO - 🎯 阶段3：执行低置信度主题处理...
2026-04-27 14:46:03,051 - INFO -    🔗 计划合并弱主题 T19 -> T19 (相似度: 1.000)
2026-04-27 14:46:03,180 - INFO -    🔗 计划合并弱主题 T25 -> T25 (相似度: 1.000)
2026-04-27 14:46:03,277 - INFO -    执行最终合并，共涉及 2 组聚类操作...
2026-04-27 14:46:05,365 - INFO - 📊 训练完成，总耗时: 405.86秒
2026-04-27 14:46:05,365 - INFO - 📈 正在评估聚类质量...
2026-04-27 14:46:05,373 - INFO - 💾 阶段5：正在保存完整结果...
2026-04-27 14:46:05,767 - INFO - ✅ 处理全流程结束，所有文件均已输出至：E:\document\PG\studio\content\bertopic_results_optimized
2026-04-27 14:46:05,767 - INFO - 🎉 全部流程执行完毕！
2026-04-27 14:46:47,058 - INFO - 📂 正在加载数据: E:\document\PG\studio\content\bertopic_ready_data\bertopic_train_data.csv
2026-04-27 14:46:47,347 - INFO - 📊 原始有效数据量: 18255 条
2026-04-27 14:46:47,388 - INFO - 🔧 初始化 BERTopic 流水线...
2026-04-27 14:46:47,407 - INFO - 🤖 使用设备: cuda
2026-04-27 14:46:47,408 - INFO - Load pretrained SentenceTransformer: BAAI/bge-large-zh-v1.5
2026-04-27 14:46:48,896 - INFO - HTTP Request: HEAD https://hf-mirror.com/BAAI/bge-large-zh-v1.5/resolve/main/modules.json "HTTP/1.1 307 Temporary Redirect"
2026-04-27 14:46:49,099 - INFO - HTTP Request: HEAD https://hf-mirror.com/api/resolve-cache/models/BAAI/bge-large-zh-v1.5/79e7739b6ab944e86d6171e44d24c997fc1e0116/modules.json "HTTP/1.1 200 OK"
2026-04-27 14:46:49,511 - INFO - HTTP Request: HEAD https://hf-mirror.com/BAAI/bge-large-zh-v1.5/resolve/main/config_sentence_transformers.json "HTTP/1.1 307 Temporary Redirect"
2026-04-27 14:46:49,729 - INFO - HTTP Request: HEAD https://hf-mirror.com/api/resolve-cache/models/BAAI/bge-large-zh-v1.5/79e7739b6ab944e86d6171e44d24c997fc1e0116/config_sentence_transformers.json "HTTP/1.1 200 OK"
2026-04-27 14:46:50,840 - INFO - HTTP Request: HEAD https://hf-mirror.com/BAAI/bge-large-zh-v1.5/resolve/main/config_sentence_transformers.json "HTTP/1.1 307 Temporary Redirect"
2026-04-27 14:46:51,158 - INFO - HTTP Request: HEAD https://hf-mirror.com/api/resolve-cache/models/BAAI/bge-large-zh-v1.5/79e7739b6ab944e86d6171e44d24c997fc1e0116/config_sentence_transformers.json "HTTP/1.1 200 OK"
2026-04-27 14:46:51,558 - INFO - HTTP Request: HEAD https://hf-mirror.com/BAAI/bge-large-zh-v1.5/resolve/main/README.md "HTTP/1.1 307 Temporary Redirect"
2026-04-27 14:46:51,817 - INFO - HTTP Request: HEAD https://hf-mirror.com/api/resolve-cache/models/BAAI/bge-large-zh-v1.5/79e7739b6ab944e86d6171e44d24c997fc1e0116/README.md "HTTP/1.1 200 OK"
2026-04-27 14:46:52,482 - INFO - HTTP Request: HEAD https://hf-mirror.com/BAAI/bge-large-zh-v1.5/resolve/main/modules.json "HTTP/1.1 307 Temporary Redirect"
2026-04-27 14:46:53,004 - INFO - HTTP Request: HEAD https://hf-mirror.com/api/resolve-cache/models/BAAI/bge-large-zh-v1.5/79e7739b6ab944e86d6171e44d24c997fc1e0116/modules.json "HTTP/1.1 200 OK"
2026-04-27 14:46:53,297 - INFO - HTTP Request: HEAD https://hf-mirror.com/BAAI/bge-large-zh-v1.5/resolve/main/sentence_bert_config.json "HTTP/1.1 307 Temporary Redirect"
2026-04-27 14:46:53,507 - INFO - HTTP Request: HEAD https://hf-mirror.com/api/resolve-cache/models/BAAI/bge-large-zh-v1.5/79e7739b6ab944e86d6171e44d24c997fc1e0116/sentence_bert_config.json "HTTP/1.1 200 OK"
2026-04-27 14:46:53,847 - INFO - HTTP Request: HEAD https://hf-mirror.com/BAAI/bge-large-zh-v1.5/resolve/main/adapter_config.json "HTTP/1.1 404 Not Found"
2026-04-27 14:46:54,203 - INFO - HTTP Request: HEAD https://hf-mirror.com/BAAI/bge-large-zh-v1.5/resolve/main/config.json "HTTP/1.1 307 Temporary Redirect"
2026-04-27 14:46:54,423 - INFO - HTTP Request: HEAD https://hf-mirror.com/api/resolve-cache/models/BAAI/bge-large-zh-v1.5/79e7739b6ab944e86d6171e44d24c997fc1e0116/config.json "HTTP/1.1 200 OK"
2026-04-27 14:46:54,787 - INFO - HTTP Request: HEAD https://hf-mirror.com/BAAI/bge-large-zh-v1.5/resolve/main/config.json "HTTP/1.1 307 Temporary Redirect"
2026-04-27 14:46:55,139 - INFO - HTTP Request: HEAD https://hf-mirror.com/api/resolve-cache/models/BAAI/bge-large-zh-v1.5/79e7739b6ab944e86d6171e44d24c997fc1e0116/config.json "HTTP/1.1 200 OK"
2026-04-27 14:46:55,449 - INFO - HTTP Request: HEAD https://hf-mirror.com/BAAI/bge-large-zh-v1.5/resolve/main/model.safetensors "HTTP/1.1 404 Not Found"
2026-04-27 14:46:56,267 - INFO - HTTP Request: HEAD https://hf-mirror.com/BAAI/bge-large-zh-v1.5/resolve/main/config.json "HTTP/1.1 307 Temporary Redirect"
2026-04-27 14:46:56,472 - INFO - HTTP Request: HEAD https://hf-mirror.com/api/resolve-cache/models/BAAI/bge-large-zh-v1.5/79e7739b6ab944e86d6171e44d24c997fc1e0116/config.json "HTTP/1.1 200 OK"
2026-04-27 14:46:56,862 - INFO - HTTP Request: HEAD https://hf-mirror.com/BAAI/bge-large-zh-v1.5/resolve/main/tokenizer_config.json "HTTP/1.1 307 Temporary Redirect"
2026-04-27 14:46:57,048 - INFO - HTTP Request: HEAD https://hf-mirror.com/api/resolve-cache/models/BAAI/bge-large-zh-v1.5/79e7739b6ab944e86d6171e44d24c997fc1e0116/tokenizer_config.json "HTTP/1.1 200 OK"
2026-04-27 14:46:57,292 - INFO - HTTP Request: GET https://hf-mirror.com/api/models/BAAI/bge-large-zh-v1.5/tree/main/additional_chat_templates?recursive=false&expand=false "HTTP/1.1 404 Not Found"
2026-04-27 14:46:57,600 - INFO - HTTP Request: GET https://hf-mirror.com/api/models/BAAI/bge-large-zh-v1.5/tree/main?recursive=true&expand=false "HTTP/1.1 200 OK"
2026-04-27 14:46:58,008 - INFO - HTTP Request: HEAD https://hf-mirror.com/BAAI/bge-large-zh-v1.5/resolve/main/1_Pooling/config.json "HTTP/1.1 307 Temporary Redirect"
2026-04-27 14:46:58,418 - INFO - HTTP Request: HEAD https://hf-mirror.com/api/resolve-cache/models/BAAI/bge-large-zh-v1.5/79e7739b6ab944e86d6171e44d24c997fc1e0116/1_Pooling%2Fconfig.json "HTTP/1.1 200 OK"
2026-04-27 14:46:58,839 - INFO - HTTP Request: GET https://hf-mirror.com/api/models/BAAI/bge-large-zh-v1.5 "HTTP/1.1 200 OK"
2026-04-27 14:46:59,636 - INFO - 📐 动态设定 HDBSCAN 最小聚类体积: 121
2026-04-27 14:46:59,636 - INFO - 🚀 阶段0：预计算文档完整语义 Embedding...
2026-04-27 14:47:00,311 - INFO - HTTP Request: GET https://hf-mirror.com/api/models/BAAI/bge-large-zh-v1.5 "HTTP/1.1 200 OK"
2026-04-27 14:47:02,184 - INFO - HTTP Request: GET https://hf-mirror.com/api/models/BAAI/bge-large-zh-v1.5/commits/main "HTTP/1.1 200 OK"
2026-04-27 14:47:02,418 - INFO - HTTP Request: GET https://hf-mirror.com/api/models/BAAI/bge-large-zh-v1.5/discussions?p=0 "HTTP/1.1 200 OK"
2026-04-27 14:47:04,152 - INFO - HTTP Request: GET https://hf-mirror.com/api/models/BAAI/bge-large-zh-v1.5/commits/refs%2Fpr%2F35 "HTTP/1.1 200 OK"
2026-04-27 14:47:05,495 - INFO - HTTP Request: HEAD https://hf-mirror.com/BAAI/bge-large-zh-v1.5/resolve/refs%2Fpr%2F35/model.safetensors.index.json "HTTP/1.1 404 Not Found"
2026-04-27 14:47:05,804 - INFO - HTTP Request: HEAD https://hf-mirror.com/BAAI/bge-large-zh-v1.5/resolve/refs%2Fpr%2F35/model.safetensors "HTTP/1.1 302 Found"
2026-04-27 14:52:57,082 - INFO - 🚀 阶段1：开始执行 Guided BERTopic 聚类...
2026-04-27 14:53:38,023 - INFO - 📊 初始主题数: 30 个
2026-04-27 14:53:38,023 - INFO - 🔄 阶段2.2：执行离群点归队回收（适中阈值: 0.3）...
2026-04-27 14:53:39,945 - INFO - 🎯 阶段3：执行低置信度主题处理...
2026-04-27 14:53:40,052 - INFO -    🔗 计划合并弱主题 T13 -> T13 (相似度: 1.000)
2026-04-27 14:53:40,153 - INFO -    执行最终合并，共涉及 1 组聚类操作...
2026-04-27 14:53:42,224 - INFO - 📊 训练完成，总耗时: 402.59秒
2026-04-27 14:53:42,224 - INFO - 📈 正在评估聚类质量...
2026-04-27 14:53:42,232 - INFO - 💾 阶段5：正在保存完整结果...
2026-04-27 14:53:42,615 - INFO - ✅ 处理全流程结束，所有文件均已输出至：E:\document\PG\studio\content\bertopic_results_optimized
2026-04-27 14:53:42,615 - INFO - 🎉 全部流程执行完毕！
2026-04-27 14:54:14,194 - INFO - 📂 正在加载数据: E:\document\PG\studio\content\bertopic_ready_data\bertopic_train_data.csv
2026-04-27 14:54:14,485 - INFO - 📊 原始有效数据量: 18255 条
2026-04-27 14:54:14,526 - INFO - 🔧 初始化 BERTopic 流水线...
2026-04-27 14:54:14,545 - INFO - 🤖 使用设备: cuda
2026-04-27 14:54:14,547 - INFO - Load pretrained SentenceTransformer: BAAI/bge-large-zh-v1.5
2026-04-27 14:54:15,682 - INFO - HTTP Request: HEAD https://hf-mirror.com/BAAI/bge-large-zh-v1.5/resolve/main/modules.json "HTTP/1.1 307 Temporary Redirect"
2026-04-27 14:54:15,982 - INFO - HTTP Request: HEAD https://hf-mirror.com/api/resolve-cache/models/BAAI/bge-large-zh-v1.5/79e7739b6ab944e86d6171e44d24c997fc1e0116/modules.json "HTTP/1.1 200 OK"
2026-04-27 14:54:16,289 - INFO - HTTP Request: HEAD https://hf-mirror.com/BAAI/bge-large-zh-v1.5/resolve/main/config_sentence_transformers.json "HTTP/1.1 307 Temporary Redirect"
2026-04-27 14:54:16,640 - INFO - HTTP Request: HEAD https://hf-mirror.com/api/resolve-cache/models/BAAI/bge-large-zh-v1.5/79e7739b6ab944e86d6171e44d24c997fc1e0116/config_sentence_transformers.json "HTTP/1.1 200 OK"
2026-04-27 14:54:16,963 - INFO - HTTP Request: HEAD https://hf-mirror.com/BAAI/bge-large-zh-v1.5/resolve/main/config_sentence_transformers.json "HTTP/1.1 307 Temporary Redirect"
2026-04-27 14:54:17,166 - INFO - HTTP Request: HEAD https://hf-mirror.com/api/resolve-cache/models/BAAI/bge-large-zh-v1.5/79e7739b6ab944e86d6171e44d24c997fc1e0116/config_sentence_transformers.json "HTTP/1.1 200 OK"
2026-04-27 14:54:17,433 - INFO - HTTP Request: HEAD https://hf-mirror.com/BAAI/bge-large-zh-v1.5/resolve/main/README.md "HTTP/1.1 307 Temporary Redirect"
2026-04-27 14:54:17,570 - INFO - HTTP Request: HEAD https://hf-mirror.com/api/resolve-cache/models/BAAI/bge-large-zh-v1.5/79e7739b6ab944e86d6171e44d24c997fc1e0116/README.md "HTTP/1.1 200 OK"
2026-04-27 14:54:17,970 - INFO - HTTP Request: HEAD https://hf-mirror.com/BAAI/bge-large-zh-v1.5/resolve/main/modules.json "HTTP/1.1 307 Temporary Redirect"
2026-04-27 14:54:18,129 - INFO - HTTP Request: HEAD https://hf-mirror.com/api/resolve-cache/models/BAAI/bge-large-zh-v1.5/79e7739b6ab944e86d6171e44d24c997fc1e0116/modules.json "HTTP/1.1 200 OK"
2026-04-27 14:54:18,449 - INFO - HTTP Request: HEAD https://hf-mirror.com/BAAI/bge-large-zh-v1.5/resolve/main/sentence_bert_config.json "HTTP/1.1 307 Temporary Redirect"
2026-04-27 14:54:18,616 - INFO - HTTP Request: HEAD https://hf-mirror.com/api/resolve-cache/models/BAAI/bge-large-zh-v1.5/79e7739b6ab944e86d6171e44d24c997fc1e0116/sentence_bert_config.json "HTTP/1.1 200 OK"
2026-04-27 14:54:18,932 - INFO - HTTP Request: HEAD https://hf-mirror.com/BAAI/bge-large-zh-v1.5/resolve/main/adapter_config.json "HTTP/1.1 404 Not Found"
2026-04-27 14:54:19,265 - INFO - HTTP Request: HEAD https://hf-mirror.com/BAAI/bge-large-zh-v1.5/resolve/main/config.json "HTTP/1.1 307 Temporary Redirect"
2026-04-27 14:54:19,471 - INFO - HTTP Request: HEAD https://hf-mirror.com/api/resolve-cache/models/BAAI/bge-large-zh-v1.5/79e7739b6ab944e86d6171e44d24c997fc1e0116/config.json "HTTP/1.1 200 OK"
2026-04-27 14:54:19,823 - INFO - HTTP Request: HEAD https://hf-mirror.com/BAAI/bge-large-zh-v1.5/resolve/main/config.json "HTTP/1.1 307 Temporary Redirect"
2026-04-27 14:54:20,156 - INFO - HTTP Request: HEAD https://hf-mirror.com/api/resolve-cache/models/BAAI/bge-large-zh-v1.5/79e7739b6ab944e86d6171e44d24c997fc1e0116/config.json "HTTP/1.1 200 OK"
2026-04-27 14:54:20,533 - INFO - HTTP Request: HEAD https://hf-mirror.com/BAAI/bge-large-zh-v1.5/resolve/main/model.safetensors "HTTP/1.1 404 Not Found"
2026-04-27 14:54:21,090 - INFO - HTTP Request: HEAD https://hf-mirror.com/BAAI/bge-large-zh-v1.5/resolve/main/config.json "HTTP/1.1 307 Temporary Redirect"
2026-04-27 14:54:21,361 - INFO - HTTP Request: HEAD https://hf-mirror.com/api/resolve-cache/models/BAAI/bge-large-zh-v1.5/79e7739b6ab944e86d6171e44d24c997fc1e0116/config.json "HTTP/1.1 200 OK"
2026-04-27 14:54:21,415 - INFO - HTTP Request: GET https://hf-mirror.com/api/models/BAAI/bge-large-zh-v1.5 "HTTP/1.1 200 OK"
2026-04-27 14:54:21,600 - INFO - HTTP Request: GET https://hf-mirror.com/api/models/BAAI/bge-large-zh-v1.5/commits/main "HTTP/1.1 200 OK"
2026-04-27 14:54:21,715 - INFO - HTTP Request: HEAD https://hf-mirror.com/BAAI/bge-large-zh-v1.5/resolve/main/tokenizer_config.json "HTTP/1.1 307 Temporary Redirect"
2026-04-27 14:54:21,831 - INFO - HTTP Request: HEAD https://hf-mirror.com/api/resolve-cache/models/BAAI/bge-large-zh-v1.5/79e7739b6ab944e86d6171e44d24c997fc1e0116/tokenizer_config.json "HTTP/1.1 200 OK"
2026-04-27 14:54:22,034 - INFO - HTTP Request: GET https://hf-mirror.com/api/models/BAAI/bge-large-zh-v1.5/tree/main/additional_chat_templates?recursive=false&expand=false "HTTP/1.1 404 Not Found"
2026-04-27 14:54:22,125 - INFO - HTTP Request: GET https://hf-mirror.com/api/models/BAAI/bge-large-zh-v1.5/discussions?p=0 "HTTP/1.1 200 OK"
2026-04-27 14:54:22,228 - INFO - HTTP Request: GET https://hf-mirror.com/api/models/BAAI/bge-large-zh-v1.5/tree/main?recursive=true&expand=false "HTTP/1.1 200 OK"
2026-04-27 14:54:22,330 - INFO - HTTP Request: GET https://hf-mirror.com/api/models/BAAI/bge-large-zh-v1.5/commits/refs%2Fpr%2F35 "HTTP/1.1 200 OK"
2026-04-27 14:54:22,637 - INFO - HTTP Request: HEAD https://hf-mirror.com/BAAI/bge-large-zh-v1.5/resolve/main/1_Pooling/config.json "HTTP/1.1 307 Temporary Redirect"
2026-04-27 14:54:22,740 - INFO - HTTP Request: HEAD https://hf-mirror.com/BAAI/bge-large-zh-v1.5/resolve/refs%2Fpr%2F35/model.safetensors.index.json "HTTP/1.1 404 Not Found"
2026-04-27 14:54:22,842 - INFO - HTTP Request: HEAD https://hf-mirror.com/api/resolve-cache/models/BAAI/bge-large-zh-v1.5/79e7739b6ab944e86d6171e44d24c997fc1e0116/1_Pooling%2Fconfig.json "HTTP/1.1 200 OK"
2026-04-27 14:54:23,149 - INFO - HTTP Request: GET https://hf-mirror.com/api/models/BAAI/bge-large-zh-v1.5 "HTTP/1.1 200 OK"
2026-04-27 14:54:23,150 - INFO - HTTP Request: HEAD https://hf-mirror.com/BAAI/bge-large-zh-v1.5/resolve/refs%2Fpr%2F35/model.safetensors "HTTP/1.1 302 Found"
2026-04-27 14:54:23,910 - INFO - 📐 动态设定 HDBSCAN 最小聚类体积: 121
2026-04-27 14:54:23,910 - INFO - 🚀 阶段0：预计算文档完整语义 Embedding...
2026-04-27 15:00:22,219 - INFO - 🚀 阶段1：开始执行 Guided BERTopic 聚类...
2026-04-27 15:01:02,369 - INFO - 📊 初始主题数: 35 个
2026-04-27 15:01:02,369 - INFO - 🔄 阶段2.1：微调合并控制主题数不超过 30...
2026-04-27 15:01:05,112 - INFO - 🔄 阶段2.2：执行离群点归队回收（适中阈值: 0.3）...
2026-04-27 15:01:06,955 - INFO - 🎯 阶段3：执行低置信度主题处理...
2026-04-27 15:01:07,133 - INFO - 📊 训练完成，总耗时: 403.22秒
2026-04-27 15:01:07,133 - INFO - 📈 正在评估聚类质量...
2026-04-27 15:01:07,140 - INFO - 💾 阶段5：正在保存完整结果...
2026-04-27 15:01:07,524 - INFO - ✅ 处理全流程结束，所有文件均已输出至：E:\document\PG\studio\content\bertopic_results_optimized
2026-04-27 15:01:07,525 - INFO - 🎉 全部流程执行完毕！
2026-04-27 15:01:38,800 - INFO - 📂 正在加载数据: E:\document\PG\studio\content\bertopic_ready_data\bertopic_train_data.csv
2026-04-27 15:01:39,086 - INFO - 📊 原始有效数据量: 18255 条
2026-04-27 15:01:39,125 - INFO - 🔧 初始化 BERTopic 流水线...
2026-04-27 15:01:39,142 - INFO - 🤖 使用设备: cuda
2026-04-27 15:01:39,144 - INFO - Load pretrained SentenceTransformer: BAAI/bge-large-zh-v1.5
2026-04-27 15:01:39,689 - INFO - HTTP Request: HEAD https://hf-mirror.com/BAAI/bge-large-zh-v1.5/resolve/main/modules.json "HTTP/1.1 307 Temporary Redirect"
2026-04-27 15:01:39,996 - INFO - HTTP Request: HEAD https://hf-mirror.com/api/resolve-cache/models/BAAI/bge-large-zh-v1.5/79e7739b6ab944e86d6171e44d24c997fc1e0116/modules.json "HTTP/1.1 200 OK"
2026-04-27 15:01:40,322 - INFO - HTTP Request: HEAD https://hf-mirror.com/BAAI/bge-large-zh-v1.5/resolve/main/config_sentence_transformers.json "HTTP/1.1 307 Temporary Redirect"
2026-04-27 15:01:40,534 - INFO - HTTP Request: HEAD https://hf-mirror.com/api/resolve-cache/models/BAAI/bge-large-zh-v1.5/79e7739b6ab944e86d6171e44d24c997fc1e0116/config_sentence_transformers.json "HTTP/1.1 200 OK"
2026-04-27 15:01:40,851 - INFO - HTTP Request: HEAD https://hf-mirror.com/BAAI/bge-large-zh-v1.5/resolve/main/config_sentence_transformers.json "HTTP/1.1 307 Temporary Redirect"
2026-04-27 15:01:41,089 - INFO - HTTP Request: HEAD https://hf-mirror.com/api/resolve-cache/models/BAAI/bge-large-zh-v1.5/79e7739b6ab944e86d6171e44d24c997fc1e0116/config_sentence_transformers.json "HTTP/1.1 200 OK"
2026-04-27 15:01:41,413 - INFO - HTTP Request: HEAD https://hf-mirror.com/BAAI/bge-large-zh-v1.5/resolve/main/README.md "HTTP/1.1 307 Temporary Redirect"
2026-04-27 15:01:41,654 - INFO - HTTP Request: HEAD https://hf-mirror.com/api/resolve-cache/models/BAAI/bge-large-zh-v1.5/79e7739b6ab944e86d6171e44d24c997fc1e0116/README.md "HTTP/1.1 200 OK"
2026-04-27 15:01:41,972 - INFO - HTTP Request: HEAD https://hf-mirror.com/BAAI/bge-large-zh-v1.5/resolve/main/modules.json "HTTP/1.1 307 Temporary Redirect"
2026-04-27 15:01:42,146 - INFO - HTTP Request: HEAD https://hf-mirror.com/api/resolve-cache/models/BAAI/bge-large-zh-v1.5/79e7739b6ab944e86d6171e44d24c997fc1e0116/modules.json "HTTP/1.1 200 OK"
2026-04-27 15:01:42,457 - INFO - HTTP Request: HEAD https://hf-mirror.com/BAAI/bge-large-zh-v1.5/resolve/main/sentence_bert_config.json "HTTP/1.1 307 Temporary Redirect"
2026-04-27 15:01:42,549 - INFO - HTTP Request: HEAD https://hf-mirror.com/api/resolve-cache/models/BAAI/bge-large-zh-v1.5/79e7739b6ab944e86d6171e44d24c997fc1e0116/sentence_bert_config.json "HTTP/1.1 200 OK"
2026-04-27 15:01:42,850 - INFO - HTTP Request: HEAD https://hf-mirror.com/BAAI/bge-large-zh-v1.5/resolve/main/adapter_config.json "HTTP/1.1 404 Not Found"
2026-04-27 15:01:43,173 - INFO - HTTP Request: HEAD https://hf-mirror.com/BAAI/bge-large-zh-v1.5/resolve/main/config.json "HTTP/1.1 307 Temporary Redirect"
2026-04-27 15:01:43,332 - INFO - HTTP Request: HEAD https://hf-mirror.com/api/resolve-cache/models/BAAI/bge-large-zh-v1.5/79e7739b6ab944e86d6171e44d24c997fc1e0116/config.json "HTTP/1.1 200 OK"
2026-04-27 15:01:43,649 - INFO - HTTP Request: HEAD https://hf-mirror.com/BAAI/bge-large-zh-v1.5/resolve/main/config.json "HTTP/1.1 307 Temporary Redirect"
2026-04-27 15:01:43,819 - INFO - HTTP Request: HEAD https://hf-mirror.com/api/resolve-cache/models/BAAI/bge-large-zh-v1.5/79e7739b6ab944e86d6171e44d24c997fc1e0116/config.json "HTTP/1.1 200 OK"
2026-04-27 15:01:44,090 - INFO - HTTP Request: HEAD https://hf-mirror.com/BAAI/bge-large-zh-v1.5/resolve/main/model.safetensors "HTTP/1.1 404 Not Found"
2026-04-27 15:01:44,240 - INFO - HTTP Request: GET https://hf-mirror.com/api/models/BAAI/bge-large-zh-v1.5 "HTTP/1.1 200 OK"
2026-04-27 15:01:44,450 - INFO - HTTP Request: GET https://hf-mirror.com/api/models/BAAI/bge-large-zh-v1.5/commits/main "HTTP/1.1 200 OK"
2026-04-27 15:01:44,560 - INFO - HTTP Request: GET https://hf-mirror.com/api/models/BAAI/bge-large-zh-v1.5/discussions?p=0 "HTTP/1.1 200 OK"
2026-04-27 15:01:44,692 - INFO - HTTP Request: HEAD https://hf-mirror.com/BAAI/bge-large-zh-v1.5/resolve/main/config.json "HTTP/1.1 307 Temporary Redirect"
2026-04-27 15:01:44,771 - INFO - HTTP Request: GET https://hf-mirror.com/api/models/BAAI/bge-large-zh-v1.5/commits/refs%2Fpr%2F35 "HTTP/1.1 200 OK"
2026-04-27 15:01:44,805 - INFO - HTTP Request: HEAD https://hf-mirror.com/api/resolve-cache/models/BAAI/bge-large-zh-v1.5/79e7739b6ab944e86d6171e44d24c997fc1e0116/config.json "HTTP/1.1 200 OK"
2026-04-27 15:01:45,093 - INFO - HTTP Request: HEAD https://hf-mirror.com/BAAI/bge-large-zh-v1.5/resolve/refs%2Fpr%2F35/model.safetensors.index.json "HTTP/1.1 404 Not Found"
2026-04-27 15:01:45,175 - INFO - HTTP Request: HEAD https://hf-mirror.com/BAAI/bge-large-zh-v1.5/resolve/main/tokenizer_config.json "HTTP/1.1 307 Temporary Redirect"
2026-04-27 15:01:45,434 - INFO - HTTP Request: HEAD https://hf-mirror.com/api/resolve-cache/models/BAAI/bge-large-zh-v1.5/79e7739b6ab944e86d6171e44d24c997fc1e0116/tokenizer_config.json "HTTP/1.1 200 OK"
2026-04-27 15:01:45,500 - INFO - HTTP Request: HEAD https://hf-mirror.com/BAAI/bge-large-zh-v1.5/resolve/refs%2Fpr%2F35/model.safetensors "HTTP/1.1 302 Found"
2026-04-27 15:01:45,575 - INFO - HTTP Request: GET https://hf-mirror.com/api/models/BAAI/bge-large-zh-v1.5/tree/main/additional_chat_templates?recursive=false&expand=false "HTTP/1.1 404 Not Found"
2026-04-27 15:01:45,731 - INFO - HTTP Request: GET https://hf-mirror.com/api/models/BAAI/bge-large-zh-v1.5/tree/main?recursive=true&expand=false "HTTP/1.1 200 OK"
2026-04-27 15:01:46,054 - INFO - HTTP Request: HEAD https://hf-mirror.com/BAAI/bge-large-zh-v1.5/resolve/main/1_Pooling/config.json "HTTP/1.1 307 Temporary Redirect"
2026-04-27 15:01:46,294 - INFO - HTTP Request: HEAD https://hf-mirror.com/api/resolve-cache/models/BAAI/bge-large-zh-v1.5/79e7739b6ab944e86d6171e44d24c997fc1e0116/1_Pooling%2Fconfig.json "HTTP/1.1 200 OK"
2026-04-27 15:01:46,453 - INFO - HTTP Request: GET https://hf-mirror.com/api/models/BAAI/bge-large-zh-v1.5 "HTTP/1.1 200 OK"
2026-04-27 15:01:47,247 - INFO - 📐 动态设定 HDBSCAN 最小聚类体积: 182
2026-04-27 15:01:47,249 - INFO - 🚀 阶段0：预计算文档完整语义 Embedding...
2026-04-27 15:07:44,258 - INFO - 🚀 阶段1：开始执行 Guided BERTopic 聚类...
2026-04-27 15:08:27,156 - INFO - 📊 初始主题数: 22 个
2026-04-27 15:08:27,156 - INFO - 🔄 阶段2.2：执行离群点归队回收（适中阈值: 0.3）...
2026-04-27 15:08:29,108 - INFO - 🎯 阶段3：执行低置信度主题处理...
2026-04-27 15:08:29,234 - INFO - 📊 训练完成，总耗时: 401.98秒
2026-04-27 15:08:29,235 - INFO - 📈 正在评估聚类质量...
2026-04-27 15:08:29,242 - INFO - 💾 阶段5：正在保存完整结果...
2026-04-27 15:08:29,639 - INFO - ✅ 处理全流程结束，所有文件均已输出至：E:\document\PG\studio\content\bertopic_results_optimized
2026-04-27 15:08:29,640 - INFO - 🎉 全部流程执行完毕！
2026-04-27 15:10:46,892 - INFO - 📂 正在加载数据: E:\document\PG\studio\content\bertopic_ready_data\bertopic_train_data.csv
2026-04-27 15:10:47,184 - INFO - 📊 原始有效数据量: 18255 条
2026-04-27 15:10:47,228 - INFO - 🔧 初始化 BERTopic 流水线...
2026-04-27 15:10:47,245 - INFO - 🤖 使用设备: cuda
2026-04-27 15:10:47,246 - INFO - Load pretrained SentenceTransformer: BAAI/bge-large-zh-v1.5
2026-04-27 15:10:47,829 - INFO - HTTP Request: HEAD https://hf-mirror.com/BAAI/bge-large-zh-v1.5/resolve/main/modules.json "HTTP/1.1 307 Temporary Redirect"
2026-04-27 15:10:48,051 - INFO - HTTP Request: HEAD https://hf-mirror.com/api/resolve-cache/models/BAAI/bge-large-zh-v1.5/79e7739b6ab944e86d6171e44d24c997fc1e0116/modules.json "HTTP/1.1 200 OK"
2026-04-27 15:10:48,358 - INFO - HTTP Request: HEAD https://hf-mirror.com/BAAI/bge-large-zh-v1.5/resolve/main/config_sentence_transformers.json "HTTP/1.1 307 Temporary Redirect"
2026-04-27 15:10:48,542 - INFO - HTTP Request: HEAD https://hf-mirror.com/api/resolve-cache/models/BAAI/bge-large-zh-v1.5/79e7739b6ab944e86d6171e44d24c997fc1e0116/config_sentence_transformers.json "HTTP/1.1 200 OK"
2026-04-27 15:10:48,846 - INFO - HTTP Request: HEAD https://hf-mirror.com/BAAI/bge-large-zh-v1.5/resolve/main/config_sentence_transformers.json "HTTP/1.1 307 Temporary Redirect"
2026-04-27 15:10:49,075 - INFO - HTTP Request: HEAD https://hf-mirror.com/api/resolve-cache/models/BAAI/bge-large-zh-v1.5/79e7739b6ab944e86d6171e44d24c997fc1e0116/config_sentence_transformers.json "HTTP/1.1 200 OK"
2026-04-27 15:10:49,381 - INFO - HTTP Request: HEAD https://hf-mirror.com/BAAI/bge-large-zh-v1.5/resolve/main/README.md "HTTP/1.1 307 Temporary Redirect"
2026-04-27 15:10:49,527 - INFO - HTTP Request: HEAD https://hf-mirror.com/api/resolve-cache/models/BAAI/bge-large-zh-v1.5/79e7739b6ab944e86d6171e44d24c997fc1e0116/README.md "HTTP/1.1 200 OK"
2026-04-27 15:10:49,996 - INFO - HTTP Request: HEAD https://hf-mirror.com/BAAI/bge-large-zh-v1.5/resolve/main/modules.json "HTTP/1.1 307 Temporary Redirect"
2026-04-27 15:10:50,201 - INFO - HTTP Request: HEAD https://hf-mirror.com/api/resolve-cache/models/BAAI/bge-large-zh-v1.5/79e7739b6ab944e86d6171e44d24c997fc1e0116/modules.json "HTTP/1.1 200 OK"
2026-04-27 15:10:50,509 - INFO - HTTP Request: HEAD https://hf-mirror.com/BAAI/bge-large-zh-v1.5/resolve/main/sentence_bert_config.json "HTTP/1.1 307 Temporary Redirect"
2026-04-27 15:10:50,786 - INFO - HTTP Request: HEAD https://hf-mirror.com/api/resolve-cache/models/BAAI/bge-large-zh-v1.5/79e7739b6ab944e86d6171e44d24c997fc1e0116/sentence_bert_config.json "HTTP/1.1 200 OK"
2026-04-27 15:10:51,123 - INFO - HTTP Request: HEAD https://hf-mirror.com/BAAI/bge-large-zh-v1.5/resolve/main/adapter_config.json "HTTP/1.1 404 Not Found"
2026-04-27 15:10:51,533 - INFO - HTTP Request: HEAD https://hf-mirror.com/BAAI/bge-large-zh-v1.5/resolve/main/config.json "HTTP/1.1 307 Temporary Redirect"
2026-04-27 15:10:51,747 - INFO - HTTP Request: HEAD https://hf-mirror.com/api/resolve-cache/models/BAAI/bge-large-zh-v1.5/79e7739b6ab944e86d6171e44d24c997fc1e0116/config.json "HTTP/1.1 200 OK"
2026-04-27 15:10:52,146 - INFO - HTTP Request: HEAD https://hf-mirror.com/BAAI/bge-large-zh-v1.5/resolve/main/config.json "HTTP/1.1 307 Temporary Redirect"
2026-04-27 15:10:52,462 - INFO - HTTP Request: HEAD https://hf-mirror.com/api/resolve-cache/models/BAAI/bge-large-zh-v1.5/79e7739b6ab944e86d6171e44d24c997fc1e0116/config.json "HTTP/1.1 200 OK"
2026-04-27 15:10:52,966 - INFO - HTTP Request: HEAD https://hf-mirror.com/BAAI/bge-large-zh-v1.5/resolve/main/model.safetensors "HTTP/1.1 404 Not Found"
2026-04-27 15:10:53,170 - INFO - HTTP Request: GET https://hf-mirror.com/api/models/BAAI/bge-large-zh-v1.5 "HTTP/1.1 200 OK"
2026-04-27 15:10:53,381 - INFO - HTTP Request: GET https://hf-mirror.com/api/models/BAAI/bge-large-zh-v1.5/commits/main "HTTP/1.1 200 OK"
2026-04-27 15:10:53,690 - INFO - HTTP Request: GET https://hf-mirror.com/api/models/BAAI/bge-large-zh-v1.5/discussions?p=0 "HTTP/1.1 200 OK"
2026-04-27 15:10:53,756 - INFO - HTTP Request: HEAD https://hf-mirror.com/BAAI/bge-large-zh-v1.5/resolve/main/config.json "HTTP/1.1 307 Temporary Redirect"
2026-04-27 15:10:53,901 - INFO - HTTP Request: HEAD https://hf-mirror.com/api/resolve-cache/models/BAAI/bge-large-zh-v1.5/79e7739b6ab944e86d6171e44d24c997fc1e0116/config.json "HTTP/1.1 200 OK"
2026-04-27 15:10:53,907 - INFO - HTTP Request: GET https://hf-mirror.com/api/models/BAAI/bge-large-zh-v1.5/commits/refs%2Fpr%2F35 "HTTP/1.1 200 OK"
2026-04-27 15:10:54,296 - INFO - HTTP Request: HEAD https://hf-mirror.com/BAAI/bge-large-zh-v1.5/resolve/refs%2Fpr%2F35/model.safetensors.index.json "HTTP/1.1 404 Not Found"
2026-04-27 15:10:54,298 - INFO - HTTP Request: HEAD https://hf-mirror.com/BAAI/bge-large-zh-v1.5/resolve/main/tokenizer_config.json "HTTP/1.1 307 Temporary Redirect"
2026-04-27 15:10:54,502 - INFO - HTTP Request: HEAD https://hf-mirror.com/api/resolve-cache/models/BAAI/bge-large-zh-v1.5/79e7739b6ab944e86d6171e44d24c997fc1e0116/tokenizer_config.json "HTTP/1.1 200 OK"
2026-04-27 15:10:54,714 - INFO - HTTP Request: HEAD https://hf-mirror.com/BAAI/bge-large-zh-v1.5/resolve/refs%2Fpr%2F35/model.safetensors "HTTP/1.1 302 Found"
2026-04-27 15:10:54,715 - INFO - HTTP Request: GET https://hf-mirror.com/api/models/BAAI/bge-large-zh-v1.5/tree/main/additional_chat_templates?recursive=false&expand=false "HTTP/1.1 404 Not Found"
2026-04-27 15:10:54,890 - INFO - HTTP Request: GET https://hf-mirror.com/api/models/BAAI/bge-large-zh-v1.5/tree/main?recursive=true&expand=false "HTTP/1.1 200 OK"
2026-04-27 15:10:55,208 - INFO - HTTP Request: HEAD https://hf-mirror.com/BAAI/bge-large-zh-v1.5/resolve/main/1_Pooling/config.json "HTTP/1.1 307 Temporary Redirect"
2026-04-27 15:10:55,660 - INFO - HTTP Request: HEAD https://hf-mirror.com/api/resolve-cache/models/BAAI/bge-large-zh-v1.5/79e7739b6ab944e86d6171e44d24c997fc1e0116/1_Pooling%2Fconfig.json "HTTP/1.1 200 OK"
2026-04-27 15:10:55,836 - INFO - HTTP Request: GET https://hf-mirror.com/api/models/BAAI/bge-large-zh-v1.5 "HTTP/1.1 200 OK"
2026-04-27 15:10:56,625 - INFO - 📐 动态设定 HDBSCAN 最小聚类体积: 170
2026-04-27 15:10:56,625 - INFO - 🚀 阶段0：预计算文档完整语义 Embedding...
2026-04-27 15:16:54,269 - INFO - 🚀 阶段1：开始执行 Guided BERTopic 聚类...
2026-04-27 15:17:37,411 - INFO - 📊 初始主题数: 26 个
2026-04-27 15:17:37,411 - INFO - 🔄 阶段2.2：执行离群点归队回收（适中阈值: 0.3）...
2026-04-27 15:17:39,374 - INFO - 🎯 阶段3：执行低置信度主题处理...
2026-04-27 15:17:39,569 - INFO - 📊 训练完成，总耗时: 402.94秒
2026-04-27 15:17:39,569 - INFO - 📈 正在评估聚类质量...
2026-04-27 15:17:39,578 - INFO - 💾 阶段5：正在保存完整结果...
2026-04-27 15:17:40,011 - INFO - ✅ 处理全流程结束，所有文件均已输出至：E:\document\PG\studio\content\bertopic_results_optimized
2026-04-27 15:17:40,011 - INFO - 🎉 全部流程执行完毕！
