2026-04-25 19:05:47,581 - INFO - Loading data: E:\document\PG\studio\content\bertopic_ready_data\bertopic_train_data.csv
2026-04-25 19:05:47,907 - INFO - Valid rows before short-text filter: 18146
2026-04-25 19:05:48,015 - INFO - Load embedding model BAAI/bge-large-zh-v1.5 on cuda
2026-04-25 19:05:48,018 - INFO - Load pretrained SentenceTransformer: BAAI/bge-large-zh-v1.5
2026-04-25 19:05:48,692 - INFO - HTTP Request: HEAD https://hf-mirror.com/BAAI/bge-large-zh-v1.5/resolve/main/modules.json "HTTP/1.1 307 Temporary Redirect"
2026-04-25 19:05:48,895 - INFO - HTTP Request: HEAD https://hf-mirror.com/api/resolve-cache/models/BAAI/bge-large-zh-v1.5/79e7739b6ab944e86d6171e44d24c997fc1e0116/modules.json "HTTP/1.1 200 OK"
2026-04-25 19:05:49,238 - INFO - HTTP Request: HEAD https://hf-mirror.com/BAAI/bge-large-zh-v1.5/resolve/main/config_sentence_transformers.json "HTTP/1.1 307 Temporary Redirect"
2026-04-25 19:05:49,359 - INFO - HTTP Request: HEAD https://hf-mirror.com/api/resolve-cache/models/BAAI/bge-large-zh-v1.5/79e7739b6ab944e86d6171e44d24c997fc1e0116/config_sentence_transformers.json "HTTP/1.1 200 OK"
2026-04-25 19:05:49,673 - INFO - HTTP Request: HEAD https://hf-mirror.com/BAAI/bge-large-zh-v1.5/resolve/main/config_sentence_transformers.json "HTTP/1.1 307 Temporary Redirect"
2026-04-25 19:05:49,795 - INFO - HTTP Request: HEAD https://hf-mirror.com/api/resolve-cache/models/BAAI/bge-large-zh-v1.5/79e7739b6ab944e86d6171e44d24c997fc1e0116/config_sentence_transformers.json "HTTP/1.1 200 OK"
2026-04-25 19:05:50,114 - INFO - HTTP Request: HEAD https://hf-mirror.com/BAAI/bge-large-zh-v1.5/resolve/main/README.md "HTTP/1.1 307 Temporary Redirect"
2026-04-25 19:05:50,247 - INFO - HTTP Request: HEAD https://hf-mirror.com/api/resolve-cache/models/BAAI/bge-large-zh-v1.5/79e7739b6ab944e86d6171e44d24c997fc1e0116/README.md "HTTP/1.1 200 OK"
2026-04-25 19:05:50,663 - INFO - HTTP Request: HEAD https://hf-mirror.com/BAAI/bge-large-zh-v1.5/resolve/main/modules.json "HTTP/1.1 307 Temporary Redirect"
2026-04-25 19:05:50,792 - INFO - HTTP Request: HEAD https://hf-mirror.com/api/resolve-cache/models/BAAI/bge-large-zh-v1.5/79e7739b6ab944e86d6171e44d24c997fc1e0116/modules.json "HTTP/1.1 200 OK"
2026-04-25 19:05:51,109 - INFO - HTTP Request: HEAD https://hf-mirror.com/BAAI/bge-large-zh-v1.5/resolve/main/sentence_bert_config.json "HTTP/1.1 307 Temporary Redirect"
2026-04-25 19:05:51,243 - INFO - HTTP Request: HEAD https://hf-mirror.com/api/resolve-cache/models/BAAI/bge-large-zh-v1.5/79e7739b6ab944e86d6171e44d24c997fc1e0116/sentence_bert_config.json "HTTP/1.1 200 OK"
2026-04-25 19:05:51,543 - INFO - HTTP Request: HEAD https://hf-mirror.com/BAAI/bge-large-zh-v1.5/resolve/main/adapter_config.json "HTTP/1.1 404 Not Found"
2026-04-25 19:05:51,828 - INFO - HTTP Request: HEAD https://hf-mirror.com/BAAI/bge-large-zh-v1.5/resolve/main/config.json "HTTP/1.1 307 Temporary Redirect"
2026-04-25 19:05:51,968 - INFO - HTTP Request: HEAD https://hf-mirror.com/api/resolve-cache/models/BAAI/bge-large-zh-v1.5/79e7739b6ab944e86d6171e44d24c997fc1e0116/config.json "HTTP/1.1 200 OK"
2026-04-25 19:05:52,263 - INFO - HTTP Request: HEAD https://hf-mirror.com/BAAI/bge-large-zh-v1.5/resolve/main/config.json "HTTP/1.1 307 Temporary Redirect"
2026-04-25 19:05:52,439 - INFO - HTTP Request: HEAD https://hf-mirror.com/api/resolve-cache/models/BAAI/bge-large-zh-v1.5/79e7739b6ab944e86d6171e44d24c997fc1e0116/config.json "HTTP/1.1 200 OK"
2026-04-25 19:05:52,719 - INFO - HTTP Request: HEAD https://hf-mirror.com/BAAI/bge-large-zh-v1.5/resolve/main/model.safetensors "HTTP/1.1 404 Not Found"
2026-04-25 19:05:52,838 - INFO - HTTP Request: GET https://hf-mirror.com/api/models/BAAI/bge-large-zh-v1.5 "HTTP/1.1 200 OK"
2026-04-25 19:05:52,947 - INFO - HTTP Request: GET https://hf-mirror.com/api/models/BAAI/bge-large-zh-v1.5/commits/main "HTTP/1.1 200 OK"
2026-04-25 19:05:53,091 - INFO - HTTP Request: GET https://hf-mirror.com/api/models/BAAI/bge-large-zh-v1.5/discussions?p=0 "HTTP/1.1 200 OK"
2026-04-25 19:05:53,198 - INFO - HTTP Request: GET https://hf-mirror.com/api/models/BAAI/bge-large-zh-v1.5/commits/refs%2Fpr%2F35 "HTTP/1.1 200 OK"
2026-04-25 19:05:53,511 - INFO - HTTP Request: HEAD https://hf-mirror.com/BAAI/bge-large-zh-v1.5/resolve/main/config.json "HTTP/1.1 307 Temporary Redirect"
2026-04-25 19:05:53,575 - INFO - HTTP Request: HEAD https://hf-mirror.com/BAAI/bge-large-zh-v1.5/resolve/refs%2Fpr%2F35/model.safetensors.index.json "HTTP/1.1 404 Not Found"
2026-04-25 19:05:53,709 - INFO - HTTP Request: HEAD https://hf-mirror.com/api/resolve-cache/models/BAAI/bge-large-zh-v1.5/79e7739b6ab944e86d6171e44d24c997fc1e0116/config.json "HTTP/1.1 200 OK"
2026-04-25 19:05:53,913 - INFO - HTTP Request: HEAD https://hf-mirror.com/BAAI/bge-large-zh-v1.5/resolve/refs%2Fpr%2F35/model.safetensors "HTTP/1.1 302 Found"
2026-04-25 19:05:53,986 - INFO - HTTP Request: HEAD https://hf-mirror.com/BAAI/bge-large-zh-v1.5/resolve/main/tokenizer_config.json "HTTP/1.1 307 Temporary Redirect"
2026-04-25 19:05:54,261 - INFO - HTTP Request: HEAD https://hf-mirror.com/api/resolve-cache/models/BAAI/bge-large-zh-v1.5/79e7739b6ab944e86d6171e44d24c997fc1e0116/tokenizer_config.json "HTTP/1.1 200 OK"
2026-04-25 19:05:54,426 - INFO - HTTP Request: GET https://hf-mirror.com/api/models/BAAI/bge-large-zh-v1.5/tree/main/additional_chat_templates?recursive=false&expand=false "HTTP/1.1 404 Not Found"
2026-04-25 19:05:54,630 - INFO - HTTP Request: GET https://hf-mirror.com/api/models/BAAI/bge-large-zh-v1.5/tree/main?recursive=true&expand=false "HTTP/1.1 200 OK"
2026-04-25 19:05:55,039 - INFO - HTTP Request: HEAD https://hf-mirror.com/BAAI/bge-large-zh-v1.5/resolve/main/1_Pooling/config.json "HTTP/1.1 307 Temporary Redirect"
2026-04-25 19:05:55,143 - INFO - HTTP Request: HEAD https://hf-mirror.com/api/resolve-cache/models/BAAI/bge-large-zh-v1.5/79e7739b6ab944e86d6171e44d24c997fc1e0116/1_Pooling%2Fconfig.json "HTTP/1.1 200 OK"
2026-04-25 19:05:55,311 - INFO - HTTP Request: GET https://hf-mirror.com/api/models/BAAI/bge-large-zh-v1.5 "HTTP/1.1 200 OK"
2026-04-25 19:05:57,360 - INFO - Precompute embeddings once for all runs
2026-04-25 19:12:07,509 - INFO - Total runs: 1
2026-04-25 19:12:07,509 - INFO - Run 1/1 | done=0 remain=1 ETA=unknown | k=30 d=15 nr=30
2026-04-25 19:12:07,509 - INFO - Run k_30__d_15__nr_30 | min_cluster_size=151 | min_samples=30
2026-04-25 19:24:18,103 - INFO - Loading data: E:\document\PG\studio\content\bertopic_ready_data\bertopic_train_data.csv
2026-04-25 19:24:18,398 - INFO - Valid rows before short-text filter: 18146
2026-04-25 19:24:18,517 - INFO - Load embedding model BAAI/bge-large-zh-v1.5 on cuda
2026-04-25 19:24:18,520 - INFO - Load pretrained SentenceTransformer: BAAI/bge-large-zh-v1.5
2026-04-25 19:24:19,017 - INFO - HTTP Request: HEAD https://hf-mirror.com/BAAI/bge-large-zh-v1.5/resolve/main/modules.json "HTTP/1.1 307 Temporary Redirect"
2026-04-25 19:24:19,161 - INFO - HTTP Request: HEAD https://hf-mirror.com/api/resolve-cache/models/BAAI/bge-large-zh-v1.5/79e7739b6ab944e86d6171e44d24c997fc1e0116/modules.json "HTTP/1.1 200 OK"
2026-04-25 19:24:19,455 - INFO - HTTP Request: HEAD https://hf-mirror.com/BAAI/bge-large-zh-v1.5/resolve/main/config_sentence_transformers.json "HTTP/1.1 307 Temporary Redirect"
2026-04-25 19:24:19,561 - INFO - HTTP Request: HEAD https://hf-mirror.com/api/resolve-cache/models/BAAI/bge-large-zh-v1.5/79e7739b6ab944e86d6171e44d24c997fc1e0116/config_sentence_transformers.json "HTTP/1.1 200 OK"
2026-04-25 19:24:19,873 - INFO - HTTP Request: HEAD https://hf-mirror.com/BAAI/bge-large-zh-v1.5/resolve/main/config_sentence_transformers.json "HTTP/1.1 307 Temporary Redirect"
2026-04-25 19:24:20,080 - INFO - HTTP Request: HEAD https://hf-mirror.com/api/resolve-cache/models/BAAI/bge-large-zh-v1.5/79e7739b6ab944e86d6171e44d24c997fc1e0116/config_sentence_transformers.json "HTTP/1.1 200 OK"
2026-04-25 19:24:20,354 - INFO - HTTP Request: HEAD https://hf-mirror.com/BAAI/bge-large-zh-v1.5/resolve/main/README.md "HTTP/1.1 307 Temporary Redirect"
2026-04-25 19:24:20,477 - INFO - HTTP Request: HEAD https://hf-mirror.com/api/resolve-cache/models/BAAI/bge-large-zh-v1.5/79e7739b6ab944e86d6171e44d24c997fc1e0116/README.md "HTTP/1.1 200 OK"
2026-04-25 19:24:20,767 - INFO - HTTP Request: HEAD https://hf-mirror.com/BAAI/bge-large-zh-v1.5/resolve/main/modules.json "HTTP/1.1 307 Temporary Redirect"
2026-04-25 19:24:20,895 - INFO - HTTP Request: HEAD https://hf-mirror.com/api/resolve-cache/models/BAAI/bge-large-zh-v1.5/79e7739b6ab944e86d6171e44d24c997fc1e0116/modules.json "HTTP/1.1 200 OK"
2026-04-25 19:24:21,165 - INFO - HTTP Request: HEAD https://hf-mirror.com/BAAI/bge-large-zh-v1.5/resolve/main/sentence_bert_config.json "HTTP/1.1 307 Temporary Redirect"
2026-04-25 19:24:21,298 - INFO - HTTP Request: HEAD https://hf-mirror.com/api/resolve-cache/models/BAAI/bge-large-zh-v1.5/79e7739b6ab944e86d6171e44d24c997fc1e0116/sentence_bert_config.json "HTTP/1.1 200 OK"
2026-04-25 19:24:21,577 - INFO - HTTP Request: HEAD https://hf-mirror.com/BAAI/bge-large-zh-v1.5/resolve/main/adapter_config.json "HTTP/1.1 404 Not Found"
2026-04-25 19:24:21,843 - INFO - HTTP Request: HEAD https://hf-mirror.com/BAAI/bge-large-zh-v1.5/resolve/main/config.json "HTTP/1.1 307 Temporary Redirect"
2026-04-25 19:24:22,060 - INFO - HTTP Request: HEAD https://hf-mirror.com/api/resolve-cache/models/BAAI/bge-large-zh-v1.5/79e7739b6ab944e86d6171e44d24c997fc1e0116/config.json "HTTP/1.1 200 OK"
2026-04-25 19:24:22,348 - INFO - HTTP Request: HEAD https://hf-mirror.com/BAAI/bge-large-zh-v1.5/resolve/main/config.json "HTTP/1.1 307 Temporary Redirect"
2026-04-25 19:24:22,439 - INFO - HTTP Request: HEAD https://hf-mirror.com/api/resolve-cache/models/BAAI/bge-large-zh-v1.5/79e7739b6ab944e86d6171e44d24c997fc1e0116/config.json "HTTP/1.1 200 OK"
2026-04-25 19:24:22,731 - INFO - HTTP Request: HEAD https://hf-mirror.com/BAAI/bge-large-zh-v1.5/resolve/main/model.safetensors "HTTP/1.1 404 Not Found"
2026-04-25 19:24:22,846 - INFO - HTTP Request: GET https://hf-mirror.com/api/models/BAAI/bge-large-zh-v1.5 "HTTP/1.1 200 OK"
2026-04-25 19:24:22,958 - INFO - HTTP Request: GET https://hf-mirror.com/api/models/BAAI/bge-large-zh-v1.5/commits/main "HTTP/1.1 200 OK"
2026-04-25 19:24:23,074 - INFO - HTTP Request: GET https://hf-mirror.com/api/models/BAAI/bge-large-zh-v1.5/discussions?p=0 "HTTP/1.1 200 OK"
2026-04-25 19:24:23,179 - INFO - HTTP Request: GET https://hf-mirror.com/api/models/BAAI/bge-large-zh-v1.5/commits/refs%2Fpr%2F35 "HTTP/1.1 200 OK"
2026-04-25 19:24:23,453 - INFO - HTTP Request: HEAD https://hf-mirror.com/BAAI/bge-large-zh-v1.5/resolve/refs%2Fpr%2F35/model.safetensors.index.json "HTTP/1.1 404 Not Found"
2026-04-25 19:24:23,498 - INFO - HTTP Request: HEAD https://hf-mirror.com/BAAI/bge-large-zh-v1.5/resolve/main/config.json "HTTP/1.1 307 Temporary Redirect"
2026-04-25 19:24:23,708 - INFO - HTTP Request: HEAD https://hf-mirror.com/api/resolve-cache/models/BAAI/bge-large-zh-v1.5/79e7739b6ab944e86d6171e44d24c997fc1e0116/config.json "HTTP/1.1 200 OK"
2026-04-25 19:24:23,740 - INFO - HTTP Request: HEAD https://hf-mirror.com/BAAI/bge-large-zh-v1.5/resolve/refs%2Fpr%2F35/model.safetensors "HTTP/1.1 302 Found"
2026-04-25 19:24:23,989 - INFO - HTTP Request: HEAD https://hf-mirror.com/BAAI/bge-large-zh-v1.5/resolve/main/tokenizer_config.json "HTTP/1.1 307 Temporary Redirect"
2026-04-25 19:24:24,101 - INFO - HTTP Request: HEAD https://hf-mirror.com/api/resolve-cache/models/BAAI/bge-large-zh-v1.5/79e7739b6ab944e86d6171e44d24c997fc1e0116/tokenizer_config.json "HTTP/1.1 200 OK"
2026-04-25 19:24:24,206 - INFO - HTTP Request: GET https://hf-mirror.com/api/models/BAAI/bge-large-zh-v1.5/tree/main/additional_chat_templates?recursive=false&expand=false "HTTP/1.1 404 Not Found"
2026-04-25 19:24:24,307 - INFO - HTTP Request: GET https://hf-mirror.com/api/models/BAAI/bge-large-zh-v1.5/tree/main?recursive=true&expand=false "HTTP/1.1 200 OK"
2026-04-25 19:24:24,719 - INFO - HTTP Request: HEAD https://hf-mirror.com/BAAI/bge-large-zh-v1.5/resolve/main/1_Pooling/config.json "HTTP/1.1 307 Temporary Redirect"
2026-04-25 19:24:24,813 - INFO - HTTP Request: HEAD https://hf-mirror.com/api/resolve-cache/models/BAAI/bge-large-zh-v1.5/79e7739b6ab944e86d6171e44d24c997fc1e0116/1_Pooling%2Fconfig.json "HTTP/1.1 200 OK"
2026-04-25 19:24:24,943 - INFO - HTTP Request: GET https://hf-mirror.com/api/models/BAAI/bge-large-zh-v1.5 "HTTP/1.1 200 OK"
2026-04-25 19:24:26,881 - INFO - Precompute embeddings once for all runs (stage=start)
2026-04-25 19:30:40,717 - INFO - Precompute embeddings done | elapsed=06:13 | vectors=18146
2026-04-25 19:30:40,717 - INFO - Total runs: 120
2026-04-25 19:30:40,717 - INFO - Run 1/120 | done=0 remain=120 ETA=unknown | k=10 d=5 nr=none
2026-04-25 19:30:40,717 - INFO - Run k_10__d_5__nr_none | min_cluster_size=151 | min_samples=30
2026-04-25 19:30:40,719 - INFO - Run k_10__d_5__nr_none | stage=build_topic_model done | elapsed=00:00
2026-04-25 19:30:40,719 - INFO - Run k_10__d_5__nr_none | stage=fit_transform start (UMAP+HDBSCAN)
2026-04-25 20:31:04,401 - WARNING - Run interrupted by KeyboardInterrupt | k=10 d=5 nr=none | elapsed=01:00:23
2026-04-25 20:31:04,402 - WARNING - Experiment interrupted by user at run 1/120 (k=10 d=5 nr=none).
2026-04-25 21:17:46,436 - INFO - Loading data: E:\document\PG\studio\content\bertopic_ready_data\bertopic_train_data.csv
2026-04-25 21:17:46,722 - INFO - Valid rows before short-text filter: 18146
2026-04-25 21:17:46,730 - WARNING - Coarse sweep: subsampled to 4000 rows (max_docs=4000, seed=13). Scores are indicative only; re-run full data for final pick.
2026-04-25 21:17:46,756 - INFO - Load embedding model BAAI/bge-large-zh-v1.5 on cuda
2026-04-25 21:17:46,758 - INFO - Load pretrained SentenceTransformer: BAAI/bge-large-zh-v1.5
2026-04-25 21:17:47,401 - INFO - HTTP Request: HEAD https://hf-mirror.com/BAAI/bge-large-zh-v1.5/resolve/main/modules.json "HTTP/1.1 307 Temporary Redirect"
2026-04-25 21:17:47,732 - INFO - HTTP Request: HEAD https://hf-mirror.com/api/resolve-cache/models/BAAI/bge-large-zh-v1.5/79e7739b6ab944e86d6171e44d24c997fc1e0116/modules.json "HTTP/1.1 200 OK"
2026-04-25 21:17:48,143 - INFO - HTTP Request: HEAD https://hf-mirror.com/BAAI/bge-large-zh-v1.5/resolve/main/config_sentence_transformers.json "HTTP/1.1 307 Temporary Redirect"
2026-04-25 21:17:48,347 - INFO - HTTP Request: HEAD https://hf-mirror.com/api/resolve-cache/models/BAAI/bge-large-zh-v1.5/79e7739b6ab944e86d6171e44d24c997fc1e0116/config_sentence_transformers.json "HTTP/1.1 200 OK"
2026-04-25 21:17:48,737 - INFO - HTTP Request: HEAD https://hf-mirror.com/BAAI/bge-large-zh-v1.5/resolve/main/config_sentence_transformers.json "HTTP/1.1 307 Temporary Redirect"
2026-04-25 21:17:49,016 - INFO - HTTP Request: HEAD https://hf-mirror.com/api/resolve-cache/models/BAAI/bge-large-zh-v1.5/79e7739b6ab944e86d6171e44d24c997fc1e0116/config_sentence_transformers.json "HTTP/1.1 200 OK"
2026-04-25 21:17:49,371 - INFO - HTTP Request: HEAD https://hf-mirror.com/BAAI/bge-large-zh-v1.5/resolve/main/README.md "HTTP/1.1 307 Temporary Redirect"
2026-04-25 21:17:49,678 - INFO - HTTP Request: HEAD https://hf-mirror.com/api/resolve-cache/models/BAAI/bge-large-zh-v1.5/79e7739b6ab944e86d6171e44d24c997fc1e0116/README.md "HTTP/1.1 200 OK"
2026-04-25 21:17:50,075 - INFO - HTTP Request: HEAD https://hf-mirror.com/BAAI/bge-large-zh-v1.5/resolve/main/modules.json "HTTP/1.1 307 Temporary Redirect"
2026-04-25 21:17:50,321 - INFO - HTTP Request: HEAD https://hf-mirror.com/api/resolve-cache/models/BAAI/bge-large-zh-v1.5/79e7739b6ab944e86d6171e44d24c997fc1e0116/modules.json "HTTP/1.1 200 OK"
2026-04-25 21:17:50,719 - INFO - HTTP Request: HEAD https://hf-mirror.com/BAAI/bge-large-zh-v1.5/resolve/main/sentence_bert_config.json "HTTP/1.1 307 Temporary Redirect"
2026-04-25 21:17:50,931 - INFO - HTTP Request: HEAD https://hf-mirror.com/api/resolve-cache/models/BAAI/bge-large-zh-v1.5/79e7739b6ab944e86d6171e44d24c997fc1e0116/sentence_bert_config.json "HTTP/1.1 200 OK"
2026-04-25 21:17:51,268 - INFO - HTTP Request: HEAD https://hf-mirror.com/BAAI/bge-large-zh-v1.5/resolve/main/adapter_config.json "HTTP/1.1 404 Not Found"
2026-04-25 21:17:51,660 - INFO - HTTP Request: HEAD https://hf-mirror.com/BAAI/bge-large-zh-v1.5/resolve/main/config.json "HTTP/1.1 307 Temporary Redirect"
2026-04-25 21:17:51,976 - INFO - HTTP Request: HEAD https://hf-mirror.com/api/resolve-cache/models/BAAI/bge-large-zh-v1.5/79e7739b6ab944e86d6171e44d24c997fc1e0116/config.json "HTTP/1.1 200 OK"
2026-04-25 21:17:52,370 - INFO - HTTP Request: HEAD https://hf-mirror.com/BAAI/bge-large-zh-v1.5/resolve/main/config.json "HTTP/1.1 307 Temporary Redirect"
2026-04-25 21:17:52,545 - INFO - HTTP Request: HEAD https://hf-mirror.com/api/resolve-cache/models/BAAI/bge-large-zh-v1.5/79e7739b6ab944e86d6171e44d24c997fc1e0116/config.json "HTTP/1.1 200 OK"
2026-04-25 21:17:52,955 - INFO - HTTP Request: HEAD https://hf-mirror.com/BAAI/bge-large-zh-v1.5/resolve/main/model.safetensors "HTTP/1.1 404 Not Found"
2026-04-25 21:17:53,265 - INFO - HTTP Request: GET https://hf-mirror.com/api/models/BAAI/bge-large-zh-v1.5 "HTTP/1.1 200 OK"
2026-04-25 21:17:53,612 - INFO - HTTP Request: GET https://hf-mirror.com/api/models/BAAI/bge-large-zh-v1.5/commits/main "HTTP/1.1 200 OK"
2026-04-25 21:17:53,859 - INFO - HTTP Request: GET https://hf-mirror.com/api/models/BAAI/bge-large-zh-v1.5/discussions?p=0 "HTTP/1.1 200 OK"
2026-04-25 21:17:53,979 - INFO - HTTP Request: HEAD https://hf-mirror.com/BAAI/bge-large-zh-v1.5/resolve/main/config.json "HTTP/1.1 307 Temporary Redirect"
2026-04-25 21:17:54,084 - INFO - HTTP Request: GET https://hf-mirror.com/api/models/BAAI/bge-large-zh-v1.5/commits/refs%2Fpr%2F35 "HTTP/1.1 200 OK"
2026-04-25 21:17:54,184 - INFO - HTTP Request: HEAD https://hf-mirror.com/api/resolve-cache/models/BAAI/bge-large-zh-v1.5/79e7739b6ab944e86d6171e44d24c997fc1e0116/config.json "HTTP/1.1 200 OK"
2026-04-25 21:17:54,475 - INFO - HTTP Request: HEAD https://hf-mirror.com/BAAI/bge-large-zh-v1.5/resolve/refs%2Fpr%2F35/model.safetensors.index.json "HTTP/1.1 404 Not Found"
2026-04-25 21:17:54,594 - INFO - HTTP Request: HEAD https://hf-mirror.com/BAAI/bge-large-zh-v1.5/resolve/main/tokenizer_config.json "HTTP/1.1 307 Temporary Redirect"
2026-04-25 21:17:54,799 - INFO - HTTP Request: HEAD https://hf-mirror.com/api/resolve-cache/models/BAAI/bge-large-zh-v1.5/79e7739b6ab944e86d6171e44d24c997fc1e0116/tokenizer_config.json "HTTP/1.1 200 OK"
2026-04-25 21:17:54,900 - INFO - HTTP Request: HEAD https://hf-mirror.com/BAAI/bge-large-zh-v1.5/resolve/refs%2Fpr%2F35/model.safetensors "HTTP/1.1 302 Found"
2026-04-25 21:17:55,107 - INFO - HTTP Request: GET https://hf-mirror.com/api/models/BAAI/bge-large-zh-v1.5/tree/main/additional_chat_templates?recursive=false&expand=false "HTTP/1.1 404 Not Found"
2026-04-25 21:17:55,266 - INFO - HTTP Request: GET https://hf-mirror.com/api/models/BAAI/bge-large-zh-v1.5/tree/main?recursive=true&expand=false "HTTP/1.1 200 OK"
2026-04-25 21:17:55,667 - INFO - HTTP Request: HEAD https://hf-mirror.com/BAAI/bge-large-zh-v1.5/resolve/main/1_Pooling/config.json "HTTP/1.1 307 Temporary Redirect"
2026-04-25 21:17:55,836 - INFO - HTTP Request: HEAD https://hf-mirror.com/api/resolve-cache/models/BAAI/bge-large-zh-v1.5/79e7739b6ab944e86d6171e44d24c997fc1e0116/1_Pooling%2Fconfig.json "HTTP/1.1 200 OK"
2026-04-25 21:17:56,067 - INFO - HTTP Request: GET https://hf-mirror.com/api/models/BAAI/bge-large-zh-v1.5 "HTTP/1.1 200 OK"
2026-04-25 21:17:57,815 - INFO - Precompute embeddings once for all runs (stage=start)
2026-04-25 21:19:17,031 - INFO - Precompute embeddings done | elapsed=01:19 | vectors=4000
2026-04-25 21:19:17,032 - INFO - Total runs: 40
2026-04-25 21:19:17,032 - INFO - Run 1/40 | done=0 remain=40 ETA=unknown | k=10 d=5 nr=none
2026-04-25 21:19:17,032 - INFO - Run k_10__d_5__nr_none | min_cluster_size=33 | min_samples=6
2026-04-25 21:19:17,033 - INFO - Run k_10__d_5__nr_none | stage=build_topic_model done | elapsed=00:00
2026-04-25 21:19:17,033 - INFO - Run k_10__d_5__nr_none | stage=fit_transform start (UMAP+HDBSCAN)
2026-04-26 08:44:29,314 - WARNING - Run interrupted by KeyboardInterrupt | k=10 d=5 nr=none | elapsed=11:25:12
2026-04-26 08:44:29,320 - WARNING - Experiment interrupted by user at run 1/40 (k=10 d=5 nr=none).
2026-04-26 08:46:24,402 - INFO - Loading data: E:\document\PG\studio\content\bertopic_ready_data\bertopic_train_data.csv
2026-04-26 08:46:24,767 - INFO - Valid rows before short-text filter: 18146
2026-04-26 08:46:24,777 - WARNING - Coarse sweep: subsampled to 4000 rows (max_docs=4000, seed=13). Scores are indicative only; re-run full data for final pick.
2026-04-26 08:46:24,835 - INFO - CUDA[0] NVIDIA GeForce RTX 5070 Laptop GPU | capability=(12, 0) | total VRAM=8.0 GiB
2026-04-26 08:46:24,835 - INFO - Load embedding model BAAI/bge-large-zh-v1.5 on cuda
2026-04-26 08:46:24,837 - INFO - Load pretrained SentenceTransformer: BAAI/bge-large-zh-v1.5
2026-04-26 08:46:25,746 - INFO - HTTP Request: HEAD https://hf-mirror.com/BAAI/bge-large-zh-v1.5/resolve/main/modules.json "HTTP/1.1 307 Temporary Redirect"
2026-04-26 08:46:26,118 - INFO - HTTP Request: HEAD https://hf-mirror.com/api/resolve-cache/models/BAAI/bge-large-zh-v1.5/79e7739b6ab944e86d6171e44d24c997fc1e0116/modules.json "HTTP/1.1 200 OK"
2026-04-26 08:46:26,631 - INFO - HTTP Request: HEAD https://hf-mirror.com/BAAI/bge-large-zh-v1.5/resolve/main/config_sentence_transformers.json "HTTP/1.1 307 Temporary Redirect"
2026-04-26 08:46:26,807 - INFO - HTTP Request: HEAD https://hf-mirror.com/api/resolve-cache/models/BAAI/bge-large-zh-v1.5/79e7739b6ab944e86d6171e44d24c997fc1e0116/config_sentence_transformers.json "HTTP/1.1 200 OK"
2026-04-26 08:46:27,129 - INFO - HTTP Request: HEAD https://hf-mirror.com/BAAI/bge-large-zh-v1.5/resolve/main/config_sentence_transformers.json "HTTP/1.1 307 Temporary Redirect"
2026-04-26 08:46:27,318 - INFO - HTTP Request: HEAD https://hf-mirror.com/api/resolve-cache/models/BAAI/bge-large-zh-v1.5/79e7739b6ab944e86d6171e44d24c997fc1e0116/config_sentence_transformers.json "HTTP/1.1 200 OK"
2026-04-26 08:46:27,728 - INFO - HTTP Request: HEAD https://hf-mirror.com/BAAI/bge-large-zh-v1.5/resolve/main/README.md "HTTP/1.1 307 Temporary Redirect"
2026-04-26 08:46:27,845 - INFO - HTTP Request: HEAD https://hf-mirror.com/api/resolve-cache/models/BAAI/bge-large-zh-v1.5/79e7739b6ab944e86d6171e44d24c997fc1e0116/README.md "HTTP/1.1 200 OK"
2026-04-26 08:46:28,259 - INFO - HTTP Request: HEAD https://hf-mirror.com/BAAI/bge-large-zh-v1.5/resolve/main/modules.json "HTTP/1.1 307 Temporary Redirect"
2026-04-26 08:46:28,761 - INFO - HTTP Request: HEAD https://hf-mirror.com/api/resolve-cache/models/BAAI/bge-large-zh-v1.5/79e7739b6ab944e86d6171e44d24c997fc1e0116/modules.json "HTTP/1.1 200 OK"
2026-04-26 08:46:29,059 - INFO - HTTP Request: HEAD https://hf-mirror.com/BAAI/bge-large-zh-v1.5/resolve/main/sentence_bert_config.json "HTTP/1.1 307 Temporary Redirect"
2026-04-26 08:46:29,159 - INFO - HTTP Request: HEAD https://hf-mirror.com/api/resolve-cache/models/BAAI/bge-large-zh-v1.5/79e7739b6ab944e86d6171e44d24c997fc1e0116/sentence_bert_config.json "HTTP/1.1 200 OK"
2026-04-26 08:46:29,596 - INFO - HTTP Request: HEAD https://hf-mirror.com/BAAI/bge-large-zh-v1.5/resolve/main/adapter_config.json "HTTP/1.1 404 Not Found"
2026-04-26 08:46:29,893 - INFO - HTTP Request: HEAD https://hf-mirror.com/BAAI/bge-large-zh-v1.5/resolve/main/config.json "HTTP/1.1 307 Temporary Redirect"
2026-04-26 08:46:30,098 - INFO - HTTP Request: HEAD https://hf-mirror.com/api/resolve-cache/models/BAAI/bge-large-zh-v1.5/79e7739b6ab944e86d6171e44d24c997fc1e0116/config.json "HTTP/1.1 200 OK"
2026-04-26 08:46:30,402 - INFO - HTTP Request: HEAD https://hf-mirror.com/BAAI/bge-large-zh-v1.5/resolve/main/config.json "HTTP/1.1 307 Temporary Redirect"
2026-04-26 08:46:30,622 - INFO - HTTP Request: HEAD https://hf-mirror.com/api/resolve-cache/models/BAAI/bge-large-zh-v1.5/79e7739b6ab944e86d6171e44d24c997fc1e0116/config.json "HTTP/1.1 200 OK"
2026-04-26 08:46:31,136 - INFO - HTTP Request: HEAD https://hf-mirror.com/BAAI/bge-large-zh-v1.5/resolve/main/model.safetensors "HTTP/1.1 404 Not Found"
2026-04-26 08:46:31,337 - INFO - HTTP Request: GET https://hf-mirror.com/api/models/BAAI/bge-large-zh-v1.5 "HTTP/1.1 200 OK"
2026-04-26 08:46:31,740 - INFO - HTTP Request: GET https://hf-mirror.com/api/models/BAAI/bge-large-zh-v1.5/commits/main "HTTP/1.1 200 OK"
2026-04-26 08:46:32,044 - INFO - HTTP Request: GET https://hf-mirror.com/api/models/BAAI/bge-large-zh-v1.5/discussions?p=0 "HTTP/1.1 200 OK"
2026-04-26 08:46:32,264 - INFO - HTTP Request: GET https://hf-mirror.com/api/models/BAAI/bge-large-zh-v1.5/commits/refs%2Fpr%2F35 "HTTP/1.1 200 OK"
2026-04-26 08:46:32,423 - INFO - HTTP Request: HEAD https://hf-mirror.com/BAAI/bge-large-zh-v1.5/resolve/main/config.json "HTTP/1.1 307 Temporary Redirect"
2026-04-26 08:46:32,672 - INFO - HTTP Request: HEAD https://hf-mirror.com/BAAI/bge-large-zh-v1.5/resolve/refs%2Fpr%2F35/model.safetensors.index.json "HTTP/1.1 404 Not Found"
2026-04-26 08:46:32,728 - INFO - HTTP Request: HEAD https://hf-mirror.com/api/resolve-cache/models/BAAI/bge-large-zh-v1.5/79e7739b6ab944e86d6171e44d24c997fc1e0116/config.json "HTTP/1.1 200 OK"
2026-04-26 08:46:33,271 - INFO - HTTP Request: HEAD https://hf-mirror.com/BAAI/bge-large-zh-v1.5/resolve/refs%2Fpr%2F35/model.safetensors "HTTP/1.1 302 Found"
2026-04-26 08:46:33,272 - INFO - HTTP Request: HEAD https://hf-mirror.com/BAAI/bge-large-zh-v1.5/resolve/main/tokenizer_config.json "HTTP/1.1 307 Temporary Redirect"
2026-04-26 08:46:33,667 - INFO - HTTP Request: HEAD https://hf-mirror.com/api/resolve-cache/models/BAAI/bge-large-zh-v1.5/79e7739b6ab944e86d6171e44d24c997fc1e0116/tokenizer_config.json "HTTP/1.1 200 OK"
2026-04-26 08:46:33,872 - INFO - HTTP Request: GET https://hf-mirror.com/api/models/BAAI/bge-large-zh-v1.5/tree/main/additional_chat_templates?recursive=false&expand=false "HTTP/1.1 404 Not Found"
2026-04-26 08:46:34,196 - INFO - HTTP Request: GET https://hf-mirror.com/api/models/BAAI/bge-large-zh-v1.5/tree/main?recursive=true&expand=false "HTTP/1.1 200 OK"
2026-04-26 08:46:34,718 - INFO - HTTP Request: HEAD https://hf-mirror.com/BAAI/bge-large-zh-v1.5/resolve/main/1_Pooling/config.json "HTTP/1.1 307 Temporary Redirect"
2026-04-26 08:46:34,929 - INFO - HTTP Request: HEAD https://hf-mirror.com/api/resolve-cache/models/BAAI/bge-large-zh-v1.5/79e7739b6ab944e86d6171e44d24c997fc1e0116/1_Pooling%2Fconfig.json "HTTP/1.1 200 OK"
2026-04-26 08:46:35,075 - INFO - HTTP Request: GET https://hf-mirror.com/api/models/BAAI/bge-large-zh-v1.5 "HTTP/1.1 200 OK"
2026-04-26 08:46:37,217 - INFO - Precompute embeddings once for all runs (stage=start)
2026-04-26 08:47:55,663 - INFO - Precompute embeddings done | elapsed=01:18 | vectors=4000
2026-04-26 08:47:55,664 - INFO - Total runs: 40
2026-04-26 08:47:55,664 - INFO - Run 1/40 | done=0 remain=40 ETA=unknown | k=10 d=5 nr=none
2026-04-26 08:47:55,664 - INFO - Run k_10__d_5__nr_none | min_cluster_size=33 | min_samples=6
2026-04-26 08:47:55,665 - INFO - Run k_10__d_5__nr_none | stage=build_topic_model done | elapsed=00:00
2026-04-26 08:47:55,665 - INFO - Run k_10__d_5__nr_none | stage=fit_transform start (UMAP+HDBSCAN)
2026-04-26 08:48:15,403 - INFO - Run k_10__d_5__nr_none | stage=fit_transform done | elapsed=00:19
2026-04-26 08:48:15,408 - INFO - Run k_10__d_5__nr_none | stage=metrics done | elapsed=00:00
2026-04-26 08:48:15,409 - INFO - Run k_10__d_5__nr_none | stage=save_outputs done | elapsed=00:00
2026-04-26 08:48:15,409 - INFO - Run k_10__d_5__nr_none | finished | total_elapsed=00:19
2026-04-26 08:48:15,420 - INFO - Run 2/40 | done=1 remain=39 ETA=12:50 | k=10 d=5 nr=30
2026-04-26 08:48:15,421 - INFO - Run k_10__d_5__nr_30 | min_cluster_size=33 | min_samples=6
2026-04-26 08:48:15,421 - INFO - Run k_10__d_5__nr_30 | stage=build_topic_model done | elapsed=00:00
2026-04-26 08:48:15,421 - INFO - Run k_10__d_5__nr_30 | stage=fit_transform start (UMAP+HDBSCAN)
2026-04-26 08:48:30,569 - INFO - Run k_10__d_5__nr_30 | stage=fit_transform done | elapsed=00:15
2026-04-26 08:48:30,573 - INFO - Run k_10__d_5__nr_30 | stage=metrics done | elapsed=00:00
2026-04-26 08:48:30,574 - INFO - Run k_10__d_5__nr_30 | stage=save_outputs done | elapsed=00:00
2026-04-26 08:48:30,574 - INFO - Run k_10__d_5__nr_30 | finished | total_elapsed=00:15
2026-04-26 08:48:30,583 - INFO - Run 3/40 | done=2 remain=38 ETA=11:03 | k=10 d=10 nr=none
2026-04-26 08:48:30,583 - INFO - Run k_10__d_10__nr_none | min_cluster_size=33 | min_samples=6
2026-04-26 08:48:30,584 - INFO - Run k_10__d_10__nr_none | stage=build_topic_model done | elapsed=00:00
2026-04-26 08:48:30,584 - INFO - Run k_10__d_10__nr_none | stage=fit_transform start (UMAP+HDBSCAN)
2026-04-26 08:48:44,912 - ERROR - Run failed | k=10 d=10 nr=none
Traceback (most recent call last):
  File "E:\document\PG\studio\content\bertopic_raw_sweep.py", line 422, in run_single_experiment
    topics, _ = topic_model.fit_transform(seg_texts, embeddings=embeddings)
                ^^^^^^^^^^^^^^^^^^^^^^^^^^^^^^^^^^^^^^^^^^^^^^^^^^^^^^^^^^^
  File "D:\an\envs\aigcxhs\Lib\site-packages\bertopic\_bertopic.py", line 520, in fit_transform
    self._extract_topics(
  File "D:\an\envs\aigcxhs\Lib\site-packages\bertopic\_bertopic.py", line 4204, in _extract_topics
    self.c_tf_idf_, words = self._c_tf_idf(documents_per_topic)
                            ^^^^^^^^^^^^^^^^^^^^^^^^^^^^^^^^^^^
  File "D:\an\envs\aigcxhs\Lib\site-packages\bertopic\_bertopic.py", line 4422, in _c_tf_idf
    X = self.vectorizer_model.fit_transform(documents)
        ^^^^^^^^^^^^^^^^^^^^^^^^^^^^^^^^^^^^^^^^^^^^^^
  File "D:\an\envs\aigcxhs\Lib\site-packages\sklearn\base.py", line 1336, in wrapper
    return fit_method(estimator, *args, **kwargs)
           ^^^^^^^^^^^^^^^^^^^^^^^^^^^^^^^^^^^^^^
  File "D:\an\envs\aigcxhs\Lib\site-packages\sklearn\feature_extraction\text.py", line 1396, in fit_transform
    raise ValueError("max_df corresponds to < documents than min_df")
ValueError: max_df corresponds to < documents than min_df
2026-04-26 08:48:44,998 - INFO - Current Top3 Leaderboard:
2026-04-26 08:48:44,998 - INFO -   #1 k=10 d=5 nr=none | score=0.8563 | coverage=0.6663 | diversity=0.9871 | entropy=0.9579 | discovered=31
2026-04-26 08:48:44,998 - INFO -   #2 k=10 d=5 nr=30 | score=0.8511 | coverage=0.6663 | diversity=0.9897 | entropy=0.9514 | discovered=29
2026-04-26 08:48:44,998 - INFO - Run 4/40 | done=3 remain=37 ETA=10:07 | k=10 d=10 nr=30
2026-04-26 08:48:44,999 - INFO - Run k_10__d_10__nr_30 | min_cluster_size=33 | min_samples=6
2026-04-26 08:48:44,999 - INFO - Run k_10__d_10__nr_30 | stage=build_topic_model done | elapsed=00:00
2026-04-26 08:48:44,999 - INFO - Run k_10__d_10__nr_30 | stage=fit_transform start (UMAP+HDBSCAN)
2026-04-26 08:48:59,481 - ERROR - Run failed | k=10 d=10 nr=30
Traceback (most recent call last):
  File "E:\document\PG\studio\content\bertopic_raw_sweep.py", line 422, in run_single_experiment
    topics, _ = topic_model.fit_transform(seg_texts, embeddings=embeddings)
                ^^^^^^^^^^^^^^^^^^^^^^^^^^^^^^^^^^^^^^^^^^^^^^^^^^^^^^^^^^^
  File "D:\an\envs\aigcxhs\Lib\site-packages\bertopic\_bertopic.py", line 520, in fit_transform
    self._extract_topics(
  File "D:\an\envs\aigcxhs\Lib\site-packages\bertopic\_bertopic.py", line 4204, in _extract_topics
    self.c_tf_idf_, words = self._c_tf_idf(documents_per_topic)
                            ^^^^^^^^^^^^^^^^^^^^^^^^^^^^^^^^^^^
  File "D:\an\envs\aigcxhs\Lib\site-packages\bertopic\_bertopic.py", line 4422, in _c_tf_idf
    X = self.vectorizer_model.fit_transform(documents)
        ^^^^^^^^^^^^^^^^^^^^^^^^^^^^^^^^^^^^^^^^^^^^^^
  File "D:\an\envs\aigcxhs\Lib\site-packages\sklearn\base.py", line 1336, in wrapper
    return fit_method(estimator, *args, **kwargs)
           ^^^^^^^^^^^^^^^^^^^^^^^^^^^^^^^^^^^^^^
  File "D:\an\envs\aigcxhs\Lib\site-packages\sklearn\feature_extraction\text.py", line 1396, in fit_transform
    raise ValueError("max_df corresponds to < documents than min_df")
ValueError: max_df corresponds to < documents than min_df
2026-04-26 08:48:59,490 - INFO - Run 5/40 | done=4 remain=36 ETA=09:33 | k=10 d=15 nr=none
2026-04-26 08:48:59,490 - INFO - Run k_10__d_15__nr_none | min_cluster_size=33 | min_samples=6
2026-04-26 08:48:59,490 - INFO - Run k_10__d_15__nr_none | stage=build_topic_model done | elapsed=00:00
2026-04-26 08:48:59,491 - INFO - Run k_10__d_15__nr_none | stage=fit_transform start (UMAP+HDBSCAN)
2026-04-26 08:49:14,678 - INFO - Run k_10__d_15__nr_none | stage=fit_transform done | elapsed=00:15
2026-04-26 08:49:14,681 - INFO - Run k_10__d_15__nr_none | stage=metrics done | elapsed=00:00
2026-04-26 08:49:14,682 - INFO - Run k_10__d_15__nr_none | stage=save_outputs done | elapsed=00:00
2026-04-26 08:49:14,682 - INFO - Run k_10__d_15__nr_none | finished | total_elapsed=00:15
2026-04-26 08:49:14,690 - INFO - Run 6/40 | done=5 remain=35 ETA=09:12 | k=10 d=15 nr=30
2026-04-26 08:49:14,691 - INFO - Run k_10__d_15__nr_30 | min_cluster_size=33 | min_samples=6
2026-04-26 08:49:14,691 - INFO - Run k_10__d_15__nr_30 | stage=build_topic_model done | elapsed=00:00
2026-04-26 08:49:14,691 - INFO - Run k_10__d_15__nr_30 | stage=fit_transform start (UMAP+HDBSCAN)
2026-04-26 08:49:30,346 - INFO - Run k_10__d_15__nr_30 | stage=fit_transform done | elapsed=00:15
2026-04-26 08:49:30,349 - INFO - Run k_10__d_15__nr_30 | stage=metrics done | elapsed=00:00
2026-04-26 08:49:30,351 - INFO - Run k_10__d_15__nr_30 | stage=save_outputs done | elapsed=00:00
2026-04-26 08:49:30,351 - INFO - Run k_10__d_15__nr_30 | finished | total_elapsed=00:15
2026-04-26 08:49:30,360 - INFO - Current Top3 Leaderboard:
2026-04-26 08:49:30,360 - INFO -   #1 k=10 d=5 nr=none | score=0.8563 | coverage=0.6663 | diversity=0.9871 | entropy=0.9579 | discovered=31
2026-04-26 08:49:30,360 - INFO -   #2 k=10 d=5 nr=30 | score=0.8511 | coverage=0.6663 | diversity=0.9897 | entropy=0.9514 | discovered=29
2026-04-26 08:49:30,360 - INFO -   #3 k=10 d=15 nr=none | score=0.8469 | coverage=0.6605 | diversity=0.9808 | entropy=0.9233 | discovered=26
2026-04-26 08:49:30,360 - INFO - Run 7/40 | done=6 remain=34 ETA=08:55 | k=10 d=20 nr=none
2026-04-26 08:49:30,360 - INFO - Run k_10__d_20__nr_none | min_cluster_size=33 | min_samples=6
2026-04-26 08:49:30,361 - INFO - Run k_10__d_20__nr_none | stage=build_topic_model done | elapsed=00:00
2026-04-26 08:49:30,361 - INFO - Run k_10__d_20__nr_none | stage=fit_transform start (UMAP+HDBSCAN)
2026-04-26 08:49:45,262 - ERROR - Run failed | k=10 d=20 nr=none
Traceback (most recent call last):
  File "E:\document\PG\studio\content\bertopic_raw_sweep.py", line 422, in run_single_experiment
    topics, _ = topic_model.fit_transform(seg_texts, embeddings=embeddings)
                ^^^^^^^^^^^^^^^^^^^^^^^^^^^^^^^^^^^^^^^^^^^^^^^^^^^^^^^^^^^
  File "D:\an\envs\aigcxhs\Lib\site-packages\bertopic\_bertopic.py", line 520, in fit_transform
    self._extract_topics(
  File "D:\an\envs\aigcxhs\Lib\site-packages\bertopic\_bertopic.py", line 4204, in _extract_topics
    self.c_tf_idf_, words = self._c_tf_idf(documents_per_topic)
                            ^^^^^^^^^^^^^^^^^^^^^^^^^^^^^^^^^^^
  File "D:\an\envs\aigcxhs\Lib\site-packages\bertopic\_bertopic.py", line 4422, in _c_tf_idf
    X = self.vectorizer_model.fit_transform(documents)
        ^^^^^^^^^^^^^^^^^^^^^^^^^^^^^^^^^^^^^^^^^^^^^^
  File "D:\an\envs\aigcxhs\Lib\site-packages\sklearn\base.py", line 1336, in wrapper
    return fit_method(estimator, *args, **kwargs)
           ^^^^^^^^^^^^^^^^^^^^^^^^^^^^^^^^^^^^^^
  File "D:\an\envs\aigcxhs\Lib\site-packages\sklearn\feature_extraction\text.py", line 1396, in fit_transform
    raise ValueError("max_df corresponds to < documents than min_df")
ValueError: max_df corresponds to < documents than min_df
2026-04-26 08:49:45,272 - INFO - Run 8/40 | done=7 remain=33 ETA=08:36 | k=10 d=20 nr=30
2026-04-26 08:49:45,272 - INFO - Run k_10__d_20__nr_30 | min_cluster_size=33 | min_samples=6
2026-04-26 08:49:45,273 - INFO - Run k_10__d_20__nr_30 | stage=build_topic_model done | elapsed=00:00
2026-04-26 08:49:45,273 - INFO - Run k_10__d_20__nr_30 | stage=fit_transform start (UMAP+HDBSCAN)
2026-04-26 08:50:00,133 - ERROR - Run failed | k=10 d=20 nr=30
Traceback (most recent call last):
  File "E:\document\PG\studio\content\bertopic_raw_sweep.py", line 422, in run_single_experiment
    topics, _ = topic_model.fit_transform(seg_texts, embeddings=embeddings)
                ^^^^^^^^^^^^^^^^^^^^^^^^^^^^^^^^^^^^^^^^^^^^^^^^^^^^^^^^^^^
  File "D:\an\envs\aigcxhs\Lib\site-packages\bertopic\_bertopic.py", line 520, in fit_transform
    self._extract_topics(
  File "D:\an\envs\aigcxhs\Lib\site-packages\bertopic\_bertopic.py", line 4204, in _extract_topics
    self.c_tf_idf_, words = self._c_tf_idf(documents_per_topic)
                            ^^^^^^^^^^^^^^^^^^^^^^^^^^^^^^^^^^^
  File "D:\an\envs\aigcxhs\Lib\site-packages\bertopic\_bertopic.py", line 4422, in _c_tf_idf
    X = self.vectorizer_model.fit_transform(documents)
        ^^^^^^^^^^^^^^^^^^^^^^^^^^^^^^^^^^^^^^^^^^^^^^
  File "D:\an\envs\aigcxhs\Lib\site-packages\sklearn\base.py", line 1336, in wrapper
    return fit_method(estimator, *args, **kwargs)
           ^^^^^^^^^^^^^^^^^^^^^^^^^^^^^^^^^^^^^^
  File "D:\an\envs\aigcxhs\Lib\site-packages\sklearn\feature_extraction\text.py", line 1396, in fit_transform
    raise ValueError("max_df corresponds to < documents than min_df")
ValueError: max_df corresponds to < documents than min_df
2026-04-26 08:50:00,143 - INFO - Run 9/40 | done=8 remain=32 ETA=08:17 | k=20 d=5 nr=none
2026-04-26 08:50:00,143 - INFO - Run k_20__d_5__nr_none | min_cluster_size=33 | min_samples=6
2026-04-26 08:50:00,143 - INFO - Run k_20__d_5__nr_none | stage=build_topic_model done | elapsed=00:00
2026-04-26 08:50:00,143 - INFO - Run k_20__d_5__nr_none | stage=fit_transform start (UMAP+HDBSCAN)
2026-04-26 08:50:16,023 - INFO - Run k_20__d_5__nr_none | stage=fit_transform done | elapsed=00:15
2026-04-26 08:50:16,026 - INFO - Run k_20__d_5__nr_none | stage=metrics done | elapsed=00:00
2026-04-26 08:50:16,027 - INFO - Run k_20__d_5__nr_none | stage=save_outputs done | elapsed=00:00
2026-04-26 08:50:16,027 - INFO - Run k_20__d_5__nr_none | finished | total_elapsed=00:15
2026-04-26 08:50:16,034 - INFO - Current Top3 Leaderboard:
2026-04-26 08:50:16,034 - INFO -   #1 k=10 d=5 nr=none | score=0.8563 | coverage=0.6663 | diversity=0.9871 | entropy=0.9579 | discovered=31
2026-04-26 08:50:16,035 - INFO -   #2 k=10 d=5 nr=30 | score=0.8511 | coverage=0.6663 | diversity=0.9897 | entropy=0.9514 | discovered=29
2026-04-26 08:50:16,035 - INFO -   #3 k=10 d=15 nr=none | score=0.8469 | coverage=0.6605 | diversity=0.9808 | entropy=0.9233 | discovered=26
2026-04-26 08:50:16,035 - INFO - Run 10/40 | done=9 remain=31 ETA=08:02 | k=20 d=5 nr=30
2026-04-26 08:50:16,035 - INFO - Run k_20__d_5__nr_30 | min_cluster_size=33 | min_samples=6
2026-04-26 08:50:16,035 - INFO - Run k_20__d_5__nr_30 | stage=build_topic_model done | elapsed=00:00
2026-04-26 08:50:16,036 - INFO - Run k_20__d_5__nr_30 | stage=fit_transform start (UMAP+HDBSCAN)
2026-04-26 08:50:32,201 - INFO - Run k_20__d_5__nr_30 | stage=fit_transform done | elapsed=00:16
2026-04-26 08:50:32,205 - INFO - Run k_20__d_5__nr_30 | stage=metrics done | elapsed=00:00
2026-04-26 08:50:32,207 - INFO - Run k_20__d_5__nr_30 | stage=save_outputs done | elapsed=00:00
2026-04-26 08:50:32,207 - INFO - Run k_20__d_5__nr_30 | finished | total_elapsed=00:16
2026-04-26 08:50:32,217 - INFO - Run 11/40 | done=10 remain=30 ETA=07:49 | k=20 d=10 nr=none
2026-04-26 08:50:32,217 - INFO - Run k_20__d_10__nr_none | min_cluster_size=33 | min_samples=6
2026-04-26 08:50:32,217 - INFO - Run k_20__d_10__nr_none | stage=build_topic_model done | elapsed=00:00
2026-04-26 08:50:32,217 - INFO - Run k_20__d_10__nr_none | stage=fit_transform start (UMAP+HDBSCAN)
2026-04-26 08:50:47,669 - ERROR - Run failed | k=20 d=10 nr=none
Traceback (most recent call last):
  File "E:\document\PG\studio\content\bertopic_raw_sweep.py", line 422, in run_single_experiment
    topics, _ = topic_model.fit_transform(seg_texts, embeddings=embeddings)
                ^^^^^^^^^^^^^^^^^^^^^^^^^^^^^^^^^^^^^^^^^^^^^^^^^^^^^^^^^^^
  File "D:\an\envs\aigcxhs\Lib\site-packages\bertopic\_bertopic.py", line 520, in fit_transform
    self._extract_topics(
  File "D:\an\envs\aigcxhs\Lib\site-packages\bertopic\_bertopic.py", line 4204, in _extract_topics
    self.c_tf_idf_, words = self._c_tf_idf(documents_per_topic)
                            ^^^^^^^^^^^^^^^^^^^^^^^^^^^^^^^^^^^
  File "D:\an\envs\aigcxhs\Lib\site-packages\bertopic\_bertopic.py", line 4422, in _c_tf_idf
    X = self.vectorizer_model.fit_transform(documents)
        ^^^^^^^^^^^^^^^^^^^^^^^^^^^^^^^^^^^^^^^^^^^^^^
  File "D:\an\envs\aigcxhs\Lib\site-packages\sklearn\base.py", line 1336, in wrapper
    return fit_method(estimator, *args, **kwargs)
           ^^^^^^^^^^^^^^^^^^^^^^^^^^^^^^^^^^^^^^
  File "D:\an\envs\aigcxhs\Lib\site-packages\sklearn\feature_extraction\text.py", line 1396, in fit_transform
    raise ValueError("max_df corresponds to < documents than min_df")
ValueError: max_df corresponds to < documents than min_df
2026-04-26 08:50:47,679 - INFO - Run 12/40 | done=11 remain=29 ETA=07:33 | k=20 d=10 nr=30
2026-04-26 08:50:47,680 - INFO - Run k_20__d_10__nr_30 | min_cluster_size=33 | min_samples=6
2026-04-26 08:50:47,680 - INFO - Run k_20__d_10__nr_30 | stage=build_topic_model done | elapsed=00:00
2026-04-26 08:50:47,680 - INFO - Run k_20__d_10__nr_30 | stage=fit_transform start (UMAP+HDBSCAN)
2026-04-26 08:51:03,940 - ERROR - Run failed | k=20 d=10 nr=30
Traceback (most recent call last):
  File "E:\document\PG\studio\content\bertopic_raw_sweep.py", line 422, in run_single_experiment
    topics, _ = topic_model.fit_transform(seg_texts, embeddings=embeddings)
                ^^^^^^^^^^^^^^^^^^^^^^^^^^^^^^^^^^^^^^^^^^^^^^^^^^^^^^^^^^^
  File "D:\an\envs\aigcxhs\Lib\site-packages\bertopic\_bertopic.py", line 520, in fit_transform
    self._extract_topics(
  File "D:\an\envs\aigcxhs\Lib\site-packages\bertopic\_bertopic.py", line 4204, in _extract_topics
    self.c_tf_idf_, words = self._c_tf_idf(documents_per_topic)
                            ^^^^^^^^^^^^^^^^^^^^^^^^^^^^^^^^^^^
  File "D:\an\envs\aigcxhs\Lib\site-packages\bertopic\_bertopic.py", line 4422, in _c_tf_idf
    X = self.vectorizer_model.fit_transform(documents)
        ^^^^^^^^^^^^^^^^^^^^^^^^^^^^^^^^^^^^^^^^^^^^^^
  File "D:\an\envs\aigcxhs\Lib\site-packages\sklearn\base.py", line 1336, in wrapper
    return fit_method(estimator, *args, **kwargs)
           ^^^^^^^^^^^^^^^^^^^^^^^^^^^^^^^^^^^^^^
  File "D:\an\envs\aigcxhs\Lib\site-packages\sklearn\feature_extraction\text.py", line 1396, in fit_transform
    raise ValueError("max_df corresponds to < documents than min_df")
ValueError: max_df corresponds to < documents than min_df
2026-04-26 08:51:03,952 - INFO - Current Top3 Leaderboard:
2026-04-26 08:51:03,953 - INFO -   #1 k=10 d=5 nr=none | score=0.8563 | coverage=0.6663 | diversity=0.9871 | entropy=0.9579 | discovered=31
2026-04-26 08:51:03,953 - INFO -   #2 k=10 d=5 nr=30 | score=0.8511 | coverage=0.6663 | diversity=0.9897 | entropy=0.9514 | discovered=29
2026-04-26 08:51:03,953 - INFO -   #3 k=10 d=15 nr=none | score=0.8469 | coverage=0.6605 | diversity=0.9808 | entropy=0.9233 | discovered=26
2026-04-26 08:51:03,953 - INFO - Run 13/40 | done=12 remain=28 ETA=07:18 | k=20 d=15 nr=none
2026-04-26 08:51:03,954 - INFO - Run k_20__d_15__nr_none | min_cluster_size=33 | min_samples=6
2026-04-26 08:51:03,954 - INFO - Run k_20__d_15__nr_none | stage=build_topic_model done | elapsed=00:00
2026-04-26 08:51:03,954 - INFO - Run k_20__d_15__nr_none | stage=fit_transform start (UMAP+HDBSCAN)
2026-04-26 08:51:20,857 - ERROR - Run failed | k=20 d=15 nr=none
Traceback (most recent call last):
  File "E:\document\PG\studio\content\bertopic_raw_sweep.py", line 422, in run_single_experiment
    topics, _ = topic_model.fit_transform(seg_texts, embeddings=embeddings)
                ^^^^^^^^^^^^^^^^^^^^^^^^^^^^^^^^^^^^^^^^^^^^^^^^^^^^^^^^^^^
  File "D:\an\envs\aigcxhs\Lib\site-packages\bertopic\_bertopic.py", line 520, in fit_transform
    self._extract_topics(
  File "D:\an\envs\aigcxhs\Lib\site-packages\bertopic\_bertopic.py", line 4204, in _extract_topics
    self.c_tf_idf_, words = self._c_tf_idf(documents_per_topic)
                            ^^^^^^^^^^^^^^^^^^^^^^^^^^^^^^^^^^^
  File "D:\an\envs\aigcxhs\Lib\site-packages\bertopic\_bertopic.py", line 4422, in _c_tf_idf
    X = self.vectorizer_model.fit_transform(documents)
        ^^^^^^^^^^^^^^^^^^^^^^^^^^^^^^^^^^^^^^^^^^^^^^
  File "D:\an\envs\aigcxhs\Lib\site-packages\sklearn\base.py", line 1336, in wrapper
    return fit_method(estimator, *args, **kwargs)
           ^^^^^^^^^^^^^^^^^^^^^^^^^^^^^^^^^^^^^^
  File "D:\an\envs\aigcxhs\Lib\site-packages\sklearn\feature_extraction\text.py", line 1396, in fit_transform
    raise ValueError("max_df corresponds to < documents than min_df")
ValueError: max_df corresponds to < documents than min_df
2026-04-26 08:51:20,865 - INFO - Run 14/40 | done=13 remain=27 ETA=07:05 | k=20 d=15 nr=30
2026-04-26 08:51:20,866 - INFO - Run k_20__d_15__nr_30 | min_cluster_size=33 | min_samples=6
2026-04-26 08:51:20,866 - INFO - Run k_20__d_15__nr_30 | stage=build_topic_model done | elapsed=00:00
2026-04-26 08:51:20,866 - INFO - Run k_20__d_15__nr_30 | stage=fit_transform start (UMAP+HDBSCAN)
2026-04-26 08:51:36,796 - ERROR - Run failed | k=20 d=15 nr=30
Traceback (most recent call last):
  File "E:\document\PG\studio\content\bertopic_raw_sweep.py", line 422, in run_single_experiment
    topics, _ = topic_model.fit_transform(seg_texts, embeddings=embeddings)
                ^^^^^^^^^^^^^^^^^^^^^^^^^^^^^^^^^^^^^^^^^^^^^^^^^^^^^^^^^^^
  File "D:\an\envs\aigcxhs\Lib\site-packages\bertopic\_bertopic.py", line 520, in fit_transform
    self._extract_topics(
  File "D:\an\envs\aigcxhs\Lib\site-packages\bertopic\_bertopic.py", line 4204, in _extract_topics
    self.c_tf_idf_, words = self._c_tf_idf(documents_per_topic)
                            ^^^^^^^^^^^^^^^^^^^^^^^^^^^^^^^^^^^
  File "D:\an\envs\aigcxhs\Lib\site-packages\bertopic\_bertopic.py", line 4422, in _c_tf_idf
    X = self.vectorizer_model.fit_transform(documents)
        ^^^^^^^^^^^^^^^^^^^^^^^^^^^^^^^^^^^^^^^^^^^^^^
  File "D:\an\envs\aigcxhs\Lib\site-packages\sklearn\base.py", line 1336, in wrapper
    return fit_method(estimator, *args, **kwargs)
           ^^^^^^^^^^^^^^^^^^^^^^^^^^^^^^^^^^^^^^
  File "D:\an\envs\aigcxhs\Lib\site-packages\sklearn\feature_extraction\text.py", line 1396, in fit_transform
    raise ValueError("max_df corresponds to < documents than min_df")
ValueError: max_df corresponds to < documents than min_df
2026-04-26 08:51:36,806 - INFO - Run 15/40 | done=14 remain=26 ETA=06:50 | k=20 d=20 nr=none
2026-04-26 08:51:36,806 - INFO - Run k_20__d_20__nr_none | min_cluster_size=33 | min_samples=6
2026-04-26 08:51:36,806 - INFO - Run k_20__d_20__nr_none | stage=build_topic_model done | elapsed=00:00
2026-04-26 08:51:36,806 - INFO - Run k_20__d_20__nr_none | stage=fit_transform start (UMAP+HDBSCAN)
2026-04-26 08:51:52,414 - ERROR - Run failed | k=20 d=20 nr=none
Traceback (most recent call last):
  File "E:\document\PG\studio\content\bertopic_raw_sweep.py", line 422, in run_single_experiment
    topics, _ = topic_model.fit_transform(seg_texts, embeddings=embeddings)
                ^^^^^^^^^^^^^^^^^^^^^^^^^^^^^^^^^^^^^^^^^^^^^^^^^^^^^^^^^^^
  File "D:\an\envs\aigcxhs\Lib\site-packages\bertopic\_bertopic.py", line 520, in fit_transform
    self._extract_topics(
  File "D:\an\envs\aigcxhs\Lib\site-packages\bertopic\_bertopic.py", line 4204, in _extract_topics
    self.c_tf_idf_, words = self._c_tf_idf(documents_per_topic)
                            ^^^^^^^^^^^^^^^^^^^^^^^^^^^^^^^^^^^
  File "D:\an\envs\aigcxhs\Lib\site-packages\bertopic\_bertopic.py", line 4422, in _c_tf_idf
    X = self.vectorizer_model.fit_transform(documents)
        ^^^^^^^^^^^^^^^^^^^^^^^^^^^^^^^^^^^^^^^^^^^^^^
  File "D:\an\envs\aigcxhs\Lib\site-packages\sklearn\base.py", line 1336, in wrapper
    return fit_method(estimator, *args, **kwargs)
           ^^^^^^^^^^^^^^^^^^^^^^^^^^^^^^^^^^^^^^
  File "D:\an\envs\aigcxhs\Lib\site-packages\sklearn\feature_extraction\text.py", line 1396, in fit_transform
    raise ValueError("max_df corresponds to < documents than min_df")
ValueError: max_df corresponds to < documents than min_df
2026-04-26 08:51:52,422 - INFO - Current Top3 Leaderboard:
2026-04-26 08:51:52,422 - INFO -   #1 k=10 d=5 nr=none | score=0.8563 | coverage=0.6663 | diversity=0.9871 | entropy=0.9579 | discovered=31
2026-04-26 08:51:52,422 - INFO -   #2 k=10 d=5 nr=30 | score=0.8511 | coverage=0.6663 | diversity=0.9897 | entropy=0.9514 | discovered=29
2026-04-26 08:51:52,422 - INFO -   #3 k=10 d=15 nr=none | score=0.8469 | coverage=0.6605 | diversity=0.9808 | entropy=0.9233 | discovered=26
2026-04-26 08:51:52,423 - INFO - Run 16/40 | done=15 remain=25 ETA=06:34 | k=20 d=20 nr=30
2026-04-26 08:51:52,423 - INFO - Run k_20__d_20__nr_30 | min_cluster_size=33 | min_samples=6
2026-04-26 08:51:52,423 - INFO - Run k_20__d_20__nr_30 | stage=build_topic_model done | elapsed=00:00
2026-04-26 08:51:52,423 - INFO - Run k_20__d_20__nr_30 | stage=fit_transform start (UMAP+HDBSCAN)
2026-04-26 08:52:07,983 - ERROR - Run failed | k=20 d=20 nr=30
Traceback (most recent call last):
  File "E:\document\PG\studio\content\bertopic_raw_sweep.py", line 422, in run_single_experiment
    topics, _ = topic_model.fit_transform(seg_texts, embeddings=embeddings)
                ^^^^^^^^^^^^^^^^^^^^^^^^^^^^^^^^^^^^^^^^^^^^^^^^^^^^^^^^^^^
  File "D:\an\envs\aigcxhs\Lib\site-packages\bertopic\_bertopic.py", line 520, in fit_transform
    self._extract_topics(
  File "D:\an\envs\aigcxhs\Lib\site-packages\bertopic\_bertopic.py", line 4204, in _extract_topics
    self.c_tf_idf_, words = self._c_tf_idf(documents_per_topic)
                            ^^^^^^^^^^^^^^^^^^^^^^^^^^^^^^^^^^^
  File "D:\an\envs\aigcxhs\Lib\site-packages\bertopic\_bertopic.py", line 4422, in _c_tf_idf
    X = self.vectorizer_model.fit_transform(documents)
        ^^^^^^^^^^^^^^^^^^^^^^^^^^^^^^^^^^^^^^^^^^^^^^
  File "D:\an\envs\aigcxhs\Lib\site-packages\sklearn\base.py", line 1336, in wrapper
    return fit_method(estimator, *args, **kwargs)
           ^^^^^^^^^^^^^^^^^^^^^^^^^^^^^^^^^^^^^^
  File "D:\an\envs\aigcxhs\Lib\site-packages\sklearn\feature_extraction\text.py", line 1396, in fit_transform
    raise ValueError("max_df corresponds to < documents than min_df")
ValueError: max_df corresponds to < documents than min_df
2026-04-26 08:52:07,993 - INFO - Run 17/40 | done=16 remain=24 ETA=06:18 | k=30 d=5 nr=none
2026-04-26 08:52:07,993 - INFO - Run k_30__d_5__nr_none | min_cluster_size=33 | min_samples=6
2026-04-26 08:52:07,994 - INFO - Run k_30__d_5__nr_none | stage=build_topic_model done | elapsed=00:00
2026-04-26 08:52:07,994 - INFO - Run k_30__d_5__nr_none | stage=fit_transform start (UMAP+HDBSCAN)
2026-04-26 08:52:24,041 - INFO - Run k_30__d_5__nr_none | stage=fit_transform done | elapsed=00:16
2026-04-26 08:52:24,044 - INFO - Run k_30__d_5__nr_none | stage=metrics done | elapsed=00:00
2026-04-26 08:52:24,045 - INFO - Run k_30__d_5__nr_none | stage=save_outputs done | elapsed=00:00
2026-04-26 08:52:24,045 - INFO - Run k_30__d_5__nr_none | finished | total_elapsed=00:16
2026-04-26 08:52:24,052 - INFO - Run 18/40 | done=17 remain=23 ETA=06:02 | k=30 d=5 nr=30
2026-04-26 08:52:24,052 - INFO - Run k_30__d_5__nr_30 | min_cluster_size=33 | min_samples=6
2026-04-26 08:52:24,052 - INFO - Run k_30__d_5__nr_30 | stage=build_topic_model done | elapsed=00:00
2026-04-26 08:52:24,053 - INFO - Run k_30__d_5__nr_30 | stage=fit_transform start (UMAP+HDBSCAN)
2026-04-26 08:52:40,740 - INFO - Run k_30__d_5__nr_30 | stage=fit_transform done | elapsed=00:16
2026-04-26 08:52:40,743 - INFO - Run k_30__d_5__nr_30 | stage=metrics done | elapsed=00:00
2026-04-26 08:52:40,744 - INFO - Run k_30__d_5__nr_30 | stage=save_outputs done | elapsed=00:00
2026-04-26 08:52:40,744 - INFO - Run k_30__d_5__nr_30 | finished | total_elapsed=00:16
2026-04-26 08:52:40,754 - INFO - Current Top3 Leaderboard:
2026-04-26 08:52:40,754 - INFO -   #1 k=10 d=5 nr=none | score=0.8563 | coverage=0.6663 | diversity=0.9871 | entropy=0.9579 | discovered=31
2026-04-26 08:52:40,755 - INFO -   #2 k=10 d=5 nr=30 | score=0.8511 | coverage=0.6663 | diversity=0.9897 | entropy=0.9514 | discovered=29
2026-04-26 08:52:40,755 - INFO -   #3 k=10 d=15 nr=none | score=0.8469 | coverage=0.6605 | diversity=0.9808 | entropy=0.9233 | discovered=26
2026-04-26 08:52:40,755 - INFO - Run 19/40 | done=18 remain=22 ETA=05:48 | k=30 d=10 nr=none
2026-04-26 08:52:40,755 - INFO - Run k_30__d_10__nr_none | min_cluster_size=33 | min_samples=6
2026-04-26 08:52:40,755 - INFO - Run k_30__d_10__nr_none | stage=build_topic_model done | elapsed=00:00
2026-04-26 08:52:40,755 - INFO - Run k_30__d_10__nr_none | stage=fit_transform start (UMAP+HDBSCAN)
2026-04-26 08:52:56,654 - INFO - Run k_30__d_10__nr_none | stage=fit_transform done | elapsed=00:15
2026-04-26 08:52:56,657 - INFO - Run k_30__d_10__nr_none | stage=metrics done | elapsed=00:00
2026-04-26 08:52:56,657 - INFO - Run k_30__d_10__nr_none | stage=save_outputs done | elapsed=00:00
2026-04-26 08:52:56,657 - INFO - Run k_30__d_10__nr_none | finished | total_elapsed=00:15
2026-04-26 08:52:56,664 - INFO - Run 20/40 | done=19 remain=21 ETA=05:32 | k=30 d=10 nr=30
2026-04-26 08:52:56,664 - INFO - Run k_30__d_10__nr_30 | min_cluster_size=33 | min_samples=6
2026-04-26 08:52:56,664 - INFO - Run k_30__d_10__nr_30 | stage=build_topic_model done | elapsed=00:00
2026-04-26 08:52:56,665 - INFO - Run k_30__d_10__nr_30 | stage=fit_transform start (UMAP+HDBSCAN)
2026-04-26 08:53:13,844 - INFO - Run k_30__d_10__nr_30 | stage=fit_transform done | elapsed=00:17
2026-04-26 08:53:13,846 - INFO - Run k_30__d_10__nr_30 | stage=metrics done | elapsed=00:00
2026-04-26 08:53:13,848 - INFO - Run k_30__d_10__nr_30 | stage=save_outputs done | elapsed=00:00
2026-04-26 08:53:13,848 - INFO - Run k_30__d_10__nr_30 | finished | total_elapsed=00:17
2026-04-26 08:53:13,854 - INFO - Run 21/40 | done=20 remain=20 ETA=05:17 | k=30 d=15 nr=none
2026-04-26 08:53:13,854 - INFO - Run k_30__d_15__nr_none | min_cluster_size=33 | min_samples=6
2026-04-26 08:53:13,854 - INFO - Run k_30__d_15__nr_none | stage=build_topic_model done | elapsed=00:00
2026-04-26 08:53:13,854 - INFO - Run k_30__d_15__nr_none | stage=fit_transform start (UMAP+HDBSCAN)
2026-04-26 08:53:30,638 - ERROR - Run failed | k=30 d=15 nr=none
Traceback (most recent call last):
  File "E:\document\PG\studio\content\bertopic_raw_sweep.py", line 422, in run_single_experiment
    topics, _ = topic_model.fit_transform(seg_texts, embeddings=embeddings)
                ^^^^^^^^^^^^^^^^^^^^^^^^^^^^^^^^^^^^^^^^^^^^^^^^^^^^^^^^^^^
  File "D:\an\envs\aigcxhs\Lib\site-packages\bertopic\_bertopic.py", line 520, in fit_transform
    self._extract_topics(
  File "D:\an\envs\aigcxhs\Lib\site-packages\bertopic\_bertopic.py", line 4204, in _extract_topics
    self.c_tf_idf_, words = self._c_tf_idf(documents_per_topic)
                            ^^^^^^^^^^^^^^^^^^^^^^^^^^^^^^^^^^^
  File "D:\an\envs\aigcxhs\Lib\site-packages\bertopic\_bertopic.py", line 4422, in _c_tf_idf
    X = self.vectorizer_model.fit_transform(documents)
        ^^^^^^^^^^^^^^^^^^^^^^^^^^^^^^^^^^^^^^^^^^^^^^
  File "D:\an\envs\aigcxhs\Lib\site-packages\sklearn\base.py", line 1336, in wrapper
    return fit_method(estimator, *args, **kwargs)
           ^^^^^^^^^^^^^^^^^^^^^^^^^^^^^^^^^^^^^^
  File "D:\an\envs\aigcxhs\Lib\site-packages\sklearn\feature_extraction\text.py", line 1396, in fit_transform
    raise ValueError("max_df corresponds to < documents than min_df")
ValueError: max_df corresponds to < documents than min_df
2026-04-26 08:53:30,647 - INFO - Current Top3 Leaderboard:
2026-04-26 08:53:30,647 - INFO -   #1 k=30 d=10 nr=none | score=0.8581 | coverage=0.9878 | diversity=0.9667 | entropy=0.1536 | discovered=3
2026-04-26 08:53:30,647 - INFO -   #2 k=10 d=5 nr=none | score=0.8563 | coverage=0.6663 | diversity=0.9871 | entropy=0.9579 | discovered=31
2026-04-26 08:53:30,648 - INFO -   #3 k=10 d=5 nr=30 | score=0.8511 | coverage=0.6663 | diversity=0.9897 | entropy=0.9514 | discovered=29
2026-04-26 08:53:30,648 - INFO - Run 22/40 | done=21 remain=19 ETA=05:02 | k=30 d=15 nr=30
2026-04-26 08:53:30,648 - INFO - Run k_30__d_15__nr_30 | min_cluster_size=33 | min_samples=6
2026-04-26 08:53:30,648 - INFO - Run k_30__d_15__nr_30 | stage=build_topic_model done | elapsed=00:00
2026-04-26 08:53:30,648 - INFO - Run k_30__d_15__nr_30 | stage=fit_transform start (UMAP+HDBSCAN)
2026-04-26 08:53:47,308 - ERROR - Run failed | k=30 d=15 nr=30
Traceback (most recent call last):
  File "E:\document\PG\studio\content\bertopic_raw_sweep.py", line 422, in run_single_experiment
    topics, _ = topic_model.fit_transform(seg_texts, embeddings=embeddings)
                ^^^^^^^^^^^^^^^^^^^^^^^^^^^^^^^^^^^^^^^^^^^^^^^^^^^^^^^^^^^
  File "D:\an\envs\aigcxhs\Lib\site-packages\bertopic\_bertopic.py", line 520, in fit_transform
    self._extract_topics(
  File "D:\an\envs\aigcxhs\Lib\site-packages\bertopic\_bertopic.py", line 4204, in _extract_topics
    self.c_tf_idf_, words = self._c_tf_idf(documents_per_topic)
                            ^^^^^^^^^^^^^^^^^^^^^^^^^^^^^^^^^^^
  File "D:\an\envs\aigcxhs\Lib\site-packages\bertopic\_bertopic.py", line 4422, in _c_tf_idf
    X = self.vectorizer_model.fit_transform(documents)
        ^^^^^^^^^^^^^^^^^^^^^^^^^^^^^^^^^^^^^^^^^^^^^^
  File "D:\an\envs\aigcxhs\Lib\site-packages\sklearn\base.py", line 1336, in wrapper
    return fit_method(estimator, *args, **kwargs)
           ^^^^^^^^^^^^^^^^^^^^^^^^^^^^^^^^^^^^^^
  File "D:\an\envs\aigcxhs\Lib\site-packages\sklearn\feature_extraction\text.py", line 1396, in fit_transform
    raise ValueError("max_df corresponds to < documents than min_df")
ValueError: max_df corresponds to < documents than min_df
2026-04-26 08:53:47,317 - INFO - Run 23/40 | done=22 remain=18 ETA=04:47 | k=30 d=20 nr=none
2026-04-26 08:53:47,317 - INFO - Run k_30__d_20__nr_none | min_cluster_size=33 | min_samples=6
2026-04-26 08:53:47,318 - INFO - Run k_30__d_20__nr_none | stage=build_topic_model done | elapsed=00:00
2026-04-26 08:53:47,318 - INFO - Run k_30__d_20__nr_none | stage=fit_transform start (UMAP+HDBSCAN)
2026-04-26 08:54:04,041 - INFO - Run k_30__d_20__nr_none | stage=fit_transform done | elapsed=00:16
2026-04-26 08:54:04,044 - INFO - Run k_30__d_20__nr_none | stage=metrics done | elapsed=00:00
2026-04-26 08:54:04,045 - INFO - Run k_30__d_20__nr_none | stage=save_outputs done | elapsed=00:00
2026-04-26 08:54:04,045 - INFO - Run k_30__d_20__nr_none | finished | total_elapsed=00:16
2026-04-26 08:54:04,054 - INFO - Run 24/40 | done=23 remain=17 ETA=04:32 | k=30 d=20 nr=30
2026-04-26 08:54:04,054 - INFO - Run k_30__d_20__nr_30 | min_cluster_size=33 | min_samples=6
2026-04-26 08:54:04,054 - INFO - Run k_30__d_20__nr_30 | stage=build_topic_model done | elapsed=00:00
2026-04-26 08:54:04,055 - INFO - Run k_30__d_20__nr_30 | stage=fit_transform start (UMAP+HDBSCAN)
2026-04-26 08:54:21,762 - INFO - Run k_30__d_20__nr_30 | stage=fit_transform done | elapsed=00:17
2026-04-26 08:54:21,766 - INFO - Run k_30__d_20__nr_30 | stage=metrics done | elapsed=00:00
2026-04-26 08:54:21,766 - INFO - Run k_30__d_20__nr_30 | stage=save_outputs done | elapsed=00:00
2026-04-26 08:54:21,767 - INFO - Run k_30__d_20__nr_30 | finished | total_elapsed=00:17
2026-04-26 08:54:21,779 - INFO - Current Top3 Leaderboard:
2026-04-26 08:54:21,779 - INFO -   #1 k=30 d=10 nr=none | score=0.8581 | coverage=0.9878 | diversity=0.9667 | entropy=0.1536 | discovered=3
2026-04-26 08:54:21,779 - INFO -   #2 k=10 d=5 nr=none | score=0.8563 | coverage=0.6663 | diversity=0.9871 | entropy=0.9579 | discovered=31
2026-04-26 08:54:21,779 - INFO -   #3 k=10 d=5 nr=30 | score=0.8511 | coverage=0.6663 | diversity=0.9897 | entropy=0.9514 | discovered=29
2026-04-26 08:54:21,779 - INFO - Run 25/40 | done=24 remain=16 ETA=04:17 | k=40 d=5 nr=none
2026-04-26 08:54:21,780 - INFO - Run k_40__d_5__nr_none | min_cluster_size=33 | min_samples=6
2026-04-26 08:54:21,780 - INFO - Run k_40__d_5__nr_none | stage=build_topic_model done | elapsed=00:00
2026-04-26 08:54:21,780 - INFO - Run k_40__d_5__nr_none | stage=fit_transform start (UMAP+HDBSCAN)
2026-04-26 08:54:38,559 - INFO - Run k_40__d_5__nr_none | stage=fit_transform done | elapsed=00:16
2026-04-26 08:54:38,563 - INFO - Run k_40__d_5__nr_none | stage=metrics done | elapsed=00:00
2026-04-26 08:54:38,563 - INFO - Run k_40__d_5__nr_none | stage=save_outputs done | elapsed=00:00
2026-04-26 08:54:38,563 - INFO - Run k_40__d_5__nr_none | finished | total_elapsed=00:16
2026-04-26 08:54:38,570 - INFO - Run 26/40 | done=25 remain=15 ETA=04:01 | k=40 d=5 nr=30
2026-04-26 08:54:38,571 - INFO - Run k_40__d_5__nr_30 | min_cluster_size=33 | min_samples=6
2026-04-26 08:54:38,571 - INFO - Run k_40__d_5__nr_30 | stage=build_topic_model done | elapsed=00:00
2026-04-26 08:54:38,571 - INFO - Run k_40__d_5__nr_30 | stage=fit_transform start (UMAP+HDBSCAN)
2026-04-26 08:54:56,161 - INFO - Run k_40__d_5__nr_30 | stage=fit_transform done | elapsed=00:17
2026-04-26 08:54:56,164 - INFO - Run k_40__d_5__nr_30 | stage=metrics done | elapsed=00:00
2026-04-26 08:54:56,167 - INFO - Run k_40__d_5__nr_30 | stage=save_outputs done | elapsed=00:00
2026-04-26 08:54:56,167 - INFO - Run k_40__d_5__nr_30 | finished | total_elapsed=00:17
2026-04-26 08:54:56,175 - INFO - Run 27/40 | done=26 remain=14 ETA=03:46 | k=40 d=10 nr=none
2026-04-26 08:54:56,175 - INFO - Run k_40__d_10__nr_none | min_cluster_size=33 | min_samples=6
2026-04-26 08:54:56,175 - INFO - Run k_40__d_10__nr_none | stage=build_topic_model done | elapsed=00:00
2026-04-26 08:54:56,175 - INFO - Run k_40__d_10__nr_none | stage=fit_transform start (UMAP+HDBSCAN)
2026-04-26 08:55:13,018 - INFO - Run k_40__d_10__nr_none | stage=fit_transform done | elapsed=00:16
2026-04-26 08:55:13,020 - INFO - Run k_40__d_10__nr_none | stage=metrics done | elapsed=00:00
2026-04-26 08:55:13,021 - INFO - Run k_40__d_10__nr_none | stage=save_outputs done | elapsed=00:00
2026-04-26 08:55:13,021 - INFO - Run k_40__d_10__nr_none | finished | total_elapsed=00:16
2026-04-26 08:55:13,030 - INFO - Current Top3 Leaderboard:
2026-04-26 08:55:13,030 - INFO -   #1 k=30 d=10 nr=none | score=0.8581 | coverage=0.9878 | diversity=0.9667 | entropy=0.1536 | discovered=3
2026-04-26 08:55:13,030 - INFO -   #2 k=10 d=5 nr=none | score=0.8563 | coverage=0.6663 | diversity=0.9871 | entropy=0.9579 | discovered=31
2026-04-26 08:55:13,030 - INFO -   #3 k=10 d=5 nr=30 | score=0.8511 | coverage=0.6663 | diversity=0.9897 | entropy=0.9514 | discovered=29
2026-04-26 08:55:13,030 - INFO - Run 28/40 | done=27 remain=13 ETA=03:30 | k=40 d=10 nr=30
2026-04-26 08:55:13,030 - INFO - Run k_40__d_10__nr_30 | min_cluster_size=33 | min_samples=6
2026-04-26 08:55:13,031 - INFO - Run k_40__d_10__nr_30 | stage=build_topic_model done | elapsed=00:00
2026-04-26 08:55:13,031 - INFO - Run k_40__d_10__nr_30 | stage=fit_transform start (UMAP+HDBSCAN)
2026-04-26 08:55:30,371 - INFO - Run k_40__d_10__nr_30 | stage=fit_transform done | elapsed=00:17
2026-04-26 08:55:30,374 - INFO - Run k_40__d_10__nr_30 | stage=metrics done | elapsed=00:00
2026-04-26 08:55:30,375 - INFO - Run k_40__d_10__nr_30 | stage=save_outputs done | elapsed=00:00
2026-04-26 08:55:30,375 - INFO - Run k_40__d_10__nr_30 | finished | total_elapsed=00:17
2026-04-26 08:55:30,382 - INFO - Run 29/40 | done=28 remain=12 ETA=03:14 | k=40 d=15 nr=none
2026-04-26 08:55:30,383 - INFO - Run k_40__d_15__nr_none | min_cluster_size=33 | min_samples=6
2026-04-26 08:55:30,383 - INFO - Run k_40__d_15__nr_none | stage=build_topic_model done | elapsed=00:00
2026-04-26 08:55:30,383 - INFO - Run k_40__d_15__nr_none | stage=fit_transform start (UMAP+HDBSCAN)
2026-04-26 08:55:47,813 - INFO - Run k_40__d_15__nr_none | stage=fit_transform done | elapsed=00:17
2026-04-26 08:55:47,818 - INFO - Run k_40__d_15__nr_none | stage=metrics done | elapsed=00:00
2026-04-26 08:55:47,819 - INFO - Run k_40__d_15__nr_none | stage=save_outputs done | elapsed=00:00
2026-04-26 08:55:47,819 - INFO - Run k_40__d_15__nr_none | finished | total_elapsed=00:17
2026-04-26 08:55:47,828 - INFO - Run 30/40 | done=29 remain=11 ETA=02:58 | k=40 d=15 nr=30
2026-04-26 08:55:47,829 - INFO - Run k_40__d_15__nr_30 | min_cluster_size=33 | min_samples=6
2026-04-26 08:55:47,829 - INFO - Run k_40__d_15__nr_30 | stage=build_topic_model done | elapsed=00:00
2026-04-26 08:55:47,829 - INFO - Run k_40__d_15__nr_30 | stage=fit_transform start (UMAP+HDBSCAN)
2026-04-26 08:56:05,943 - INFO - Run k_40__d_15__nr_30 | stage=fit_transform done | elapsed=00:18
2026-04-26 08:56:05,946 - INFO - Run k_40__d_15__nr_30 | stage=metrics done | elapsed=00:00
2026-04-26 08:56:05,948 - INFO - Run k_40__d_15__nr_30 | stage=save_outputs done | elapsed=00:00
2026-04-26 08:56:05,948 - INFO - Run k_40__d_15__nr_30 | finished | total_elapsed=00:18
2026-04-26 08:56:05,957 - INFO - Current Top3 Leaderboard:
2026-04-26 08:56:05,957 - INFO -   #1 k=30 d=10 nr=none | score=0.8581 | coverage=0.9878 | diversity=0.9667 | entropy=0.1536 | discovered=3
2026-04-26 08:56:05,957 - INFO -   #2 k=10 d=5 nr=none | score=0.8563 | coverage=0.6663 | diversity=0.9871 | entropy=0.9579 | discovered=31
2026-04-26 08:56:05,958 - INFO -   #3 k=10 d=5 nr=30 | score=0.8511 | coverage=0.6663 | diversity=0.9897 | entropy=0.9514 | discovered=29
2026-04-26 08:56:05,958 - INFO - Run 31/40 | done=30 remain=10 ETA=02:43 | k=40 d=20 nr=none
2026-04-26 08:56:05,958 - INFO - Run k_40__d_20__nr_none | min_cluster_size=33 | min_samples=6
2026-04-26 08:56:05,958 - INFO - Run k_40__d_20__nr_none | stage=build_topic_model done | elapsed=00:00
2026-04-26 08:56:05,959 - INFO - Run k_40__d_20__nr_none | stage=fit_transform start (UMAP+HDBSCAN)
2026-04-26 08:56:23,127 - INFO - Run k_40__d_20__nr_none | stage=fit_transform done | elapsed=00:17
2026-04-26 08:56:23,130 - INFO - Run k_40__d_20__nr_none | stage=metrics done | elapsed=00:00
2026-04-26 08:56:23,131 - INFO - Run k_40__d_20__nr_none | stage=save_outputs done | elapsed=00:00
2026-04-26 08:56:23,131 - INFO - Run k_40__d_20__nr_none | finished | total_elapsed=00:17
2026-04-26 08:56:23,138 - INFO - Run 32/40 | done=31 remain=9 ETA=02:27 | k=40 d=20 nr=30
2026-04-26 08:56:23,138 - INFO - Run k_40__d_20__nr_30 | min_cluster_size=33 | min_samples=6
2026-04-26 08:56:23,139 - INFO - Run k_40__d_20__nr_30 | stage=build_topic_model done | elapsed=00:00
2026-04-26 08:56:23,139 - INFO - Run k_40__d_20__nr_30 | stage=fit_transform start (UMAP+HDBSCAN)
2026-04-26 08:56:40,801 - INFO - Run k_40__d_20__nr_30 | stage=fit_transform done | elapsed=00:17
2026-04-26 08:56:40,804 - INFO - Run k_40__d_20__nr_30 | stage=metrics done | elapsed=00:00
2026-04-26 08:56:40,805 - INFO - Run k_40__d_20__nr_30 | stage=save_outputs done | elapsed=00:00
2026-04-26 08:56:40,805 - INFO - Run k_40__d_20__nr_30 | finished | total_elapsed=00:17
2026-04-26 08:56:40,814 - INFO - Run 33/40 | done=32 remain=8 ETA=02:11 | k=60 d=5 nr=none
2026-04-26 08:56:40,814 - INFO - Run k_60__d_5__nr_none | min_cluster_size=33 | min_samples=6
2026-04-26 08:56:40,814 - INFO - Run k_60__d_5__nr_none | stage=build_topic_model done | elapsed=00:00
2026-04-26 08:56:40,815 - INFO - Run k_60__d_5__nr_none | stage=fit_transform start (UMAP+HDBSCAN)
2026-04-26 08:56:59,753 - INFO - Run k_60__d_5__nr_none | stage=fit_transform done | elapsed=00:18
2026-04-26 08:56:59,759 - INFO - Run k_60__d_5__nr_none | stage=metrics done | elapsed=00:00
2026-04-26 08:56:59,760 - INFO - Run k_60__d_5__nr_none | stage=save_outputs done | elapsed=00:00
2026-04-26 08:56:59,760 - INFO - Run k_60__d_5__nr_none | finished | total_elapsed=00:18
2026-04-26 08:56:59,771 - INFO - Current Top3 Leaderboard:
2026-04-26 08:56:59,771 - INFO -   #1 k=30 d=10 nr=none | score=0.8581 | coverage=0.9878 | diversity=0.9667 | entropy=0.1536 | discovered=3
2026-04-26 08:56:59,771 - INFO -   #2 k=10 d=5 nr=none | score=0.8563 | coverage=0.6663 | diversity=0.9871 | entropy=0.9579 | discovered=31
2026-04-26 08:56:59,772 - INFO -   #3 k=10 d=5 nr=30 | score=0.8511 | coverage=0.6663 | diversity=0.9897 | entropy=0.9514 | discovered=29
2026-04-26 08:56:59,772 - INFO - Run 34/40 | done=33 remain=7 ETA=01:55 | k=60 d=5 nr=30
2026-04-26 08:56:59,772 - INFO - Run k_60__d_5__nr_30 | min_cluster_size=33 | min_samples=6
2026-04-26 08:56:59,772 - INFO - Run k_60__d_5__nr_30 | stage=build_topic_model done | elapsed=00:00
2026-04-26 08:56:59,772 - INFO - Run k_60__d_5__nr_30 | stage=fit_transform start (UMAP+HDBSCAN)
2026-04-26 08:57:18,358 - INFO - Run k_60__d_5__nr_30 | stage=fit_transform done | elapsed=00:18
2026-04-26 08:57:18,362 - INFO - Run k_60__d_5__nr_30 | stage=metrics done | elapsed=00:00
2026-04-26 08:57:18,364 - INFO - Run k_60__d_5__nr_30 | stage=save_outputs done | elapsed=00:00
2026-04-26 08:57:18,364 - INFO - Run k_60__d_5__nr_30 | finished | total_elapsed=00:18
2026-04-26 08:57:18,373 - INFO - Run 35/40 | done=34 remain=6 ETA=01:39 | k=60 d=10 nr=none
2026-04-26 08:57:18,373 - INFO - Run k_60__d_10__nr_none | min_cluster_size=33 | min_samples=6
2026-04-26 08:57:18,373 - INFO - Run k_60__d_10__nr_none | stage=build_topic_model done | elapsed=00:00
2026-04-26 08:57:18,373 - INFO - Run k_60__d_10__nr_none | stage=fit_transform start (UMAP+HDBSCAN)
2026-04-26 08:57:35,762 - INFO - Run k_60__d_10__nr_none | stage=fit_transform done | elapsed=00:17
2026-04-26 08:57:35,767 - INFO - Run k_60__d_10__nr_none | stage=metrics done | elapsed=00:00
2026-04-26 08:57:35,767 - INFO - Run k_60__d_10__nr_none | stage=save_outputs done | elapsed=00:00
2026-04-26 08:57:35,767 - INFO - Run k_60__d_10__nr_none | finished | total_elapsed=00:17
2026-04-26 08:57:35,776 - INFO - Run 36/40 | done=35 remain=5 ETA=01:22 | k=60 d=10 nr=30
2026-04-26 08:57:35,776 - INFO - Run k_60__d_10__nr_30 | min_cluster_size=33 | min_samples=6
2026-04-26 08:57:35,776 - INFO - Run k_60__d_10__nr_30 | stage=build_topic_model done | elapsed=00:00
2026-04-26 08:57:35,777 - INFO - Run k_60__d_10__nr_30 | stage=fit_transform start (UMAP+HDBSCAN)
2026-04-26 08:57:53,556 - INFO - Run k_60__d_10__nr_30 | stage=fit_transform done | elapsed=00:17
2026-04-26 08:57:53,560 - INFO - Run k_60__d_10__nr_30 | stage=metrics done | elapsed=00:00
2026-04-26 08:57:53,560 - INFO - Run k_60__d_10__nr_30 | stage=save_outputs done | elapsed=00:00
2026-04-26 08:57:53,560 - INFO - Run k_60__d_10__nr_30 | finished | total_elapsed=00:17
2026-04-26 08:57:53,572 - INFO - Current Top3 Leaderboard:
2026-04-26 08:57:53,573 - INFO -   #1 k=30 d=10 nr=none | score=0.8581 | coverage=0.9878 | diversity=0.9667 | entropy=0.1536 | discovered=3
2026-04-26 08:57:53,573 - INFO -   #2 k=10 d=5 nr=none | score=0.8563 | coverage=0.6663 | diversity=0.9871 | entropy=0.9579 | discovered=31
2026-04-26 08:57:53,573 - INFO -   #3 k=10 d=5 nr=30 | score=0.8511 | coverage=0.6663 | diversity=0.9897 | entropy=0.9514 | discovered=29
2026-04-26 08:57:53,573 - INFO - Run 37/40 | done=36 remain=4 ETA=01:06 | k=60 d=15 nr=none
2026-04-26 08:57:53,573 - INFO - Run k_60__d_15__nr_none | min_cluster_size=33 | min_samples=6
2026-04-26 08:57:53,573 - INFO - Run k_60__d_15__nr_none | stage=build_topic_model done | elapsed=00:00
2026-04-26 08:57:53,573 - INFO - Run k_60__d_15__nr_none | stage=fit_transform start (UMAP+HDBSCAN)
2026-04-26 08:58:11,479 - INFO - Run k_60__d_15__nr_none | stage=fit_transform done | elapsed=00:17
2026-04-26 08:58:11,482 - INFO - Run k_60__d_15__nr_none | stage=metrics done | elapsed=00:00
2026-04-26 08:58:11,483 - INFO - Run k_60__d_15__nr_none | stage=save_outputs done | elapsed=00:00
2026-04-26 08:58:11,483 - INFO - Run k_60__d_15__nr_none | finished | total_elapsed=00:17
2026-04-26 08:58:11,490 - INFO - Run 38/40 | done=37 remain=3 ETA=00:49 | k=60 d=15 nr=30
2026-04-26 08:58:11,490 - INFO - Run k_60__d_15__nr_30 | min_cluster_size=33 | min_samples=6
2026-04-26 08:58:11,491 - INFO - Run k_60__d_15__nr_30 | stage=build_topic_model done | elapsed=00:00
2026-04-26 08:58:11,491 - INFO - Run k_60__d_15__nr_30 | stage=fit_transform start (UMAP+HDBSCAN)
2026-04-26 08:58:30,154 - INFO - Run k_60__d_15__nr_30 | stage=fit_transform done | elapsed=00:18
2026-04-26 08:58:30,157 - INFO - Run k_60__d_15__nr_30 | stage=metrics done | elapsed=00:00
2026-04-26 08:58:30,159 - INFO - Run k_60__d_15__nr_30 | stage=save_outputs done | elapsed=00:00
2026-04-26 08:58:30,159 - INFO - Run k_60__d_15__nr_30 | finished | total_elapsed=00:18
2026-04-26 08:58:30,168 - INFO - Run 39/40 | done=38 remain=2 ETA=00:33 | k=60 d=20 nr=none
2026-04-26 08:58:30,168 - INFO - Run k_60__d_20__nr_none | min_cluster_size=33 | min_samples=6
2026-04-26 08:58:30,169 - INFO - Run k_60__d_20__nr_none | stage=build_topic_model done | elapsed=00:00
2026-04-26 08:58:30,169 - INFO - Run k_60__d_20__nr_none | stage=fit_transform start (UMAP+HDBSCAN)
2026-04-26 08:58:47,799 - INFO - Run k_60__d_20__nr_none | stage=fit_transform done | elapsed=00:17
2026-04-26 08:58:47,802 - INFO - Run k_60__d_20__nr_none | stage=metrics done | elapsed=00:00
2026-04-26 08:58:47,803 - INFO - Run k_60__d_20__nr_none | stage=save_outputs done | elapsed=00:00
2026-04-26 08:58:47,803 - INFO - Run k_60__d_20__nr_none | finished | total_elapsed=00:17
2026-04-26 08:58:47,810 - INFO - Current Top3 Leaderboard:
2026-04-26 08:58:47,810 - INFO -   #1 k=30 d=10 nr=none | score=0.8581 | coverage=0.9878 | diversity=0.9667 | entropy=0.1536 | discovered=3
2026-04-26 08:58:47,810 - INFO -   #2 k=10 d=5 nr=none | score=0.8563 | coverage=0.6663 | diversity=0.9871 | entropy=0.9579 | discovered=31
2026-04-26 08:58:47,811 - INFO -   #3 k=10 d=5 nr=30 | score=0.8511 | coverage=0.6663 | diversity=0.9897 | entropy=0.9514 | discovered=29
2026-04-26 08:58:47,811 - INFO - Run 40/40 | done=39 remain=1 ETA=00:16 | k=60 d=20 nr=30
2026-04-26 08:58:47,811 - INFO - Run k_60__d_20__nr_30 | min_cluster_size=33 | min_samples=6
2026-04-26 08:58:47,811 - INFO - Run k_60__d_20__nr_30 | stage=build_topic_model done | elapsed=00:00
2026-04-26 08:58:47,811 - INFO - Run k_60__d_20__nr_30 | stage=fit_transform start (UMAP+HDBSCAN)
2026-04-26 08:59:06,048 - INFO - Run k_60__d_20__nr_30 | stage=fit_transform done | elapsed=00:18
2026-04-26 08:59:06,052 - INFO - Run k_60__d_20__nr_30 | stage=metrics done | elapsed=00:00
2026-04-26 08:59:06,053 - INFO - Run k_60__d_20__nr_30 | stage=save_outputs done | elapsed=00:00
2026-04-26 08:59:06,053 - INFO - Run k_60__d_20__nr_30 | finished | total_elapsed=00:18
2026-04-26 09:07:43,083 - INFO - Loading data: E:\document\PG\studio\content\bertopic_ready_data\bertopic_train_data.csv
2026-04-26 09:07:43,365 - INFO - Valid rows before short-text filter: 18146
2026-04-26 09:07:43,373 - WARNING - Coarse sweep: subsampled to 4000 rows (max_docs=4000, seed=13). Scores are indicative only; re-run full data for final pick.
2026-04-26 09:07:43,400 - INFO - CUDA[0] NVIDIA GeForce RTX 5070 Laptop GPU | capability=(12, 0) | total VRAM=8.0 GiB
2026-04-26 09:07:43,401 - INFO - Load embedding model BAAI/bge-large-zh-v1.5 on cuda
2026-04-26 09:07:43,402 - INFO - Load pretrained SentenceTransformer: BAAI/bge-large-zh-v1.5
2026-04-26 09:07:43,963 - INFO - HTTP Request: HEAD https://hf-mirror.com/BAAI/bge-large-zh-v1.5/resolve/main/modules.json "HTTP/1.1 307 Temporary Redirect"
2026-04-26 09:07:44,167 - INFO - HTTP Request: HEAD https://hf-mirror.com/api/resolve-cache/models/BAAI/bge-large-zh-v1.5/79e7739b6ab944e86d6171e44d24c997fc1e0116/modules.json "HTTP/1.1 200 OK"
2026-04-26 09:07:44,474 - INFO - HTTP Request: HEAD https://hf-mirror.com/BAAI/bge-large-zh-v1.5/resolve/main/config_sentence_transformers.json "HTTP/1.1 307 Temporary Redirect"
2026-04-26 09:07:44,760 - INFO - HTTP Request: HEAD https://hf-mirror.com/api/resolve-cache/models/BAAI/bge-large-zh-v1.5/79e7739b6ab944e86d6171e44d24c997fc1e0116/config_sentence_transformers.json "HTTP/1.1 200 OK"
2026-04-26 09:07:45,089 - INFO - HTTP Request: HEAD https://hf-mirror.com/BAAI/bge-large-zh-v1.5/resolve/main/config_sentence_transformers.json "HTTP/1.1 307 Temporary Redirect"
2026-04-26 09:07:45,191 - INFO - HTTP Request: HEAD https://hf-mirror.com/api/resolve-cache/models/BAAI/bge-large-zh-v1.5/79e7739b6ab944e86d6171e44d24c997fc1e0116/config_sentence_transformers.json "HTTP/1.1 200 OK"
2026-04-26 09:07:45,509 - INFO - HTTP Request: HEAD https://hf-mirror.com/BAAI/bge-large-zh-v1.5/resolve/main/README.md "HTTP/1.1 307 Temporary Redirect"
2026-04-26 09:07:45,704 - INFO - HTTP Request: HEAD https://hf-mirror.com/api/resolve-cache/models/BAAI/bge-large-zh-v1.5/79e7739b6ab944e86d6171e44d24c997fc1e0116/README.md "HTTP/1.1 200 OK"
2026-04-26 09:07:46,088 - INFO - HTTP Request: HEAD https://hf-mirror.com/BAAI/bge-large-zh-v1.5/resolve/main/modules.json "HTTP/1.1 307 Temporary Redirect"
2026-04-26 09:07:46,215 - INFO - HTTP Request: HEAD https://hf-mirror.com/api/resolve-cache/models/BAAI/bge-large-zh-v1.5/79e7739b6ab944e86d6171e44d24c997fc1e0116/modules.json "HTTP/1.1 200 OK"
2026-04-26 09:07:46,625 - INFO - HTTP Request: HEAD https://hf-mirror.com/BAAI/bge-large-zh-v1.5/resolve/main/sentence_bert_config.json "HTTP/1.1 307 Temporary Redirect"
2026-04-26 09:07:46,932 - INFO - HTTP Request: HEAD https://hf-mirror.com/api/resolve-cache/models/BAAI/bge-large-zh-v1.5/79e7739b6ab944e86d6171e44d24c997fc1e0116/sentence_bert_config.json "HTTP/1.1 200 OK"
2026-04-26 09:07:47,249 - INFO - HTTP Request: HEAD https://hf-mirror.com/BAAI/bge-large-zh-v1.5/resolve/main/adapter_config.json "HTTP/1.1 404 Not Found"
2026-04-26 09:07:47,752 - INFO - HTTP Request: HEAD https://hf-mirror.com/BAAI/bge-large-zh-v1.5/resolve/main/config.json "HTTP/1.1 307 Temporary Redirect"
2026-04-26 09:07:47,858 - INFO - HTTP Request: HEAD https://hf-mirror.com/api/resolve-cache/models/BAAI/bge-large-zh-v1.5/79e7739b6ab944e86d6171e44d24c997fc1e0116/config.json "HTTP/1.1 200 OK"
2026-04-26 09:07:48,256 - INFO - HTTP Request: HEAD https://hf-mirror.com/BAAI/bge-large-zh-v1.5/resolve/main/config.json "HTTP/1.1 307 Temporary Redirect"
2026-04-26 09:07:48,470 - INFO - HTTP Request: HEAD https://hf-mirror.com/api/resolve-cache/models/BAAI/bge-large-zh-v1.5/79e7739b6ab944e86d6171e44d24c997fc1e0116/config.json "HTTP/1.1 200 OK"
2026-04-26 09:07:48,878 - INFO - HTTP Request: HEAD https://hf-mirror.com/BAAI/bge-large-zh-v1.5/resolve/main/model.safetensors "HTTP/1.1 404 Not Found"
2026-04-26 09:07:49,002 - INFO - HTTP Request: GET https://hf-mirror.com/api/models/BAAI/bge-large-zh-v1.5 "HTTP/1.1 200 OK"
2026-04-26 09:07:49,199 - INFO - HTTP Request: GET https://hf-mirror.com/api/models/BAAI/bge-large-zh-v1.5/commits/main "HTTP/1.1 200 OK"
2026-04-26 09:07:49,352 - INFO - HTTP Request: GET https://hf-mirror.com/api/models/BAAI/bge-large-zh-v1.5/discussions?p=0 "HTTP/1.1 200 OK"
2026-04-26 09:07:49,507 - INFO - HTTP Request: GET https://hf-mirror.com/api/models/BAAI/bge-large-zh-v1.5/commits/refs%2Fpr%2F35 "HTTP/1.1 200 OK"
2026-04-26 09:07:49,605 - INFO - HTTP Request: HEAD https://hf-mirror.com/BAAI/bge-large-zh-v1.5/resolve/main/config.json "HTTP/1.1 307 Temporary Redirect"
2026-04-26 09:07:49,839 - INFO - HTTP Request: HEAD https://hf-mirror.com/BAAI/bge-large-zh-v1.5/resolve/refs%2Fpr%2F35/model.safetensors.index.json "HTTP/1.1 404 Not Found"
2026-04-26 09:07:49,849 - INFO - HTTP Request: HEAD https://hf-mirror.com/api/resolve-cache/models/BAAI/bge-large-zh-v1.5/79e7739b6ab944e86d6171e44d24c997fc1e0116/config.json "HTTP/1.1 200 OK"
2026-04-26 09:07:50,147 - INFO - HTTP Request: HEAD https://hf-mirror.com/BAAI/bge-large-zh-v1.5/resolve/main/tokenizer_config.json "HTTP/1.1 307 Temporary Redirect"
2026-04-26 09:07:50,148 - INFO - HTTP Request: HEAD https://hf-mirror.com/BAAI/bge-large-zh-v1.5/resolve/refs%2Fpr%2F35/model.safetensors "HTTP/1.1 302 Found"
2026-04-26 09:07:50,364 - INFO - HTTP Request: HEAD https://hf-mirror.com/api/resolve-cache/models/BAAI/bge-large-zh-v1.5/79e7739b6ab944e86d6171e44d24c997fc1e0116/tokenizer_config.json "HTTP/1.1 200 OK"
2026-04-26 09:07:50,520 - INFO - HTTP Request: GET https://hf-mirror.com/api/models/BAAI/bge-large-zh-v1.5/tree/main/additional_chat_templates?recursive=false&expand=false "HTTP/1.1 404 Not Found"
2026-04-26 09:07:50,628 - INFO - HTTP Request: GET https://hf-mirror.com/api/models/BAAI/bge-large-zh-v1.5/tree/main?recursive=true&expand=false "HTTP/1.1 200 OK"
2026-04-26 09:07:50,915 - INFO - HTTP Request: HEAD https://hf-mirror.com/BAAI/bge-large-zh-v1.5/resolve/main/1_Pooling/config.json "HTTP/1.1 307 Temporary Redirect"
2026-04-26 09:07:51,133 - INFO - HTTP Request: HEAD https://hf-mirror.com/api/resolve-cache/models/BAAI/bge-large-zh-v1.5/79e7739b6ab944e86d6171e44d24c997fc1e0116/1_Pooling%2Fconfig.json "HTTP/1.1 200 OK"
2026-04-26 09:07:51,252 - INFO - HTTP Request: GET https://hf-mirror.com/api/models/BAAI/bge-large-zh-v1.5 "HTTP/1.1 200 OK"
2026-04-26 09:07:52,004 - INFO - Precompute embeddings once for all runs (stage=start)
2026-04-26 09:09:09,927 - INFO - Precompute embeddings done | elapsed=01:17 | vectors=4000
2026-04-26 09:09:09,929 - INFO - Total runs: 147
2026-04-26 09:09:09,929 - INFO - Run 1/147 | done=0 remain=147 ETA=unknown | k=5 d=3 nr=none
2026-04-26 09:09:09,929 - INFO - Run k_5__d_3__nr_none | min_cluster_size=33 | min_samples=6
2026-04-26 09:09:09,930 - INFO - Run k_5__d_3__nr_none | stage=build_topic_model done | elapsed=00:00
2026-04-26 09:09:09,930 - INFO - Run k_5__d_3__nr_none | stage=fit_transform start (UMAP+HDBSCAN)
2026-04-26 09:09:28,660 - INFO - Run k_5__d_3__nr_none | stage=fit_transform done | elapsed=00:18
2026-04-26 09:09:28,664 - INFO - Run k_5__d_3__nr_none | stage=metrics done | elapsed=00:00
2026-04-26 09:09:28,664 - INFO - Run k_5__d_3__nr_none | stage=save_outputs done | elapsed=00:00
2026-04-26 09:09:28,664 - INFO - Run k_5__d_3__nr_none | finished | total_elapsed=00:18
2026-04-26 09:09:28,676 - INFO - Run 2/147 | done=1 remain=146 ETA=45:35 | k=5 d=3 nr=25
2026-04-26 09:09:28,676 - INFO - Run k_5__d_3__nr_25 | min_cluster_size=40 | min_samples=8
2026-04-26 09:09:28,676 - INFO - Run k_5__d_3__nr_25 | stage=build_topic_model done | elapsed=00:00
2026-04-26 09:09:28,676 - INFO - Run k_5__d_3__nr_25 | stage=fit_transform start (UMAP+HDBSCAN)
2026-04-26 09:09:42,770 - INFO - Run k_5__d_3__nr_25 | stage=fit_transform done | elapsed=00:14
2026-04-26 09:09:42,773 - INFO - Run k_5__d_3__nr_25 | stage=metrics done | elapsed=00:00
2026-04-26 09:09:42,774 - INFO - Run k_5__d_3__nr_25 | stage=save_outputs done | elapsed=00:00
2026-04-26 09:09:42,774 - INFO - Run k_5__d_3__nr_25 | finished | total_elapsed=00:14
2026-04-26 09:09:42,782 - INFO - Run 3/147 | done=2 remain=145 ETA=39:40 | k=5 d=3 nr=35
2026-04-26 09:09:42,782 - INFO - Run k_5__d_3__nr_35 | min_cluster_size=28 | min_samples=5
2026-04-26 09:09:42,782 - INFO - Run k_5__d_3__nr_35 | stage=build_topic_model done | elapsed=00:00
2026-04-26 09:09:42,782 - INFO - Run k_5__d_3__nr_35 | stage=fit_transform start (UMAP+HDBSCAN)
2026-04-26 09:09:56,947 - INFO - Run k_5__d_3__nr_35 | stage=fit_transform done | elapsed=00:14
2026-04-26 09:09:56,950 - INFO - Run k_5__d_3__nr_35 | stage=metrics done | elapsed=00:00
2026-04-26 09:09:56,951 - INFO - Run k_5__d_3__nr_35 | stage=save_outputs done | elapsed=00:00
2026-04-26 09:09:56,951 - INFO - Run k_5__d_3__nr_35 | finished | total_elapsed=00:14
2026-04-26 09:09:56,960 - INFO - Run 4/147 | done=3 remain=144 ETA=37:36 | k=5 d=5 nr=none
2026-04-26 09:09:56,960 - INFO - Run k_5__d_5__nr_none | min_cluster_size=33 | min_samples=6
2026-04-26 09:09:56,961 - INFO - Run k_5__d_5__nr_none | stage=build_topic_model done | elapsed=00:00
2026-04-26 09:09:56,961 - INFO - Run k_5__d_5__nr_none | stage=fit_transform start (UMAP+HDBSCAN)
2026-04-26 09:10:11,085 - INFO - Run k_5__d_5__nr_none | stage=fit_transform done | elapsed=00:14
2026-04-26 09:10:11,087 - INFO - Run k_5__d_5__nr_none | stage=metrics done | elapsed=00:00
2026-04-26 09:10:11,090 - INFO - Run k_5__d_5__nr_none | stage=save_outputs done | elapsed=00:00
2026-04-26 09:10:11,090 - INFO - Run k_5__d_5__nr_none | finished | total_elapsed=00:14
2026-04-26 09:10:11,098 - INFO - Run 5/147 | done=4 remain=143 ETA=36:25 | k=5 d=5 nr=25
2026-04-26 09:10:11,098 - INFO - Run k_5__d_5__nr_25 | min_cluster_size=40 | min_samples=8
2026-04-26 09:10:11,098 - INFO - Run k_5__d_5__nr_25 | stage=build_topic_model done | elapsed=00:00
2026-04-26 09:10:11,098 - INFO - Run k_5__d_5__nr_25 | stage=fit_transform start (UMAP+HDBSCAN)
2026-04-26 09:10:25,531 - INFO - Run k_5__d_5__nr_25 | stage=fit_transform done | elapsed=00:14
2026-04-26 09:10:25,534 - INFO - Run k_5__d_5__nr_25 | stage=metrics done | elapsed=00:00
2026-04-26 09:10:25,535 - INFO - Run k_5__d_5__nr_25 | stage=save_outputs done | elapsed=00:00
2026-04-26 09:10:25,535 - INFO - Run k_5__d_5__nr_25 | finished | total_elapsed=00:14
2026-04-26 09:10:25,543 - INFO - Current Top3 Leaderboard:
2026-04-26 09:10:25,543 - INFO -   #1 k=5 d=3 nr=35 | score=0.8689 | coverage=0.7368 | diversity=0.9588 | entropy=0.9392 | discovered=34
2026-04-26 09:10:25,544 - INFO -   #2 k=5 d=5 nr=none | score=0.8602 | coverage=0.7012 | diversity=0.9750 | entropy=0.9143 | discovered=28
2026-04-26 09:10:25,544 - INFO -   #3 k=5 d=3 nr=none | score=0.8566 | coverage=0.6703 | diversity=0.9722 | entropy=0.9786 | discovered=36
2026-04-26 09:10:25,544 - INFO - Run 6/147 | done=5 remain=142 ETA=35:46 | k=5 d=5 nr=35
2026-04-26 09:10:25,544 - INFO - Run k_5__d_5__nr_35 | min_cluster_size=28 | min_samples=5
2026-04-26 09:10:25,544 - INFO - Run k_5__d_5__nr_35 | stage=build_topic_model done | elapsed=00:00
2026-04-26 09:10:25,545 - INFO - Run k_5__d_5__nr_35 | stage=fit_transform start (UMAP+HDBSCAN)
2026-04-26 09:10:39,983 - INFO - Run k_5__d_5__nr_35 | stage=fit_transform done | elapsed=00:14
2026-04-26 09:10:39,985 - INFO - Run k_5__d_5__nr_35 | stage=metrics done | elapsed=00:00
2026-04-26 09:10:39,986 - INFO - Run k_5__d_5__nr_35 | stage=save_outputs done | elapsed=00:00
2026-04-26 09:10:39,986 - INFO - Run k_5__d_5__nr_35 | finished | total_elapsed=00:14
2026-04-26 09:10:39,995 - INFO - Run 7/147 | done=6 remain=141 ETA=35:15 | k=5 d=8 nr=none
2026-04-26 09:10:39,995 - INFO - Run k_5__d_8__nr_none | min_cluster_size=33 | min_samples=6
2026-04-26 09:10:39,995 - INFO - Run k_5__d_8__nr_none | stage=build_topic_model done | elapsed=00:00
2026-04-26 09:10:39,995 - INFO - Run k_5__d_8__nr_none | stage=fit_transform start (UMAP+HDBSCAN)
2026-04-26 09:10:53,911 - INFO - Run k_5__d_8__nr_none | stage=fit_transform done | elapsed=00:13
2026-04-26 09:10:53,913 - INFO - Run k_5__d_8__nr_none | stage=metrics done | elapsed=00:00
2026-04-26 09:10:53,914 - INFO - Run k_5__d_8__nr_none | stage=save_outputs done | elapsed=00:00
2026-04-26 09:10:53,914 - INFO - Run k_5__d_8__nr_none | finished | total_elapsed=00:13
2026-04-26 09:10:53,922 - INFO - Run 8/147 | done=7 remain=140 ETA=34:38 | k=5 d=8 nr=25
2026-04-26 09:10:53,922 - INFO - Run k_5__d_8__nr_25 | min_cluster_size=40 | min_samples=8
2026-04-26 09:10:53,923 - INFO - Run k_5__d_8__nr_25 | stage=build_topic_model done | elapsed=00:00
2026-04-26 09:10:53,923 - INFO - Run k_5__d_8__nr_25 | stage=fit_transform start (UMAP+HDBSCAN)
2026-04-26 09:11:08,296 - INFO - Run k_5__d_8__nr_25 | stage=fit_transform done | elapsed=00:14
2026-04-26 09:11:08,298 - INFO - Run k_5__d_8__nr_25 | stage=metrics done | elapsed=00:00
2026-04-26 09:11:08,301 - INFO - Run k_5__d_8__nr_25 | stage=save_outputs done | elapsed=00:00
2026-04-26 09:11:08,301 - INFO - Run k_5__d_8__nr_25 | finished | total_elapsed=00:14
2026-04-26 09:11:08,309 - INFO - Run 9/147 | done=8 remain=139 ETA=34:15 | k=5 d=8 nr=35
2026-04-26 09:11:08,309 - INFO - Run k_5__d_8__nr_35 | min_cluster_size=28 | min_samples=5
2026-04-26 09:11:08,309 - INFO - Run k_5__d_8__nr_35 | stage=build_topic_model done | elapsed=00:00
2026-04-26 09:11:08,309 - INFO - Run k_5__d_8__nr_35 | stage=fit_transform start (UMAP+HDBSCAN)
2026-04-26 09:11:22,759 - INFO - Run k_5__d_8__nr_35 | stage=fit_transform done | elapsed=00:14
2026-04-26 09:11:22,763 - INFO - Run k_5__d_8__nr_35 | stage=metrics done | elapsed=00:00
2026-04-26 09:11:22,763 - INFO - Run k_5__d_8__nr_35 | stage=save_outputs done | elapsed=00:00
2026-04-26 09:11:22,763 - INFO - Run k_5__d_8__nr_35 | finished | total_elapsed=00:14
2026-04-26 09:11:22,772 - INFO - Run 10/147 | done=9 remain=138 ETA=33:55 | k=5 d=12 nr=none
2026-04-26 09:11:22,773 - INFO - Run k_5__d_12__nr_none | min_cluster_size=33 | min_samples=6
2026-04-26 09:11:22,773 - INFO - Run k_5__d_12__nr_none | stage=build_topic_model done | elapsed=00:00
2026-04-26 09:11:22,773 - INFO - Run k_5__d_12__nr_none | stage=fit_transform start (UMAP+HDBSCAN)
2026-04-26 09:11:37,114 - INFO - Run k_5__d_12__nr_none | stage=fit_transform done | elapsed=00:14
2026-04-26 09:11:37,118 - INFO - Run k_5__d_12__nr_none | stage=metrics done | elapsed=00:00
2026-04-26 09:11:37,119 - INFO - Run k_5__d_12__nr_none | stage=save_outputs done | elapsed=00:00
2026-04-26 09:11:37,119 - INFO - Run k_5__d_12__nr_none | finished | total_elapsed=00:14
2026-04-26 09:11:37,126 - INFO - Current Top3 Leaderboard:
2026-04-26 09:11:37,127 - INFO -   #1 k=5 d=3 nr=35 | score=0.8689 | coverage=0.7368 | diversity=0.9588 | entropy=0.9392 | discovered=34
2026-04-26 09:11:37,127 - INFO -   #2 k=5 d=8 nr=35 | score=0.8656 | coverage=0.7252 | diversity=0.9676 | entropy=0.9298 | discovered=34
2026-04-26 09:11:37,127 - INFO -   #3 k=5 d=8 nr=none | score=0.8629 | coverage=0.6952 | diversity=0.9686 | entropy=0.9617 | discovered=35
2026-04-26 09:11:37,127 - INFO - Run 11/147 | done=10 remain=137 ETA=33:35 | k=5 d=12 nr=25
2026-04-26 09:11:37,127 - INFO - Run k_5__d_12__nr_25 | min_cluster_size=40 | min_samples=8
2026-04-26 09:11:37,128 - INFO - Run k_5__d_12__nr_25 | stage=build_topic_model done | elapsed=00:00
2026-04-26 09:11:37,128 - INFO - Run k_5__d_12__nr_25 | stage=fit_transform start (UMAP+HDBSCAN)
2026-04-26 09:11:51,898 - INFO - Run k_5__d_12__nr_25 | stage=fit_transform done | elapsed=00:14
2026-04-26 09:11:51,901 - INFO - Run k_5__d_12__nr_25 | stage=metrics done | elapsed=00:00
2026-04-26 09:11:51,902 - INFO - Run k_5__d_12__nr_25 | stage=save_outputs done | elapsed=00:00
2026-04-26 09:11:51,902 - INFO - Run k_5__d_12__nr_25 | finished | total_elapsed=00:14
2026-04-26 09:11:51,909 - INFO - Run 12/147 | done=11 remain=136 ETA=33:21 | k=5 d=12 nr=35
2026-04-26 09:11:51,909 - INFO - Run k_5__d_12__nr_35 | min_cluster_size=28 | min_samples=5
2026-04-26 09:11:51,910 - INFO - Run k_5__d_12__nr_35 | stage=build_topic_model done | elapsed=00:00
2026-04-26 09:11:51,910 - INFO - Run k_5__d_12__nr_35 | stage=fit_transform start (UMAP+HDBSCAN)
2026-04-26 09:12:06,976 - INFO - Run k_5__d_12__nr_35 | stage=fit_transform done | elapsed=00:15
2026-04-26 09:12:06,979 - INFO - Run k_5__d_12__nr_35 | stage=metrics done | elapsed=00:00
2026-04-26 09:12:06,981 - INFO - Run k_5__d_12__nr_35 | stage=save_outputs done | elapsed=00:00
2026-04-26 09:12:06,981 - INFO - Run k_5__d_12__nr_35 | finished | total_elapsed=00:15
2026-04-26 09:12:06,989 - INFO - Run 13/147 | done=12 remain=135 ETA=33:10 | k=5 d=18 nr=none
2026-04-26 09:12:06,989 - INFO - Run k_5__d_18__nr_none | min_cluster_size=33 | min_samples=6
2026-04-26 09:12:06,989 - INFO - Run k_5__d_18__nr_none | stage=build_topic_model done | elapsed=00:00
2026-04-26 09:12:06,989 - INFO - Run k_5__d_18__nr_none | stage=fit_transform start (UMAP+HDBSCAN)
2026-04-26 09:12:21,473 - INFO - Run k_5__d_18__nr_none | stage=fit_transform done | elapsed=00:14
2026-04-26 09:12:21,476 - INFO - Run k_5__d_18__nr_none | stage=metrics done | elapsed=00:00
2026-04-26 09:12:21,477 - INFO - Run k_5__d_18__nr_none | stage=save_outputs done | elapsed=00:00
2026-04-26 09:12:21,477 - INFO - Run k_5__d_18__nr_none | finished | total_elapsed=00:14
2026-04-26 09:12:21,486 - INFO - Run 14/147 | done=13 remain=134 ETA=32:53 | k=5 d=18 nr=25
2026-04-26 09:12:21,486 - INFO - Run k_5__d_18__nr_25 | min_cluster_size=40 | min_samples=8
2026-04-26 09:12:21,486 - INFO - Run k_5__d_18__nr_25 | stage=build_topic_model done | elapsed=00:00
2026-04-26 09:12:21,486 - INFO - Run k_5__d_18__nr_25 | stage=fit_transform start (UMAP+HDBSCAN)
2026-04-26 09:12:36,384 - INFO - Run k_5__d_18__nr_25 | stage=fit_transform done | elapsed=00:14
2026-04-26 09:12:36,387 - INFO - Run k_5__d_18__nr_25 | stage=metrics done | elapsed=00:00
2026-04-26 09:12:36,387 - INFO - Run k_5__d_18__nr_25 | stage=save_outputs done | elapsed=00:00
2026-04-26 09:12:36,387 - INFO - Run k_5__d_18__nr_25 | finished | total_elapsed=00:14
2026-04-26 09:12:36,396 - INFO - Run 15/147 | done=14 remain=133 ETA=32:40 | k=5 d=18 nr=35
2026-04-26 09:12:36,397 - INFO - Run k_5__d_18__nr_35 | min_cluster_size=28 | min_samples=5
2026-04-26 09:12:36,397 - INFO - Run k_5__d_18__nr_35 | stage=build_topic_model done | elapsed=00:00
2026-04-26 09:12:36,397 - INFO - Run k_5__d_18__nr_35 | stage=fit_transform start (UMAP+HDBSCAN)
2026-04-26 09:12:51,437 - INFO - Run k_5__d_18__nr_35 | stage=fit_transform done | elapsed=00:15
2026-04-26 09:12:51,442 - INFO - Run k_5__d_18__nr_35 | stage=metrics done | elapsed=00:00
2026-04-26 09:12:51,443 - INFO - Run k_5__d_18__nr_35 | stage=save_outputs done | elapsed=00:00
2026-04-26 09:12:51,444 - INFO - Run k_5__d_18__nr_35 | finished | total_elapsed=00:15
2026-04-26 09:12:51,453 - INFO - Current Top3 Leaderboard:
2026-04-26 09:12:51,453 - INFO -   #1 k=5 d=3 nr=35 | score=0.8689 | coverage=0.7368 | diversity=0.9588 | entropy=0.9392 | discovered=34
2026-04-26 09:12:51,453 - INFO -   #2 k=5 d=8 nr=35 | score=0.8656 | coverage=0.7252 | diversity=0.9676 | entropy=0.9298 | discovered=34
2026-04-26 09:12:51,453 - INFO -   #3 k=5 d=8 nr=none | score=0.8629 | coverage=0.6952 | diversity=0.9686 | entropy=0.9617 | discovered=35
2026-04-26 09:12:51,453 - INFO - Run 16/147 | done=15 remain=132 ETA=32:28 | k=5 d=25 nr=none
2026-04-26 09:12:51,454 - INFO - Run k_5__d_25__nr_none | min_cluster_size=33 | min_samples=6
2026-04-26 09:12:51,454 - INFO - Run k_5__d_25__nr_none | stage=build_topic_model done | elapsed=00:00
2026-04-26 09:12:51,454 - INFO - Run k_5__d_25__nr_none | stage=fit_transform start (UMAP+HDBSCAN)
2026-04-26 09:13:06,226 - INFO - Run k_5__d_25__nr_none | stage=fit_transform done | elapsed=00:14
2026-04-26 09:13:06,230 - INFO - Run k_5__d_25__nr_none | stage=metrics done | elapsed=00:00
2026-04-26 09:13:06,232 - INFO - Run k_5__d_25__nr_none | stage=save_outputs done | elapsed=00:00
2026-04-26 09:13:06,232 - INFO - Run k_5__d_25__nr_none | finished | total_elapsed=00:14
2026-04-26 09:13:06,240 - INFO - Run 17/147 | done=16 remain=131 ETA=32:13 | k=5 d=25 nr=25
2026-04-26 09:13:06,240 - INFO - Run k_5__d_25__nr_25 | min_cluster_size=40 | min_samples=8
2026-04-26 09:13:06,241 - INFO - Run k_5__d_25__nr_25 | stage=build_topic_model done | elapsed=00:00
2026-04-26 09:13:06,241 - INFO - Run k_5__d_25__nr_25 | stage=fit_transform start (UMAP+HDBSCAN)
2026-04-26 09:13:21,827 - INFO - Run k_5__d_25__nr_25 | stage=fit_transform done | elapsed=00:15
2026-04-26 09:13:21,829 - INFO - Run k_5__d_25__nr_25 | stage=metrics done | elapsed=00:00
2026-04-26 09:13:21,830 - INFO - Run k_5__d_25__nr_25 | stage=save_outputs done | elapsed=00:00
2026-04-26 09:13:21,830 - INFO - Run k_5__d_25__nr_25 | finished | total_elapsed=00:15
2026-04-26 09:13:21,838 - INFO - Run 18/147 | done=17 remain=130 ETA=32:05 | k=5 d=25 nr=35
2026-04-26 09:13:21,838 - INFO - Run k_5__d_25__nr_35 | min_cluster_size=28 | min_samples=5
2026-04-26 09:13:21,839 - INFO - Run k_5__d_25__nr_35 | stage=build_topic_model done | elapsed=00:00
2026-04-26 09:13:21,839 - INFO - Run k_5__d_25__nr_35 | stage=fit_transform start (UMAP+HDBSCAN)
2026-04-26 09:13:37,142 - INFO - Run k_5__d_25__nr_35 | stage=fit_transform done | elapsed=00:15
2026-04-26 09:13:37,144 - INFO - Run k_5__d_25__nr_35 | stage=metrics done | elapsed=00:00
2026-04-26 09:13:37,145 - INFO - Run k_5__d_25__nr_35 | stage=save_outputs done | elapsed=00:00
2026-04-26 09:13:37,145 - INFO - Run k_5__d_25__nr_35 | finished | total_elapsed=00:15
2026-04-26 09:13:37,153 - INFO - Run 19/147 | done=18 remain=129 ETA=31:53 | k=5 d=35 nr=none
2026-04-26 09:13:37,153 - INFO - Run k_5__d_35__nr_none | min_cluster_size=33 | min_samples=6
2026-04-26 09:13:37,153 - INFO - Run k_5__d_35__nr_none | stage=build_topic_model done | elapsed=00:00
2026-04-26 09:13:37,154 - INFO - Run k_5__d_35__nr_none | stage=fit_transform start (UMAP+HDBSCAN)
2026-04-26 09:13:52,350 - INFO - Run k_5__d_35__nr_none | stage=fit_transform done | elapsed=00:15
2026-04-26 09:13:52,353 - INFO - Run k_5__d_35__nr_none | stage=metrics done | elapsed=00:00
2026-04-26 09:13:52,354 - INFO - Run k_5__d_35__nr_none | stage=save_outputs done | elapsed=00:00
2026-04-26 09:13:52,354 - INFO - Run k_5__d_35__nr_none | finished | total_elapsed=00:15
2026-04-26 09:13:52,362 - INFO - Run 20/147 | done=19 remain=128 ETA=31:41 | k=5 d=35 nr=25
2026-04-26 09:13:52,362 - INFO - Run k_5__d_35__nr_25 | min_cluster_size=40 | min_samples=8
2026-04-26 09:13:52,363 - INFO - Run k_5__d_35__nr_25 | stage=build_topic_model done | elapsed=00:00
2026-04-26 09:13:52,363 - INFO - Run k_5__d_35__nr_25 | stage=fit_transform start (UMAP+HDBSCAN)
2026-04-26 09:14:07,824 - INFO - Run k_5__d_35__nr_25 | stage=fit_transform done | elapsed=00:15
2026-04-26 09:14:07,829 - INFO - Run k_5__d_35__nr_25 | stage=metrics done | elapsed=00:00
2026-04-26 09:14:07,831 - INFO - Run k_5__d_35__nr_25 | stage=save_outputs done | elapsed=00:00
2026-04-26 09:14:07,831 - INFO - Run k_5__d_35__nr_25 | finished | total_elapsed=00:15
2026-04-26 09:14:07,841 - INFO - Current Top3 Leaderboard:
2026-04-26 09:14:07,841 - INFO -   #1 k=5 d=3 nr=35 | score=0.8689 | coverage=0.7368 | diversity=0.9588 | entropy=0.9392 | discovered=34
2026-04-26 09:14:07,842 - INFO -   #2 k=5 d=8 nr=35 | score=0.8656 | coverage=0.7252 | diversity=0.9676 | entropy=0.9298 | discovered=34
2026-04-26 09:14:07,842 - INFO -   #3 k=5 d=8 nr=none | score=0.8629 | coverage=0.6952 | diversity=0.9686 | entropy=0.9617 | discovered=35
2026-04-26 09:14:07,842 - INFO - Run 21/147 | done=20 remain=127 ETA=31:30 | k=5 d=35 nr=35
2026-04-26 09:14:07,842 - INFO - Run k_5__d_35__nr_35 | min_cluster_size=28 | min_samples=5
2026-04-26 09:14:07,842 - INFO - Run k_5__d_35__nr_35 | stage=build_topic_model done | elapsed=00:00
2026-04-26 09:14:07,842 - INFO - Run k_5__d_35__nr_35 | stage=fit_transform start (UMAP+HDBSCAN)
2026-04-26 09:14:23,586 - INFO - Run k_5__d_35__nr_35 | stage=fit_transform done | elapsed=00:15
2026-04-26 09:14:23,588 - INFO - Run k_5__d_35__nr_35 | stage=metrics done | elapsed=00:00
2026-04-26 09:14:23,589 - INFO - Run k_5__d_35__nr_35 | stage=save_outputs done | elapsed=00:00
2026-04-26 09:14:23,589 - INFO - Run k_5__d_35__nr_35 | finished | total_elapsed=00:15
2026-04-26 09:14:23,597 - INFO - Run 22/147 | done=21 remain=126 ETA=31:20 | k=15 d=3 nr=none
2026-04-26 09:14:23,598 - INFO - Run k_15__d_3__nr_none | min_cluster_size=33 | min_samples=6
2026-04-26 09:14:23,598 - INFO - Run k_15__d_3__nr_none | stage=build_topic_model done | elapsed=00:00
2026-04-26 09:14:23,598 - INFO - Run k_15__d_3__nr_none | stage=fit_transform start (UMAP+HDBSCAN)
2026-04-26 09:14:38,799 - INFO - Run k_15__d_3__nr_none | stage=fit_transform done | elapsed=00:15
2026-04-26 09:14:38,802 - INFO - Run k_15__d_3__nr_none | stage=metrics done | elapsed=00:00
2026-04-26 09:14:38,802 - INFO - Run k_15__d_3__nr_none | stage=save_outputs done | elapsed=00:00
2026-04-26 09:14:38,802 - INFO - Run k_15__d_3__nr_none | finished | total_elapsed=00:15
2026-04-26 09:14:38,811 - INFO - Run 23/147 | done=22 remain=125 ETA=31:07 | k=15 d=3 nr=25
2026-04-26 09:14:38,811 - INFO - Run k_15__d_3__nr_25 | min_cluster_size=40 | min_samples=8
2026-04-26 09:14:38,812 - INFO - Run k_15__d_3__nr_25 | stage=build_topic_model done | elapsed=00:00
2026-04-26 09:14:38,812 - INFO - Run k_15__d_3__nr_25 | stage=fit_transform start (UMAP+HDBSCAN)
2026-04-26 09:14:53,828 - ERROR - Run failed | k=15 d=3 nr=25
Traceback (most recent call last):
  File "E:\document\PG\studio\content\bertopic_raw_sweep.py", line 422, in run_single_experiment
    topics, _ = topic_model.fit_transform(seg_texts, embeddings=embeddings)
                ^^^^^^^^^^^^^^^^^^^^^^^^^^^^^^^^^^^^^^^^^^^^^^^^^^^^^^^^^^^
  File "D:\an\envs\aigcxhs\Lib\site-packages\bertopic\_bertopic.py", line 520, in fit_transform
    self._extract_topics(
  File "D:\an\envs\aigcxhs\Lib\site-packages\bertopic\_bertopic.py", line 4204, in _extract_topics
    self.c_tf_idf_, words = self._c_tf_idf(documents_per_topic)
                            ^^^^^^^^^^^^^^^^^^^^^^^^^^^^^^^^^^^
  File "D:\an\envs\aigcxhs\Lib\site-packages\bertopic\_bertopic.py", line 4422, in _c_tf_idf
    X = self.vectorizer_model.fit_transform(documents)
        ^^^^^^^^^^^^^^^^^^^^^^^^^^^^^^^^^^^^^^^^^^^^^^
  File "D:\an\envs\aigcxhs\Lib\site-packages\sklearn\base.py", line 1336, in wrapper
    return fit_method(estimator, *args, **kwargs)
           ^^^^^^^^^^^^^^^^^^^^^^^^^^^^^^^^^^^^^^
  File "D:\an\envs\aigcxhs\Lib\site-packages\sklearn\feature_extraction\text.py", line 1396, in fit_transform
    raise ValueError("max_df corresponds to < documents than min_df")
ValueError: max_df corresponds to < documents than min_df
2026-04-26 09:14:53,839 - INFO - Run 24/147 | done=23 remain=124 ETA=30:53 | k=15 d=3 nr=35
2026-04-26 09:14:53,839 - INFO - Run k_15__d_3__nr_35 | min_cluster_size=28 | min_samples=5
2026-04-26 09:14:53,840 - INFO - Run k_15__d_3__nr_35 | stage=build_topic_model done | elapsed=00:00
2026-04-26 09:14:53,840 - INFO - Run k_15__d_3__nr_35 | stage=fit_transform start (UMAP+HDBSCAN)
2026-04-26 09:15:09,415 - INFO - Run k_15__d_3__nr_35 | stage=fit_transform done | elapsed=00:15
2026-04-26 09:15:09,419 - INFO - Run k_15__d_3__nr_35 | stage=metrics done | elapsed=00:00
2026-04-26 09:15:09,419 - INFO - Run k_15__d_3__nr_35 | stage=save_outputs done | elapsed=00:00
2026-04-26 09:15:09,419 - INFO - Run k_15__d_3__nr_35 | finished | total_elapsed=00:15
2026-04-26 09:15:09,426 - INFO - Run 25/147 | done=24 remain=123 ETA=30:41 | k=15 d=5 nr=none
2026-04-26 09:15:09,427 - INFO - Run k_15__d_5__nr_none | min_cluster_size=33 | min_samples=6
2026-04-26 09:15:09,427 - INFO - Run k_15__d_5__nr_none | stage=build_topic_model done | elapsed=00:00
2026-04-26 09:15:09,427 - INFO - Run k_15__d_5__nr_none | stage=fit_transform start (UMAP+HDBSCAN)
2026-04-26 09:15:24,639 - ERROR - Run failed | k=15 d=5 nr=none
Traceback (most recent call last):
  File "E:\document\PG\studio\content\bertopic_raw_sweep.py", line 422, in run_single_experiment
    topics, _ = topic_model.fit_transform(seg_texts, embeddings=embeddings)
                ^^^^^^^^^^^^^^^^^^^^^^^^^^^^^^^^^^^^^^^^^^^^^^^^^^^^^^^^^^^
  File "D:\an\envs\aigcxhs\Lib\site-packages\bertopic\_bertopic.py", line 520, in fit_transform
    self._extract_topics(
  File "D:\an\envs\aigcxhs\Lib\site-packages\bertopic\_bertopic.py", line 4204, in _extract_topics
    self.c_tf_idf_, words = self._c_tf_idf(documents_per_topic)
                            ^^^^^^^^^^^^^^^^^^^^^^^^^^^^^^^^^^^
  File "D:\an\envs\aigcxhs\Lib\site-packages\bertopic\_bertopic.py", line 4422, in _c_tf_idf
    X = self.vectorizer_model.fit_transform(documents)
        ^^^^^^^^^^^^^^^^^^^^^^^^^^^^^^^^^^^^^^^^^^^^^^
  File "D:\an\envs\aigcxhs\Lib\site-packages\sklearn\base.py", line 1336, in wrapper
    return fit_method(estimator, *args, **kwargs)
           ^^^^^^^^^^^^^^^^^^^^^^^^^^^^^^^^^^^^^^
  File "D:\an\envs\aigcxhs\Lib\site-packages\sklearn\feature_extraction\text.py", line 1396, in fit_transform
    raise ValueError("max_df corresponds to < documents than min_df")
ValueError: max_df corresponds to < documents than min_df
2026-04-26 09:15:24,648 - INFO - Current Top3 Leaderboard:
2026-04-26 09:15:24,648 - INFO -   #1 k=5 d=3 nr=35 | score=0.8689 | coverage=0.7368 | diversity=0.9588 | entropy=0.9392 | discovered=34
2026-04-26 09:15:24,649 - INFO -   #2 k=5 d=8 nr=35 | score=0.8656 | coverage=0.7252 | diversity=0.9676 | entropy=0.9298 | discovered=34
2026-04-26 09:15:24,649 - INFO -   #3 k=5 d=8 nr=none | score=0.8629 | coverage=0.6952 | diversity=0.9686 | entropy=0.9617 | discovered=35
2026-04-26 09:15:24,649 - INFO - Run 26/147 | done=25 remain=122 ETA=30:27 | k=15 d=5 nr=25
2026-04-26 09:15:24,649 - INFO - Run k_15__d_5__nr_25 | min_cluster_size=40 | min_samples=8
2026-04-26 09:15:24,650 - INFO - Run k_15__d_5__nr_25 | stage=build_topic_model done | elapsed=00:00
2026-04-26 09:15:24,650 - INFO - Run k_15__d_5__nr_25 | stage=fit_transform start (UMAP+HDBSCAN)
2026-04-26 09:15:40,014 - ERROR - Run failed | k=15 d=5 nr=25
Traceback (most recent call last):
  File "E:\document\PG\studio\content\bertopic_raw_sweep.py", line 422, in run_single_experiment
    topics, _ = topic_model.fit_transform(seg_texts, embeddings=embeddings)
                ^^^^^^^^^^^^^^^^^^^^^^^^^^^^^^^^^^^^^^^^^^^^^^^^^^^^^^^^^^^
  File "D:\an\envs\aigcxhs\Lib\site-packages\bertopic\_bertopic.py", line 520, in fit_transform
    self._extract_topics(
  File "D:\an\envs\aigcxhs\Lib\site-packages\bertopic\_bertopic.py", line 4204, in _extract_topics
    self.c_tf_idf_, words = self._c_tf_idf(documents_per_topic)
                            ^^^^^^^^^^^^^^^^^^^^^^^^^^^^^^^^^^^
  File "D:\an\envs\aigcxhs\Lib\site-packages\bertopic\_bertopic.py", line 4422, in _c_tf_idf
    X = self.vectorizer_model.fit_transform(documents)
        ^^^^^^^^^^^^^^^^^^^^^^^^^^^^^^^^^^^^^^^^^^^^^^
  File "D:\an\envs\aigcxhs\Lib\site-packages\sklearn\base.py", line 1336, in wrapper
    return fit_method(estimator, *args, **kwargs)
           ^^^^^^^^^^^^^^^^^^^^^^^^^^^^^^^^^^^^^^
  File "D:\an\envs\aigcxhs\Lib\site-packages\sklearn\feature_extraction\text.py", line 1396, in fit_transform
    raise ValueError("max_df corresponds to < documents than min_df")
ValueError: max_df corresponds to < documents than min_df
2026-04-26 09:15:40,023 - INFO - Run 27/147 | done=26 remain=121 ETA=30:14 | k=15 d=5 nr=35
2026-04-26 09:15:40,023 - INFO - Run k_15__d_5__nr_35 | min_cluster_size=28 | min_samples=5
2026-04-26 09:15:40,024 - INFO - Run k_15__d_5__nr_35 | stage=build_topic_model done | elapsed=00:00
2026-04-26 09:15:40,024 - INFO - Run k_15__d_5__nr_35 | stage=fit_transform start (UMAP+HDBSCAN)
2026-04-26 09:15:55,876 - INFO - Run k_15__d_5__nr_35 | stage=fit_transform done | elapsed=00:15
2026-04-26 09:15:55,880 - INFO - Run k_15__d_5__nr_35 | stage=metrics done | elapsed=00:00
2026-04-26 09:15:55,881 - INFO - Run k_15__d_5__nr_35 | stage=save_outputs done | elapsed=00:00
2026-04-26 09:15:55,882 - INFO - Run k_15__d_5__nr_35 | finished | total_elapsed=00:15
2026-04-26 09:15:55,888 - INFO - Run 28/147 | done=27 remain=120 ETA=30:03 | k=15 d=8 nr=none
2026-04-26 09:15:55,888 - INFO - Run k_15__d_8__nr_none | min_cluster_size=33 | min_samples=6
2026-04-26 09:15:55,889 - INFO - Run k_15__d_8__nr_none | stage=build_topic_model done | elapsed=00:00
2026-04-26 09:15:55,889 - INFO - Run k_15__d_8__nr_none | stage=fit_transform start (UMAP+HDBSCAN)
2026-04-26 09:16:10,984 - ERROR - Run failed | k=15 d=8 nr=none
Traceback (most recent call last):
  File "E:\document\PG\studio\content\bertopic_raw_sweep.py", line 422, in run_single_experiment
    topics, _ = topic_model.fit_transform(seg_texts, embeddings=embeddings)
                ^^^^^^^^^^^^^^^^^^^^^^^^^^^^^^^^^^^^^^^^^^^^^^^^^^^^^^^^^^^
  File "D:\an\envs\aigcxhs\Lib\site-packages\bertopic\_bertopic.py", line 520, in fit_transform
    self._extract_topics(
  File "D:\an\envs\aigcxhs\Lib\site-packages\bertopic\_bertopic.py", line 4204, in _extract_topics
    self.c_tf_idf_, words = self._c_tf_idf(documents_per_topic)
                            ^^^^^^^^^^^^^^^^^^^^^^^^^^^^^^^^^^^
  File "D:\an\envs\aigcxhs\Lib\site-packages\bertopic\_bertopic.py", line 4422, in _c_tf_idf
    X = self.vectorizer_model.fit_transform(documents)
        ^^^^^^^^^^^^^^^^^^^^^^^^^^^^^^^^^^^^^^^^^^^^^^
  File "D:\an\envs\aigcxhs\Lib\site-packages\sklearn\base.py", line 1336, in wrapper
    return fit_method(estimator, *args, **kwargs)
           ^^^^^^^^^^^^^^^^^^^^^^^^^^^^^^^^^^^^^^
  File "D:\an\envs\aigcxhs\Lib\site-packages\sklearn\feature_extraction\text.py", line 1396, in fit_transform
    raise ValueError("max_df corresponds to < documents than min_df")
ValueError: max_df corresponds to < documents than min_df
2026-04-26 09:16:10,993 - INFO - Run 29/147 | done=28 remain=119 ETA=29:48 | k=15 d=8 nr=25
2026-04-26 09:16:10,993 - INFO - Run k_15__d_8__nr_25 | min_cluster_size=40 | min_samples=8
2026-04-26 09:16:10,994 - INFO - Run k_15__d_8__nr_25 | stage=build_topic_model done | elapsed=00:00
2026-04-26 09:16:10,994 - INFO - Run k_15__d_8__nr_25 | stage=fit_transform start (UMAP+HDBSCAN)
2026-04-26 09:16:25,992 - ERROR - Run failed | k=15 d=8 nr=25
Traceback (most recent call last):
  File "E:\document\PG\studio\content\bertopic_raw_sweep.py", line 422, in run_single_experiment
    topics, _ = topic_model.fit_transform(seg_texts, embeddings=embeddings)
                ^^^^^^^^^^^^^^^^^^^^^^^^^^^^^^^^^^^^^^^^^^^^^^^^^^^^^^^^^^^
  File "D:\an\envs\aigcxhs\Lib\site-packages\bertopic\_bertopic.py", line 520, in fit_transform
    self._extract_topics(
  File "D:\an\envs\aigcxhs\Lib\site-packages\bertopic\_bertopic.py", line 4204, in _extract_topics
    self.c_tf_idf_, words = self._c_tf_idf(documents_per_topic)
                            ^^^^^^^^^^^^^^^^^^^^^^^^^^^^^^^^^^^
  File "D:\an\envs\aigcxhs\Lib\site-packages\bertopic\_bertopic.py", line 4422, in _c_tf_idf
    X = self.vectorizer_model.fit_transform(documents)
        ^^^^^^^^^^^^^^^^^^^^^^^^^^^^^^^^^^^^^^^^^^^^^^
  File "D:\an\envs\aigcxhs\Lib\site-packages\sklearn\base.py", line 1336, in wrapper
    return fit_method(estimator, *args, **kwargs)
           ^^^^^^^^^^^^^^^^^^^^^^^^^^^^^^^^^^^^^^
  File "D:\an\envs\aigcxhs\Lib\site-packages\sklearn\feature_extraction\text.py", line 1396, in fit_transform
    raise ValueError("max_df corresponds to < documents than min_df")
ValueError: max_df corresponds to < documents than min_df
2026-04-26 09:16:26,001 - INFO - Run 30/147 | done=29 remain=118 ETA=29:33 | k=15 d=8 nr=35
2026-04-26 09:16:26,001 - INFO - Run k_15__d_8__nr_35 | min_cluster_size=28 | min_samples=5
2026-04-26 09:16:26,002 - INFO - Run k_15__d_8__nr_35 | stage=build_topic_model done | elapsed=00:00
2026-04-26 09:16:26,002 - INFO - Run k_15__d_8__nr_35 | stage=fit_transform start (UMAP+HDBSCAN)
2026-04-26 09:16:41,619 - INFO - Run k_15__d_8__nr_35 | stage=fit_transform done | elapsed=00:15
2026-04-26 09:16:41,624 - INFO - Run k_15__d_8__nr_35 | stage=metrics done | elapsed=00:00
2026-04-26 09:16:41,624 - INFO - Run k_15__d_8__nr_35 | stage=save_outputs done | elapsed=00:00
2026-04-26 09:16:41,625 - INFO - Run k_15__d_8__nr_35 | finished | total_elapsed=00:15
2026-04-26 09:16:41,634 - INFO - Current Top3 Leaderboard:
2026-04-26 09:16:41,634 - INFO -   #1 k=5 d=3 nr=35 | score=0.8689 | coverage=0.7368 | diversity=0.9588 | entropy=0.9392 | discovered=34
2026-04-26 09:16:41,634 - INFO -   #2 k=5 d=8 nr=35 | score=0.8656 | coverage=0.7252 | diversity=0.9676 | entropy=0.9298 | discovered=34
2026-04-26 09:16:41,634 - INFO -   #3 k=5 d=8 nr=none | score=0.8629 | coverage=0.6952 | diversity=0.9686 | entropy=0.9617 | discovered=35
2026-04-26 09:16:41,634 - INFO - Run 31/147 | done=30 remain=117 ETA=29:20 | k=15 d=12 nr=none
2026-04-26 09:16:41,635 - INFO - Run k_15__d_12__nr_none | min_cluster_size=33 | min_samples=6
2026-04-26 09:16:41,635 - INFO - Run k_15__d_12__nr_none | stage=build_topic_model done | elapsed=00:00
2026-04-26 09:16:41,635 - INFO - Run k_15__d_12__nr_none | stage=fit_transform start (UMAP+HDBSCAN)
2026-04-26 09:16:57,165 - ERROR - Run failed | k=15 d=12 nr=none
Traceback (most recent call last):
  File "E:\document\PG\studio\content\bertopic_raw_sweep.py", line 422, in run_single_experiment
    topics, _ = topic_model.fit_transform(seg_texts, embeddings=embeddings)
                ^^^^^^^^^^^^^^^^^^^^^^^^^^^^^^^^^^^^^^^^^^^^^^^^^^^^^^^^^^^
  File "D:\an\envs\aigcxhs\Lib\site-packages\bertopic\_bertopic.py", line 520, in fit_transform
    self._extract_topics(
  File "D:\an\envs\aigcxhs\Lib\site-packages\bertopic\_bertopic.py", line 4204, in _extract_topics
    self.c_tf_idf_, words = self._c_tf_idf(documents_per_topic)
                            ^^^^^^^^^^^^^^^^^^^^^^^^^^^^^^^^^^^
  File "D:\an\envs\aigcxhs\Lib\site-packages\bertopic\_bertopic.py", line 4422, in _c_tf_idf
    X = self.vectorizer_model.fit_transform(documents)
        ^^^^^^^^^^^^^^^^^^^^^^^^^^^^^^^^^^^^^^^^^^^^^^
  File "D:\an\envs\aigcxhs\Lib\site-packages\sklearn\base.py", line 1336, in wrapper
    return fit_method(estimator, *args, **kwargs)
           ^^^^^^^^^^^^^^^^^^^^^^^^^^^^^^^^^^^^^^
  File "D:\an\envs\aigcxhs\Lib\site-packages\sklearn\feature_extraction\text.py", line 1396, in fit_transform
    raise ValueError("max_df corresponds to < documents than min_df")
ValueError: max_df corresponds to < documents than min_df
2026-04-26 09:16:57,174 - INFO - Run 32/147 | done=31 remain=116 ETA=29:07 | k=15 d=12 nr=25
2026-04-26 09:16:57,174 - INFO - Run k_15__d_12__nr_25 | min_cluster_size=40 | min_samples=8
2026-04-26 09:16:57,174 - INFO - Run k_15__d_12__nr_25 | stage=build_topic_model done | elapsed=00:00
2026-04-26 09:16:57,174 - INFO - Run k_15__d_12__nr_25 | stage=fit_transform start (UMAP+HDBSCAN)
2026-04-26 09:17:12,784 - ERROR - Run failed | k=15 d=12 nr=25
Traceback (most recent call last):
  File "E:\document\PG\studio\content\bertopic_raw_sweep.py", line 422, in run_single_experiment
    topics, _ = topic_model.fit_transform(seg_texts, embeddings=embeddings)
                ^^^^^^^^^^^^^^^^^^^^^^^^^^^^^^^^^^^^^^^^^^^^^^^^^^^^^^^^^^^
  File "D:\an\envs\aigcxhs\Lib\site-packages\bertopic\_bertopic.py", line 520, in fit_transform
    self._extract_topics(
  File "D:\an\envs\aigcxhs\Lib\site-packages\bertopic\_bertopic.py", line 4204, in _extract_topics
    self.c_tf_idf_, words = self._c_tf_idf(documents_per_topic)
                            ^^^^^^^^^^^^^^^^^^^^^^^^^^^^^^^^^^^
  File "D:\an\envs\aigcxhs\Lib\site-packages\bertopic\_bertopic.py", line 4422, in _c_tf_idf
    X = self.vectorizer_model.fit_transform(documents)
        ^^^^^^^^^^^^^^^^^^^^^^^^^^^^^^^^^^^^^^^^^^^^^^
  File "D:\an\envs\aigcxhs\Lib\site-packages\sklearn\base.py", line 1336, in wrapper
    return fit_method(estimator, *args, **kwargs)
           ^^^^^^^^^^^^^^^^^^^^^^^^^^^^^^^^^^^^^^
  File "D:\an\envs\aigcxhs\Lib\site-packages\sklearn\feature_extraction\text.py", line 1396, in fit_transform
    raise ValueError("max_df corresponds to < documents than min_df")
ValueError: max_df corresponds to < documents than min_df
2026-04-26 09:17:12,794 - INFO - Run 33/147 | done=32 remain=115 ETA=28:54 | k=15 d=12 nr=35
2026-04-26 09:17:12,794 - INFO - Run k_15__d_12__nr_35 | min_cluster_size=28 | min_samples=5
2026-04-26 09:17:12,794 - INFO - Run k_15__d_12__nr_35 | stage=build_topic_model done | elapsed=00:00
2026-04-26 09:17:12,794 - INFO - Run k_15__d_12__nr_35 | stage=fit_transform start (UMAP+HDBSCAN)
2026-04-26 09:17:28,852 - INFO - Run k_15__d_12__nr_35 | stage=fit_transform done | elapsed=00:16
2026-04-26 09:17:28,855 - INFO - Run k_15__d_12__nr_35 | stage=metrics done | elapsed=00:00
2026-04-26 09:17:28,855 - INFO - Run k_15__d_12__nr_35 | stage=save_outputs done | elapsed=00:00
2026-04-26 09:17:28,855 - INFO - Run k_15__d_12__nr_35 | finished | total_elapsed=00:16
2026-04-26 09:17:28,862 - INFO - Run 34/147 | done=33 remain=114 ETA=28:42 | k=15 d=18 nr=none
2026-04-26 09:17:28,863 - INFO - Run k_15__d_18__nr_none | min_cluster_size=33 | min_samples=6
2026-04-26 09:17:28,863 - INFO - Run k_15__d_18__nr_none | stage=build_topic_model done | elapsed=00:00
2026-04-26 09:17:28,863 - INFO - Run k_15__d_18__nr_none | stage=fit_transform start (UMAP+HDBSCAN)
2026-04-26 09:17:44,459 - ERROR - Run failed | k=15 d=18 nr=none
Traceback (most recent call last):
  File "E:\document\PG\studio\content\bertopic_raw_sweep.py", line 422, in run_single_experiment
    topics, _ = topic_model.fit_transform(seg_texts, embeddings=embeddings)
                ^^^^^^^^^^^^^^^^^^^^^^^^^^^^^^^^^^^^^^^^^^^^^^^^^^^^^^^^^^^
  File "D:\an\envs\aigcxhs\Lib\site-packages\bertopic\_bertopic.py", line 520, in fit_transform
    self._extract_topics(
  File "D:\an\envs\aigcxhs\Lib\site-packages\bertopic\_bertopic.py", line 4204, in _extract_topics
    self.c_tf_idf_, words = self._c_tf_idf(documents_per_topic)
                            ^^^^^^^^^^^^^^^^^^^^^^^^^^^^^^^^^^^
  File "D:\an\envs\aigcxhs\Lib\site-packages\bertopic\_bertopic.py", line 4422, in _c_tf_idf
    X = self.vectorizer_model.fit_transform(documents)
        ^^^^^^^^^^^^^^^^^^^^^^^^^^^^^^^^^^^^^^^^^^^^^^
  File "D:\an\envs\aigcxhs\Lib\site-packages\sklearn\base.py", line 1336, in wrapper
    return fit_method(estimator, *args, **kwargs)
           ^^^^^^^^^^^^^^^^^^^^^^^^^^^^^^^^^^^^^^
  File "D:\an\envs\aigcxhs\Lib\site-packages\sklearn\feature_extraction\text.py", line 1396, in fit_transform
    raise ValueError("max_df corresponds to < documents than min_df")
ValueError: max_df corresponds to < documents than min_df
2026-04-26 09:17:44,468 - INFO - Run 35/147 | done=34 remain=113 ETA=28:29 | k=15 d=18 nr=25
2026-04-26 09:17:44,468 - INFO - Run k_15__d_18__nr_25 | min_cluster_size=40 | min_samples=8
2026-04-26 09:17:44,468 - INFO - Run k_15__d_18__nr_25 | stage=build_topic_model done | elapsed=00:00
2026-04-26 09:17:44,469 - INFO - Run k_15__d_18__nr_25 | stage=fit_transform start (UMAP+HDBSCAN)
2026-04-26 09:18:00,240 - ERROR - Run failed | k=15 d=18 nr=25
Traceback (most recent call last):
  File "E:\document\PG\studio\content\bertopic_raw_sweep.py", line 422, in run_single_experiment
    topics, _ = topic_model.fit_transform(seg_texts, embeddings=embeddings)
                ^^^^^^^^^^^^^^^^^^^^^^^^^^^^^^^^^^^^^^^^^^^^^^^^^^^^^^^^^^^
  File "D:\an\envs\aigcxhs\Lib\site-packages\bertopic\_bertopic.py", line 520, in fit_transform
    self._extract_topics(
  File "D:\an\envs\aigcxhs\Lib\site-packages\bertopic\_bertopic.py", line 4204, in _extract_topics
    self.c_tf_idf_, words = self._c_tf_idf(documents_per_topic)
                            ^^^^^^^^^^^^^^^^^^^^^^^^^^^^^^^^^^^
  File "D:\an\envs\aigcxhs\Lib\site-packages\bertopic\_bertopic.py", line 4422, in _c_tf_idf
    X = self.vectorizer_model.fit_transform(documents)
        ^^^^^^^^^^^^^^^^^^^^^^^^^^^^^^^^^^^^^^^^^^^^^^
  File "D:\an\envs\aigcxhs\Lib\site-packages\sklearn\base.py", line 1336, in wrapper
    return fit_method(estimator, *args, **kwargs)
           ^^^^^^^^^^^^^^^^^^^^^^^^^^^^^^^^^^^^^^
  File "D:\an\envs\aigcxhs\Lib\site-packages\sklearn\feature_extraction\text.py", line 1396, in fit_transform
    raise ValueError("max_df corresponds to < documents than min_df")
ValueError: max_df corresponds to < documents than min_df
2026-04-26 09:18:00,250 - INFO - Current Top3 Leaderboard:
2026-04-26 09:18:00,250 - INFO -   #1 k=5 d=3 nr=35 | score=0.8689 | coverage=0.7368 | diversity=0.9588 | entropy=0.9392 | discovered=34
2026-04-26 09:18:00,250 - INFO -   #2 k=5 d=8 nr=35 | score=0.8656 | coverage=0.7252 | diversity=0.9676 | entropy=0.9298 | discovered=34
2026-04-26 09:18:00,250 - INFO -   #3 k=5 d=8 nr=none | score=0.8629 | coverage=0.6952 | diversity=0.9686 | entropy=0.9617 | discovered=35
2026-04-26 09:18:00,250 - INFO - Run 36/147 | done=35 remain=112 ETA=28:16 | k=15 d=18 nr=35
2026-04-26 09:18:00,250 - INFO - Run k_15__d_18__nr_35 | min_cluster_size=28 | min_samples=5
2026-04-26 09:18:00,251 - INFO - Run k_15__d_18__nr_35 | stage=build_topic_model done | elapsed=00:00
2026-04-26 09:18:00,251 - INFO - Run k_15__d_18__nr_35 | stage=fit_transform start (UMAP+HDBSCAN)
2026-04-26 09:18:15,853 - ERROR - Run failed | k=15 d=18 nr=35
Traceback (most recent call last):
  File "E:\document\PG\studio\content\bertopic_raw_sweep.py", line 422, in run_single_experiment
    topics, _ = topic_model.fit_transform(seg_texts, embeddings=embeddings)
                ^^^^^^^^^^^^^^^^^^^^^^^^^^^^^^^^^^^^^^^^^^^^^^^^^^^^^^^^^^^
  File "D:\an\envs\aigcxhs\Lib\site-packages\bertopic\_bertopic.py", line 520, in fit_transform
    self._extract_topics(
  File "D:\an\envs\aigcxhs\Lib\site-packages\bertopic\_bertopic.py", line 4204, in _extract_topics
    self.c_tf_idf_, words = self._c_tf_idf(documents_per_topic)
                            ^^^^^^^^^^^^^^^^^^^^^^^^^^^^^^^^^^^
  File "D:\an\envs\aigcxhs\Lib\site-packages\bertopic\_bertopic.py", line 4422, in _c_tf_idf
    X = self.vectorizer_model.fit_transform(documents)
        ^^^^^^^^^^^^^^^^^^^^^^^^^^^^^^^^^^^^^^^^^^^^^^
  File "D:\an\envs\aigcxhs\Lib\site-packages\sklearn\base.py", line 1336, in wrapper
    return fit_method(estimator, *args, **kwargs)
           ^^^^^^^^^^^^^^^^^^^^^^^^^^^^^^^^^^^^^^
  File "D:\an\envs\aigcxhs\Lib\site-packages\sklearn\feature_extraction\text.py", line 1396, in fit_transform
    raise ValueError("max_df corresponds to < documents than min_df")
ValueError: max_df corresponds to < documents than min_df
2026-04-26 09:18:15,862 - INFO - Run 37/147 | done=36 remain=111 ETA=28:02 | k=15 d=25 nr=none
2026-04-26 09:18:15,863 - INFO - Run k_15__d_25__nr_none | min_cluster_size=33 | min_samples=6
2026-04-26 09:18:15,863 - INFO - Run k_15__d_25__nr_none | stage=build_topic_model done | elapsed=00:00
2026-04-26 09:18:15,863 - INFO - Run k_15__d_25__nr_none | stage=fit_transform start (UMAP+HDBSCAN)
2026-04-26 09:18:31,942 - ERROR - Run failed | k=15 d=25 nr=none
Traceback (most recent call last):
  File "E:\document\PG\studio\content\bertopic_raw_sweep.py", line 422, in run_single_experiment
    topics, _ = topic_model.fit_transform(seg_texts, embeddings=embeddings)
                ^^^^^^^^^^^^^^^^^^^^^^^^^^^^^^^^^^^^^^^^^^^^^^^^^^^^^^^^^^^
  File "D:\an\envs\aigcxhs\Lib\site-packages\bertopic\_bertopic.py", line 520, in fit_transform
    self._extract_topics(
  File "D:\an\envs\aigcxhs\Lib\site-packages\bertopic\_bertopic.py", line 4204, in _extract_topics
    self.c_tf_idf_, words = self._c_tf_idf(documents_per_topic)
                            ^^^^^^^^^^^^^^^^^^^^^^^^^^^^^^^^^^^
  File "D:\an\envs\aigcxhs\Lib\site-packages\bertopic\_bertopic.py", line 4422, in _c_tf_idf
    X = self.vectorizer_model.fit_transform(documents)
        ^^^^^^^^^^^^^^^^^^^^^^^^^^^^^^^^^^^^^^^^^^^^^^
  File "D:\an\envs\aigcxhs\Lib\site-packages\sklearn\base.py", line 1336, in wrapper
    return fit_method(estimator, *args, **kwargs)
           ^^^^^^^^^^^^^^^^^^^^^^^^^^^^^^^^^^^^^^
  File "D:\an\envs\aigcxhs\Lib\site-packages\sklearn\feature_extraction\text.py", line 1396, in fit_transform
    raise ValueError("max_df corresponds to < documents than min_df")
ValueError: max_df corresponds to < documents than min_df
2026-04-26 09:18:31,955 - INFO - Run 38/147 | done=37 remain=110 ETA=27:49 | k=15 d=25 nr=25
2026-04-26 09:18:31,955 - INFO - Run k_15__d_25__nr_25 | min_cluster_size=40 | min_samples=8
2026-04-26 09:18:31,955 - INFO - Run k_15__d_25__nr_25 | stage=build_topic_model done | elapsed=00:00
2026-04-26 09:18:31,955 - INFO - Run k_15__d_25__nr_25 | stage=fit_transform start (UMAP+HDBSCAN)
2026-04-26 09:18:48,300 - ERROR - Run failed | k=15 d=25 nr=25
Traceback (most recent call last):
  File "E:\document\PG\studio\content\bertopic_raw_sweep.py", line 422, in run_single_experiment
    topics, _ = topic_model.fit_transform(seg_texts, embeddings=embeddings)
                ^^^^^^^^^^^^^^^^^^^^^^^^^^^^^^^^^^^^^^^^^^^^^^^^^^^^^^^^^^^
  File "D:\an\envs\aigcxhs\Lib\site-packages\bertopic\_bertopic.py", line 520, in fit_transform
    self._extract_topics(
  File "D:\an\envs\aigcxhs\Lib\site-packages\bertopic\_bertopic.py", line 4204, in _extract_topics
    self.c_tf_idf_, words = self._c_tf_idf(documents_per_topic)
                            ^^^^^^^^^^^^^^^^^^^^^^^^^^^^^^^^^^^
  File "D:\an\envs\aigcxhs\Lib\site-packages\bertopic\_bertopic.py", line 4422, in _c_tf_idf
    X = self.vectorizer_model.fit_transform(documents)
        ^^^^^^^^^^^^^^^^^^^^^^^^^^^^^^^^^^^^^^^^^^^^^^
  File "D:\an\envs\aigcxhs\Lib\site-packages\sklearn\base.py", line 1336, in wrapper
    return fit_method(estimator, *args, **kwargs)
           ^^^^^^^^^^^^^^^^^^^^^^^^^^^^^^^^^^^^^^
  File "D:\an\envs\aigcxhs\Lib\site-packages\sklearn\feature_extraction\text.py", line 1396, in fit_transform
    raise ValueError("max_df corresponds to < documents than min_df")
ValueError: max_df corresponds to < documents than min_df
2026-04-26 09:18:48,309 - INFO - Run 39/147 | done=38 remain=109 ETA=27:38 | k=15 d=25 nr=35
2026-04-26 09:18:48,309 - INFO - Run k_15__d_25__nr_35 | min_cluster_size=28 | min_samples=5
2026-04-26 09:18:48,310 - INFO - Run k_15__d_25__nr_35 | stage=build_topic_model done | elapsed=00:00
2026-04-26 09:18:48,310 - INFO - Run k_15__d_25__nr_35 | stage=fit_transform start (UMAP+HDBSCAN)
2026-04-26 09:19:05,345 - INFO - Run k_15__d_25__nr_35 | stage=fit_transform done | elapsed=00:17
2026-04-26 09:19:05,348 - INFO - Run k_15__d_25__nr_35 | stage=metrics done | elapsed=00:00
2026-04-26 09:19:05,349 - INFO - Run k_15__d_25__nr_35 | stage=save_outputs done | elapsed=00:00
2026-04-26 09:19:05,349 - INFO - Run k_15__d_25__nr_35 | finished | total_elapsed=00:17
2026-04-26 09:19:05,358 - INFO - Run 40/147 | done=39 remain=108 ETA=27:27 | k=15 d=35 nr=none
2026-04-26 09:19:05,358 - INFO - Run k_15__d_35__nr_none | min_cluster_size=33 | min_samples=6
2026-04-26 09:19:05,359 - INFO - Run k_15__d_35__nr_none | stage=build_topic_model done | elapsed=00:00
2026-04-26 09:19:05,359 - INFO - Run k_15__d_35__nr_none | stage=fit_transform start (UMAP+HDBSCAN)
2026-04-26 09:19:22,347 - ERROR - Run failed | k=15 d=35 nr=none
Traceback (most recent call last):
  File "E:\document\PG\studio\content\bertopic_raw_sweep.py", line 422, in run_single_experiment
    topics, _ = topic_model.fit_transform(seg_texts, embeddings=embeddings)
                ^^^^^^^^^^^^^^^^^^^^^^^^^^^^^^^^^^^^^^^^^^^^^^^^^^^^^^^^^^^
  File "D:\an\envs\aigcxhs\Lib\site-packages\bertopic\_bertopic.py", line 520, in fit_transform
    self._extract_topics(
  File "D:\an\envs\aigcxhs\Lib\site-packages\bertopic\_bertopic.py", line 4204, in _extract_topics
    self.c_tf_idf_, words = self._c_tf_idf(documents_per_topic)
                            ^^^^^^^^^^^^^^^^^^^^^^^^^^^^^^^^^^^
  File "D:\an\envs\aigcxhs\Lib\site-packages\bertopic\_bertopic.py", line 4422, in _c_tf_idf
    X = self.vectorizer_model.fit_transform(documents)
        ^^^^^^^^^^^^^^^^^^^^^^^^^^^^^^^^^^^^^^^^^^^^^^
  File "D:\an\envs\aigcxhs\Lib\site-packages\sklearn\base.py", line 1336, in wrapper
    return fit_method(estimator, *args, **kwargs)
           ^^^^^^^^^^^^^^^^^^^^^^^^^^^^^^^^^^^^^^
  File "D:\an\envs\aigcxhs\Lib\site-packages\sklearn\feature_extraction\text.py", line 1396, in fit_transform
    raise ValueError("max_df corresponds to < documents than min_df")
ValueError: max_df corresponds to < documents than min_df
2026-04-26 09:19:22,356 - INFO - Current Top3 Leaderboard:
2026-04-26 09:19:22,356 - INFO -   #1 k=5 d=3 nr=35 | score=0.8689 | coverage=0.7368 | diversity=0.9588 | entropy=0.9392 | discovered=34
2026-04-26 09:19:22,356 - INFO -   #2 k=5 d=8 nr=35 | score=0.8656 | coverage=0.7252 | diversity=0.9676 | entropy=0.9298 | discovered=34
2026-04-26 09:19:22,357 - INFO -   #3 k=5 d=8 nr=none | score=0.8629 | coverage=0.6952 | diversity=0.9686 | entropy=0.9617 | discovered=35
2026-04-26 09:19:22,357 - INFO - Run 41/147 | done=40 remain=107 ETA=27:17 | k=15 d=35 nr=25
2026-04-26 09:19:22,357 - INFO - Run k_15__d_35__nr_25 | min_cluster_size=40 | min_samples=8
2026-04-26 09:19:22,357 - INFO - Run k_15__d_35__nr_25 | stage=build_topic_model done | elapsed=00:00
2026-04-26 09:19:22,357 - INFO - Run k_15__d_35__nr_25 | stage=fit_transform start (UMAP+HDBSCAN)
2026-04-26 09:19:39,327 - ERROR - Run failed | k=15 d=35 nr=25
Traceback (most recent call last):
  File "E:\document\PG\studio\content\bertopic_raw_sweep.py", line 422, in run_single_experiment
    topics, _ = topic_model.fit_transform(seg_texts, embeddings=embeddings)
                ^^^^^^^^^^^^^^^^^^^^^^^^^^^^^^^^^^^^^^^^^^^^^^^^^^^^^^^^^^^
  File "D:\an\envs\aigcxhs\Lib\site-packages\bertopic\_bertopic.py", line 520, in fit_transform
    self._extract_topics(
  File "D:\an\envs\aigcxhs\Lib\site-packages\bertopic\_bertopic.py", line 4204, in _extract_topics
    self.c_tf_idf_, words = self._c_tf_idf(documents_per_topic)
                            ^^^^^^^^^^^^^^^^^^^^^^^^^^^^^^^^^^^
  File "D:\an\envs\aigcxhs\Lib\site-packages\bertopic\_bertopic.py", line 4422, in _c_tf_idf
    X = self.vectorizer_model.fit_transform(documents)
        ^^^^^^^^^^^^^^^^^^^^^^^^^^^^^^^^^^^^^^^^^^^^^^
  File "D:\an\envs\aigcxhs\Lib\site-packages\sklearn\base.py", line 1336, in wrapper
    return fit_method(estimator, *args, **kwargs)
           ^^^^^^^^^^^^^^^^^^^^^^^^^^^^^^^^^^^^^^
  File "D:\an\envs\aigcxhs\Lib\site-packages\sklearn\feature_extraction\text.py", line 1396, in fit_transform
    raise ValueError("max_df corresponds to < documents than min_df")
ValueError: max_df corresponds to < documents than min_df
2026-04-26 09:19:39,337 - INFO - Run 42/147 | done=41 remain=106 ETA=27:06 | k=15 d=35 nr=35
2026-04-26 09:19:39,337 - INFO - Run k_15__d_35__nr_35 | min_cluster_size=28 | min_samples=5
2026-04-26 09:19:39,338 - INFO - Run k_15__d_35__nr_35 | stage=build_topic_model done | elapsed=00:00
2026-04-26 09:19:39,338 - INFO - Run k_15__d_35__nr_35 | stage=fit_transform start (UMAP+HDBSCAN)
2026-04-26 09:19:56,882 - INFO - Run k_15__d_35__nr_35 | stage=fit_transform done | elapsed=00:17
2026-04-26 09:19:56,885 - INFO - Run k_15__d_35__nr_35 | stage=metrics done | elapsed=00:00
2026-04-26 09:19:56,887 - INFO - Run k_15__d_35__nr_35 | stage=save_outputs done | elapsed=00:00
2026-04-26 09:19:56,887 - INFO - Run k_15__d_35__nr_35 | finished | total_elapsed=00:17
2026-04-26 09:19:56,895 - INFO - Run 43/147 | done=42 remain=105 ETA=26:56 | k=25 d=3 nr=none
2026-04-26 09:19:56,895 - INFO - Run k_25__d_3__nr_none | min_cluster_size=33 | min_samples=6
2026-04-26 09:19:56,896 - INFO - Run k_25__d_3__nr_none | stage=build_topic_model done | elapsed=00:00
2026-04-26 09:19:56,896 - INFO - Run k_25__d_3__nr_none | stage=fit_transform start (UMAP+HDBSCAN)
2026-04-26 09:20:12,899 - INFO - Run k_25__d_3__nr_none | stage=fit_transform done | elapsed=00:16
2026-04-26 09:20:12,903 - INFO - Run k_25__d_3__nr_none | stage=metrics done | elapsed=00:00
2026-04-26 09:20:12,903 - INFO - Run k_25__d_3__nr_none | stage=save_outputs done | elapsed=00:00
2026-04-26 09:20:12,903 - INFO - Run k_25__d_3__nr_none | finished | total_elapsed=00:16
2026-04-26 09:20:12,911 - INFO - Run 44/147 | done=43 remain=104 ETA=26:42 | k=25 d=3 nr=25
2026-04-26 09:20:12,911 - INFO - Run k_25__d_3__nr_25 | min_cluster_size=40 | min_samples=8
2026-04-26 09:20:12,911 - INFO - Run k_25__d_3__nr_25 | stage=build_topic_model done | elapsed=00:00
2026-04-26 09:20:12,911 - INFO - Run k_25__d_3__nr_25 | stage=fit_transform start (UMAP+HDBSCAN)
2026-04-26 09:20:29,393 - INFO - Run k_25__d_3__nr_25 | stage=fit_transform done | elapsed=00:16
2026-04-26 09:20:29,395 - INFO - Run k_25__d_3__nr_25 | stage=metrics done | elapsed=00:00
2026-04-26 09:20:29,397 - INFO - Run k_25__d_3__nr_25 | stage=save_outputs done | elapsed=00:00
2026-04-26 09:20:29,397 - INFO - Run k_25__d_3__nr_25 | finished | total_elapsed=00:16
2026-04-26 09:20:29,403 - INFO - Run 45/147 | done=44 remain=103 ETA=26:29 | k=25 d=3 nr=35
2026-04-26 09:20:29,403 - INFO - Run k_25__d_3__nr_35 | min_cluster_size=28 | min_samples=5
2026-04-26 09:20:29,403 - INFO - Run k_25__d_3__nr_35 | stage=build_topic_model done | elapsed=00:00
2026-04-26 09:20:29,404 - INFO - Run k_25__d_3__nr_35 | stage=fit_transform start (UMAP+HDBSCAN)
2026-04-26 09:20:45,865 - INFO - Run k_25__d_3__nr_35 | stage=fit_transform done | elapsed=00:16
2026-04-26 09:20:45,868 - INFO - Run k_25__d_3__nr_35 | stage=metrics done | elapsed=00:00
2026-04-26 09:20:45,869 - INFO - Run k_25__d_3__nr_35 | stage=save_outputs done | elapsed=00:00
2026-04-26 09:20:45,869 - INFO - Run k_25__d_3__nr_35 | finished | total_elapsed=00:16
2026-04-26 09:20:45,877 - INFO - Current Top3 Leaderboard:
2026-04-26 09:20:45,877 - INFO -   #1 k=5 d=3 nr=35 | score=0.8689 | coverage=0.7368 | diversity=0.9588 | entropy=0.9392 | discovered=34
2026-04-26 09:20:45,877 - INFO -   #2 k=5 d=8 nr=35 | score=0.8656 | coverage=0.7252 | diversity=0.9676 | entropy=0.9298 | discovered=34
2026-04-26 09:20:45,877 - INFO -   #3 k=5 d=8 nr=none | score=0.8629 | coverage=0.6952 | diversity=0.9686 | entropy=0.9617 | discovered=35
2026-04-26 09:20:45,877 - INFO - Run 46/147 | done=45 remain=102 ETA=26:16 | k=25 d=5 nr=none
2026-04-26 09:20:45,877 - INFO - Run k_25__d_5__nr_none | min_cluster_size=33 | min_samples=6
2026-04-26 09:20:45,878 - INFO - Run k_25__d_5__nr_none | stage=build_topic_model done | elapsed=00:00
2026-04-26 09:20:45,878 - INFO - Run k_25__d_5__nr_none | stage=fit_transform start (UMAP+HDBSCAN)
2026-04-26 09:21:02,338 - ERROR - Run failed | k=25 d=5 nr=none
Traceback (most recent call last):
  File "E:\document\PG\studio\content\bertopic_raw_sweep.py", line 422, in run_single_experiment
    topics, _ = topic_model.fit_transform(seg_texts, embeddings=embeddings)
                ^^^^^^^^^^^^^^^^^^^^^^^^^^^^^^^^^^^^^^^^^^^^^^^^^^^^^^^^^^^
  File "D:\an\envs\aigcxhs\Lib\site-packages\bertopic\_bertopic.py", line 520, in fit_transform
    self._extract_topics(
  File "D:\an\envs\aigcxhs\Lib\site-packages\bertopic\_bertopic.py", line 4204, in _extract_topics
    self.c_tf_idf_, words = self._c_tf_idf(documents_per_topic)
                            ^^^^^^^^^^^^^^^^^^^^^^^^^^^^^^^^^^^
  File "D:\an\envs\aigcxhs\Lib\site-packages\bertopic\_bertopic.py", line 4422, in _c_tf_idf
    X = self.vectorizer_model.fit_transform(documents)
        ^^^^^^^^^^^^^^^^^^^^^^^^^^^^^^^^^^^^^^^^^^^^^^
  File "D:\an\envs\aigcxhs\Lib\site-packages\sklearn\base.py", line 1336, in wrapper
    return fit_method(estimator, *args, **kwargs)
           ^^^^^^^^^^^^^^^^^^^^^^^^^^^^^^^^^^^^^^
  File "D:\an\envs\aigcxhs\Lib\site-packages\sklearn\feature_extraction\text.py", line 1396, in fit_transform
    raise ValueError("max_df corresponds to < documents than min_df")
ValueError: max_df corresponds to < documents than min_df
2026-04-26 09:21:02,349 - INFO - Run 47/147 | done=46 remain=101 ETA=26:03 | k=25 d=5 nr=25
2026-04-26 09:21:02,349 - INFO - Run k_25__d_5__nr_25 | min_cluster_size=40 | min_samples=8
2026-04-26 09:21:02,350 - INFO - Run k_25__d_5__nr_25 | stage=build_topic_model done | elapsed=00:00
2026-04-26 09:21:02,350 - INFO - Run k_25__d_5__nr_25 | stage=fit_transform start (UMAP+HDBSCAN)
2026-04-26 09:21:18,572 - ERROR - Run failed | k=25 d=5 nr=25
Traceback (most recent call last):
  File "E:\document\PG\studio\content\bertopic_raw_sweep.py", line 422, in run_single_experiment
    topics, _ = topic_model.fit_transform(seg_texts, embeddings=embeddings)
                ^^^^^^^^^^^^^^^^^^^^^^^^^^^^^^^^^^^^^^^^^^^^^^^^^^^^^^^^^^^
  File "D:\an\envs\aigcxhs\Lib\site-packages\bertopic\_bertopic.py", line 520, in fit_transform
    self._extract_topics(
  File "D:\an\envs\aigcxhs\Lib\site-packages\bertopic\_bertopic.py", line 4204, in _extract_topics
    self.c_tf_idf_, words = self._c_tf_idf(documents_per_topic)
                            ^^^^^^^^^^^^^^^^^^^^^^^^^^^^^^^^^^^
  File "D:\an\envs\aigcxhs\Lib\site-packages\bertopic\_bertopic.py", line 4422, in _c_tf_idf
    X = self.vectorizer_model.fit_transform(documents)
        ^^^^^^^^^^^^^^^^^^^^^^^^^^^^^^^^^^^^^^^^^^^^^^
  File "D:\an\envs\aigcxhs\Lib\site-packages\sklearn\base.py", line 1336, in wrapper
    return fit_method(estimator, *args, **kwargs)
           ^^^^^^^^^^^^^^^^^^^^^^^^^^^^^^^^^^^^^^
  File "D:\an\envs\aigcxhs\Lib\site-packages\sklearn\feature_extraction\text.py", line 1396, in fit_transform
    raise ValueError("max_df corresponds to < documents than min_df")
ValueError: max_df corresponds to < documents than min_df
2026-04-26 09:21:18,581 - INFO - Run 48/147 | done=47 remain=100 ETA=25:49 | k=25 d=5 nr=35
2026-04-26 09:21:18,582 - INFO - Run k_25__d_5__nr_35 | min_cluster_size=28 | min_samples=5
2026-04-26 09:21:18,582 - INFO - Run k_25__d_5__nr_35 | stage=build_topic_model done | elapsed=00:00
2026-04-26 09:21:18,582 - INFO - Run k_25__d_5__nr_35 | stage=fit_transform start (UMAP+HDBSCAN)
2026-04-26 09:21:34,987 - ERROR - Run failed | k=25 d=5 nr=35
Traceback (most recent call last):
  File "E:\document\PG\studio\content\bertopic_raw_sweep.py", line 422, in run_single_experiment
    topics, _ = topic_model.fit_transform(seg_texts, embeddings=embeddings)
                ^^^^^^^^^^^^^^^^^^^^^^^^^^^^^^^^^^^^^^^^^^^^^^^^^^^^^^^^^^^
  File "D:\an\envs\aigcxhs\Lib\site-packages\bertopic\_bertopic.py", line 520, in fit_transform
    self._extract_topics(
  File "D:\an\envs\aigcxhs\Lib\site-packages\bertopic\_bertopic.py", line 4204, in _extract_topics
    self.c_tf_idf_, words = self._c_tf_idf(documents_per_topic)
                            ^^^^^^^^^^^^^^^^^^^^^^^^^^^^^^^^^^^
  File "D:\an\envs\aigcxhs\Lib\site-packages\bertopic\_bertopic.py", line 4422, in _c_tf_idf
    X = self.vectorizer_model.fit_transform(documents)
        ^^^^^^^^^^^^^^^^^^^^^^^^^^^^^^^^^^^^^^^^^^^^^^
  File "D:\an\envs\aigcxhs\Lib\site-packages\sklearn\base.py", line 1336, in wrapper
    return fit_method(estimator, *args, **kwargs)
           ^^^^^^^^^^^^^^^^^^^^^^^^^^^^^^^^^^^^^^
  File "D:\an\envs\aigcxhs\Lib\site-packages\sklearn\feature_extraction\text.py", line 1396, in fit_transform
    raise ValueError("max_df corresponds to < documents than min_df")
ValueError: max_df corresponds to < documents than min_df
2026-04-26 09:21:34,996 - INFO - Run 49/147 | done=48 remain=99 ETA=25:35 | k=25 d=8 nr=none
2026-04-26 09:21:34,997 - INFO - Run k_25__d_8__nr_none | min_cluster_size=33 | min_samples=6
2026-04-26 09:21:34,997 - INFO - Run k_25__d_8__nr_none | stage=build_topic_model done | elapsed=00:00
2026-04-26 09:21:34,997 - INFO - Run k_25__d_8__nr_none | stage=fit_transform start (UMAP+HDBSCAN)
2026-04-26 09:21:51,116 - ERROR - Run failed | k=25 d=8 nr=none
Traceback (most recent call last):
  File "E:\document\PG\studio\content\bertopic_raw_sweep.py", line 422, in run_single_experiment
    topics, _ = topic_model.fit_transform(seg_texts, embeddings=embeddings)
                ^^^^^^^^^^^^^^^^^^^^^^^^^^^^^^^^^^^^^^^^^^^^^^^^^^^^^^^^^^^
  File "D:\an\envs\aigcxhs\Lib\site-packages\bertopic\_bertopic.py", line 520, in fit_transform
    self._extract_topics(
  File "D:\an\envs\aigcxhs\Lib\site-packages\bertopic\_bertopic.py", line 4204, in _extract_topics
    self.c_tf_idf_, words = self._c_tf_idf(documents_per_topic)
                            ^^^^^^^^^^^^^^^^^^^^^^^^^^^^^^^^^^^
  File "D:\an\envs\aigcxhs\Lib\site-packages\bertopic\_bertopic.py", line 4422, in _c_tf_idf
    X = self.vectorizer_model.fit_transform(documents)
        ^^^^^^^^^^^^^^^^^^^^^^^^^^^^^^^^^^^^^^^^^^^^^^
  File "D:\an\envs\aigcxhs\Lib\site-packages\sklearn\base.py", line 1336, in wrapper
    return fit_method(estimator, *args, **kwargs)
           ^^^^^^^^^^^^^^^^^^^^^^^^^^^^^^^^^^^^^^
  File "D:\an\envs\aigcxhs\Lib\site-packages\sklearn\feature_extraction\text.py", line 1396, in fit_transform
    raise ValueError("max_df corresponds to < documents than min_df")
ValueError: max_df corresponds to < documents than min_df
2026-04-26 09:21:51,126 - INFO - Run 50/147 | done=49 remain=98 ETA=25:21 | k=25 d=8 nr=25
2026-04-26 09:21:51,126 - INFO - Run k_25__d_8__nr_25 | min_cluster_size=40 | min_samples=8
2026-04-26 09:21:51,127 - INFO - Run k_25__d_8__nr_25 | stage=build_topic_model done | elapsed=00:00
2026-04-26 09:21:51,127 - INFO - Run k_25__d_8__nr_25 | stage=fit_transform start (UMAP+HDBSCAN)
2026-04-26 09:22:07,289 - ERROR - Run failed | k=25 d=8 nr=25
Traceback (most recent call last):
  File "E:\document\PG\studio\content\bertopic_raw_sweep.py", line 422, in run_single_experiment
    topics, _ = topic_model.fit_transform(seg_texts, embeddings=embeddings)
                ^^^^^^^^^^^^^^^^^^^^^^^^^^^^^^^^^^^^^^^^^^^^^^^^^^^^^^^^^^^
  File "D:\an\envs\aigcxhs\Lib\site-packages\bertopic\_bertopic.py", line 520, in fit_transform
    self._extract_topics(
  File "D:\an\envs\aigcxhs\Lib\site-packages\bertopic\_bertopic.py", line 4204, in _extract_topics
    self.c_tf_idf_, words = self._c_tf_idf(documents_per_topic)
                            ^^^^^^^^^^^^^^^^^^^^^^^^^^^^^^^^^^^
  File "D:\an\envs\aigcxhs\Lib\site-packages\bertopic\_bertopic.py", line 4422, in _c_tf_idf
    X = self.vectorizer_model.fit_transform(documents)
        ^^^^^^^^^^^^^^^^^^^^^^^^^^^^^^^^^^^^^^^^^^^^^^
  File "D:\an\envs\aigcxhs\Lib\site-packages\sklearn\base.py", line 1336, in wrapper
    return fit_method(estimator, *args, **kwargs)
           ^^^^^^^^^^^^^^^^^^^^^^^^^^^^^^^^^^^^^^
  File "D:\an\envs\aigcxhs\Lib\site-packages\sklearn\feature_extraction\text.py", line 1396, in fit_transform
    raise ValueError("max_df corresponds to < documents than min_df")
ValueError: max_df corresponds to < documents than min_df
2026-04-26 09:22:07,300 - INFO - Current Top3 Leaderboard:
2026-04-26 09:22:07,301 - INFO -   #1 k=5 d=3 nr=35 | score=0.8689 | coverage=0.7368 | diversity=0.9588 | entropy=0.9392 | discovered=34
2026-04-26 09:22:07,301 - INFO -   #2 k=5 d=8 nr=35 | score=0.8656 | coverage=0.7252 | diversity=0.9676 | entropy=0.9298 | discovered=34
2026-04-26 09:22:07,301 - INFO -   #3 k=5 d=8 nr=none | score=0.8629 | coverage=0.6952 | diversity=0.9686 | entropy=0.9617 | discovered=35
2026-04-26 09:22:07,301 - INFO - Run 51/147 | done=50 remain=97 ETA=25:07 | k=25 d=8 nr=35
2026-04-26 09:22:07,301 - INFO - Run k_25__d_8__nr_35 | min_cluster_size=28 | min_samples=5
2026-04-26 09:22:07,302 - INFO - Run k_25__d_8__nr_35 | stage=build_topic_model done | elapsed=00:00
2026-04-26 09:22:07,302 - INFO - Run k_25__d_8__nr_35 | stage=fit_transform start (UMAP+HDBSCAN)
2026-04-26 09:22:23,536 - ERROR - Run failed | k=25 d=8 nr=35
Traceback (most recent call last):
  File "E:\document\PG\studio\content\bertopic_raw_sweep.py", line 422, in run_single_experiment
    topics, _ = topic_model.fit_transform(seg_texts, embeddings=embeddings)
                ^^^^^^^^^^^^^^^^^^^^^^^^^^^^^^^^^^^^^^^^^^^^^^^^^^^^^^^^^^^
  File "D:\an\envs\aigcxhs\Lib\site-packages\bertopic\_bertopic.py", line 520, in fit_transform
    self._extract_topics(
  File "D:\an\envs\aigcxhs\Lib\site-packages\bertopic\_bertopic.py", line 4204, in _extract_topics
    self.c_tf_idf_, words = self._c_tf_idf(documents_per_topic)
                            ^^^^^^^^^^^^^^^^^^^^^^^^^^^^^^^^^^^
  File "D:\an\envs\aigcxhs\Lib\site-packages\bertopic\_bertopic.py", line 4422, in _c_tf_idf
    X = self.vectorizer_model.fit_transform(documents)
        ^^^^^^^^^^^^^^^^^^^^^^^^^^^^^^^^^^^^^^^^^^^^^^
  File "D:\an\envs\aigcxhs\Lib\site-packages\sklearn\base.py", line 1336, in wrapper
    return fit_method(estimator, *args, **kwargs)
           ^^^^^^^^^^^^^^^^^^^^^^^^^^^^^^^^^^^^^^
  File "D:\an\envs\aigcxhs\Lib\site-packages\sklearn\feature_extraction\text.py", line 1396, in fit_transform
    raise ValueError("max_df corresponds to < documents than min_df")
ValueError: max_df corresponds to < documents than min_df
2026-04-26 09:22:23,547 - INFO - Run 52/147 | done=51 remain=96 ETA=24:52 | k=25 d=12 nr=none
2026-04-26 09:22:23,547 - INFO - Run k_25__d_12__nr_none | min_cluster_size=33 | min_samples=6
2026-04-26 09:22:23,547 - INFO - Run k_25__d_12__nr_none | stage=build_topic_model done | elapsed=00:00
2026-04-26 09:22:23,547 - INFO - Run k_25__d_12__nr_none | stage=fit_transform start (UMAP+HDBSCAN)
2026-04-26 09:22:39,906 - ERROR - Run failed | k=25 d=12 nr=none
Traceback (most recent call last):
  File "E:\document\PG\studio\content\bertopic_raw_sweep.py", line 422, in run_single_experiment
    topics, _ = topic_model.fit_transform(seg_texts, embeddings=embeddings)
                ^^^^^^^^^^^^^^^^^^^^^^^^^^^^^^^^^^^^^^^^^^^^^^^^^^^^^^^^^^^
  File "D:\an\envs\aigcxhs\Lib\site-packages\bertopic\_bertopic.py", line 520, in fit_transform
    self._extract_topics(
  File "D:\an\envs\aigcxhs\Lib\site-packages\bertopic\_bertopic.py", line 4204, in _extract_topics
    self.c_tf_idf_, words = self._c_tf_idf(documents_per_topic)
                            ^^^^^^^^^^^^^^^^^^^^^^^^^^^^^^^^^^^
  File "D:\an\envs\aigcxhs\Lib\site-packages\bertopic\_bertopic.py", line 4422, in _c_tf_idf
    X = self.vectorizer_model.fit_transform(documents)
        ^^^^^^^^^^^^^^^^^^^^^^^^^^^^^^^^^^^^^^^^^^^^^^
  File "D:\an\envs\aigcxhs\Lib\site-packages\sklearn\base.py", line 1336, in wrapper
    return fit_method(estimator, *args, **kwargs)
           ^^^^^^^^^^^^^^^^^^^^^^^^^^^^^^^^^^^^^^
  File "D:\an\envs\aigcxhs\Lib\site-packages\sklearn\feature_extraction\text.py", line 1396, in fit_transform
    raise ValueError("max_df corresponds to < documents than min_df")
ValueError: max_df corresponds to < documents than min_df
2026-04-26 09:22:39,916 - INFO - Run 53/147 | done=52 remain=95 ETA=24:38 | k=25 d=12 nr=25
2026-04-26 09:22:39,916 - INFO - Run k_25__d_12__nr_25 | min_cluster_size=40 | min_samples=8
2026-04-26 09:22:39,917 - INFO - Run k_25__d_12__nr_25 | stage=build_topic_model done | elapsed=00:00
2026-04-26 09:22:39,917 - INFO - Run k_25__d_12__nr_25 | stage=fit_transform start (UMAP+HDBSCAN)
2026-04-26 09:22:56,386 - ERROR - Run failed | k=25 d=12 nr=25
Traceback (most recent call last):
  File "E:\document\PG\studio\content\bertopic_raw_sweep.py", line 422, in run_single_experiment
    topics, _ = topic_model.fit_transform(seg_texts, embeddings=embeddings)
                ^^^^^^^^^^^^^^^^^^^^^^^^^^^^^^^^^^^^^^^^^^^^^^^^^^^^^^^^^^^
  File "D:\an\envs\aigcxhs\Lib\site-packages\bertopic\_bertopic.py", line 520, in fit_transform
    self._extract_topics(
  File "D:\an\envs\aigcxhs\Lib\site-packages\bertopic\_bertopic.py", line 4204, in _extract_topics
    self.c_tf_idf_, words = self._c_tf_idf(documents_per_topic)
                            ^^^^^^^^^^^^^^^^^^^^^^^^^^^^^^^^^^^
  File "D:\an\envs\aigcxhs\Lib\site-packages\bertopic\_bertopic.py", line 4422, in _c_tf_idf
    X = self.vectorizer_model.fit_transform(documents)
        ^^^^^^^^^^^^^^^^^^^^^^^^^^^^^^^^^^^^^^^^^^^^^^
  File "D:\an\envs\aigcxhs\Lib\site-packages\sklearn\base.py", line 1336, in wrapper
    return fit_method(estimator, *args, **kwargs)
           ^^^^^^^^^^^^^^^^^^^^^^^^^^^^^^^^^^^^^^
  File "D:\an\envs\aigcxhs\Lib\site-packages\sklearn\feature_extraction\text.py", line 1396, in fit_transform
    raise ValueError("max_df corresponds to < documents than min_df")
ValueError: max_df corresponds to < documents than min_df
2026-04-26 09:22:56,399 - INFO - Run 54/147 | done=53 remain=94 ETA=24:24 | k=25 d=12 nr=35
2026-04-26 09:22:56,399 - INFO - Run k_25__d_12__nr_35 | min_cluster_size=28 | min_samples=5
2026-04-26 09:22:56,399 - INFO - Run k_25__d_12__nr_35 | stage=build_topic_model done | elapsed=00:00
2026-04-26 09:22:56,399 - INFO - Run k_25__d_12__nr_35 | stage=fit_transform start (UMAP+HDBSCAN)
2026-04-26 09:23:12,657 - ERROR - Run failed | k=25 d=12 nr=35
Traceback (most recent call last):
  File "E:\document\PG\studio\content\bertopic_raw_sweep.py", line 422, in run_single_experiment
    topics, _ = topic_model.fit_transform(seg_texts, embeddings=embeddings)
                ^^^^^^^^^^^^^^^^^^^^^^^^^^^^^^^^^^^^^^^^^^^^^^^^^^^^^^^^^^^
  File "D:\an\envs\aigcxhs\Lib\site-packages\bertopic\_bertopic.py", line 520, in fit_transform
    self._extract_topics(
  File "D:\an\envs\aigcxhs\Lib\site-packages\bertopic\_bertopic.py", line 4204, in _extract_topics
    self.c_tf_idf_, words = self._c_tf_idf(documents_per_topic)
                            ^^^^^^^^^^^^^^^^^^^^^^^^^^^^^^^^^^^
  File "D:\an\envs\aigcxhs\Lib\site-packages\bertopic\_bertopic.py", line 4422, in _c_tf_idf
    X = self.vectorizer_model.fit_transform(documents)
        ^^^^^^^^^^^^^^^^^^^^^^^^^^^^^^^^^^^^^^^^^^^^^^
  File "D:\an\envs\aigcxhs\Lib\site-packages\sklearn\base.py", line 1336, in wrapper
    return fit_method(estimator, *args, **kwargs)
           ^^^^^^^^^^^^^^^^^^^^^^^^^^^^^^^^^^^^^^
  File "D:\an\envs\aigcxhs\Lib\site-packages\sklearn\feature_extraction\text.py", line 1396, in fit_transform
    raise ValueError("max_df corresponds to < documents than min_df")
ValueError: max_df corresponds to < documents than min_df
2026-04-26 09:23:12,668 - INFO - Run 55/147 | done=54 remain=93 ETA=24:10 | k=25 d=18 nr=none
2026-04-26 09:23:12,668 - INFO - Run k_25__d_18__nr_none | min_cluster_size=33 | min_samples=6
2026-04-26 09:23:12,668 - INFO - Run k_25__d_18__nr_none | stage=build_topic_model done | elapsed=00:00
2026-04-26 09:23:12,668 - INFO - Run k_25__d_18__nr_none | stage=fit_transform start (UMAP+HDBSCAN)
2026-04-26 09:23:29,117 - ERROR - Run failed | k=25 d=18 nr=none
Traceback (most recent call last):
  File "E:\document\PG\studio\content\bertopic_raw_sweep.py", line 422, in run_single_experiment
    topics, _ = topic_model.fit_transform(seg_texts, embeddings=embeddings)
                ^^^^^^^^^^^^^^^^^^^^^^^^^^^^^^^^^^^^^^^^^^^^^^^^^^^^^^^^^^^
  File "D:\an\envs\aigcxhs\Lib\site-packages\bertopic\_bertopic.py", line 520, in fit_transform
    self._extract_topics(
  File "D:\an\envs\aigcxhs\Lib\site-packages\bertopic\_bertopic.py", line 4204, in _extract_topics
    self.c_tf_idf_, words = self._c_tf_idf(documents_per_topic)
                            ^^^^^^^^^^^^^^^^^^^^^^^^^^^^^^^^^^^
  File "D:\an\envs\aigcxhs\Lib\site-packages\bertopic\_bertopic.py", line 4422, in _c_tf_idf
    X = self.vectorizer_model.fit_transform(documents)
        ^^^^^^^^^^^^^^^^^^^^^^^^^^^^^^^^^^^^^^^^^^^^^^
  File "D:\an\envs\aigcxhs\Lib\site-packages\sklearn\base.py", line 1336, in wrapper
    return fit_method(estimator, *args, **kwargs)
           ^^^^^^^^^^^^^^^^^^^^^^^^^^^^^^^^^^^^^^
  File "D:\an\envs\aigcxhs\Lib\site-packages\sklearn\feature_extraction\text.py", line 1396, in fit_transform
    raise ValueError("max_df corresponds to < documents than min_df")
ValueError: max_df corresponds to < documents than min_df
2026-04-26 09:23:29,127 - INFO - Current Top3 Leaderboard:
2026-04-26 09:23:29,127 - INFO -   #1 k=5 d=3 nr=35 | score=0.8689 | coverage=0.7368 | diversity=0.9588 | entropy=0.9392 | discovered=34
2026-04-26 09:23:29,127 - INFO -   #2 k=5 d=8 nr=35 | score=0.8656 | coverage=0.7252 | diversity=0.9676 | entropy=0.9298 | discovered=34
2026-04-26 09:23:29,128 - INFO -   #3 k=5 d=8 nr=none | score=0.8629 | coverage=0.6952 | diversity=0.9686 | entropy=0.9617 | discovered=35
2026-04-26 09:23:29,128 - INFO - Run 56/147 | done=55 remain=92 ETA=23:56 | k=25 d=18 nr=25
2026-04-26 09:23:29,128 - INFO - Run k_25__d_18__nr_25 | min_cluster_size=40 | min_samples=8
2026-04-26 09:23:29,129 - INFO - Run k_25__d_18__nr_25 | stage=build_topic_model done | elapsed=00:00
2026-04-26 09:23:29,129 - INFO - Run k_25__d_18__nr_25 | stage=fit_transform start (UMAP+HDBSCAN)
2026-04-26 09:23:45,549 - ERROR - Run failed | k=25 d=18 nr=25
Traceback (most recent call last):
  File "E:\document\PG\studio\content\bertopic_raw_sweep.py", line 422, in run_single_experiment
    topics, _ = topic_model.fit_transform(seg_texts, embeddings=embeddings)
                ^^^^^^^^^^^^^^^^^^^^^^^^^^^^^^^^^^^^^^^^^^^^^^^^^^^^^^^^^^^
  File "D:\an\envs\aigcxhs\Lib\site-packages\bertopic\_bertopic.py", line 520, in fit_transform
    self._extract_topics(
  File "D:\an\envs\aigcxhs\Lib\site-packages\bertopic\_bertopic.py", line 4204, in _extract_topics
    self.c_tf_idf_, words = self._c_tf_idf(documents_per_topic)
                            ^^^^^^^^^^^^^^^^^^^^^^^^^^^^^^^^^^^
  File "D:\an\envs\aigcxhs\Lib\site-packages\bertopic\_bertopic.py", line 4422, in _c_tf_idf
    X = self.vectorizer_model.fit_transform(documents)
        ^^^^^^^^^^^^^^^^^^^^^^^^^^^^^^^^^^^^^^^^^^^^^^
  File "D:\an\envs\aigcxhs\Lib\site-packages\sklearn\base.py", line 1336, in wrapper
    return fit_method(estimator, *args, **kwargs)
           ^^^^^^^^^^^^^^^^^^^^^^^^^^^^^^^^^^^^^^
  File "D:\an\envs\aigcxhs\Lib\site-packages\sklearn\feature_extraction\text.py", line 1396, in fit_transform
    raise ValueError("max_df corresponds to < documents than min_df")
ValueError: max_df corresponds to < documents than min_df
2026-04-26 09:23:45,558 - INFO - Run 57/147 | done=56 remain=91 ETA=23:42 | k=25 d=18 nr=35
2026-04-26 09:23:45,558 - INFO - Run k_25__d_18__nr_35 | min_cluster_size=28 | min_samples=5
2026-04-26 09:23:45,559 - INFO - Run k_25__d_18__nr_35 | stage=build_topic_model done | elapsed=00:00
2026-04-26 09:23:45,559 - INFO - Run k_25__d_18__nr_35 | stage=fit_transform start (UMAP+HDBSCAN)
2026-04-26 09:24:01,956 - ERROR - Run failed | k=25 d=18 nr=35
Traceback (most recent call last):
  File "E:\document\PG\studio\content\bertopic_raw_sweep.py", line 422, in run_single_experiment
    topics, _ = topic_model.fit_transform(seg_texts, embeddings=embeddings)
                ^^^^^^^^^^^^^^^^^^^^^^^^^^^^^^^^^^^^^^^^^^^^^^^^^^^^^^^^^^^
  File "D:\an\envs\aigcxhs\Lib\site-packages\bertopic\_bertopic.py", line 520, in fit_transform
    self._extract_topics(
  File "D:\an\envs\aigcxhs\Lib\site-packages\bertopic\_bertopic.py", line 4204, in _extract_topics
    self.c_tf_idf_, words = self._c_tf_idf(documents_per_topic)
                            ^^^^^^^^^^^^^^^^^^^^^^^^^^^^^^^^^^^
  File "D:\an\envs\aigcxhs\Lib\site-packages\bertopic\_bertopic.py", line 4422, in _c_tf_idf
    X = self.vectorizer_model.fit_transform(documents)
        ^^^^^^^^^^^^^^^^^^^^^^^^^^^^^^^^^^^^^^^^^^^^^^
  File "D:\an\envs\aigcxhs\Lib\site-packages\sklearn\base.py", line 1336, in wrapper
    return fit_method(estimator, *args, **kwargs)
           ^^^^^^^^^^^^^^^^^^^^^^^^^^^^^^^^^^^^^^
  File "D:\an\envs\aigcxhs\Lib\site-packages\sklearn\feature_extraction\text.py", line 1396, in fit_transform
    raise ValueError("max_df corresponds to < documents than min_df")
ValueError: max_df corresponds to < documents than min_df
2026-04-26 09:24:01,967 - INFO - Run 58/147 | done=57 remain=90 ETA=23:27 | k=25 d=25 nr=none
2026-04-26 09:24:01,967 - INFO - Run k_25__d_25__nr_none | min_cluster_size=33 | min_samples=6
2026-04-26 09:24:01,967 - INFO - Run k_25__d_25__nr_none | stage=build_topic_model done | elapsed=00:00
2026-04-26 09:24:01,967 - INFO - Run k_25__d_25__nr_none | stage=fit_transform start (UMAP+HDBSCAN)
2026-04-26 09:24:18,946 - INFO - Run k_25__d_25__nr_none | stage=fit_transform done | elapsed=00:16
2026-04-26 09:24:18,949 - INFO - Run k_25__d_25__nr_none | stage=metrics done | elapsed=00:00
2026-04-26 09:24:18,951 - INFO - Run k_25__d_25__nr_none | stage=save_outputs done | elapsed=00:00
2026-04-26 09:24:18,951 - INFO - Run k_25__d_25__nr_none | finished | total_elapsed=00:16
2026-04-26 09:24:18,960 - INFO - Run 59/147 | done=58 remain=89 ETA=23:14 | k=25 d=25 nr=25
2026-04-26 09:24:18,961 - INFO - Run k_25__d_25__nr_25 | min_cluster_size=40 | min_samples=8
2026-04-26 09:24:18,961 - INFO - Run k_25__d_25__nr_25 | stage=build_topic_model done | elapsed=00:00
2026-04-26 09:24:18,961 - INFO - Run k_25__d_25__nr_25 | stage=fit_transform start (UMAP+HDBSCAN)
2026-04-26 09:24:35,594 - ERROR - Run failed | k=25 d=25 nr=25
Traceback (most recent call last):
  File "E:\document\PG\studio\content\bertopic_raw_sweep.py", line 422, in run_single_experiment
    topics, _ = topic_model.fit_transform(seg_texts, embeddings=embeddings)
                ^^^^^^^^^^^^^^^^^^^^^^^^^^^^^^^^^^^^^^^^^^^^^^^^^^^^^^^^^^^
  File "D:\an\envs\aigcxhs\Lib\site-packages\bertopic\_bertopic.py", line 520, in fit_transform
    self._extract_topics(
  File "D:\an\envs\aigcxhs\Lib\site-packages\bertopic\_bertopic.py", line 4204, in _extract_topics
    self.c_tf_idf_, words = self._c_tf_idf(documents_per_topic)
                            ^^^^^^^^^^^^^^^^^^^^^^^^^^^^^^^^^^^
  File "D:\an\envs\aigcxhs\Lib\site-packages\bertopic\_bertopic.py", line 4422, in _c_tf_idf
    X = self.vectorizer_model.fit_transform(documents)
        ^^^^^^^^^^^^^^^^^^^^^^^^^^^^^^^^^^^^^^^^^^^^^^
  File "D:\an\envs\aigcxhs\Lib\site-packages\sklearn\base.py", line 1336, in wrapper
    return fit_method(estimator, *args, **kwargs)
           ^^^^^^^^^^^^^^^^^^^^^^^^^^^^^^^^^^^^^^
  File "D:\an\envs\aigcxhs\Lib\site-packages\sklearn\feature_extraction\text.py", line 1396, in fit_transform
    raise ValueError("max_df corresponds to < documents than min_df")
ValueError: max_df corresponds to < documents than min_df
2026-04-26 09:24:35,604 - INFO - Run 60/147 | done=59 remain=88 ETA=22:59 | k=25 d=25 nr=35
2026-04-26 09:24:35,604 - INFO - Run k_25__d_25__nr_35 | min_cluster_size=28 | min_samples=5
2026-04-26 09:24:35,605 - INFO - Run k_25__d_25__nr_35 | stage=build_topic_model done | elapsed=00:00
2026-04-26 09:24:35,605 - INFO - Run k_25__d_25__nr_35 | stage=fit_transform start (UMAP+HDBSCAN)
2026-04-26 09:24:52,382 - ERROR - Run failed | k=25 d=25 nr=35
Traceback (most recent call last):
  File "E:\document\PG\studio\content\bertopic_raw_sweep.py", line 422, in run_single_experiment
    topics, _ = topic_model.fit_transform(seg_texts, embeddings=embeddings)
                ^^^^^^^^^^^^^^^^^^^^^^^^^^^^^^^^^^^^^^^^^^^^^^^^^^^^^^^^^^^
  File "D:\an\envs\aigcxhs\Lib\site-packages\bertopic\_bertopic.py", line 520, in fit_transform
    self._extract_topics(
  File "D:\an\envs\aigcxhs\Lib\site-packages\bertopic\_bertopic.py", line 4204, in _extract_topics
    self.c_tf_idf_, words = self._c_tf_idf(documents_per_topic)
                            ^^^^^^^^^^^^^^^^^^^^^^^^^^^^^^^^^^^
  File "D:\an\envs\aigcxhs\Lib\site-packages\bertopic\_bertopic.py", line 4422, in _c_tf_idf
    X = self.vectorizer_model.fit_transform(documents)
        ^^^^^^^^^^^^^^^^^^^^^^^^^^^^^^^^^^^^^^^^^^^^^^
  File "D:\an\envs\aigcxhs\Lib\site-packages\sklearn\base.py", line 1336, in wrapper
    return fit_method(estimator, *args, **kwargs)
           ^^^^^^^^^^^^^^^^^^^^^^^^^^^^^^^^^^^^^^
  File "D:\an\envs\aigcxhs\Lib\site-packages\sklearn\feature_extraction\text.py", line 1396, in fit_transform
    raise ValueError("max_df corresponds to < documents than min_df")
ValueError: max_df corresponds to < documents than min_df
2026-04-26 09:24:52,393 - INFO - Current Top3 Leaderboard:
2026-04-26 09:24:52,394 - INFO -   #1 k=5 d=3 nr=35 | score=0.8689 | coverage=0.7368 | diversity=0.9588 | entropy=0.9392 | discovered=34
2026-04-26 09:24:52,394 - INFO -   #2 k=5 d=8 nr=35 | score=0.8656 | coverage=0.7252 | diversity=0.9676 | entropy=0.9298 | discovered=34
2026-04-26 09:24:52,394 - INFO -   #3 k=5 d=8 nr=none | score=0.8629 | coverage=0.6952 | diversity=0.9686 | entropy=0.9617 | discovered=35
2026-04-26 09:24:52,394 - INFO - Run 61/147 | done=60 remain=87 ETA=22:45 | k=25 d=35 nr=none
2026-04-26 09:24:52,394 - INFO - Run k_25__d_35__nr_none | min_cluster_size=33 | min_samples=6
2026-04-26 09:24:52,395 - INFO - Run k_25__d_35__nr_none | stage=build_topic_model done | elapsed=00:00
2026-04-26 09:24:52,395 - INFO - Run k_25__d_35__nr_none | stage=fit_transform start (UMAP+HDBSCAN)
2026-04-26 09:25:09,678 - ERROR - Run failed | k=25 d=35 nr=none
Traceback (most recent call last):
  File "E:\document\PG\studio\content\bertopic_raw_sweep.py", line 422, in run_single_experiment
    topics, _ = topic_model.fit_transform(seg_texts, embeddings=embeddings)
                ^^^^^^^^^^^^^^^^^^^^^^^^^^^^^^^^^^^^^^^^^^^^^^^^^^^^^^^^^^^
  File "D:\an\envs\aigcxhs\Lib\site-packages\bertopic\_bertopic.py", line 520, in fit_transform
    self._extract_topics(
  File "D:\an\envs\aigcxhs\Lib\site-packages\bertopic\_bertopic.py", line 4204, in _extract_topics
    self.c_tf_idf_, words = self._c_tf_idf(documents_per_topic)
                            ^^^^^^^^^^^^^^^^^^^^^^^^^^^^^^^^^^^
  File "D:\an\envs\aigcxhs\Lib\site-packages\bertopic\_bertopic.py", line 4422, in _c_tf_idf
    X = self.vectorizer_model.fit_transform(documents)
        ^^^^^^^^^^^^^^^^^^^^^^^^^^^^^^^^^^^^^^^^^^^^^^
  File "D:\an\envs\aigcxhs\Lib\site-packages\sklearn\base.py", line 1336, in wrapper
    return fit_method(estimator, *args, **kwargs)
           ^^^^^^^^^^^^^^^^^^^^^^^^^^^^^^^^^^^^^^
  File "D:\an\envs\aigcxhs\Lib\site-packages\sklearn\feature_extraction\text.py", line 1396, in fit_transform
    raise ValueError("max_df corresponds to < documents than min_df")
ValueError: max_df corresponds to < documents than min_df
2026-04-26 09:25:09,688 - INFO - Run 62/147 | done=61 remain=86 ETA=22:32 | k=25 d=35 nr=25
2026-04-26 09:25:09,688 - INFO - Run k_25__d_35__nr_25 | min_cluster_size=40 | min_samples=8
2026-04-26 09:25:09,688 - INFO - Run k_25__d_35__nr_25 | stage=build_topic_model done | elapsed=00:00
2026-04-26 09:25:09,688 - INFO - Run k_25__d_35__nr_25 | stage=fit_transform start (UMAP+HDBSCAN)
2026-04-26 09:25:27,026 - ERROR - Run failed | k=25 d=35 nr=25
Traceback (most recent call last):
  File "E:\document\PG\studio\content\bertopic_raw_sweep.py", line 422, in run_single_experiment
    topics, _ = topic_model.fit_transform(seg_texts, embeddings=embeddings)
                ^^^^^^^^^^^^^^^^^^^^^^^^^^^^^^^^^^^^^^^^^^^^^^^^^^^^^^^^^^^
  File "D:\an\envs\aigcxhs\Lib\site-packages\bertopic\_bertopic.py", line 520, in fit_transform
    self._extract_topics(
  File "D:\an\envs\aigcxhs\Lib\site-packages\bertopic\_bertopic.py", line 4204, in _extract_topics
    self.c_tf_idf_, words = self._c_tf_idf(documents_per_topic)
                            ^^^^^^^^^^^^^^^^^^^^^^^^^^^^^^^^^^^
  File "D:\an\envs\aigcxhs\Lib\site-packages\bertopic\_bertopic.py", line 4422, in _c_tf_idf
    X = self.vectorizer_model.fit_transform(documents)
        ^^^^^^^^^^^^^^^^^^^^^^^^^^^^^^^^^^^^^^^^^^^^^^
  File "D:\an\envs\aigcxhs\Lib\site-packages\sklearn\base.py", line 1336, in wrapper
    return fit_method(estimator, *args, **kwargs)
           ^^^^^^^^^^^^^^^^^^^^^^^^^^^^^^^^^^^^^^
  File "D:\an\envs\aigcxhs\Lib\site-packages\sklearn\feature_extraction\text.py", line 1396, in fit_transform
    raise ValueError("max_df corresponds to < documents than min_df")
ValueError: max_df corresponds to < documents than min_df
2026-04-26 09:25:27,038 - INFO - Run 63/147 | done=62 remain=85 ETA=22:18 | k=25 d=35 nr=35
2026-04-26 09:25:27,038 - INFO - Run k_25__d_35__nr_35 | min_cluster_size=28 | min_samples=5
2026-04-26 09:25:27,038 - INFO - Run k_25__d_35__nr_35 | stage=build_topic_model done | elapsed=00:00
2026-04-26 09:25:27,038 - INFO - Run k_25__d_35__nr_35 | stage=fit_transform start (UMAP+HDBSCAN)
2026-04-26 09:25:44,431 - ERROR - Run failed | k=25 d=35 nr=35
Traceback (most recent call last):
  File "E:\document\PG\studio\content\bertopic_raw_sweep.py", line 422, in run_single_experiment
    topics, _ = topic_model.fit_transform(seg_texts, embeddings=embeddings)
                ^^^^^^^^^^^^^^^^^^^^^^^^^^^^^^^^^^^^^^^^^^^^^^^^^^^^^^^^^^^
  File "D:\an\envs\aigcxhs\Lib\site-packages\bertopic\_bertopic.py", line 520, in fit_transform
    self._extract_topics(
  File "D:\an\envs\aigcxhs\Lib\site-packages\bertopic\_bertopic.py", line 4204, in _extract_topics
    self.c_tf_idf_, words = self._c_tf_idf(documents_per_topic)
                            ^^^^^^^^^^^^^^^^^^^^^^^^^^^^^^^^^^^
  File "D:\an\envs\aigcxhs\Lib\site-packages\bertopic\_bertopic.py", line 4422, in _c_tf_idf
    X = self.vectorizer_model.fit_transform(documents)
        ^^^^^^^^^^^^^^^^^^^^^^^^^^^^^^^^^^^^^^^^^^^^^^
  File "D:\an\envs\aigcxhs\Lib\site-packages\sklearn\base.py", line 1336, in wrapper
    return fit_method(estimator, *args, **kwargs)
           ^^^^^^^^^^^^^^^^^^^^^^^^^^^^^^^^^^^^^^
  File "D:\an\envs\aigcxhs\Lib\site-packages\sklearn\feature_extraction\text.py", line 1396, in fit_transform
    raise ValueError("max_df corresponds to < documents than min_df")
ValueError: max_df corresponds to < documents than min_df
2026-04-26 09:25:44,442 - INFO - Run 64/147 | done=63 remain=84 ETA=22:05 | k=35 d=3 nr=none
2026-04-26 09:25:44,442 - INFO - Run k_35__d_3__nr_none | min_cluster_size=33 | min_samples=6
2026-04-26 09:25:44,443 - INFO - Run k_35__d_3__nr_none | stage=build_topic_model done | elapsed=00:00
2026-04-26 09:25:44,443 - INFO - Run k_35__d_3__nr_none | stage=fit_transform start (UMAP+HDBSCAN)
2026-04-26 09:26:00,473 - ERROR - Run failed | k=35 d=3 nr=none
Traceback (most recent call last):
  File "E:\document\PG\studio\content\bertopic_raw_sweep.py", line 422, in run_single_experiment
    topics, _ = topic_model.fit_transform(seg_texts, embeddings=embeddings)
                ^^^^^^^^^^^^^^^^^^^^^^^^^^^^^^^^^^^^^^^^^^^^^^^^^^^^^^^^^^^
  File "D:\an\envs\aigcxhs\Lib\site-packages\bertopic\_bertopic.py", line 520, in fit_transform
    self._extract_topics(
  File "D:\an\envs\aigcxhs\Lib\site-packages\bertopic\_bertopic.py", line 4204, in _extract_topics
    self.c_tf_idf_, words = self._c_tf_idf(documents_per_topic)
                            ^^^^^^^^^^^^^^^^^^^^^^^^^^^^^^^^^^^
  File "D:\an\envs\aigcxhs\Lib\site-packages\bertopic\_bertopic.py", line 4422, in _c_tf_idf
    X = self.vectorizer_model.fit_transform(documents)
        ^^^^^^^^^^^^^^^^^^^^^^^^^^^^^^^^^^^^^^^^^^^^^^
  File "D:\an\envs\aigcxhs\Lib\site-packages\sklearn\base.py", line 1336, in wrapper
    return fit_method(estimator, *args, **kwargs)
           ^^^^^^^^^^^^^^^^^^^^^^^^^^^^^^^^^^^^^^
  File "D:\an\envs\aigcxhs\Lib\site-packages\sklearn\feature_extraction\text.py", line 1396, in fit_transform
    raise ValueError("max_df corresponds to < documents than min_df")
ValueError: max_df corresponds to < documents than min_df
2026-04-26 09:26:00,484 - INFO - Run 65/147 | done=64 remain=83 ETA=21:49 | k=35 d=3 nr=25
2026-04-26 09:26:00,484 - INFO - Run k_35__d_3__nr_25 | min_cluster_size=40 | min_samples=8
2026-04-26 09:26:00,485 - INFO - Run k_35__d_3__nr_25 | stage=build_topic_model done | elapsed=00:00
2026-04-26 09:26:00,485 - INFO - Run k_35__d_3__nr_25 | stage=fit_transform start (UMAP+HDBSCAN)
2026-04-26 09:26:16,393 - ERROR - Run failed | k=35 d=3 nr=25
Traceback (most recent call last):
  File "E:\document\PG\studio\content\bertopic_raw_sweep.py", line 422, in run_single_experiment
    topics, _ = topic_model.fit_transform(seg_texts, embeddings=embeddings)
                ^^^^^^^^^^^^^^^^^^^^^^^^^^^^^^^^^^^^^^^^^^^^^^^^^^^^^^^^^^^
  File "D:\an\envs\aigcxhs\Lib\site-packages\bertopic\_bertopic.py", line 520, in fit_transform
    self._extract_topics(
  File "D:\an\envs\aigcxhs\Lib\site-packages\bertopic\_bertopic.py", line 4204, in _extract_topics
    self.c_tf_idf_, words = self._c_tf_idf(documents_per_topic)
                            ^^^^^^^^^^^^^^^^^^^^^^^^^^^^^^^^^^^
  File "D:\an\envs\aigcxhs\Lib\site-packages\bertopic\_bertopic.py", line 4422, in _c_tf_idf
    X = self.vectorizer_model.fit_transform(documents)
        ^^^^^^^^^^^^^^^^^^^^^^^^^^^^^^^^^^^^^^^^^^^^^^
  File "D:\an\envs\aigcxhs\Lib\site-packages\sklearn\base.py", line 1336, in wrapper
    return fit_method(estimator, *args, **kwargs)
           ^^^^^^^^^^^^^^^^^^^^^^^^^^^^^^^^^^^^^^
  File "D:\an\envs\aigcxhs\Lib\site-packages\sklearn\feature_extraction\text.py", line 1396, in fit_transform
    raise ValueError("max_df corresponds to < documents than min_df")
ValueError: max_df corresponds to < documents than min_df
2026-04-26 09:26:16,404 - INFO - Current Top3 Leaderboard:
2026-04-26 09:26:16,404 - INFO -   #1 k=5 d=3 nr=35 | score=0.8689 | coverage=0.7368 | diversity=0.9588 | entropy=0.9392 | discovered=34
2026-04-26 09:26:16,404 - INFO -   #2 k=5 d=8 nr=35 | score=0.8656 | coverage=0.7252 | diversity=0.9676 | entropy=0.9298 | discovered=34
2026-04-26 09:26:16,404 - INFO -   #3 k=5 d=8 nr=none | score=0.8629 | coverage=0.6952 | diversity=0.9686 | entropy=0.9617 | discovered=35
2026-04-26 09:26:16,404 - INFO - Run 66/147 | done=65 remain=82 ETA=21:34 | k=35 d=3 nr=35
2026-04-26 09:26:16,404 - INFO - Run k_35__d_3__nr_35 | min_cluster_size=28 | min_samples=5
2026-04-26 09:26:16,405 - INFO - Run k_35__d_3__nr_35 | stage=build_topic_model done | elapsed=00:00
2026-04-26 09:26:16,405 - INFO - Run k_35__d_3__nr_35 | stage=fit_transform start (UMAP+HDBSCAN)
2026-04-26 09:26:33,316 - INFO - Run k_35__d_3__nr_35 | stage=fit_transform done | elapsed=00:16
2026-04-26 09:26:33,318 - INFO - Run k_35__d_3__nr_35 | stage=metrics done | elapsed=00:00
2026-04-26 09:26:33,319 - INFO - Run k_35__d_3__nr_35 | stage=save_outputs done | elapsed=00:00
2026-04-26 09:26:33,319 - INFO - Run k_35__d_3__nr_35 | finished | total_elapsed=00:16
2026-04-26 09:26:33,327 - INFO - Run 67/147 | done=66 remain=81 ETA=21:19 | k=35 d=5 nr=none
2026-04-26 09:26:33,327 - INFO - Run k_35__d_5__nr_none | min_cluster_size=33 | min_samples=6
2026-04-26 09:26:33,327 - INFO - Run k_35__d_5__nr_none | stage=build_topic_model done | elapsed=00:00
2026-04-26 09:26:33,328 - INFO - Run k_35__d_5__nr_none | stage=fit_transform start (UMAP+HDBSCAN)
2026-04-26 09:26:50,532 - INFO - Run k_35__d_5__nr_none | stage=fit_transform done | elapsed=00:17
2026-04-26 09:26:50,535 - INFO - Run k_35__d_5__nr_none | stage=metrics done | elapsed=00:00
2026-04-26 09:26:50,536 - INFO - Run k_35__d_5__nr_none | stage=save_outputs done | elapsed=00:00
2026-04-26 09:26:50,536 - INFO - Run k_35__d_5__nr_none | finished | total_elapsed=00:17
2026-04-26 09:26:50,545 - INFO - Run 68/147 | done=67 remain=80 ETA=21:05 | k=35 d=5 nr=25
2026-04-26 09:26:50,545 - INFO - Run k_35__d_5__nr_25 | min_cluster_size=40 | min_samples=8
2026-04-26 09:26:50,545 - INFO - Run k_35__d_5__nr_25 | stage=build_topic_model done | elapsed=00:00
2026-04-26 09:26:50,545 - INFO - Run k_35__d_5__nr_25 | stage=fit_transform start (UMAP+HDBSCAN)
2026-04-26 09:27:08,285 - INFO - Run k_35__d_5__nr_25 | stage=fit_transform done | elapsed=00:17
2026-04-26 09:27:08,290 - INFO - Run k_35__d_5__nr_25 | stage=metrics done | elapsed=00:00
2026-04-26 09:27:08,291 - INFO - Run k_35__d_5__nr_25 | stage=save_outputs done | elapsed=00:00
2026-04-26 09:27:08,291 - INFO - Run k_35__d_5__nr_25 | finished | total_elapsed=00:17
2026-04-26 09:27:08,302 - INFO - Run 69/147 | done=68 remain=79 ETA=20:52 | k=35 d=5 nr=35
2026-04-26 09:27:08,302 - INFO - Run k_35__d_5__nr_35 | min_cluster_size=28 | min_samples=5
2026-04-26 09:27:08,303 - INFO - Run k_35__d_5__nr_35 | stage=build_topic_model done | elapsed=00:00
2026-04-26 09:27:08,303 - INFO - Run k_35__d_5__nr_35 | stage=fit_transform start (UMAP+HDBSCAN)
2026-04-26 09:27:26,341 - INFO - Run k_35__d_5__nr_35 | stage=fit_transform done | elapsed=00:18
2026-04-26 09:27:26,345 - INFO - Run k_35__d_5__nr_35 | stage=metrics done | elapsed=00:00
2026-04-26 09:27:26,347 - INFO - Run k_35__d_5__nr_35 | stage=save_outputs done | elapsed=00:00
2026-04-26 09:27:26,347 - INFO - Run k_35__d_5__nr_35 | finished | total_elapsed=00:18
2026-04-26 09:27:26,357 - INFO - Run 70/147 | done=69 remain=78 ETA=20:38 | k=35 d=8 nr=none
2026-04-26 09:27:26,357 - INFO - Run k_35__d_8__nr_none | min_cluster_size=33 | min_samples=6
2026-04-26 09:27:26,358 - INFO - Run k_35__d_8__nr_none | stage=build_topic_model done | elapsed=00:00
2026-04-26 09:27:26,358 - INFO - Run k_35__d_8__nr_none | stage=fit_transform start (UMAP+HDBSCAN)
2026-04-26 09:27:43,279 - INFO - Run k_35__d_8__nr_none | stage=fit_transform done | elapsed=00:16
2026-04-26 09:27:43,283 - INFO - Run k_35__d_8__nr_none | stage=metrics done | elapsed=00:00
2026-04-26 09:27:43,283 - INFO - Run k_35__d_8__nr_none | stage=save_outputs done | elapsed=00:00
2026-04-26 09:27:43,283 - INFO - Run k_35__d_8__nr_none | finished | total_elapsed=00:16
2026-04-26 09:27:43,292 - INFO - Current Top3 Leaderboard:
2026-04-26 09:27:43,292 - INFO -   #1 k=5 d=3 nr=35 | score=0.8689 | coverage=0.7368 | diversity=0.9588 | entropy=0.9392 | discovered=34
2026-04-26 09:27:43,292 - INFO -   #2 k=5 d=8 nr=35 | score=0.8656 | coverage=0.7252 | diversity=0.9676 | entropy=0.9298 | discovered=34
2026-04-26 09:27:43,292 - INFO -   #3 k=5 d=8 nr=none | score=0.8629 | coverage=0.6952 | diversity=0.9686 | entropy=0.9617 | discovered=35
2026-04-26 09:27:43,292 - INFO - Run 71/147 | done=70 remain=77 ETA=20:23 | k=35 d=8 nr=25
2026-04-26 09:27:43,292 - INFO - Run k_35__d_8__nr_25 | min_cluster_size=40 | min_samples=8
2026-04-26 09:27:43,293 - INFO - Run k_35__d_8__nr_25 | stage=build_topic_model done | elapsed=00:00
2026-04-26 09:27:43,293 - INFO - Run k_35__d_8__nr_25 | stage=fit_transform start (UMAP+HDBSCAN)
2026-04-26 09:28:00,053 - ERROR - Run failed | k=35 d=8 nr=25
Traceback (most recent call last):
  File "E:\document\PG\studio\content\bertopic_raw_sweep.py", line 422, in run_single_experiment
    topics, _ = topic_model.fit_transform(seg_texts, embeddings=embeddings)
                ^^^^^^^^^^^^^^^^^^^^^^^^^^^^^^^^^^^^^^^^^^^^^^^^^^^^^^^^^^^
  File "D:\an\envs\aigcxhs\Lib\site-packages\bertopic\_bertopic.py", line 520, in fit_transform
    self._extract_topics(
  File "D:\an\envs\aigcxhs\Lib\site-packages\bertopic\_bertopic.py", line 4204, in _extract_topics
    self.c_tf_idf_, words = self._c_tf_idf(documents_per_topic)
                            ^^^^^^^^^^^^^^^^^^^^^^^^^^^^^^^^^^^
  File "D:\an\envs\aigcxhs\Lib\site-packages\bertopic\_bertopic.py", line 4422, in _c_tf_idf
    X = self.vectorizer_model.fit_transform(documents)
        ^^^^^^^^^^^^^^^^^^^^^^^^^^^^^^^^^^^^^^^^^^^^^^
  File "D:\an\envs\aigcxhs\Lib\site-packages\sklearn\base.py", line 1336, in wrapper
    return fit_method(estimator, *args, **kwargs)
           ^^^^^^^^^^^^^^^^^^^^^^^^^^^^^^^^^^^^^^
  File "D:\an\envs\aigcxhs\Lib\site-packages\sklearn\feature_extraction\text.py", line 1396, in fit_transform
    raise ValueError("max_df corresponds to < documents than min_df")
ValueError: max_df corresponds to < documents than min_df
2026-04-26 09:28:00,065 - INFO - Run 72/147 | done=71 remain=76 ETA=20:08 | k=35 d=8 nr=35
2026-04-26 09:28:00,065 - INFO - Run k_35__d_8__nr_35 | min_cluster_size=28 | min_samples=5
2026-04-26 09:28:00,065 - INFO - Run k_35__d_8__nr_35 | stage=build_topic_model done | elapsed=00:00
2026-04-26 09:28:00,065 - INFO - Run k_35__d_8__nr_35 | stage=fit_transform start (UMAP+HDBSCAN)
2026-04-26 09:28:17,731 - INFO - Run k_35__d_8__nr_35 | stage=fit_transform done | elapsed=00:17
2026-04-26 09:28:17,735 - INFO - Run k_35__d_8__nr_35 | stage=metrics done | elapsed=00:00
2026-04-26 09:28:17,735 - INFO - Run k_35__d_8__nr_35 | stage=save_outputs done | elapsed=00:00
2026-04-26 09:28:17,735 - INFO - Run k_35__d_8__nr_35 | finished | total_elapsed=00:17
2026-04-26 09:28:17,744 - INFO - Run 73/147 | done=72 remain=75 ETA=19:54 | k=35 d=12 nr=none
2026-04-26 09:28:17,744 - INFO - Run k_35__d_12__nr_none | min_cluster_size=33 | min_samples=6
2026-04-26 09:28:17,744 - INFO - Run k_35__d_12__nr_none | stage=build_topic_model done | elapsed=00:00
2026-04-26 09:28:17,745 - INFO - Run k_35__d_12__nr_none | stage=fit_transform start (UMAP+HDBSCAN)
2026-04-26 09:28:35,028 - INFO - Run k_35__d_12__nr_none | stage=fit_transform done | elapsed=00:17
2026-04-26 09:28:35,030 - INFO - Run k_35__d_12__nr_none | stage=metrics done | elapsed=00:00
2026-04-26 09:28:35,031 - INFO - Run k_35__d_12__nr_none | stage=save_outputs done | elapsed=00:00
2026-04-26 09:28:35,031 - INFO - Run k_35__d_12__nr_none | finished | total_elapsed=00:17
2026-04-26 09:28:35,040 - INFO - Run 74/147 | done=73 remain=74 ETA=19:40 | k=35 d=12 nr=25
2026-04-26 09:28:35,040 - INFO - Run k_35__d_12__nr_25 | min_cluster_size=40 | min_samples=8
2026-04-26 09:28:35,040 - INFO - Run k_35__d_12__nr_25 | stage=build_topic_model done | elapsed=00:00
2026-04-26 09:28:35,040 - INFO - Run k_35__d_12__nr_25 | stage=fit_transform start (UMAP+HDBSCAN)
2026-04-26 09:28:53,065 - INFO - Run k_35__d_12__nr_25 | stage=fit_transform done | elapsed=00:18
2026-04-26 09:28:53,068 - INFO - Run k_35__d_12__nr_25 | stage=metrics done | elapsed=00:00
2026-04-26 09:28:53,070 - INFO - Run k_35__d_12__nr_25 | stage=save_outputs done | elapsed=00:00
2026-04-26 09:28:53,070 - INFO - Run k_35__d_12__nr_25 | finished | total_elapsed=00:18
2026-04-26 09:28:53,079 - INFO - Run 75/147 | done=74 remain=73 ETA=19:26 | k=35 d=12 nr=35
2026-04-26 09:28:53,079 - INFO - Run k_35__d_12__nr_35 | min_cluster_size=28 | min_samples=5
2026-04-26 09:28:53,080 - INFO - Run k_35__d_12__nr_35 | stage=build_topic_model done | elapsed=00:00
2026-04-26 09:28:53,080 - INFO - Run k_35__d_12__nr_35 | stage=fit_transform start (UMAP+HDBSCAN)
2026-04-26 09:29:10,098 - ERROR - Run failed | k=35 d=12 nr=35
Traceback (most recent call last):
  File "E:\document\PG\studio\content\bertopic_raw_sweep.py", line 422, in run_single_experiment
    topics, _ = topic_model.fit_transform(seg_texts, embeddings=embeddings)
                ^^^^^^^^^^^^^^^^^^^^^^^^^^^^^^^^^^^^^^^^^^^^^^^^^^^^^^^^^^^
  File "D:\an\envs\aigcxhs\Lib\site-packages\bertopic\_bertopic.py", line 520, in fit_transform
    self._extract_topics(
  File "D:\an\envs\aigcxhs\Lib\site-packages\bertopic\_bertopic.py", line 4204, in _extract_topics
    self.c_tf_idf_, words = self._c_tf_idf(documents_per_topic)
                            ^^^^^^^^^^^^^^^^^^^^^^^^^^^^^^^^^^^
  File "D:\an\envs\aigcxhs\Lib\site-packages\bertopic\_bertopic.py", line 4422, in _c_tf_idf
    X = self.vectorizer_model.fit_transform(documents)
        ^^^^^^^^^^^^^^^^^^^^^^^^^^^^^^^^^^^^^^^^^^^^^^
  File "D:\an\envs\aigcxhs\Lib\site-packages\sklearn\base.py", line 1336, in wrapper
    return fit_method(estimator, *args, **kwargs)
           ^^^^^^^^^^^^^^^^^^^^^^^^^^^^^^^^^^^^^^
  File "D:\an\envs\aigcxhs\Lib\site-packages\sklearn\feature_extraction\text.py", line 1396, in fit_transform
    raise ValueError("max_df corresponds to < documents than min_df")
ValueError: max_df corresponds to < documents than min_df
2026-04-26 09:29:10,109 - INFO - Current Top3 Leaderboard:
2026-04-26 09:29:10,109 - INFO -   #1 k=5 d=3 nr=35 | score=0.8689 | coverage=0.7368 | diversity=0.9588 | entropy=0.9392 | discovered=34
2026-04-26 09:29:10,109 - INFO -   #2 k=5 d=8 nr=35 | score=0.8656 | coverage=0.7252 | diversity=0.9676 | entropy=0.9298 | discovered=34
2026-04-26 09:29:10,109 - INFO -   #3 k=5 d=8 nr=none | score=0.8629 | coverage=0.6952 | diversity=0.9686 | entropy=0.9617 | discovered=35
2026-04-26 09:29:10,109 - INFO - Run 76/147 | done=75 remain=72 ETA=19:11 | k=35 d=18 nr=none
2026-04-26 09:29:10,110 - INFO - Run k_35__d_18__nr_none | min_cluster_size=33 | min_samples=6
2026-04-26 09:29:10,110 - INFO - Run k_35__d_18__nr_none | stage=build_topic_model done | elapsed=00:00
2026-04-26 09:29:10,110 - INFO - Run k_35__d_18__nr_none | stage=fit_transform start (UMAP+HDBSCAN)
2026-04-26 09:29:27,292 - ERROR - Run failed | k=35 d=18 nr=none
Traceback (most recent call last):
  File "E:\document\PG\studio\content\bertopic_raw_sweep.py", line 422, in run_single_experiment
    topics, _ = topic_model.fit_transform(seg_texts, embeddings=embeddings)
                ^^^^^^^^^^^^^^^^^^^^^^^^^^^^^^^^^^^^^^^^^^^^^^^^^^^^^^^^^^^
  File "D:\an\envs\aigcxhs\Lib\site-packages\bertopic\_bertopic.py", line 520, in fit_transform
    self._extract_topics(
  File "D:\an\envs\aigcxhs\Lib\site-packages\bertopic\_bertopic.py", line 4204, in _extract_topics
    self.c_tf_idf_, words = self._c_tf_idf(documents_per_topic)
                            ^^^^^^^^^^^^^^^^^^^^^^^^^^^^^^^^^^^
  File "D:\an\envs\aigcxhs\Lib\site-packages\bertopic\_bertopic.py", line 4422, in _c_tf_idf
    X = self.vectorizer_model.fit_transform(documents)
        ^^^^^^^^^^^^^^^^^^^^^^^^^^^^^^^^^^^^^^^^^^^^^^
  File "D:\an\envs\aigcxhs\Lib\site-packages\sklearn\base.py", line 1336, in wrapper
    return fit_method(estimator, *args, **kwargs)
           ^^^^^^^^^^^^^^^^^^^^^^^^^^^^^^^^^^^^^^
  File "D:\an\envs\aigcxhs\Lib\site-packages\sklearn\feature_extraction\text.py", line 1396, in fit_transform
    raise ValueError("max_df corresponds to < documents than min_df")
ValueError: max_df corresponds to < documents than min_df
2026-04-26 09:29:27,303 - INFO - Run 77/147 | done=76 remain=71 ETA=18:56 | k=35 d=18 nr=25
2026-04-26 09:29:27,303 - INFO - Run k_35__d_18__nr_25 | min_cluster_size=40 | min_samples=8
2026-04-26 09:29:27,304 - INFO - Run k_35__d_18__nr_25 | stage=build_topic_model done | elapsed=00:00
2026-04-26 09:29:27,304 - INFO - Run k_35__d_18__nr_25 | stage=fit_transform start (UMAP+HDBSCAN)
2026-04-26 09:29:44,696 - ERROR - Run failed | k=35 d=18 nr=25
Traceback (most recent call last):
  File "E:\document\PG\studio\content\bertopic_raw_sweep.py", line 422, in run_single_experiment
    topics, _ = topic_model.fit_transform(seg_texts, embeddings=embeddings)
                ^^^^^^^^^^^^^^^^^^^^^^^^^^^^^^^^^^^^^^^^^^^^^^^^^^^^^^^^^^^
  File "D:\an\envs\aigcxhs\Lib\site-packages\bertopic\_bertopic.py", line 520, in fit_transform
    self._extract_topics(
  File "D:\an\envs\aigcxhs\Lib\site-packages\bertopic\_bertopic.py", line 4204, in _extract_topics
    self.c_tf_idf_, words = self._c_tf_idf(documents_per_topic)
                            ^^^^^^^^^^^^^^^^^^^^^^^^^^^^^^^^^^^
  File "D:\an\envs\aigcxhs\Lib\site-packages\bertopic\_bertopic.py", line 4422, in _c_tf_idf
    X = self.vectorizer_model.fit_transform(documents)
        ^^^^^^^^^^^^^^^^^^^^^^^^^^^^^^^^^^^^^^^^^^^^^^
  File "D:\an\envs\aigcxhs\Lib\site-packages\sklearn\base.py", line 1336, in wrapper
    return fit_method(estimator, *args, **kwargs)
           ^^^^^^^^^^^^^^^^^^^^^^^^^^^^^^^^^^^^^^
  File "D:\an\envs\aigcxhs\Lib\site-packages\sklearn\feature_extraction\text.py", line 1396, in fit_transform
    raise ValueError("max_df corresponds to < documents than min_df")
ValueError: max_df corresponds to < documents than min_df
2026-04-26 09:29:44,707 - INFO - Run 78/147 | done=77 remain=70 ETA=18:41 | k=35 d=18 nr=35
2026-04-26 09:29:44,708 - INFO - Run k_35__d_18__nr_35 | min_cluster_size=28 | min_samples=5
2026-04-26 09:29:44,708 - INFO - Run k_35__d_18__nr_35 | stage=build_topic_model done | elapsed=00:00
2026-04-26 09:29:44,708 - INFO - Run k_35__d_18__nr_35 | stage=fit_transform start (UMAP+HDBSCAN)
2026-04-26 09:30:02,008 - ERROR - Run failed | k=35 d=18 nr=35
Traceback (most recent call last):
  File "E:\document\PG\studio\content\bertopic_raw_sweep.py", line 422, in run_single_experiment
    topics, _ = topic_model.fit_transform(seg_texts, embeddings=embeddings)
                ^^^^^^^^^^^^^^^^^^^^^^^^^^^^^^^^^^^^^^^^^^^^^^^^^^^^^^^^^^^
  File "D:\an\envs\aigcxhs\Lib\site-packages\bertopic\_bertopic.py", line 520, in fit_transform
    self._extract_topics(
  File "D:\an\envs\aigcxhs\Lib\site-packages\bertopic\_bertopic.py", line 4204, in _extract_topics
    self.c_tf_idf_, words = self._c_tf_idf(documents_per_topic)
                            ^^^^^^^^^^^^^^^^^^^^^^^^^^^^^^^^^^^
  File "D:\an\envs\aigcxhs\Lib\site-packages\bertopic\_bertopic.py", line 4422, in _c_tf_idf
    X = self.vectorizer_model.fit_transform(documents)
        ^^^^^^^^^^^^^^^^^^^^^^^^^^^^^^^^^^^^^^^^^^^^^^
  File "D:\an\envs\aigcxhs\Lib\site-packages\sklearn\base.py", line 1336, in wrapper
    return fit_method(estimator, *args, **kwargs)
           ^^^^^^^^^^^^^^^^^^^^^^^^^^^^^^^^^^^^^^
  File "D:\an\envs\aigcxhs\Lib\site-packages\sklearn\feature_extraction\text.py", line 1396, in fit_transform
    raise ValueError("max_df corresponds to < documents than min_df")
ValueError: max_df corresponds to < documents than min_df
2026-04-26 09:30:02,020 - INFO - Run 79/147 | done=78 remain=69 ETA=18:26 | k=35 d=25 nr=none
2026-04-26 09:30:02,020 - INFO - Run k_35__d_25__nr_none | min_cluster_size=33 | min_samples=6
2026-04-26 09:30:02,020 - INFO - Run k_35__d_25__nr_none | stage=build_topic_model done | elapsed=00:00
2026-04-26 09:30:02,021 - INFO - Run k_35__d_25__nr_none | stage=fit_transform start (UMAP+HDBSCAN)
2026-04-26 09:30:19,835 - INFO - Run k_35__d_25__nr_none | stage=fit_transform done | elapsed=00:17
2026-04-26 09:30:19,838 - INFO - Run k_35__d_25__nr_none | stage=metrics done | elapsed=00:00
2026-04-26 09:30:19,839 - INFO - Run k_35__d_25__nr_none | stage=save_outputs done | elapsed=00:00
2026-04-26 09:30:19,839 - INFO - Run k_35__d_25__nr_none | finished | total_elapsed=00:17
2026-04-26 09:30:19,850 - INFO - Run 80/147 | done=79 remain=68 ETA=18:12 | k=35 d=25 nr=25
2026-04-26 09:30:19,850 - INFO - Run k_35__d_25__nr_25 | min_cluster_size=40 | min_samples=8
2026-04-26 09:30:19,850 - INFO - Run k_35__d_25__nr_25 | stage=build_topic_model done | elapsed=00:00
2026-04-26 09:30:19,851 - INFO - Run k_35__d_25__nr_25 | stage=fit_transform start (UMAP+HDBSCAN)
2026-04-26 09:30:38,302 - INFO - Run k_35__d_25__nr_25 | stage=fit_transform done | elapsed=00:18
2026-04-26 09:30:38,306 - INFO - Run k_35__d_25__nr_25 | stage=metrics done | elapsed=00:00
2026-04-26 09:30:38,307 - INFO - Run k_35__d_25__nr_25 | stage=save_outputs done | elapsed=00:00
2026-04-26 09:30:38,307 - INFO - Run k_35__d_25__nr_25 | finished | total_elapsed=00:18
2026-04-26 09:30:38,319 - INFO - Current Top3 Leaderboard:
2026-04-26 09:30:38,319 - INFO -   #1 k=5 d=3 nr=35 | score=0.8689 | coverage=0.7368 | diversity=0.9588 | entropy=0.9392 | discovered=34
2026-04-26 09:30:38,320 - INFO -   #2 k=5 d=8 nr=35 | score=0.8656 | coverage=0.7252 | diversity=0.9676 | entropy=0.9298 | discovered=34
2026-04-26 09:30:38,320 - INFO -   #3 k=5 d=8 nr=none | score=0.8629 | coverage=0.6952 | diversity=0.9686 | entropy=0.9617 | discovered=35
2026-04-26 09:30:38,320 - INFO - Run 81/147 | done=80 remain=67 ETA=17:58 | k=35 d=25 nr=35
2026-04-26 09:30:38,320 - INFO - Run k_35__d_25__nr_35 | min_cluster_size=28 | min_samples=5
2026-04-26 09:30:38,321 - INFO - Run k_35__d_25__nr_35 | stage=build_topic_model done | elapsed=00:00
2026-04-26 09:30:38,321 - INFO - Run k_35__d_25__nr_35 | stage=fit_transform start (UMAP+HDBSCAN)
2026-04-26 09:30:56,776 - INFO - Run k_35__d_25__nr_35 | stage=fit_transform done | elapsed=00:18
2026-04-26 09:30:56,780 - INFO - Run k_35__d_25__nr_35 | stage=metrics done | elapsed=00:00
2026-04-26 09:30:56,781 - INFO - Run k_35__d_25__nr_35 | stage=save_outputs done | elapsed=00:00
2026-04-26 09:30:56,781 - INFO - Run k_35__d_25__nr_35 | finished | total_elapsed=00:18
2026-04-26 09:30:56,790 - INFO - Run 82/147 | done=81 remain=66 ETA=17:44 | k=35 d=35 nr=none
2026-04-26 09:30:56,790 - INFO - Run k_35__d_35__nr_none | min_cluster_size=33 | min_samples=6
2026-04-26 09:30:56,791 - INFO - Run k_35__d_35__nr_none | stage=build_topic_model done | elapsed=00:00
2026-04-26 09:30:56,791 - INFO - Run k_35__d_35__nr_none | stage=fit_transform start (UMAP+HDBSCAN)
2026-04-26 09:31:15,916 - INFO - Run k_35__d_35__nr_none | stage=fit_transform done | elapsed=00:19
2026-04-26 09:31:15,919 - INFO - Run k_35__d_35__nr_none | stage=metrics done | elapsed=00:00
2026-04-26 09:31:15,920 - INFO - Run k_35__d_35__nr_none | stage=save_outputs done | elapsed=00:00
2026-04-26 09:31:15,920 - INFO - Run k_35__d_35__nr_none | finished | total_elapsed=00:19
2026-04-26 09:31:15,929 - INFO - Run 83/147 | done=82 remain=65 ETA=17:30 | k=35 d=35 nr=25
2026-04-26 09:31:15,929 - INFO - Run k_35__d_35__nr_25 | min_cluster_size=40 | min_samples=8
2026-04-26 09:31:15,930 - INFO - Run k_35__d_35__nr_25 | stage=build_topic_model done | elapsed=00:00
2026-04-26 09:31:15,930 - INFO - Run k_35__d_35__nr_25 | stage=fit_transform start (UMAP+HDBSCAN)
2026-04-26 09:31:35,276 - INFO - Run k_35__d_35__nr_25 | stage=fit_transform done | elapsed=00:19
2026-04-26 09:31:35,279 - INFO - Run k_35__d_35__nr_25 | stage=metrics done | elapsed=00:00
2026-04-26 09:31:35,280 - INFO - Run k_35__d_35__nr_25 | stage=save_outputs done | elapsed=00:00
2026-04-26 09:31:35,280 - INFO - Run k_35__d_35__nr_25 | finished | total_elapsed=00:19
2026-04-26 09:31:35,288 - INFO - Run 84/147 | done=83 remain=64 ETA=17:16 | k=35 d=35 nr=35
2026-04-26 09:31:35,288 - INFO - Run k_35__d_35__nr_35 | min_cluster_size=28 | min_samples=5
2026-04-26 09:31:35,290 - INFO - Run k_35__d_35__nr_35 | stage=build_topic_model done | elapsed=00:00
2026-04-26 09:31:35,290 - INFO - Run k_35__d_35__nr_35 | stage=fit_transform start (UMAP+HDBSCAN)
2026-04-26 09:31:54,949 - INFO - Run k_35__d_35__nr_35 | stage=fit_transform done | elapsed=00:19
2026-04-26 09:31:54,953 - INFO - Run k_35__d_35__nr_35 | stage=metrics done | elapsed=00:00
2026-04-26 09:31:54,954 - INFO - Run k_35__d_35__nr_35 | stage=save_outputs done | elapsed=00:00
2026-04-26 09:31:54,954 - INFO - Run k_35__d_35__nr_35 | finished | total_elapsed=00:19
2026-04-26 09:31:54,967 - INFO - Run 85/147 | done=84 remain=63 ETA=17:03 | k=50 d=3 nr=none
2026-04-26 09:31:54,967 - INFO - Run k_50__d_3__nr_none | min_cluster_size=33 | min_samples=6
2026-04-26 09:31:54,967 - INFO - Run k_50__d_3__nr_none | stage=build_topic_model done | elapsed=00:00
2026-04-26 09:31:54,967 - INFO - Run k_50__d_3__nr_none | stage=fit_transform start (UMAP+HDBSCAN)
2026-04-26 09:32:11,822 - INFO - Run k_50__d_3__nr_none | stage=fit_transform done | elapsed=00:16
2026-04-26 09:32:11,825 - INFO - Run k_50__d_3__nr_none | stage=metrics done | elapsed=00:00
2026-04-26 09:32:11,826 - INFO - Run k_50__d_3__nr_none | stage=save_outputs done | elapsed=00:00
2026-04-26 09:32:11,826 - INFO - Run k_50__d_3__nr_none | finished | total_elapsed=00:16
2026-04-26 09:32:11,837 - INFO - Current Top3 Leaderboard:
2026-04-26 09:32:11,837 - INFO -   #1 k=5 d=3 nr=35 | score=0.8689 | coverage=0.7368 | diversity=0.9588 | entropy=0.9392 | discovered=34
2026-04-26 09:32:11,837 - INFO -   #2 k=5 d=8 nr=35 | score=0.8656 | coverage=0.7252 | diversity=0.9676 | entropy=0.9298 | discovered=34
2026-04-26 09:32:11,838 - INFO -   #3 k=5 d=8 nr=none | score=0.8629 | coverage=0.6952 | diversity=0.9686 | entropy=0.9617 | discovered=35
2026-04-26 09:32:11,838 - INFO - Run 86/147 | done=85 remain=62 ETA=16:47 | k=50 d=3 nr=25
2026-04-26 09:32:11,838 - INFO - Run k_50__d_3__nr_25 | min_cluster_size=40 | min_samples=8
2026-04-26 09:32:11,838 - INFO - Run k_50__d_3__nr_25 | stage=build_topic_model done | elapsed=00:00
2026-04-26 09:32:11,838 - INFO - Run k_50__d_3__nr_25 | stage=fit_transform start (UMAP+HDBSCAN)
2026-04-26 09:32:29,250 - INFO - Run k_50__d_3__nr_25 | stage=fit_transform done | elapsed=00:17
2026-04-26 09:32:29,252 - INFO - Run k_50__d_3__nr_25 | stage=metrics done | elapsed=00:00
2026-04-26 09:32:29,254 - INFO - Run k_50__d_3__nr_25 | stage=save_outputs done | elapsed=00:00
2026-04-26 09:32:29,254 - INFO - Run k_50__d_3__nr_25 | finished | total_elapsed=00:17
2026-04-26 09:32:29,262 - INFO - Run 87/147 | done=86 remain=61 ETA=16:31 | k=50 d=3 nr=35
2026-04-26 09:32:29,262 - INFO - Run k_50__d_3__nr_35 | min_cluster_size=28 | min_samples=5
2026-04-26 09:32:29,262 - INFO - Run k_50__d_3__nr_35 | stage=build_topic_model done | elapsed=00:00
2026-04-26 09:32:29,263 - INFO - Run k_50__d_3__nr_35 | stage=fit_transform start (UMAP+HDBSCAN)
2026-04-26 09:32:46,995 - INFO - Run k_50__d_3__nr_35 | stage=fit_transform done | elapsed=00:17
2026-04-26 09:32:46,999 - INFO - Run k_50__d_3__nr_35 | stage=metrics done | elapsed=00:00
2026-04-26 09:32:47,001 - INFO - Run k_50__d_3__nr_35 | stage=save_outputs done | elapsed=00:00
2026-04-26 09:32:47,001 - INFO - Run k_50__d_3__nr_35 | finished | total_elapsed=00:17
2026-04-26 09:32:47,013 - INFO - Run 88/147 | done=87 remain=60 ETA=16:16 | k=50 d=5 nr=none
2026-04-26 09:32:47,013 - INFO - Run k_50__d_5__nr_none | min_cluster_size=33 | min_samples=6
2026-04-26 09:32:47,013 - INFO - Run k_50__d_5__nr_none | stage=build_topic_model done | elapsed=00:00
2026-04-26 09:32:47,013 - INFO - Run k_50__d_5__nr_none | stage=fit_transform start (UMAP+HDBSCAN)
2026-04-26 09:33:04,593 - INFO - Run k_50__d_5__nr_none | stage=fit_transform done | elapsed=00:17
2026-04-26 09:33:04,596 - INFO - Run k_50__d_5__nr_none | stage=metrics done | elapsed=00:00
2026-04-26 09:33:04,597 - INFO - Run k_50__d_5__nr_none | stage=save_outputs done | elapsed=00:00
2026-04-26 09:33:04,597 - INFO - Run k_50__d_5__nr_none | finished | total_elapsed=00:17
2026-04-26 09:33:04,605 - INFO - Run 89/147 | done=88 remain=59 ETA=16:01 | k=50 d=5 nr=25
2026-04-26 09:33:04,605 - INFO - Run k_50__d_5__nr_25 | min_cluster_size=40 | min_samples=8
2026-04-26 09:33:04,605 - INFO - Run k_50__d_5__nr_25 | stage=build_topic_model done | elapsed=00:00
2026-04-26 09:33:04,605 - INFO - Run k_50__d_5__nr_25 | stage=fit_transform start (UMAP+HDBSCAN)
2026-04-26 09:33:22,672 - INFO - Run k_50__d_5__nr_25 | stage=fit_transform done | elapsed=00:18
2026-04-26 09:33:22,674 - INFO - Run k_50__d_5__nr_25 | stage=metrics done | elapsed=00:00
2026-04-26 09:33:22,675 - INFO - Run k_50__d_5__nr_25 | stage=save_outputs done | elapsed=00:00
2026-04-26 09:33:22,675 - INFO - Run k_50__d_5__nr_25 | finished | total_elapsed=00:18
2026-04-26 09:33:22,686 - INFO - Run 90/147 | done=89 remain=58 ETA=15:46 | k=50 d=5 nr=35
2026-04-26 09:33:22,686 - INFO - Run k_50__d_5__nr_35 | min_cluster_size=28 | min_samples=5
2026-04-26 09:33:22,686 - INFO - Run k_50__d_5__nr_35 | stage=build_topic_model done | elapsed=00:00
2026-04-26 09:33:22,687 - INFO - Run k_50__d_5__nr_35 | stage=fit_transform start (UMAP+HDBSCAN)
2026-04-26 09:33:40,953 - INFO - Run k_50__d_5__nr_35 | stage=fit_transform done | elapsed=00:18
2026-04-26 09:33:40,956 - INFO - Run k_50__d_5__nr_35 | stage=metrics done | elapsed=00:00
2026-04-26 09:33:40,958 - INFO - Run k_50__d_5__nr_35 | stage=save_outputs done | elapsed=00:00
2026-04-26 09:33:40,958 - INFO - Run k_50__d_5__nr_35 | finished | total_elapsed=00:18
2026-04-26 09:33:40,968 - INFO - Current Top3 Leaderboard:
2026-04-26 09:33:40,968 - INFO -   #1 k=5 d=3 nr=35 | score=0.8689 | coverage=0.7368 | diversity=0.9588 | entropy=0.9392 | discovered=34
2026-04-26 09:33:40,968 - INFO -   #2 k=5 d=8 nr=35 | score=0.8656 | coverage=0.7252 | diversity=0.9676 | entropy=0.9298 | discovered=34
2026-04-26 09:33:40,968 - INFO -   #3 k=5 d=8 nr=none | score=0.8629 | coverage=0.6952 | diversity=0.9686 | entropy=0.9617 | discovered=35
2026-04-26 09:33:40,968 - INFO - Run 91/147 | done=90 remain=57 ETA=15:31 | k=50 d=8 nr=none
2026-04-26 09:33:40,968 - INFO - Run k_50__d_8__nr_none | min_cluster_size=33 | min_samples=6
2026-04-26 09:33:40,968 - INFO - Run k_50__d_8__nr_none | stage=build_topic_model done | elapsed=00:00
2026-04-26 09:33:40,969 - INFO - Run k_50__d_8__nr_none | stage=fit_transform start (UMAP+HDBSCAN)
2026-04-26 09:33:57,949 - ERROR - Run failed | k=50 d=8 nr=none
Traceback (most recent call last):
  File "E:\document\PG\studio\content\bertopic_raw_sweep.py", line 422, in run_single_experiment
    topics, _ = topic_model.fit_transform(seg_texts, embeddings=embeddings)
                ^^^^^^^^^^^^^^^^^^^^^^^^^^^^^^^^^^^^^^^^^^^^^^^^^^^^^^^^^^^
  File "D:\an\envs\aigcxhs\Lib\site-packages\bertopic\_bertopic.py", line 520, in fit_transform
    self._extract_topics(
  File "D:\an\envs\aigcxhs\Lib\site-packages\bertopic\_bertopic.py", line 4204, in _extract_topics
    self.c_tf_idf_, words = self._c_tf_idf(documents_per_topic)
                            ^^^^^^^^^^^^^^^^^^^^^^^^^^^^^^^^^^^
  File "D:\an\envs\aigcxhs\Lib\site-packages\bertopic\_bertopic.py", line 4422, in _c_tf_idf
    X = self.vectorizer_model.fit_transform(documents)
        ^^^^^^^^^^^^^^^^^^^^^^^^^^^^^^^^^^^^^^^^^^^^^^
  File "D:\an\envs\aigcxhs\Lib\site-packages\sklearn\base.py", line 1336, in wrapper
    return fit_method(estimator, *args, **kwargs)
           ^^^^^^^^^^^^^^^^^^^^^^^^^^^^^^^^^^^^^^
  File "D:\an\envs\aigcxhs\Lib\site-packages\sklearn\feature_extraction\text.py", line 1396, in fit_transform
    raise ValueError("max_df corresponds to < documents than min_df")
ValueError: max_df corresponds to < documents than min_df
2026-04-26 09:33:57,962 - INFO - Run 92/147 | done=91 remain=56 ETA=15:15 | k=50 d=8 nr=25
2026-04-26 09:33:57,962 - INFO - Run k_50__d_8__nr_25 | min_cluster_size=40 | min_samples=8
2026-04-26 09:33:57,963 - INFO - Run k_50__d_8__nr_25 | stage=build_topic_model done | elapsed=00:00
2026-04-26 09:33:57,963 - INFO - Run k_50__d_8__nr_25 | stage=fit_transform start (UMAP+HDBSCAN)
2026-04-26 09:34:16,088 - INFO - Run k_50__d_8__nr_25 | stage=fit_transform done | elapsed=00:18
2026-04-26 09:34:16,092 - INFO - Run k_50__d_8__nr_25 | stage=metrics done | elapsed=00:00
2026-04-26 09:34:16,092 - INFO - Run k_50__d_8__nr_25 | stage=save_outputs done | elapsed=00:00
2026-04-26 09:34:16,092 - INFO - Run k_50__d_8__nr_25 | finished | total_elapsed=00:18
2026-04-26 09:34:16,102 - INFO - Run 93/147 | done=92 remain=55 ETA=14:59 | k=50 d=8 nr=35
2026-04-26 09:34:16,102 - INFO - Run k_50__d_8__nr_35 | min_cluster_size=28 | min_samples=5
2026-04-26 09:34:16,103 - INFO - Run k_50__d_8__nr_35 | stage=build_topic_model done | elapsed=00:00
2026-04-26 09:34:16,103 - INFO - Run k_50__d_8__nr_35 | stage=fit_transform start (UMAP+HDBSCAN)
2026-04-26 09:34:34,729 - INFO - Run k_50__d_8__nr_35 | stage=fit_transform done | elapsed=00:18
2026-04-26 09:34:34,733 - INFO - Run k_50__d_8__nr_35 | stage=metrics done | elapsed=00:00
2026-04-26 09:34:34,733 - INFO - Run k_50__d_8__nr_35 | stage=save_outputs done | elapsed=00:00
2026-04-26 09:34:34,734 - INFO - Run k_50__d_8__nr_35 | finished | total_elapsed=00:18
2026-04-26 09:34:34,742 - INFO - Run 94/147 | done=93 remain=54 ETA=14:44 | k=50 d=12 nr=none
2026-04-26 09:34:34,742 - INFO - Run k_50__d_12__nr_none | min_cluster_size=33 | min_samples=6
2026-04-26 09:34:34,743 - INFO - Run k_50__d_12__nr_none | stage=build_topic_model done | elapsed=00:00
2026-04-26 09:34:34,743 - INFO - Run k_50__d_12__nr_none | stage=fit_transform start (UMAP+HDBSCAN)
2026-04-26 09:34:52,773 - INFO - Run k_50__d_12__nr_none | stage=fit_transform done | elapsed=00:18
2026-04-26 09:34:52,777 - INFO - Run k_50__d_12__nr_none | stage=metrics done | elapsed=00:00
2026-04-26 09:34:52,777 - INFO - Run k_50__d_12__nr_none | stage=save_outputs done | elapsed=00:00
2026-04-26 09:34:52,778 - INFO - Run k_50__d_12__nr_none | finished | total_elapsed=00:18
2026-04-26 09:34:52,788 - INFO - Run 95/147 | done=94 remain=53 ETA=14:29 | k=50 d=12 nr=25
2026-04-26 09:34:52,788 - INFO - Run k_50__d_12__nr_25 | min_cluster_size=40 | min_samples=8
2026-04-26 09:34:52,788 - INFO - Run k_50__d_12__nr_25 | stage=build_topic_model done | elapsed=00:00
2026-04-26 09:34:52,789 - INFO - Run k_50__d_12__nr_25 | stage=fit_transform start (UMAP+HDBSCAN)
2026-04-26 09:35:11,306 - INFO - Run k_50__d_12__nr_25 | stage=fit_transform done | elapsed=00:18
2026-04-26 09:35:11,309 - INFO - Run k_50__d_12__nr_25 | stage=metrics done | elapsed=00:00
2026-04-26 09:35:11,311 - INFO - Run k_50__d_12__nr_25 | stage=save_outputs done | elapsed=00:00
2026-04-26 09:35:11,311 - INFO - Run k_50__d_12__nr_25 | finished | total_elapsed=00:18
2026-04-26 09:35:11,321 - INFO - Current Top3 Leaderboard:
2026-04-26 09:35:11,321 - INFO -   #1 k=5 d=3 nr=35 | score=0.8689 | coverage=0.7368 | diversity=0.9588 | entropy=0.9392 | discovered=34
2026-04-26 09:35:11,322 - INFO -   #2 k=5 d=8 nr=35 | score=0.8656 | coverage=0.7252 | diversity=0.9676 | entropy=0.9298 | discovered=34
2026-04-26 09:35:11,322 - INFO -   #3 k=5 d=8 nr=none | score=0.8629 | coverage=0.6952 | diversity=0.9686 | entropy=0.9617 | discovered=35
2026-04-26 09:35:11,322 - INFO - Run 96/147 | done=95 remain=52 ETA=14:14 | k=50 d=12 nr=35
2026-04-26 09:35:11,322 - INFO - Run k_50__d_12__nr_35 | min_cluster_size=28 | min_samples=5
2026-04-26 09:35:11,323 - INFO - Run k_50__d_12__nr_35 | stage=build_topic_model done | elapsed=00:00
2026-04-26 09:35:11,323 - INFO - Run k_50__d_12__nr_35 | stage=fit_transform start (UMAP+HDBSCAN)
2026-04-26 09:35:29,758 - INFO - Run k_50__d_12__nr_35 | stage=fit_transform done | elapsed=00:18
2026-04-26 09:35:29,762 - INFO - Run k_50__d_12__nr_35 | stage=metrics done | elapsed=00:00
2026-04-26 09:35:29,763 - INFO - Run k_50__d_12__nr_35 | stage=save_outputs done | elapsed=00:00
2026-04-26 09:35:29,763 - INFO - Run k_50__d_12__nr_35 | finished | total_elapsed=00:18
2026-04-26 09:35:29,772 - INFO - Run 97/147 | done=96 remain=51 ETA=13:58 | k=50 d=18 nr=none
2026-04-26 09:35:29,772 - INFO - Run k_50__d_18__nr_none | min_cluster_size=33 | min_samples=6
2026-04-26 09:35:29,772 - INFO - Run k_50__d_18__nr_none | stage=build_topic_model done | elapsed=00:00
2026-04-26 09:35:29,772 - INFO - Run k_50__d_18__nr_none | stage=fit_transform start (UMAP+HDBSCAN)
2026-04-26 09:35:47,911 - INFO - Run k_50__d_18__nr_none | stage=fit_transform done | elapsed=00:18
2026-04-26 09:35:47,915 - INFO - Run k_50__d_18__nr_none | stage=metrics done | elapsed=00:00
2026-04-26 09:35:47,915 - INFO - Run k_50__d_18__nr_none | stage=save_outputs done | elapsed=00:00
2026-04-26 09:35:47,915 - INFO - Run k_50__d_18__nr_none | finished | total_elapsed=00:18
2026-04-26 09:35:47,924 - INFO - Run 98/147 | done=97 remain=50 ETA=13:43 | k=50 d=18 nr=25
2026-04-26 09:35:47,925 - INFO - Run k_50__d_18__nr_25 | min_cluster_size=40 | min_samples=8
2026-04-26 09:35:47,925 - INFO - Run k_50__d_18__nr_25 | stage=build_topic_model done | elapsed=00:00
2026-04-26 09:35:47,925 - INFO - Run k_50__d_18__nr_25 | stage=fit_transform start (UMAP+HDBSCAN)
2026-04-26 09:36:06,716 - INFO - Run k_50__d_18__nr_25 | stage=fit_transform done | elapsed=00:18
2026-04-26 09:36:06,719 - INFO - Run k_50__d_18__nr_25 | stage=metrics done | elapsed=00:00
2026-04-26 09:36:06,720 - INFO - Run k_50__d_18__nr_25 | stage=save_outputs done | elapsed=00:00
2026-04-26 09:36:06,720 - INFO - Run k_50__d_18__nr_25 | finished | total_elapsed=00:18
2026-04-26 09:36:06,731 - INFO - Run 99/147 | done=98 remain=49 ETA=13:27 | k=50 d=18 nr=35
2026-04-26 09:36:06,731 - INFO - Run k_50__d_18__nr_35 | min_cluster_size=28 | min_samples=5
2026-04-26 09:36:06,732 - INFO - Run k_50__d_18__nr_35 | stage=build_topic_model done | elapsed=00:00
2026-04-26 09:36:06,732 - INFO - Run k_50__d_18__nr_35 | stage=fit_transform start (UMAP+HDBSCAN)
2026-04-26 09:36:25,769 - INFO - Run k_50__d_18__nr_35 | stage=fit_transform done | elapsed=00:19
2026-04-26 09:36:25,772 - INFO - Run k_50__d_18__nr_35 | stage=metrics done | elapsed=00:00
2026-04-26 09:36:25,773 - INFO - Run k_50__d_18__nr_35 | stage=save_outputs done | elapsed=00:00
2026-04-26 09:36:25,773 - INFO - Run k_50__d_18__nr_35 | finished | total_elapsed=00:19
2026-04-26 09:36:25,782 - INFO - Run 100/147 | done=99 remain=48 ETA=13:12 | k=50 d=25 nr=none
2026-04-26 09:36:25,782 - INFO - Run k_50__d_25__nr_none | min_cluster_size=33 | min_samples=6
2026-04-26 09:36:25,782 - INFO - Run k_50__d_25__nr_none | stage=build_topic_model done | elapsed=00:00
2026-04-26 09:36:25,783 - INFO - Run k_50__d_25__nr_none | stage=fit_transform start (UMAP+HDBSCAN)
2026-04-26 09:36:44,324 - INFO - Run k_50__d_25__nr_none | stage=fit_transform done | elapsed=00:18
2026-04-26 09:36:44,328 - INFO - Run k_50__d_25__nr_none | stage=metrics done | elapsed=00:00
2026-04-26 09:36:44,330 - INFO - Run k_50__d_25__nr_none | stage=save_outputs done | elapsed=00:00
2026-04-26 09:36:44,330 - INFO - Run k_50__d_25__nr_none | finished | total_elapsed=00:18
2026-04-26 09:36:44,339 - INFO - Current Top3 Leaderboard:
2026-04-26 09:36:44,339 - INFO -   #1 k=5 d=3 nr=35 | score=0.8689 | coverage=0.7368 | diversity=0.9588 | entropy=0.9392 | discovered=34
2026-04-26 09:36:44,339 - INFO -   #2 k=5 d=8 nr=35 | score=0.8656 | coverage=0.7252 | diversity=0.9676 | entropy=0.9298 | discovered=34
2026-04-26 09:36:44,339 - INFO -   #3 k=5 d=8 nr=none | score=0.8629 | coverage=0.6952 | diversity=0.9686 | entropy=0.9617 | discovered=35
2026-04-26 09:36:44,339 - INFO - Run 101/147 | done=100 remain=47 ETA=12:57 | k=50 d=25 nr=25
2026-04-26 09:36:44,340 - INFO - Run k_50__d_25__nr_25 | min_cluster_size=40 | min_samples=8
2026-04-26 09:36:44,340 - INFO - Run k_50__d_25__nr_25 | stage=build_topic_model done | elapsed=00:00
2026-04-26 09:36:44,340 - INFO - Run k_50__d_25__nr_25 | stage=fit_transform start (UMAP+HDBSCAN)
2026-04-26 09:37:03,368 - INFO - Run k_50__d_25__nr_25 | stage=fit_transform done | elapsed=00:19
2026-04-26 09:37:03,371 - INFO - Run k_50__d_25__nr_25 | stage=metrics done | elapsed=00:00
2026-04-26 09:37:03,372 - INFO - Run k_50__d_25__nr_25 | stage=save_outputs done | elapsed=00:00
2026-04-26 09:37:03,372 - INFO - Run k_50__d_25__nr_25 | finished | total_elapsed=00:19
2026-04-26 09:37:03,381 - INFO - Run 102/147 | done=101 remain=46 ETA=12:41 | k=50 d=25 nr=35
2026-04-26 09:37:03,381 - INFO - Run k_50__d_25__nr_35 | min_cluster_size=28 | min_samples=5
2026-04-26 09:37:03,382 - INFO - Run k_50__d_25__nr_35 | stage=build_topic_model done | elapsed=00:00
2026-04-26 09:37:03,382 - INFO - Run k_50__d_25__nr_35 | stage=fit_transform start (UMAP+HDBSCAN)
2026-04-26 09:37:21,669 - ERROR - Run failed | k=50 d=25 nr=35
Traceback (most recent call last):
  File "E:\document\PG\studio\content\bertopic_raw_sweep.py", line 422, in run_single_experiment
    topics, _ = topic_model.fit_transform(seg_texts, embeddings=embeddings)
                ^^^^^^^^^^^^^^^^^^^^^^^^^^^^^^^^^^^^^^^^^^^^^^^^^^^^^^^^^^^
  File "D:\an\envs\aigcxhs\Lib\site-packages\bertopic\_bertopic.py", line 520, in fit_transform
    self._extract_topics(
  File "D:\an\envs\aigcxhs\Lib\site-packages\bertopic\_bertopic.py", line 4204, in _extract_topics
    self.c_tf_idf_, words = self._c_tf_idf(documents_per_topic)
                            ^^^^^^^^^^^^^^^^^^^^^^^^^^^^^^^^^^^
  File "D:\an\envs\aigcxhs\Lib\site-packages\bertopic\_bertopic.py", line 4422, in _c_tf_idf
    X = self.vectorizer_model.fit_transform(documents)
        ^^^^^^^^^^^^^^^^^^^^^^^^^^^^^^^^^^^^^^^^^^^^^^
  File "D:\an\envs\aigcxhs\Lib\site-packages\sklearn\base.py", line 1336, in wrapper
    return fit_method(estimator, *args, **kwargs)
           ^^^^^^^^^^^^^^^^^^^^^^^^^^^^^^^^^^^^^^
  File "D:\an\envs\aigcxhs\Lib\site-packages\sklearn\feature_extraction\text.py", line 1396, in fit_transform
    raise ValueError("max_df corresponds to < documents than min_df")
ValueError: max_df corresponds to < documents than min_df
2026-04-26 09:37:21,681 - INFO - Run 103/147 | done=102 remain=45 ETA=12:25 | k=50 d=35 nr=none
2026-04-26 09:37:21,681 - INFO - Run k_50__d_35__nr_none | min_cluster_size=33 | min_samples=6
2026-04-26 09:37:21,681 - INFO - Run k_50__d_35__nr_none | stage=build_topic_model done | elapsed=00:00
2026-04-26 09:37:21,681 - INFO - Run k_50__d_35__nr_none | stage=fit_transform start (UMAP+HDBSCAN)
2026-04-26 09:37:41,263 - INFO - Run k_50__d_35__nr_none | stage=fit_transform done | elapsed=00:19
2026-04-26 09:37:41,265 - INFO - Run k_50__d_35__nr_none | stage=metrics done | elapsed=00:00
2026-04-26 09:37:41,267 - INFO - Run k_50__d_35__nr_none | stage=save_outputs done | elapsed=00:00
2026-04-26 09:37:41,267 - INFO - Run k_50__d_35__nr_none | finished | total_elapsed=00:19
2026-04-26 09:37:41,276 - INFO - Run 104/147 | done=103 remain=44 ETA=12:10 | k=50 d=35 nr=25
2026-04-26 09:37:41,276 - INFO - Run k_50__d_35__nr_25 | min_cluster_size=40 | min_samples=8
2026-04-26 09:37:41,277 - INFO - Run k_50__d_35__nr_25 | stage=build_topic_model done | elapsed=00:00
2026-04-26 09:37:41,277 - INFO - Run k_50__d_35__nr_25 | stage=fit_transform start (UMAP+HDBSCAN)
2026-04-26 09:38:01,120 - INFO - Run k_50__d_35__nr_25 | stage=fit_transform done | elapsed=00:19
2026-04-26 09:38:01,123 - INFO - Run k_50__d_35__nr_25 | stage=metrics done | elapsed=00:00
2026-04-26 09:38:01,125 - INFO - Run k_50__d_35__nr_25 | stage=save_outputs done | elapsed=00:00
2026-04-26 09:38:01,125 - INFO - Run k_50__d_35__nr_25 | finished | total_elapsed=00:19
2026-04-26 09:38:01,137 - INFO - Run 105/147 | done=104 remain=43 ETA=11:55 | k=50 d=35 nr=35
2026-04-26 09:38:01,138 - INFO - Run k_50__d_35__nr_35 | min_cluster_size=28 | min_samples=5
2026-04-26 09:38:01,138 - INFO - Run k_50__d_35__nr_35 | stage=build_topic_model done | elapsed=00:00
2026-04-26 09:38:01,138 - INFO - Run k_50__d_35__nr_35 | stage=fit_transform start (UMAP+HDBSCAN)
2026-04-26 09:38:21,167 - INFO - Run k_50__d_35__nr_35 | stage=fit_transform done | elapsed=00:20
2026-04-26 09:38:21,170 - INFO - Run k_50__d_35__nr_35 | stage=metrics done | elapsed=00:00
2026-04-26 09:38:21,171 - INFO - Run k_50__d_35__nr_35 | stage=save_outputs done | elapsed=00:00
2026-04-26 09:38:21,171 - INFO - Run k_50__d_35__nr_35 | finished | total_elapsed=00:20
2026-04-26 09:38:21,186 - INFO - Current Top3 Leaderboard:
2026-04-26 09:38:21,186 - INFO -   #1 k=5 d=3 nr=35 | score=0.8689 | coverage=0.7368 | diversity=0.9588 | entropy=0.9392 | discovered=34
2026-04-26 09:38:21,186 - INFO -   #2 k=5 d=8 nr=35 | score=0.8656 | coverage=0.7252 | diversity=0.9676 | entropy=0.9298 | discovered=34
2026-04-26 09:38:21,186 - INFO -   #3 k=5 d=8 nr=none | score=0.8629 | coverage=0.6952 | diversity=0.9686 | entropy=0.9617 | discovered=35
2026-04-26 09:38:21,186 - INFO - Run 106/147 | done=105 remain=42 ETA=11:40 | k=70 d=3 nr=none
2026-04-26 09:38:21,186 - INFO - Run k_70__d_3__nr_none | min_cluster_size=33 | min_samples=6
2026-04-26 09:38:21,187 - INFO - Run k_70__d_3__nr_none | stage=build_topic_model done | elapsed=00:00
2026-04-26 09:38:21,187 - INFO - Run k_70__d_3__nr_none | stage=fit_transform start (UMAP+HDBSCAN)
2026-04-26 09:38:38,532 - INFO - Run k_70__d_3__nr_none | stage=fit_transform done | elapsed=00:17
2026-04-26 09:38:38,536 - INFO - Run k_70__d_3__nr_none | stage=metrics done | elapsed=00:00
2026-04-26 09:38:38,536 - INFO - Run k_70__d_3__nr_none | stage=save_outputs done | elapsed=00:00
2026-04-26 09:38:38,537 - INFO - Run k_70__d_3__nr_none | finished | total_elapsed=00:17
2026-04-26 09:38:38,545 - INFO - Run 107/147 | done=106 remain=41 ETA=11:23 | k=70 d=3 nr=25
2026-04-26 09:38:38,545 - INFO - Run k_70__d_3__nr_25 | min_cluster_size=40 | min_samples=8
2026-04-26 09:38:38,546 - INFO - Run k_70__d_3__nr_25 | stage=build_topic_model done | elapsed=00:00
2026-04-26 09:38:38,546 - INFO - Run k_70__d_3__nr_25 | stage=fit_transform start (UMAP+HDBSCAN)
2026-04-26 09:38:56,676 - INFO - Run k_70__d_3__nr_25 | stage=fit_transform done | elapsed=00:18
2026-04-26 09:38:56,679 - INFO - Run k_70__d_3__nr_25 | stage=metrics done | elapsed=00:00
2026-04-26 09:38:56,680 - INFO - Run k_70__d_3__nr_25 | stage=save_outputs done | elapsed=00:00
2026-04-26 09:38:56,680 - INFO - Run k_70__d_3__nr_25 | finished | total_elapsed=00:18
2026-04-26 09:38:56,689 - INFO - Run 108/147 | done=107 remain=40 ETA=11:07 | k=70 d=3 nr=35
2026-04-26 09:38:56,689 - INFO - Run k_70__d_3__nr_35 | min_cluster_size=28 | min_samples=5
2026-04-26 09:38:56,689 - INFO - Run k_70__d_3__nr_35 | stage=build_topic_model done | elapsed=00:00
2026-04-26 09:38:56,689 - INFO - Run k_70__d_3__nr_35 | stage=fit_transform start (UMAP+HDBSCAN)
2026-04-26 09:39:15,176 - INFO - Run k_70__d_3__nr_35 | stage=fit_transform done | elapsed=00:18
2026-04-26 09:39:15,180 - INFO - Run k_70__d_3__nr_35 | stage=metrics done | elapsed=00:00
2026-04-26 09:39:15,181 - INFO - Run k_70__d_3__nr_35 | stage=save_outputs done | elapsed=00:00
2026-04-26 09:39:15,182 - INFO - Run k_70__d_3__nr_35 | finished | total_elapsed=00:18
2026-04-26 09:39:15,197 - INFO - Run 109/147 | done=108 remain=39 ETA=10:51 | k=70 d=5 nr=none
2026-04-26 09:39:15,197 - INFO - Run k_70__d_5__nr_none | min_cluster_size=33 | min_samples=6
2026-04-26 09:39:15,197 - INFO - Run k_70__d_5__nr_none | stage=build_topic_model done | elapsed=00:00
2026-04-26 09:39:15,197 - INFO - Run k_70__d_5__nr_none | stage=fit_transform start (UMAP+HDBSCAN)
2026-04-26 09:39:32,811 - ERROR - Run failed | k=70 d=5 nr=none
Traceback (most recent call last):
  File "E:\document\PG\studio\content\bertopic_raw_sweep.py", line 422, in run_single_experiment
    topics, _ = topic_model.fit_transform(seg_texts, embeddings=embeddings)
                ^^^^^^^^^^^^^^^^^^^^^^^^^^^^^^^^^^^^^^^^^^^^^^^^^^^^^^^^^^^
  File "D:\an\envs\aigcxhs\Lib\site-packages\bertopic\_bertopic.py", line 520, in fit_transform
    self._extract_topics(
  File "D:\an\envs\aigcxhs\Lib\site-packages\bertopic\_bertopic.py", line 4204, in _extract_topics
    self.c_tf_idf_, words = self._c_tf_idf(documents_per_topic)
                            ^^^^^^^^^^^^^^^^^^^^^^^^^^^^^^^^^^^
  File "D:\an\envs\aigcxhs\Lib\site-packages\bertopic\_bertopic.py", line 4422, in _c_tf_idf
    X = self.vectorizer_model.fit_transform(documents)
        ^^^^^^^^^^^^^^^^^^^^^^^^^^^^^^^^^^^^^^^^^^^^^^
  File "D:\an\envs\aigcxhs\Lib\site-packages\sklearn\base.py", line 1336, in wrapper
    return fit_method(estimator, *args, **kwargs)
           ^^^^^^^^^^^^^^^^^^^^^^^^^^^^^^^^^^^^^^
  File "D:\an\envs\aigcxhs\Lib\site-packages\sklearn\feature_extraction\text.py", line 1396, in fit_transform
    raise ValueError("max_df corresponds to < documents than min_df")
ValueError: max_df corresponds to < documents than min_df
2026-04-26 09:39:32,824 - INFO - Run 110/147 | done=109 remain=38 ETA=10:35 | k=70 d=5 nr=25
2026-04-26 09:39:32,825 - INFO - Run k_70__d_5__nr_25 | min_cluster_size=40 | min_samples=8
2026-04-26 09:39:32,825 - INFO - Run k_70__d_5__nr_25 | stage=build_topic_model done | elapsed=00:00
2026-04-26 09:39:32,825 - INFO - Run k_70__d_5__nr_25 | stage=fit_transform start (UMAP+HDBSCAN)
2026-04-26 09:39:50,424 - ERROR - Run failed | k=70 d=5 nr=25
Traceback (most recent call last):
  File "E:\document\PG\studio\content\bertopic_raw_sweep.py", line 422, in run_single_experiment
    topics, _ = topic_model.fit_transform(seg_texts, embeddings=embeddings)
                ^^^^^^^^^^^^^^^^^^^^^^^^^^^^^^^^^^^^^^^^^^^^^^^^^^^^^^^^^^^
  File "D:\an\envs\aigcxhs\Lib\site-packages\bertopic\_bertopic.py", line 520, in fit_transform
    self._extract_topics(
  File "D:\an\envs\aigcxhs\Lib\site-packages\bertopic\_bertopic.py", line 4204, in _extract_topics
    self.c_tf_idf_, words = self._c_tf_idf(documents_per_topic)
                            ^^^^^^^^^^^^^^^^^^^^^^^^^^^^^^^^^^^
  File "D:\an\envs\aigcxhs\Lib\site-packages\bertopic\_bertopic.py", line 4422, in _c_tf_idf
    X = self.vectorizer_model.fit_transform(documents)
        ^^^^^^^^^^^^^^^^^^^^^^^^^^^^^^^^^^^^^^^^^^^^^^
  File "D:\an\envs\aigcxhs\Lib\site-packages\sklearn\base.py", line 1336, in wrapper
    return fit_method(estimator, *args, **kwargs)
           ^^^^^^^^^^^^^^^^^^^^^^^^^^^^^^^^^^^^^^
  File "D:\an\envs\aigcxhs\Lib\site-packages\sklearn\feature_extraction\text.py", line 1396, in fit_transform
    raise ValueError("max_df corresponds to < documents than min_df")
ValueError: max_df corresponds to < documents than min_df
2026-04-26 09:39:50,437 - INFO - Current Top3 Leaderboard:
2026-04-26 09:39:50,437 - INFO -   #1 k=5 d=3 nr=35 | score=0.8689 | coverage=0.7368 | diversity=0.9588 | entropy=0.9392 | discovered=34
2026-04-26 09:39:50,437 - INFO -   #2 k=5 d=8 nr=35 | score=0.8656 | coverage=0.7252 | diversity=0.9676 | entropy=0.9298 | discovered=34
2026-04-26 09:39:50,438 - INFO -   #3 k=5 d=8 nr=none | score=0.8629 | coverage=0.6952 | diversity=0.9686 | entropy=0.9617 | discovered=35
2026-04-26 09:39:50,438 - INFO - Run 111/147 | done=110 remain=37 ETA=10:18 | k=70 d=5 nr=35
2026-04-26 09:39:50,438 - INFO - Run k_70__d_5__nr_35 | min_cluster_size=28 | min_samples=5
2026-04-26 09:39:50,439 - INFO - Run k_70__d_5__nr_35 | stage=build_topic_model done | elapsed=00:00
2026-04-26 09:39:50,439 - INFO - Run k_70__d_5__nr_35 | stage=fit_transform start (UMAP+HDBSCAN)
2026-04-26 09:40:08,023 - ERROR - Run failed | k=70 d=5 nr=35
Traceback (most recent call last):
  File "E:\document\PG\studio\content\bertopic_raw_sweep.py", line 422, in run_single_experiment
    topics, _ = topic_model.fit_transform(seg_texts, embeddings=embeddings)
                ^^^^^^^^^^^^^^^^^^^^^^^^^^^^^^^^^^^^^^^^^^^^^^^^^^^^^^^^^^^
  File "D:\an\envs\aigcxhs\Lib\site-packages\bertopic\_bertopic.py", line 520, in fit_transform
    self._extract_topics(
  File "D:\an\envs\aigcxhs\Lib\site-packages\bertopic\_bertopic.py", line 4204, in _extract_topics
    self.c_tf_idf_, words = self._c_tf_idf(documents_per_topic)
                            ^^^^^^^^^^^^^^^^^^^^^^^^^^^^^^^^^^^
  File "D:\an\envs\aigcxhs\Lib\site-packages\bertopic\_bertopic.py", line 4422, in _c_tf_idf
    X = self.vectorizer_model.fit_transform(documents)
        ^^^^^^^^^^^^^^^^^^^^^^^^^^^^^^^^^^^^^^^^^^^^^^
  File "D:\an\envs\aigcxhs\Lib\site-packages\sklearn\base.py", line 1336, in wrapper
    return fit_method(estimator, *args, **kwargs)
           ^^^^^^^^^^^^^^^^^^^^^^^^^^^^^^^^^^^^^^
  File "D:\an\envs\aigcxhs\Lib\site-packages\sklearn\feature_extraction\text.py", line 1396, in fit_transform
    raise ValueError("max_df corresponds to < documents than min_df")
ValueError: max_df corresponds to < documents than min_df
2026-04-26 09:40:08,034 - INFO - Run 112/147 | done=111 remain=36 ETA=10:02 | k=70 d=8 nr=none
2026-04-26 09:40:08,035 - INFO - Run k_70__d_8__nr_none | min_cluster_size=33 | min_samples=6
2026-04-26 09:40:08,035 - INFO - Run k_70__d_8__nr_none | stage=build_topic_model done | elapsed=00:00
2026-04-26 09:40:08,035 - INFO - Run k_70__d_8__nr_none | stage=fit_transform start (UMAP+HDBSCAN)
2026-04-26 09:40:25,492 - INFO - Run k_70__d_8__nr_none | stage=fit_transform done | elapsed=00:17
2026-04-26 09:40:25,495 - INFO - Run k_70__d_8__nr_none | stage=metrics done | elapsed=00:00
2026-04-26 09:40:25,496 - INFO - Run k_70__d_8__nr_none | stage=save_outputs done | elapsed=00:00
2026-04-26 09:40:25,496 - INFO - Run k_70__d_8__nr_none | finished | total_elapsed=00:17
2026-04-26 09:40:25,506 - INFO - Run 113/147 | done=112 remain=35 ETA=09:45 | k=70 d=8 nr=25
2026-04-26 09:40:25,506 - INFO - Run k_70__d_8__nr_25 | min_cluster_size=40 | min_samples=8
2026-04-26 09:40:25,506 - INFO - Run k_70__d_8__nr_25 | stage=build_topic_model done | elapsed=00:00
2026-04-26 09:40:25,506 - INFO - Run k_70__d_8__nr_25 | stage=fit_transform start (UMAP+HDBSCAN)
2026-04-26 09:40:43,688 - INFO - Run k_70__d_8__nr_25 | stage=fit_transform done | elapsed=00:18
2026-04-26 09:40:43,691 - INFO - Run k_70__d_8__nr_25 | stage=metrics done | elapsed=00:00
2026-04-26 09:40:43,692 - INFO - Run k_70__d_8__nr_25 | stage=save_outputs done | elapsed=00:00
2026-04-26 09:40:43,692 - INFO - Run k_70__d_8__nr_25 | finished | total_elapsed=00:18
2026-04-26 09:40:43,702 - INFO - Run 114/147 | done=113 remain=34 ETA=09:29 | k=70 d=8 nr=35
2026-04-26 09:40:43,702 - INFO - Run k_70__d_8__nr_35 | min_cluster_size=28 | min_samples=5
2026-04-26 09:40:43,703 - INFO - Run k_70__d_8__nr_35 | stage=build_topic_model done | elapsed=00:00
2026-04-26 09:40:43,703 - INFO - Run k_70__d_8__nr_35 | stage=fit_transform start (UMAP+HDBSCAN)
2026-04-26 09:41:02,750 - INFO - Run k_70__d_8__nr_35 | stage=fit_transform done | elapsed=00:19
2026-04-26 09:41:02,754 - INFO - Run k_70__d_8__nr_35 | stage=metrics done | elapsed=00:00
2026-04-26 09:41:02,755 - INFO - Run k_70__d_8__nr_35 | stage=save_outputs done | elapsed=00:00
2026-04-26 09:41:02,755 - INFO - Run k_70__d_8__nr_35 | finished | total_elapsed=00:19
2026-04-26 09:41:02,766 - INFO - Run 115/147 | done=114 remain=33 ETA=09:13 | k=70 d=12 nr=none
2026-04-26 09:41:02,766 - INFO - Run k_70__d_12__nr_none | min_cluster_size=33 | min_samples=6
2026-04-26 09:41:02,767 - INFO - Run k_70__d_12__nr_none | stage=build_topic_model done | elapsed=00:00
2026-04-26 09:41:02,767 - INFO - Run k_70__d_12__nr_none | stage=fit_transform start (UMAP+HDBSCAN)
2026-04-26 09:41:22,221 - INFO - Run k_70__d_12__nr_none | stage=fit_transform done | elapsed=00:19
2026-04-26 09:41:22,226 - INFO - Run k_70__d_12__nr_none | stage=metrics done | elapsed=00:00
2026-04-26 09:41:22,227 - INFO - Run k_70__d_12__nr_none | stage=save_outputs done | elapsed=00:00
2026-04-26 09:41:22,228 - INFO - Run k_70__d_12__nr_none | finished | total_elapsed=00:19
2026-04-26 09:41:22,241 - INFO - Current Top3 Leaderboard:
2026-04-26 09:41:22,241 - INFO -   #1 k=5 d=3 nr=35 | score=0.8689 | coverage=0.7368 | diversity=0.9588 | entropy=0.9392 | discovered=34
2026-04-26 09:41:22,242 - INFO -   #2 k=5 d=8 nr=35 | score=0.8656 | coverage=0.7252 | diversity=0.9676 | entropy=0.9298 | discovered=34
2026-04-26 09:41:22,242 - INFO -   #3 k=5 d=8 nr=none | score=0.8629 | coverage=0.6952 | diversity=0.9686 | entropy=0.9617 | discovered=35
2026-04-26 09:41:22,242 - INFO - Run 116/147 | done=115 remain=32 ETA=08:57 | k=70 d=12 nr=25
2026-04-26 09:41:22,242 - INFO - Run k_70__d_12__nr_25 | min_cluster_size=40 | min_samples=8
2026-04-26 09:41:22,243 - INFO - Run k_70__d_12__nr_25 | stage=build_topic_model done | elapsed=00:00
2026-04-26 09:41:22,243 - INFO - Run k_70__d_12__nr_25 | stage=fit_transform start (UMAP+HDBSCAN)
2026-04-26 09:41:42,532 - INFO - Run k_70__d_12__nr_25 | stage=fit_transform done | elapsed=00:20
2026-04-26 09:41:42,536 - INFO - Run k_70__d_12__nr_25 | stage=metrics done | elapsed=00:00
2026-04-26 09:41:42,536 - INFO - Run k_70__d_12__nr_25 | stage=save_outputs done | elapsed=00:00
2026-04-26 09:41:42,536 - INFO - Run k_70__d_12__nr_25 | finished | total_elapsed=00:20
2026-04-26 09:41:42,551 - INFO - Run 117/147 | done=116 remain=31 ETA=08:41 | k=70 d=12 nr=35
2026-04-26 09:41:42,551 - INFO - Run k_70__d_12__nr_35 | min_cluster_size=28 | min_samples=5
2026-04-26 09:41:42,551 - INFO - Run k_70__d_12__nr_35 | stage=build_topic_model done | elapsed=00:00
2026-04-26 09:41:42,551 - INFO - Run k_70__d_12__nr_35 | stage=fit_transform start (UMAP+HDBSCAN)
2026-04-26 09:42:02,744 - INFO - Run k_70__d_12__nr_35 | stage=fit_transform done | elapsed=00:20
2026-04-26 09:42:02,748 - INFO - Run k_70__d_12__nr_35 | stage=metrics done | elapsed=00:00
2026-04-26 09:42:02,749 - INFO - Run k_70__d_12__nr_35 | stage=save_outputs done | elapsed=00:00
2026-04-26 09:42:02,749 - INFO - Run k_70__d_12__nr_35 | finished | total_elapsed=00:20
2026-04-26 09:42:02,764 - INFO - Run 118/147 | done=117 remain=30 ETA=08:25 | k=70 d=18 nr=none
2026-04-26 09:42:02,764 - INFO - Run k_70__d_18__nr_none | min_cluster_size=33 | min_samples=6
2026-04-26 09:42:02,764 - INFO - Run k_70__d_18__nr_none | stage=build_topic_model done | elapsed=00:00
2026-04-26 09:42:02,765 - INFO - Run k_70__d_18__nr_none | stage=fit_transform start (UMAP+HDBSCAN)
2026-04-26 09:42:23,028 - INFO - Run k_70__d_18__nr_none | stage=fit_transform done | elapsed=00:20
2026-04-26 09:42:23,035 - INFO - Run k_70__d_18__nr_none | stage=metrics done | elapsed=00:00
2026-04-26 09:42:23,037 - INFO - Run k_70__d_18__nr_none | stage=save_outputs done | elapsed=00:00
2026-04-26 09:42:23,037 - INFO - Run k_70__d_18__nr_none | finished | total_elapsed=00:20
2026-04-26 09:42:23,046 - INFO - Run 119/147 | done=118 remain=29 ETA=08:09 | k=70 d=18 nr=25
2026-04-26 09:42:23,047 - INFO - Run k_70__d_18__nr_25 | min_cluster_size=40 | min_samples=8
2026-04-26 09:42:23,047 - INFO - Run k_70__d_18__nr_25 | stage=build_topic_model done | elapsed=00:00
2026-04-26 09:42:23,047 - INFO - Run k_70__d_18__nr_25 | stage=fit_transform start (UMAP+HDBSCAN)
2026-04-26 09:42:43,338 - ERROR - Run failed | k=70 d=18 nr=25
Traceback (most recent call last):
  File "E:\document\PG\studio\content\bertopic_raw_sweep.py", line 422, in run_single_experiment
    topics, _ = topic_model.fit_transform(seg_texts, embeddings=embeddings)
                ^^^^^^^^^^^^^^^^^^^^^^^^^^^^^^^^^^^^^^^^^^^^^^^^^^^^^^^^^^^
  File "D:\an\envs\aigcxhs\Lib\site-packages\bertopic\_bertopic.py", line 520, in fit_transform
    self._extract_topics(
  File "D:\an\envs\aigcxhs\Lib\site-packages\bertopic\_bertopic.py", line 4204, in _extract_topics
    self.c_tf_idf_, words = self._c_tf_idf(documents_per_topic)
                            ^^^^^^^^^^^^^^^^^^^^^^^^^^^^^^^^^^^
  File "D:\an\envs\aigcxhs\Lib\site-packages\bertopic\_bertopic.py", line 4422, in _c_tf_idf
    X = self.vectorizer_model.fit_transform(documents)
        ^^^^^^^^^^^^^^^^^^^^^^^^^^^^^^^^^^^^^^^^^^^^^^
  File "D:\an\envs\aigcxhs\Lib\site-packages\sklearn\base.py", line 1336, in wrapper
    return fit_method(estimator, *args, **kwargs)
           ^^^^^^^^^^^^^^^^^^^^^^^^^^^^^^^^^^^^^^
  File "D:\an\envs\aigcxhs\Lib\site-packages\sklearn\feature_extraction\text.py", line 1396, in fit_transform
    raise ValueError("max_df corresponds to < documents than min_df")
ValueError: max_df corresponds to < documents than min_df
2026-04-26 09:42:43,350 - INFO - Run 120/147 | done=119 remain=28 ETA=07:53 | k=70 d=18 nr=35
2026-04-26 09:42:43,350 - INFO - Run k_70__d_18__nr_35 | min_cluster_size=28 | min_samples=5
2026-04-26 09:42:43,351 - INFO - Run k_70__d_18__nr_35 | stage=build_topic_model done | elapsed=00:00
2026-04-26 09:42:43,351 - INFO - Run k_70__d_18__nr_35 | stage=fit_transform start (UMAP+HDBSCAN)
2026-04-26 09:43:04,438 - INFO - Run k_70__d_18__nr_35 | stage=fit_transform done | elapsed=00:21
2026-04-26 09:43:04,441 - INFO - Run k_70__d_18__nr_35 | stage=metrics done | elapsed=00:00
2026-04-26 09:43:04,443 - INFO - Run k_70__d_18__nr_35 | stage=save_outputs done | elapsed=00:00
2026-04-26 09:43:04,444 - INFO - Run k_70__d_18__nr_35 | finished | total_elapsed=00:21
2026-04-26 09:43:04,456 - INFO - Current Top3 Leaderboard:
2026-04-26 09:43:04,456 - INFO -   #1 k=5 d=3 nr=35 | score=0.8689 | coverage=0.7368 | diversity=0.9588 | entropy=0.9392 | discovered=34
2026-04-26 09:43:04,457 - INFO -   #2 k=5 d=8 nr=35 | score=0.8656 | coverage=0.7252 | diversity=0.9676 | entropy=0.9298 | discovered=34
2026-04-26 09:43:04,457 - INFO -   #3 k=5 d=8 nr=none | score=0.8629 | coverage=0.6952 | diversity=0.9686 | entropy=0.9617 | discovered=35
2026-04-26 09:43:04,457 - INFO - Run 121/147 | done=120 remain=27 ETA=07:37 | k=70 d=25 nr=none
2026-04-26 09:43:04,457 - INFO - Run k_70__d_25__nr_none | min_cluster_size=33 | min_samples=6
2026-04-26 09:43:04,458 - INFO - Run k_70__d_25__nr_none | stage=build_topic_model done | elapsed=00:00
2026-04-26 09:43:04,459 - INFO - Run k_70__d_25__nr_none | stage=fit_transform start (UMAP+HDBSCAN)
2026-04-26 09:43:25,891 - INFO - Run k_70__d_25__nr_none | stage=fit_transform done | elapsed=00:21
2026-04-26 09:43:25,896 - INFO - Run k_70__d_25__nr_none | stage=metrics done | elapsed=00:00
2026-04-26 09:43:25,897 - INFO - Run k_70__d_25__nr_none | stage=save_outputs done | elapsed=00:00
2026-04-26 09:43:25,897 - INFO - Run k_70__d_25__nr_none | finished | total_elapsed=00:21
2026-04-26 09:43:25,910 - INFO - Run 122/147 | done=121 remain=26 ETA=07:21 | k=70 d=25 nr=25
2026-04-26 09:43:25,910 - INFO - Run k_70__d_25__nr_25 | min_cluster_size=40 | min_samples=8
2026-04-26 09:43:25,910 - INFO - Run k_70__d_25__nr_25 | stage=build_topic_model done | elapsed=00:00
2026-04-26 09:43:25,910 - INFO - Run k_70__d_25__nr_25 | stage=fit_transform start (UMAP+HDBSCAN)
2026-04-26 09:43:47,149 - INFO - Run k_70__d_25__nr_25 | stage=fit_transform done | elapsed=00:21
2026-04-26 09:43:47,153 - INFO - Run k_70__d_25__nr_25 | stage=metrics done | elapsed=00:00
2026-04-26 09:43:47,153 - INFO - Run k_70__d_25__nr_25 | stage=save_outputs done | elapsed=00:00
2026-04-26 09:43:47,153 - INFO - Run k_70__d_25__nr_25 | finished | total_elapsed=00:21
2026-04-26 09:43:47,164 - INFO - Run 123/147 | done=122 remain=25 ETA=07:05 | k=70 d=25 nr=35
2026-04-26 09:43:47,165 - INFO - Run k_70__d_25__nr_35 | min_cluster_size=28 | min_samples=5
2026-04-26 09:43:47,165 - INFO - Run k_70__d_25__nr_35 | stage=build_topic_model done | elapsed=00:00
2026-04-26 09:43:47,165 - INFO - Run k_70__d_25__nr_35 | stage=fit_transform start (UMAP+HDBSCAN)
2026-04-26 09:44:08,806 - INFO - Run k_70__d_25__nr_35 | stage=fit_transform done | elapsed=00:21
2026-04-26 09:44:08,809 - INFO - Run k_70__d_25__nr_35 | stage=metrics done | elapsed=00:00
2026-04-26 09:44:08,810 - INFO - Run k_70__d_25__nr_35 | stage=save_outputs done | elapsed=00:00
2026-04-26 09:44:08,810 - INFO - Run k_70__d_25__nr_35 | finished | total_elapsed=00:21
2026-04-26 09:44:08,823 - INFO - Run 124/147 | done=123 remain=24 ETA=06:49 | k=70 d=35 nr=none
2026-04-26 09:44:08,823 - INFO - Run k_70__d_35__nr_none | min_cluster_size=33 | min_samples=6
2026-04-26 09:44:08,824 - INFO - Run k_70__d_35__nr_none | stage=build_topic_model done | elapsed=00:00
2026-04-26 09:44:08,824 - INFO - Run k_70__d_35__nr_none | stage=fit_transform start (UMAP+HDBSCAN)
2026-04-26 09:44:29,662 - INFO - Run k_70__d_35__nr_none | stage=fit_transform done | elapsed=00:20
2026-04-26 09:44:29,664 - INFO - Run k_70__d_35__nr_none | stage=metrics done | elapsed=00:00
2026-04-26 09:44:29,666 - INFO - Run k_70__d_35__nr_none | stage=save_outputs done | elapsed=00:00
2026-04-26 09:44:29,666 - INFO - Run k_70__d_35__nr_none | finished | total_elapsed=00:20
2026-04-26 09:44:29,678 - INFO - Run 125/147 | done=124 remain=23 ETA=06:32 | k=70 d=35 nr=25
2026-04-26 09:44:29,678 - INFO - Run k_70__d_35__nr_25 | min_cluster_size=40 | min_samples=8
2026-04-26 09:44:29,678 - INFO - Run k_70__d_35__nr_25 | stage=build_topic_model done | elapsed=00:00
2026-04-26 09:44:29,678 - INFO - Run k_70__d_35__nr_25 | stage=fit_transform start (UMAP+HDBSCAN)
2026-04-26 09:44:50,515 - INFO - Run k_70__d_35__nr_25 | stage=fit_transform done | elapsed=00:20
2026-04-26 09:44:50,518 - INFO - Run k_70__d_35__nr_25 | stage=metrics done | elapsed=00:00
2026-04-26 09:44:50,519 - INFO - Run k_70__d_35__nr_25 | stage=save_outputs done | elapsed=00:00
2026-04-26 09:44:50,519 - INFO - Run k_70__d_35__nr_25 | finished | total_elapsed=00:20
2026-04-26 09:44:50,529 - INFO - Current Top3 Leaderboard:
2026-04-26 09:44:50,529 - INFO -   #1 k=5 d=3 nr=35 | score=0.8689 | coverage=0.7368 | diversity=0.9588 | entropy=0.9392 | discovered=34
2026-04-26 09:44:50,529 - INFO -   #2 k=5 d=8 nr=35 | score=0.8656 | coverage=0.7252 | diversity=0.9676 | entropy=0.9298 | discovered=34
2026-04-26 09:44:50,530 - INFO -   #3 k=5 d=8 nr=none | score=0.8629 | coverage=0.6952 | diversity=0.9686 | entropy=0.9617 | discovered=35
2026-04-26 09:44:50,530 - INFO - Run 126/147 | done=125 remain=22 ETA=06:16 | k=70 d=35 nr=35
2026-04-26 09:44:50,530 - INFO - Run k_70__d_35__nr_35 | min_cluster_size=28 | min_samples=5
2026-04-26 09:44:50,530 - INFO - Run k_70__d_35__nr_35 | stage=build_topic_model done | elapsed=00:00
2026-04-26 09:44:50,531 - INFO - Run k_70__d_35__nr_35 | stage=fit_transform start (UMAP+HDBSCAN)
2026-04-26 09:45:11,219 - INFO - Run k_70__d_35__nr_35 | stage=fit_transform done | elapsed=00:20
2026-04-26 09:45:11,222 - INFO - Run k_70__d_35__nr_35 | stage=metrics done | elapsed=00:00
2026-04-26 09:45:11,223 - INFO - Run k_70__d_35__nr_35 | stage=save_outputs done | elapsed=00:00
2026-04-26 09:45:11,223 - INFO - Run k_70__d_35__nr_35 | finished | total_elapsed=00:20
2026-04-26 09:45:11,234 - INFO - Run 127/147 | done=126 remain=21 ETA=06:00 | k=90 d=3 nr=none
2026-04-26 09:45:11,236 - INFO - Run k_90__d_3__nr_none | min_cluster_size=33 | min_samples=6
2026-04-26 09:45:11,236 - INFO - Run k_90__d_3__nr_none | stage=build_topic_model done | elapsed=00:00
2026-04-26 09:45:11,236 - INFO - Run k_90__d_3__nr_none | stage=fit_transform start (UMAP+HDBSCAN)
2026-04-26 09:45:29,205 - INFO - Run k_90__d_3__nr_none | stage=fit_transform done | elapsed=00:17
2026-04-26 09:45:29,208 - INFO - Run k_90__d_3__nr_none | stage=metrics done | elapsed=00:00
2026-04-26 09:45:29,209 - INFO - Run k_90__d_3__nr_none | stage=save_outputs done | elapsed=00:00
2026-04-26 09:45:29,209 - INFO - Run k_90__d_3__nr_none | finished | total_elapsed=00:17
2026-04-26 09:45:29,223 - INFO - Run 128/147 | done=127 remain=20 ETA=05:42 | k=90 d=3 nr=25
2026-04-26 09:45:29,223 - INFO - Run k_90__d_3__nr_25 | min_cluster_size=40 | min_samples=8
2026-04-26 09:45:29,223 - INFO - Run k_90__d_3__nr_25 | stage=build_topic_model done | elapsed=00:00
2026-04-26 09:45:29,223 - INFO - Run k_90__d_3__nr_25 | stage=fit_transform start (UMAP+HDBSCAN)
2026-04-26 09:45:48,722 - INFO - Run k_90__d_3__nr_25 | stage=fit_transform done | elapsed=00:19
2026-04-26 09:45:48,724 - INFO - Run k_90__d_3__nr_25 | stage=metrics done | elapsed=00:00
2026-04-26 09:45:48,725 - INFO - Run k_90__d_3__nr_25 | stage=save_outputs done | elapsed=00:00
2026-04-26 09:45:48,726 - INFO - Run k_90__d_3__nr_25 | finished | total_elapsed=00:19
2026-04-26 09:45:48,737 - INFO - Run 129/147 | done=128 remain=19 ETA=05:26 | k=90 d=3 nr=35
2026-04-26 09:45:48,738 - INFO - Run k_90__d_3__nr_35 | min_cluster_size=28 | min_samples=5
2026-04-26 09:45:48,738 - INFO - Run k_90__d_3__nr_35 | stage=build_topic_model done | elapsed=00:00
2026-04-26 09:45:48,738 - INFO - Run k_90__d_3__nr_35 | stage=fit_transform start (UMAP+HDBSCAN)
2026-04-26 09:46:08,206 - INFO - Run k_90__d_3__nr_35 | stage=fit_transform done | elapsed=00:19
2026-04-26 09:46:08,210 - INFO - Run k_90__d_3__nr_35 | stage=metrics done | elapsed=00:00
2026-04-26 09:46:08,210 - INFO - Run k_90__d_3__nr_35 | stage=save_outputs done | elapsed=00:00
2026-04-26 09:46:08,210 - INFO - Run k_90__d_3__nr_35 | finished | total_elapsed=00:19
2026-04-26 09:46:08,224 - INFO - Run 130/147 | done=129 remain=18 ETA=05:09 | k=90 d=5 nr=none
2026-04-26 09:46:08,224 - INFO - Run k_90__d_5__nr_none | min_cluster_size=33 | min_samples=6
2026-04-26 09:46:08,224 - INFO - Run k_90__d_5__nr_none | stage=build_topic_model done | elapsed=00:00
2026-04-26 09:46:08,224 - INFO - Run k_90__d_5__nr_none | stage=fit_transform start (UMAP+HDBSCAN)
2026-04-26 09:46:28,008 - INFO - Run k_90__d_5__nr_none | stage=fit_transform done | elapsed=00:19
2026-04-26 09:46:28,011 - INFO - Run k_90__d_5__nr_none | stage=metrics done | elapsed=00:00
2026-04-26 09:46:28,012 - INFO - Run k_90__d_5__nr_none | stage=save_outputs done | elapsed=00:00
2026-04-26 09:46:28,012 - INFO - Run k_90__d_5__nr_none | finished | total_elapsed=00:19
2026-04-26 09:46:28,025 - INFO - Current Top3 Leaderboard:
2026-04-26 09:46:28,025 - INFO -   #1 k=5 d=3 nr=35 | score=0.8689 | coverage=0.7368 | diversity=0.9588 | entropy=0.9392 | discovered=34
2026-04-26 09:46:28,025 - INFO -   #2 k=5 d=8 nr=35 | score=0.8656 | coverage=0.7252 | diversity=0.9676 | entropy=0.9298 | discovered=34
2026-04-26 09:46:28,025 - INFO -   #3 k=5 d=8 nr=none | score=0.8629 | coverage=0.6952 | diversity=0.9686 | entropy=0.9617 | discovered=35
2026-04-26 09:46:28,025 - INFO - Run 131/147 | done=130 remain=17 ETA=04:52 | k=90 d=5 nr=25
2026-04-26 09:46:28,025 - INFO - Run k_90__d_5__nr_25 | min_cluster_size=40 | min_samples=8
2026-04-26 09:46:28,025 - INFO - Run k_90__d_5__nr_25 | stage=build_topic_model done | elapsed=00:00
2026-04-26 09:46:28,026 - INFO - Run k_90__d_5__nr_25 | stage=fit_transform start (UMAP+HDBSCAN)
2026-04-26 09:46:48,209 - INFO - Run k_90__d_5__nr_25 | stage=fit_transform done | elapsed=00:20
2026-04-26 09:46:48,213 - INFO - Run k_90__d_5__nr_25 | stage=metrics done | elapsed=00:00
2026-04-26 09:46:48,213 - INFO - Run k_90__d_5__nr_25 | stage=save_outputs done | elapsed=00:00
2026-04-26 09:46:48,213 - INFO - Run k_90__d_5__nr_25 | finished | total_elapsed=00:20
2026-04-26 09:46:48,228 - INFO - Run 132/147 | done=131 remain=16 ETA=04:35 | k=90 d=5 nr=35
2026-04-26 09:46:48,228 - INFO - Run k_90__d_5__nr_35 | min_cluster_size=28 | min_samples=5
2026-04-26 09:46:48,229 - INFO - Run k_90__d_5__nr_35 | stage=build_topic_model done | elapsed=00:00
2026-04-26 09:46:48,229 - INFO - Run k_90__d_5__nr_35 | stage=fit_transform start (UMAP+HDBSCAN)
2026-04-26 09:47:08,544 - INFO - Run k_90__d_5__nr_35 | stage=fit_transform done | elapsed=00:20
2026-04-26 09:47:08,546 - INFO - Run k_90__d_5__nr_35 | stage=metrics done | elapsed=00:00
2026-04-26 09:47:08,548 - INFO - Run k_90__d_5__nr_35 | stage=save_outputs done | elapsed=00:00
2026-04-26 09:47:08,548 - INFO - Run k_90__d_5__nr_35 | finished | total_elapsed=00:20
2026-04-26 09:47:08,570 - INFO - Run 133/147 | done=132 remain=15 ETA=04:18 | k=90 d=8 nr=none
2026-04-26 09:47:08,570 - INFO - Run k_90__d_8__nr_none | min_cluster_size=33 | min_samples=6
2026-04-26 09:47:08,571 - INFO - Run k_90__d_8__nr_none | stage=build_topic_model done | elapsed=00:00
2026-04-26 09:47:08,571 - INFO - Run k_90__d_8__nr_none | stage=fit_transform start (UMAP+HDBSCAN)
2026-04-26 09:47:27,717 - INFO - Run k_90__d_8__nr_none | stage=fit_transform done | elapsed=00:19
2026-04-26 09:47:27,720 - INFO - Run k_90__d_8__nr_none | stage=metrics done | elapsed=00:00
2026-04-26 09:47:27,720 - INFO - Run k_90__d_8__nr_none | stage=save_outputs done | elapsed=00:00
2026-04-26 09:47:27,720 - INFO - Run k_90__d_8__nr_none | finished | total_elapsed=00:19
2026-04-26 09:47:27,731 - INFO - Run 134/147 | done=133 remain=14 ETA=04:01 | k=90 d=8 nr=25
2026-04-26 09:47:27,731 - INFO - Run k_90__d_8__nr_25 | min_cluster_size=40 | min_samples=8
2026-04-26 09:47:27,732 - INFO - Run k_90__d_8__nr_25 | stage=build_topic_model done | elapsed=00:00
2026-04-26 09:47:27,732 - INFO - Run k_90__d_8__nr_25 | stage=fit_transform start (UMAP+HDBSCAN)
2026-04-26 09:47:47,359 - INFO - Run k_90__d_8__nr_25 | stage=fit_transform done | elapsed=00:19
2026-04-26 09:47:47,362 - INFO - Run k_90__d_8__nr_25 | stage=metrics done | elapsed=00:00
2026-04-26 09:47:47,362 - INFO - Run k_90__d_8__nr_25 | stage=save_outputs done | elapsed=00:00
2026-04-26 09:47:47,363 - INFO - Run k_90__d_8__nr_25 | finished | total_elapsed=00:19
2026-04-26 09:47:47,378 - INFO - Run 135/147 | done=134 remain=13 ETA=03:44 | k=90 d=8 nr=35
2026-04-26 09:47:47,378 - INFO - Run k_90__d_8__nr_35 | min_cluster_size=28 | min_samples=5
2026-04-26 09:47:47,378 - INFO - Run k_90__d_8__nr_35 | stage=build_topic_model done | elapsed=00:00
2026-04-26 09:47:47,378 - INFO - Run k_90__d_8__nr_35 | stage=fit_transform start (UMAP+HDBSCAN)
2026-04-26 09:48:07,037 - INFO - Run k_90__d_8__nr_35 | stage=fit_transform done | elapsed=00:19
2026-04-26 09:48:07,040 - INFO - Run k_90__d_8__nr_35 | stage=metrics done | elapsed=00:00
2026-04-26 09:48:07,040 - INFO - Run k_90__d_8__nr_35 | stage=save_outputs done | elapsed=00:00
2026-04-26 09:48:07,041 - INFO - Run k_90__d_8__nr_35 | finished | total_elapsed=00:19
2026-04-26 09:48:07,053 - INFO - Current Top3 Leaderboard:
2026-04-26 09:48:07,053 - INFO -   #1 k=5 d=3 nr=35 | score=0.8689 | coverage=0.7368 | diversity=0.9588 | entropy=0.9392 | discovered=34
2026-04-26 09:48:07,053 - INFO -   #2 k=5 d=8 nr=35 | score=0.8656 | coverage=0.7252 | diversity=0.9676 | entropy=0.9298 | discovered=34
2026-04-26 09:48:07,054 - INFO -   #3 k=5 d=8 nr=none | score=0.8629 | coverage=0.6952 | diversity=0.9686 | entropy=0.9617 | discovered=35
2026-04-26 09:48:07,054 - INFO - Run 136/147 | done=135 remain=12 ETA=03:27 | k=90 d=12 nr=none
2026-04-26 09:48:07,054 - INFO - Run k_90__d_12__nr_none | min_cluster_size=33 | min_samples=6
2026-04-26 09:48:07,054 - INFO - Run k_90__d_12__nr_none | stage=build_topic_model done | elapsed=00:00
2026-04-26 09:48:07,054 - INFO - Run k_90__d_12__nr_none | stage=fit_transform start (UMAP+HDBSCAN)
2026-04-26 09:48:27,091 - INFO - Run k_90__d_12__nr_none | stage=fit_transform done | elapsed=00:20
2026-04-26 09:48:27,094 - INFO - Run k_90__d_12__nr_none | stage=metrics done | elapsed=00:00
2026-04-26 09:48:27,096 - INFO - Run k_90__d_12__nr_none | stage=save_outputs done | elapsed=00:00
2026-04-26 09:48:27,096 - INFO - Run k_90__d_12__nr_none | finished | total_elapsed=00:20
2026-04-26 09:48:27,109 - INFO - Run 137/147 | done=136 remain=11 ETA=03:10 | k=90 d=12 nr=25
2026-04-26 09:48:27,109 - INFO - Run k_90__d_12__nr_25 | min_cluster_size=40 | min_samples=8
2026-04-26 09:48:27,109 - INFO - Run k_90__d_12__nr_25 | stage=build_topic_model done | elapsed=00:00
2026-04-26 09:48:27,109 - INFO - Run k_90__d_12__nr_25 | stage=fit_transform start (UMAP+HDBSCAN)
2026-04-26 09:48:47,582 - INFO - Run k_90__d_12__nr_25 | stage=fit_transform done | elapsed=00:20
2026-04-26 09:48:47,586 - INFO - Run k_90__d_12__nr_25 | stage=metrics done | elapsed=00:00
2026-04-26 09:48:47,587 - INFO - Run k_90__d_12__nr_25 | stage=save_outputs done | elapsed=00:00
2026-04-26 09:48:47,587 - INFO - Run k_90__d_12__nr_25 | finished | total_elapsed=00:20
2026-04-26 09:48:47,599 - INFO - Run 138/147 | done=137 remain=10 ETA=02:53 | k=90 d=12 nr=35
2026-04-26 09:48:47,599 - INFO - Run k_90__d_12__nr_35 | min_cluster_size=28 | min_samples=5
2026-04-26 09:48:47,600 - INFO - Run k_90__d_12__nr_35 | stage=build_topic_model done | elapsed=00:00
2026-04-26 09:48:47,600 - INFO - Run k_90__d_12__nr_35 | stage=fit_transform start (UMAP+HDBSCAN)
2026-04-26 09:49:08,325 - INFO - Run k_90__d_12__nr_35 | stage=fit_transform done | elapsed=00:20
2026-04-26 09:49:08,329 - INFO - Run k_90__d_12__nr_35 | stage=metrics done | elapsed=00:00
2026-04-26 09:49:08,330 - INFO - Run k_90__d_12__nr_35 | stage=save_outputs done | elapsed=00:00
2026-04-26 09:49:08,330 - INFO - Run k_90__d_12__nr_35 | finished | total_elapsed=00:20
2026-04-26 09:49:08,344 - INFO - Run 139/147 | done=138 remain=9 ETA=02:36 | k=90 d=18 nr=none
2026-04-26 09:49:08,344 - INFO - Run k_90__d_18__nr_none | min_cluster_size=33 | min_samples=6
2026-04-26 09:49:08,344 - INFO - Run k_90__d_18__nr_none | stage=build_topic_model done | elapsed=00:00
2026-04-26 09:49:08,344 - INFO - Run k_90__d_18__nr_none | stage=fit_transform start (UMAP+HDBSCAN)
2026-04-26 09:49:29,000 - INFO - Run k_90__d_18__nr_none | stage=fit_transform done | elapsed=00:20
2026-04-26 09:49:29,003 - INFO - Run k_90__d_18__nr_none | stage=metrics done | elapsed=00:00
2026-04-26 09:49:29,003 - INFO - Run k_90__d_18__nr_none | stage=save_outputs done | elapsed=00:00
2026-04-26 09:49:29,004 - INFO - Run k_90__d_18__nr_none | finished | total_elapsed=00:20
2026-04-26 09:49:29,018 - INFO - Run 140/147 | done=139 remain=8 ETA=02:19 | k=90 d=18 nr=25
2026-04-26 09:49:29,018 - INFO - Run k_90__d_18__nr_25 | min_cluster_size=40 | min_samples=8
2026-04-26 09:49:29,018 - INFO - Run k_90__d_18__nr_25 | stage=build_topic_model done | elapsed=00:00
2026-04-26 09:49:29,018 - INFO - Run k_90__d_18__nr_25 | stage=fit_transform start (UMAP+HDBSCAN)
2026-04-26 09:49:51,150 - INFO - Run k_90__d_18__nr_25 | stage=fit_transform done | elapsed=00:22
2026-04-26 09:49:51,152 - INFO - Run k_90__d_18__nr_25 | stage=metrics done | elapsed=00:00
2026-04-26 09:49:51,154 - INFO - Run k_90__d_18__nr_25 | stage=save_outputs done | elapsed=00:00
2026-04-26 09:49:51,154 - INFO - Run k_90__d_18__nr_25 | finished | total_elapsed=00:22
2026-04-26 09:49:51,168 - INFO - Current Top3 Leaderboard:
2026-04-26 09:49:51,168 - INFO -   #1 k=5 d=3 nr=35 | score=0.8689 | coverage=0.7368 | diversity=0.9588 | entropy=0.9392 | discovered=34
2026-04-26 09:49:51,168 - INFO -   #2 k=5 d=8 nr=35 | score=0.8656 | coverage=0.7252 | diversity=0.9676 | entropy=0.9298 | discovered=34
2026-04-26 09:49:51,168 - INFO -   #3 k=5 d=8 nr=none | score=0.8629 | coverage=0.6952 | diversity=0.9686 | entropy=0.9617 | discovered=35
2026-04-26 09:49:51,169 - INFO - Run 141/147 | done=140 remain=7 ETA=02:01 | k=90 d=18 nr=35
2026-04-26 09:49:51,169 - INFO - Run k_90__d_18__nr_35 | min_cluster_size=28 | min_samples=5
2026-04-26 09:49:51,169 - INFO - Run k_90__d_18__nr_35 | stage=build_topic_model done | elapsed=00:00
2026-04-26 09:49:51,169 - INFO - Run k_90__d_18__nr_35 | stage=fit_transform start (UMAP+HDBSCAN)
2026-04-26 09:50:12,510 - INFO - Run k_90__d_18__nr_35 | stage=fit_transform done | elapsed=00:21
2026-04-26 09:50:12,514 - INFO - Run k_90__d_18__nr_35 | stage=metrics done | elapsed=00:00
2026-04-26 09:50:12,514 - INFO - Run k_90__d_18__nr_35 | stage=save_outputs done | elapsed=00:00
2026-04-26 09:50:12,514 - INFO - Run k_90__d_18__nr_35 | finished | total_elapsed=00:21
2026-04-26 09:50:12,528 - INFO - Run 142/147 | done=141 remain=6 ETA=01:44 | k=90 d=25 nr=none
2026-04-26 09:50:12,528 - INFO - Run k_90__d_25__nr_none | min_cluster_size=33 | min_samples=6
2026-04-26 09:50:12,528 - INFO - Run k_90__d_25__nr_none | stage=build_topic_model done | elapsed=00:00
2026-04-26 09:50:12,528 - INFO - Run k_90__d_25__nr_none | stage=fit_transform start (UMAP+HDBSCAN)
2026-04-26 09:50:34,521 - INFO - Run k_90__d_25__nr_none | stage=fit_transform done | elapsed=00:21
2026-04-26 09:50:34,524 - INFO - Run k_90__d_25__nr_none | stage=metrics done | elapsed=00:00
2026-04-26 09:50:34,525 - INFO - Run k_90__d_25__nr_none | stage=save_outputs done | elapsed=00:00
2026-04-26 09:50:34,525 - INFO - Run k_90__d_25__nr_none | finished | total_elapsed=00:21
2026-04-26 09:50:34,539 - INFO - Run 143/147 | done=142 remain=5 ETA=01:27 | k=90 d=25 nr=25
2026-04-26 09:50:34,539 - INFO - Run k_90__d_25__nr_25 | min_cluster_size=40 | min_samples=8
2026-04-26 09:50:34,539 - INFO - Run k_90__d_25__nr_25 | stage=build_topic_model done | elapsed=00:00
2026-04-26 09:50:34,540 - INFO - Run k_90__d_25__nr_25 | stage=fit_transform start (UMAP+HDBSCAN)
2026-04-26 09:50:56,544 - INFO - Run k_90__d_25__nr_25 | stage=fit_transform done | elapsed=00:22
2026-04-26 09:50:56,547 - INFO - Run k_90__d_25__nr_25 | stage=metrics done | elapsed=00:00
2026-04-26 09:50:56,547 - INFO - Run k_90__d_25__nr_25 | stage=save_outputs done | elapsed=00:00
2026-04-26 09:50:56,548 - INFO - Run k_90__d_25__nr_25 | finished | total_elapsed=00:22
2026-04-26 09:50:56,562 - INFO - Run 144/147 | done=143 remain=4 ETA=01:10 | k=90 d=25 nr=35
2026-04-26 09:50:56,562 - INFO - Run k_90__d_25__nr_35 | min_cluster_size=28 | min_samples=5
2026-04-26 09:50:56,562 - INFO - Run k_90__d_25__nr_35 | stage=build_topic_model done | elapsed=00:00
2026-04-26 09:50:56,562 - INFO - Run k_90__d_25__nr_35 | stage=fit_transform start (UMAP+HDBSCAN)
2026-04-26 09:51:16,954 - INFO - Run k_90__d_25__nr_35 | stage=fit_transform done | elapsed=00:20
2026-04-26 09:51:16,957 - INFO - Run k_90__d_25__nr_35 | stage=metrics done | elapsed=00:00
2026-04-26 09:51:16,959 - INFO - Run k_90__d_25__nr_35 | stage=save_outputs done | elapsed=00:00
2026-04-26 09:51:16,959 - INFO - Run k_90__d_25__nr_35 | finished | total_elapsed=00:20
2026-04-26 09:51:16,970 - INFO - Run 145/147 | done=144 remain=3 ETA=00:52 | k=90 d=35 nr=none
2026-04-26 09:51:16,970 - INFO - Run k_90__d_35__nr_none | min_cluster_size=33 | min_samples=6
2026-04-26 09:51:16,971 - INFO - Run k_90__d_35__nr_none | stage=build_topic_model done | elapsed=00:00
2026-04-26 09:51:16,971 - INFO - Run k_90__d_35__nr_none | stage=fit_transform start (UMAP+HDBSCAN)
2026-04-26 09:51:38,550 - INFO - Run k_90__d_35__nr_none | stage=fit_transform done | elapsed=00:21
2026-04-26 09:51:38,553 - INFO - Run k_90__d_35__nr_none | stage=metrics done | elapsed=00:00
2026-04-26 09:51:38,554 - INFO - Run k_90__d_35__nr_none | stage=save_outputs done | elapsed=00:00
2026-04-26 09:51:38,554 - INFO - Run k_90__d_35__nr_none | finished | total_elapsed=00:21
2026-04-26 09:51:38,565 - INFO - Current Top3 Leaderboard:
2026-04-26 09:51:38,565 - INFO -   #1 k=5 d=3 nr=35 | score=0.8689 | coverage=0.7368 | diversity=0.9588 | entropy=0.9392 | discovered=34
2026-04-26 09:51:38,565 - INFO -   #2 k=5 d=8 nr=35 | score=0.8656 | coverage=0.7252 | diversity=0.9676 | entropy=0.9298 | discovered=34
2026-04-26 09:51:38,565 - INFO -   #3 k=5 d=8 nr=none | score=0.8629 | coverage=0.6952 | diversity=0.9686 | entropy=0.9617 | discovered=35
2026-04-26 09:51:38,566 - INFO - Run 146/147 | done=145 remain=2 ETA=00:35 | k=90 d=35 nr=25
2026-04-26 09:51:38,566 - INFO - Run k_90__d_35__nr_25 | min_cluster_size=40 | min_samples=8
2026-04-26 09:51:38,566 - INFO - Run k_90__d_35__nr_25 | stage=build_topic_model done | elapsed=00:00
2026-04-26 09:51:38,567 - INFO - Run k_90__d_35__nr_25 | stage=fit_transform start (UMAP+HDBSCAN)
2026-04-26 09:57:09,459 - INFO - Loading data: E:\document\PG\studio\content\bertopic_ready_data\bertopic_train_data.csv
2026-04-26 09:57:09,768 - INFO - Valid rows before short-text filter: 18146
2026-04-26 09:57:09,778 - WARNING - Coarse sweep: subsampled to 4000 rows (max_docs=4000, seed=13). Scores are indicative only; re-run full data for final pick.
2026-04-26 09:57:09,804 - INFO - CUDA[0] NVIDIA GeForce RTX 5070 Laptop GPU | capability=(12, 0) | total VRAM=8.0 GiB
2026-04-26 09:57:09,804 - INFO - Load embedding model BAAI/bge-large-zh-v1.5 on cuda
2026-04-26 09:57:09,807 - INFO - Load pretrained SentenceTransformer: BAAI/bge-large-zh-v1.5
2026-04-26 09:57:10,636 - INFO - HTTP Request: HEAD https://hf-mirror.com/BAAI/bge-large-zh-v1.5/resolve/main/modules.json "HTTP/1.1 307 Temporary Redirect"
2026-04-26 09:57:10,923 - INFO - HTTP Request: HEAD https://hf-mirror.com/api/resolve-cache/models/BAAI/bge-large-zh-v1.5/79e7739b6ab944e86d6171e44d24c997fc1e0116/modules.json "HTTP/1.1 200 OK"
2026-04-26 09:57:11,223 - INFO - HTTP Request: HEAD https://hf-mirror.com/BAAI/bge-large-zh-v1.5/resolve/main/config_sentence_transformers.json "HTTP/1.1 307 Temporary Redirect"
2026-04-26 09:57:11,379 - INFO - HTTP Request: HEAD https://hf-mirror.com/api/resolve-cache/models/BAAI/bge-large-zh-v1.5/79e7739b6ab944e86d6171e44d24c997fc1e0116/config_sentence_transformers.json "HTTP/1.1 200 OK"
2026-04-26 09:57:11,682 - INFO - HTTP Request: HEAD https://hf-mirror.com/BAAI/bge-large-zh-v1.5/resolve/main/config_sentence_transformers.json "HTTP/1.1 307 Temporary Redirect"
2026-04-26 09:57:11,922 - INFO - HTTP Request: HEAD https://hf-mirror.com/api/resolve-cache/models/BAAI/bge-large-zh-v1.5/79e7739b6ab944e86d6171e44d24c997fc1e0116/config_sentence_transformers.json "HTTP/1.1 200 OK"
2026-04-26 09:57:12,203 - INFO - HTTP Request: HEAD https://hf-mirror.com/BAAI/bge-large-zh-v1.5/resolve/main/README.md "HTTP/1.1 307 Temporary Redirect"
2026-04-26 09:57:12,412 - INFO - HTTP Request: HEAD https://hf-mirror.com/api/resolve-cache/models/BAAI/bge-large-zh-v1.5/79e7739b6ab944e86d6171e44d24c997fc1e0116/README.md "HTTP/1.1 200 OK"
2026-04-26 09:57:12,760 - INFO - HTTP Request: HEAD https://hf-mirror.com/BAAI/bge-large-zh-v1.5/resolve/main/modules.json "HTTP/1.1 307 Temporary Redirect"
2026-04-26 09:57:12,857 - INFO - HTTP Request: HEAD https://hf-mirror.com/api/resolve-cache/models/BAAI/bge-large-zh-v1.5/79e7739b6ab944e86d6171e44d24c997fc1e0116/modules.json "HTTP/1.1 200 OK"
2026-04-26 09:57:13,152 - INFO - HTTP Request: HEAD https://hf-mirror.com/BAAI/bge-large-zh-v1.5/resolve/main/sentence_bert_config.json "HTTP/1.1 307 Temporary Redirect"
2026-04-26 09:57:13,260 - INFO - HTTP Request: HEAD https://hf-mirror.com/api/resolve-cache/models/BAAI/bge-large-zh-v1.5/79e7739b6ab944e86d6171e44d24c997fc1e0116/sentence_bert_config.json "HTTP/1.1 200 OK"
2026-04-26 09:57:13,533 - INFO - HTTP Request: HEAD https://hf-mirror.com/BAAI/bge-large-zh-v1.5/resolve/main/adapter_config.json "HTTP/1.1 404 Not Found"
2026-04-26 09:57:13,824 - INFO - HTTP Request: HEAD https://hf-mirror.com/BAAI/bge-large-zh-v1.5/resolve/main/config.json "HTTP/1.1 307 Temporary Redirect"
2026-04-26 09:57:14,058 - INFO - HTTP Request: HEAD https://hf-mirror.com/api/resolve-cache/models/BAAI/bge-large-zh-v1.5/79e7739b6ab944e86d6171e44d24c997fc1e0116/config.json "HTTP/1.1 200 OK"
2026-04-26 09:57:14,397 - INFO - HTTP Request: HEAD https://hf-mirror.com/BAAI/bge-large-zh-v1.5/resolve/main/config.json "HTTP/1.1 307 Temporary Redirect"
2026-04-26 09:57:14,515 - INFO - HTTP Request: HEAD https://hf-mirror.com/api/resolve-cache/models/BAAI/bge-large-zh-v1.5/79e7739b6ab944e86d6171e44d24c997fc1e0116/config.json "HTTP/1.1 200 OK"
2026-04-26 09:57:14,837 - INFO - HTTP Request: HEAD https://hf-mirror.com/BAAI/bge-large-zh-v1.5/resolve/main/model.safetensors "HTTP/1.1 404 Not Found"
2026-04-26 09:57:15,007 - INFO - HTTP Request: GET https://hf-mirror.com/api/models/BAAI/bge-large-zh-v1.5 "HTTP/1.1 200 OK"
2026-04-26 09:57:15,188 - INFO - HTTP Request: GET https://hf-mirror.com/api/models/BAAI/bge-large-zh-v1.5/commits/main "HTTP/1.1 200 OK"
2026-04-26 09:57:15,594 - INFO - HTTP Request: HEAD https://hf-mirror.com/BAAI/bge-large-zh-v1.5/resolve/main/config.json "HTTP/1.1 307 Temporary Redirect"
2026-04-26 09:57:15,869 - INFO - HTTP Request: GET https://hf-mirror.com/api/models/BAAI/bge-large-zh-v1.5/discussions?p=0 "HTTP/1.1 200 OK"
2026-04-26 09:57:15,875 - INFO - HTTP Request: HEAD https://hf-mirror.com/api/resolve-cache/models/BAAI/bge-large-zh-v1.5/79e7739b6ab944e86d6171e44d24c997fc1e0116/config.json "HTTP/1.1 200 OK"
2026-04-26 09:57:16,107 - INFO - HTTP Request: GET https://hf-mirror.com/api/models/BAAI/bge-large-zh-v1.5/commits/refs%2Fpr%2F35 "HTTP/1.1 200 OK"
2026-04-26 09:57:16,161 - INFO - HTTP Request: HEAD https://hf-mirror.com/BAAI/bge-large-zh-v1.5/resolve/main/tokenizer_config.json "HTTP/1.1 307 Temporary Redirect"
2026-04-26 09:57:16,382 - INFO - HTTP Request: HEAD https://hf-mirror.com/api/resolve-cache/models/BAAI/bge-large-zh-v1.5/79e7739b6ab944e86d6171e44d24c997fc1e0116/tokenizer_config.json "HTTP/1.1 200 OK"
2026-04-26 09:57:16,390 - INFO - HTTP Request: HEAD https://hf-mirror.com/BAAI/bge-large-zh-v1.5/resolve/refs%2Fpr%2F35/model.safetensors.index.json "HTTP/1.1 404 Not Found"
2026-04-26 09:57:16,673 - INFO - HTTP Request: GET https://hf-mirror.com/api/models/BAAI/bge-large-zh-v1.5/tree/main/additional_chat_templates?recursive=false&expand=false "HTTP/1.1 404 Not Found"
2026-04-26 09:57:16,689 - INFO - HTTP Request: HEAD https://hf-mirror.com/BAAI/bge-large-zh-v1.5/resolve/refs%2Fpr%2F35/model.safetensors "HTTP/1.1 302 Found"
2026-04-26 09:57:16,801 - INFO - HTTP Request: GET https://hf-mirror.com/api/models/BAAI/bge-large-zh-v1.5/tree/main?recursive=true&expand=false "HTTP/1.1 200 OK"
2026-04-26 09:57:17,108 - INFO - HTTP Request: HEAD https://hf-mirror.com/BAAI/bge-large-zh-v1.5/resolve/main/1_Pooling/config.json "HTTP/1.1 307 Temporary Redirect"
2026-04-26 09:57:17,244 - INFO - HTTP Request: HEAD https://hf-mirror.com/api/resolve-cache/models/BAAI/bge-large-zh-v1.5/79e7739b6ab944e86d6171e44d24c997fc1e0116/1_Pooling%2Fconfig.json "HTTP/1.1 200 OK"
2026-04-26 09:57:17,376 - INFO - HTTP Request: GET https://hf-mirror.com/api/models/BAAI/bge-large-zh-v1.5 "HTTP/1.1 200 OK"
2026-04-26 09:57:19,168 - INFO - Precompute embeddings once for all runs (stage=start)
2026-04-26 09:58:37,650 - INFO - Precompute embeddings done | elapsed=01:18 | vectors=4000
2026-04-26 09:58:37,651 - INFO - Total runs: 147
2026-04-26 09:58:37,651 - INFO - Run 1/147 | done=0 remain=147 ETA=unknown | k=5 d=3 nr=none
2026-04-26 09:58:37,651 - INFO - Run k_5__d_3__nr_none | min_cluster_size=33 | min_samples=6
2026-04-26 09:58:37,652 - INFO - Run k_5__d_3__nr_none | stage=build_topic_model done | elapsed=00:00
2026-04-26 09:58:37,652 - INFO - Run k_5__d_3__nr_none | stage=fit_transform start (UMAP+HDBSCAN)
2026-04-26 09:58:57,978 - INFO - Run k_5__d_3__nr_none | stage=fit_transform done | elapsed=00:20
2026-04-26 09:58:57,982 - INFO - Run k_5__d_3__nr_none | stage=metrics done | elapsed=00:00
2026-04-26 09:58:57,982 - INFO - Run k_5__d_3__nr_none | stage=save_outputs done | elapsed=00:00
2026-04-26 09:58:57,982 - INFO - Run k_5__d_3__nr_none | finished | total_elapsed=00:20
2026-04-26 09:58:57,992 - INFO - Run 2/147 | done=1 remain=146 ETA=49:28 | k=5 d=3 nr=25
2026-04-26 09:58:57,992 - INFO - Run k_5__d_3__nr_25 | min_cluster_size=40 | min_samples=8
2026-04-26 09:58:57,992 - INFO - Run k_5__d_3__nr_25 | stage=build_topic_model done | elapsed=00:00
2026-04-26 09:58:57,992 - INFO - Run k_5__d_3__nr_25 | stage=fit_transform start (UMAP+HDBSCAN)
2026-04-26 09:59:13,386 - INFO - Run k_5__d_3__nr_25 | stage=fit_transform done | elapsed=00:15
2026-04-26 09:59:13,390 - INFO - Run k_5__d_3__nr_25 | stage=metrics done | elapsed=00:00
2026-04-26 09:59:13,390 - INFO - Run k_5__d_3__nr_25 | stage=save_outputs done | elapsed=00:00
2026-04-26 09:59:13,390 - INFO - Run k_5__d_3__nr_25 | finished | total_elapsed=00:15
2026-04-26 09:59:13,396 - INFO - Run 3/147 | done=2 remain=145 ETA=43:10 | k=5 d=3 nr=35
2026-04-26 09:59:13,396 - INFO - Run k_5__d_3__nr_35 | min_cluster_size=28 | min_samples=5
2026-04-26 09:59:13,396 - INFO - Run k_5__d_3__nr_35 | stage=build_topic_model done | elapsed=00:00
2026-04-26 09:59:13,396 - INFO - Run k_5__d_3__nr_35 | stage=fit_transform start (UMAP+HDBSCAN)
2026-04-26 09:59:29,022 - INFO - Run k_5__d_3__nr_35 | stage=fit_transform done | elapsed=00:15
2026-04-26 09:59:29,026 - INFO - Run k_5__d_3__nr_35 | stage=metrics done | elapsed=00:00
2026-04-26 09:59:29,026 - INFO - Run k_5__d_3__nr_35 | stage=save_outputs done | elapsed=00:00
2026-04-26 09:59:29,026 - INFO - Run k_5__d_3__nr_35 | finished | total_elapsed=00:15
2026-04-26 09:59:29,036 - INFO - Run 4/147 | done=3 remain=144 ETA=41:05 | k=5 d=5 nr=none
2026-04-26 09:59:29,037 - INFO - Run k_5__d_5__nr_none | min_cluster_size=33 | min_samples=6
2026-04-26 09:59:29,037 - INFO - Run k_5__d_5__nr_none | stage=build_topic_model done | elapsed=00:00
2026-04-26 09:59:29,037 - INFO - Run k_5__d_5__nr_none | stage=fit_transform start (UMAP+HDBSCAN)
2026-04-26 09:59:44,531 - INFO - Run k_5__d_5__nr_none | stage=fit_transform done | elapsed=00:15
2026-04-26 09:59:44,533 - INFO - Run k_5__d_5__nr_none | stage=metrics done | elapsed=00:00
2026-04-26 09:59:44,534 - INFO - Run k_5__d_5__nr_none | stage=save_outputs done | elapsed=00:00
2026-04-26 09:59:44,534 - INFO - Run k_5__d_5__nr_none | finished | total_elapsed=00:15
2026-04-26 09:59:44,544 - INFO - Run 5/147 | done=4 remain=143 ETA=39:50 | k=5 d=5 nr=25
2026-04-26 09:59:44,544 - INFO - Run k_5__d_5__nr_25 | min_cluster_size=40 | min_samples=8
2026-04-26 09:59:44,546 - INFO - Run k_5__d_5__nr_25 | stage=build_topic_model done | elapsed=00:00
2026-04-26 09:59:44,546 - INFO - Run k_5__d_5__nr_25 | stage=fit_transform start (UMAP+HDBSCAN)
2026-04-26 09:59:59,928 - INFO - Run k_5__d_5__nr_25 | stage=fit_transform done | elapsed=00:15
2026-04-26 09:59:59,931 - INFO - Run k_5__d_5__nr_25 | stage=metrics done | elapsed=00:00
2026-04-26 09:59:59,931 - INFO - Run k_5__d_5__nr_25 | stage=save_outputs done | elapsed=00:00
2026-04-26 09:59:59,931 - INFO - Run k_5__d_5__nr_25 | finished | total_elapsed=00:15
2026-04-26 09:59:59,943 - INFO - Current Top3 Leaderboard:
2026-04-26 09:59:59,943 - INFO -   #1 k=5 d=3 nr=35 | score=0.8689 | coverage=0.7368 | diversity=0.9588 | entropy=0.9392 | discovered=34
2026-04-26 09:59:59,943 - INFO -   #2 k=5 d=5 nr=none | score=0.8602 | coverage=0.7012 | diversity=0.9750 | entropy=0.9143 | discovered=28
2026-04-26 09:59:59,943 - INFO -   #3 k=5 d=3 nr=none | score=0.8566 | coverage=0.6703 | diversity=0.9722 | entropy=0.9786 | discovered=36
2026-04-26 09:59:59,943 - INFO - Run 6/147 | done=5 remain=142 ETA=38:55 | k=5 d=5 nr=35
2026-04-26 09:59:59,943 - INFO - Run k_5__d_5__nr_35 | min_cluster_size=28 | min_samples=5
2026-04-26 09:59:59,944 - INFO - Run k_5__d_5__nr_35 | stage=build_topic_model done | elapsed=00:00
2026-04-26 09:59:59,944 - INFO - Run k_5__d_5__nr_35 | stage=fit_transform start (UMAP+HDBSCAN)
2026-04-26 10:00:15,288 - INFO - Run k_5__d_5__nr_35 | stage=fit_transform done | elapsed=00:15
2026-04-26 10:00:15,291 - INFO - Run k_5__d_5__nr_35 | stage=metrics done | elapsed=00:00
2026-04-26 10:00:15,291 - INFO - Run k_5__d_5__nr_35 | stage=save_outputs done | elapsed=00:00
2026-04-26 10:00:15,291 - INFO - Run k_5__d_5__nr_35 | finished | total_elapsed=00:15
2026-04-26 10:00:15,300 - INFO - Run 7/147 | done=6 remain=141 ETA=38:13 | k=5 d=8 nr=none
2026-04-26 10:00:15,300 - INFO - Run k_5__d_8__nr_none | min_cluster_size=33 | min_samples=6
2026-04-26 10:00:15,301 - INFO - Run k_5__d_8__nr_none | stage=build_topic_model done | elapsed=00:00
2026-04-26 10:00:15,301 - INFO - Run k_5__d_8__nr_none | stage=fit_transform start (UMAP+HDBSCAN)
2026-04-26 10:00:30,060 - INFO - Run k_5__d_8__nr_none | stage=fit_transform done | elapsed=00:14
2026-04-26 10:00:30,062 - INFO - Run k_5__d_8__nr_none | stage=metrics done | elapsed=00:00
2026-04-26 10:00:30,063 - INFO - Run k_5__d_8__nr_none | stage=save_outputs done | elapsed=00:00
2026-04-26 10:00:30,063 - INFO - Run k_5__d_8__nr_none | finished | total_elapsed=00:14
2026-04-26 10:00:30,071 - INFO - Run 8/147 | done=7 remain=140 ETA=37:27 | k=5 d=8 nr=25
2026-04-26 10:00:30,072 - INFO - Run k_5__d_8__nr_25 | min_cluster_size=40 | min_samples=8
2026-04-26 10:00:30,072 - INFO - Run k_5__d_8__nr_25 | stage=build_topic_model done | elapsed=00:00
2026-04-26 10:00:30,072 - INFO - Run k_5__d_8__nr_25 | stage=fit_transform start (UMAP+HDBSCAN)
2026-04-26 10:00:45,658 - INFO - Run k_5__d_8__nr_25 | stage=fit_transform done | elapsed=00:15
2026-04-26 10:00:45,661 - INFO - Run k_5__d_8__nr_25 | stage=metrics done | elapsed=00:00
2026-04-26 10:00:45,661 - INFO - Run k_5__d_8__nr_25 | stage=save_outputs done | elapsed=00:00
2026-04-26 10:00:45,661 - INFO - Run k_5__d_8__nr_25 | finished | total_elapsed=00:15
2026-04-26 10:00:45,669 - INFO - Run 9/147 | done=8 remain=139 ETA=37:03 | k=5 d=8 nr=35
2026-04-26 10:00:45,669 - INFO - Run k_5__d_8__nr_35 | min_cluster_size=28 | min_samples=5
2026-04-26 10:00:45,669 - INFO - Run k_5__d_8__nr_35 | stage=build_topic_model done | elapsed=00:00
2026-04-26 10:00:45,670 - INFO - Run k_5__d_8__nr_35 | stage=fit_transform start (UMAP+HDBSCAN)
2026-04-26 10:01:01,239 - INFO - Run k_5__d_8__nr_35 | stage=fit_transform done | elapsed=00:15
2026-04-26 10:01:01,244 - INFO - Run k_5__d_8__nr_35 | stage=metrics done | elapsed=00:00
2026-04-26 10:01:01,244 - INFO - Run k_5__d_8__nr_35 | stage=save_outputs done | elapsed=00:00
2026-04-26 10:01:01,244 - INFO - Run k_5__d_8__nr_35 | finished | total_elapsed=00:15
2026-04-26 10:01:01,254 - INFO - Run 10/147 | done=9 remain=138 ETA=36:40 | k=5 d=12 nr=none
2026-04-26 10:01:01,254 - INFO - Run k_5__d_12__nr_none | min_cluster_size=33 | min_samples=6
2026-04-26 10:01:01,254 - INFO - Run k_5__d_12__nr_none | stage=build_topic_model done | elapsed=00:00
2026-04-26 10:01:01,255 - INFO - Run k_5__d_12__nr_none | stage=fit_transform start (UMAP+HDBSCAN)
2026-04-26 10:01:15,808 - INFO - Run k_5__d_12__nr_none | stage=fit_transform done | elapsed=00:14
2026-04-26 10:01:15,811 - INFO - Run k_5__d_12__nr_none | stage=metrics done | elapsed=00:00
2026-04-26 10:01:15,812 - INFO - Run k_5__d_12__nr_none | stage=save_outputs done | elapsed=00:00
2026-04-26 10:01:15,812 - INFO - Run k_5__d_12__nr_none | finished | total_elapsed=00:14
2026-04-26 10:01:15,819 - INFO - Current Top3 Leaderboard:
2026-04-26 10:01:15,820 - INFO -   #1 k=5 d=3 nr=35 | score=0.8689 | coverage=0.7368 | diversity=0.9588 | entropy=0.9392 | discovered=34
2026-04-26 10:01:15,820 - INFO -   #2 k=5 d=8 nr=35 | score=0.8656 | coverage=0.7252 | diversity=0.9676 | entropy=0.9298 | discovered=34
2026-04-26 10:01:15,820 - INFO -   #3 k=5 d=8 nr=none | score=0.8629 | coverage=0.6952 | diversity=0.9686 | entropy=0.9617 | discovered=35
2026-04-26 10:01:15,820 - INFO - Run 11/147 | done=10 remain=137 ETA=36:05 | k=5 d=12 nr=25
2026-04-26 10:01:15,820 - INFO - Run k_5__d_12__nr_25 | min_cluster_size=40 | min_samples=8
2026-04-26 10:01:15,821 - INFO - Run k_5__d_12__nr_25 | stage=build_topic_model done | elapsed=00:00
2026-04-26 10:01:15,821 - INFO - Run k_5__d_12__nr_25 | stage=fit_transform start (UMAP+HDBSCAN)
2026-04-26 10:01:29,989 - INFO - Run k_5__d_12__nr_25 | stage=fit_transform done | elapsed=00:14
2026-04-26 10:01:29,993 - INFO - Run k_5__d_12__nr_25 | stage=metrics done | elapsed=00:00
2026-04-26 10:01:29,993 - INFO - Run k_5__d_12__nr_25 | stage=save_outputs done | elapsed=00:00
2026-04-26 10:01:29,994 - INFO - Run k_5__d_12__nr_25 | finished | total_elapsed=00:14
2026-04-26 10:01:30,001 - INFO - Run 12/147 | done=11 remain=136 ETA=35:29 | k=5 d=12 nr=35
2026-04-26 10:01:30,002 - INFO - Run k_5__d_12__nr_35 | min_cluster_size=28 | min_samples=5
2026-04-26 10:01:30,002 - INFO - Run k_5__d_12__nr_35 | stage=build_topic_model done | elapsed=00:00
2026-04-26 10:01:30,002 - INFO - Run k_5__d_12__nr_35 | stage=fit_transform start (UMAP+HDBSCAN)
2026-04-26 10:01:44,163 - INFO - Run k_5__d_12__nr_35 | stage=fit_transform done | elapsed=00:14
2026-04-26 10:01:44,166 - INFO - Run k_5__d_12__nr_35 | stage=metrics done | elapsed=00:00
2026-04-26 10:01:44,166 - INFO - Run k_5__d_12__nr_35 | stage=save_outputs done | elapsed=00:00
2026-04-26 10:01:44,166 - INFO - Run k_5__d_12__nr_35 | finished | total_elapsed=00:14
2026-04-26 10:01:44,175 - INFO - Run 13/147 | done=12 remain=135 ETA=34:57 | k=5 d=18 nr=none
2026-04-26 10:01:44,175 - INFO - Run k_5__d_18__nr_none | min_cluster_size=33 | min_samples=6
2026-04-26 10:01:44,175 - INFO - Run k_5__d_18__nr_none | stage=build_topic_model done | elapsed=00:00
2026-04-26 10:01:44,176 - INFO - Run k_5__d_18__nr_none | stage=fit_transform start (UMAP+HDBSCAN)
2026-04-26 10:01:57,951 - INFO - Run k_5__d_18__nr_none | stage=fit_transform done | elapsed=00:13
2026-04-26 10:01:57,954 - INFO - Run k_5__d_18__nr_none | stage=metrics done | elapsed=00:00
2026-04-26 10:01:57,955 - INFO - Run k_5__d_18__nr_none | stage=save_outputs done | elapsed=00:00
2026-04-26 10:01:57,955 - INFO - Run k_5__d_18__nr_none | finished | total_elapsed=00:13
2026-04-26 10:01:57,963 - INFO - Run 14/147 | done=13 remain=134 ETA=34:23 | k=5 d=18 nr=25
2026-04-26 10:01:57,963 - INFO - Run k_5__d_18__nr_25 | min_cluster_size=40 | min_samples=8
2026-04-26 10:01:57,963 - INFO - Run k_5__d_18__nr_25 | stage=build_topic_model done | elapsed=00:00
2026-04-26 10:01:57,963 - INFO - Run k_5__d_18__nr_25 | stage=fit_transform start (UMAP+HDBSCAN)
2026-04-26 10:02:12,207 - INFO - Run k_5__d_18__nr_25 | stage=fit_transform done | elapsed=00:14
2026-04-26 10:02:12,210 - INFO - Run k_5__d_18__nr_25 | stage=metrics done | elapsed=00:00
2026-04-26 10:02:12,210 - INFO - Run k_5__d_18__nr_25 | stage=save_outputs done | elapsed=00:00
2026-04-26 10:02:12,210 - INFO - Run k_5__d_18__nr_25 | finished | total_elapsed=00:14
2026-04-26 10:02:12,217 - INFO - Run 15/147 | done=14 remain=133 ETA=33:57 | k=5 d=18 nr=35
2026-04-26 10:02:12,217 - INFO - Run k_5__d_18__nr_35 | min_cluster_size=28 | min_samples=5
2026-04-26 10:02:12,218 - INFO - Run k_5__d_18__nr_35 | stage=build_topic_model done | elapsed=00:00
2026-04-26 10:02:12,218 - INFO - Run k_5__d_18__nr_35 | stage=fit_transform start (UMAP+HDBSCAN)
2026-04-26 10:02:26,452 - INFO - Run k_5__d_18__nr_35 | stage=fit_transform done | elapsed=00:14
2026-04-26 10:02:26,454 - INFO - Run k_5__d_18__nr_35 | stage=metrics done | elapsed=00:00
2026-04-26 10:02:26,455 - INFO - Run k_5__d_18__nr_35 | stage=save_outputs done | elapsed=00:00
2026-04-26 10:02:26,455 - INFO - Run k_5__d_18__nr_35 | finished | total_elapsed=00:14
2026-04-26 10:02:26,465 - INFO - Current Top3 Leaderboard:
2026-04-26 10:02:26,465 - INFO -   #1 k=5 d=3 nr=35 | score=0.8689 | coverage=0.7368 | diversity=0.9588 | entropy=0.9392 | discovered=34
2026-04-26 10:02:26,465 - INFO -   #2 k=5 d=8 nr=35 | score=0.8656 | coverage=0.7252 | diversity=0.9676 | entropy=0.9298 | discovered=34
2026-04-26 10:02:26,465 - INFO -   #3 k=5 d=8 nr=none | score=0.8629 | coverage=0.6952 | diversity=0.9686 | entropy=0.9617 | discovered=35
2026-04-26 10:02:26,465 - INFO - Run 16/147 | done=15 remain=132 ETA=33:32 | k=5 d=25 nr=none
2026-04-26 10:02:26,465 - INFO - Run k_5__d_25__nr_none | min_cluster_size=33 | min_samples=6
2026-04-26 10:02:26,466 - INFO - Run k_5__d_25__nr_none | stage=build_topic_model done | elapsed=00:00
2026-04-26 10:02:26,466 - INFO - Run k_5__d_25__nr_none | stage=fit_transform start (UMAP+HDBSCAN)
2026-04-26 10:02:40,548 - INFO - Run k_5__d_25__nr_none | stage=fit_transform done | elapsed=00:14
2026-04-26 10:02:40,552 - INFO - Run k_5__d_25__nr_none | stage=metrics done | elapsed=00:00
2026-04-26 10:02:40,552 - INFO - Run k_5__d_25__nr_none | stage=save_outputs done | elapsed=00:00
2026-04-26 10:02:40,552 - INFO - Run k_5__d_25__nr_none | finished | total_elapsed=00:14
2026-04-26 10:02:40,561 - INFO - Run 17/147 | done=16 remain=131 ETA=33:07 | k=5 d=25 nr=25
2026-04-26 10:02:40,561 - INFO - Run k_5__d_25__nr_25 | min_cluster_size=40 | min_samples=8
2026-04-26 10:02:40,561 - INFO - Run k_5__d_25__nr_25 | stage=build_topic_model done | elapsed=00:00
2026-04-26 10:02:40,561 - INFO - Run k_5__d_25__nr_25 | stage=fit_transform start (UMAP+HDBSCAN)
2026-04-26 10:02:55,226 - INFO - Run k_5__d_25__nr_25 | stage=fit_transform done | elapsed=00:14
2026-04-26 10:02:55,230 - INFO - Run k_5__d_25__nr_25 | stage=metrics done | elapsed=00:00
2026-04-26 10:02:55,231 - INFO - Run k_5__d_25__nr_25 | stage=save_outputs done | elapsed=00:00
2026-04-26 10:02:55,231 - INFO - Run k_5__d_25__nr_25 | finished | total_elapsed=00:14
2026-04-26 10:02:55,241 - INFO - Run 18/147 | done=17 remain=130 ETA=32:48 | k=5 d=25 nr=35
2026-04-26 10:02:55,242 - INFO - Run k_5__d_25__nr_35 | min_cluster_size=28 | min_samples=5
2026-04-26 10:02:55,242 - INFO - Run k_5__d_25__nr_35 | stage=build_topic_model done | elapsed=00:00
2026-04-26 10:02:55,242 - INFO - Run k_5__d_25__nr_35 | stage=fit_transform start (UMAP+HDBSCAN)
2026-04-26 10:03:09,741 - INFO - Run k_5__d_25__nr_35 | stage=fit_transform done | elapsed=00:14
2026-04-26 10:03:09,746 - INFO - Run k_5__d_25__nr_35 | stage=metrics done | elapsed=00:00
2026-04-26 10:03:09,746 - INFO - Run k_5__d_25__nr_35 | stage=save_outputs done | elapsed=00:00
2026-04-26 10:03:09,746 - INFO - Run k_5__d_25__nr_35 | finished | total_elapsed=00:14
2026-04-26 10:03:09,757 - INFO - Run 19/147 | done=18 remain=129 ETA=32:28 | k=5 d=35 nr=none
2026-04-26 10:03:09,757 - INFO - Run k_5__d_35__nr_none | min_cluster_size=33 | min_samples=6
2026-04-26 10:03:09,757 - INFO - Run k_5__d_35__nr_none | stage=build_topic_model done | elapsed=00:00
2026-04-26 10:03:09,757 - INFO - Run k_5__d_35__nr_none | stage=fit_transform start (UMAP+HDBSCAN)
2026-04-26 10:03:24,076 - INFO - Run k_5__d_35__nr_none | stage=fit_transform done | elapsed=00:14
2026-04-26 10:03:24,080 - INFO - Run k_5__d_35__nr_none | stage=metrics done | elapsed=00:00
2026-04-26 10:03:24,080 - INFO - Run k_5__d_35__nr_none | stage=save_outputs done | elapsed=00:00
2026-04-26 10:03:24,080 - INFO - Run k_5__d_35__nr_none | finished | total_elapsed=00:14
2026-04-26 10:03:24,088 - INFO - Run 20/147 | done=19 remain=128 ETA=32:08 | k=5 d=35 nr=25
2026-04-26 10:03:24,089 - INFO - Run k_5__d_35__nr_25 | min_cluster_size=40 | min_samples=8
2026-04-26 10:03:24,089 - INFO - Run k_5__d_35__nr_25 | stage=build_topic_model done | elapsed=00:00
2026-04-26 10:03:24,089 - INFO - Run k_5__d_35__nr_25 | stage=fit_transform start (UMAP+HDBSCAN)
2026-04-26 10:03:39,742 - INFO - Run k_5__d_35__nr_25 | stage=fit_transform done | elapsed=00:15
2026-04-26 10:03:39,746 - INFO - Run k_5__d_35__nr_25 | stage=metrics done | elapsed=00:00
2026-04-26 10:03:39,746 - INFO - Run k_5__d_35__nr_25 | stage=save_outputs done | elapsed=00:00
2026-04-26 10:03:39,746 - INFO - Run k_5__d_35__nr_25 | finished | total_elapsed=00:15
2026-04-26 10:03:39,755 - INFO - Current Top3 Leaderboard:
2026-04-26 10:03:39,755 - INFO -   #1 k=5 d=3 nr=35 | score=0.8689 | coverage=0.7368 | diversity=0.9588 | entropy=0.9392 | discovered=34
2026-04-26 10:03:39,755 - INFO -   #2 k=5 d=8 nr=35 | score=0.8656 | coverage=0.7252 | diversity=0.9676 | entropy=0.9298 | discovered=34
2026-04-26 10:03:39,755 - INFO -   #3 k=5 d=8 nr=none | score=0.8629 | coverage=0.6952 | diversity=0.9686 | entropy=0.9617 | discovered=35
2026-04-26 10:03:39,756 - INFO - Run 21/147 | done=20 remain=127 ETA=31:57 | k=5 d=35 nr=35
2026-04-26 10:03:39,756 - INFO - Run k_5__d_35__nr_35 | min_cluster_size=28 | min_samples=5
2026-04-26 10:03:39,756 - INFO - Run k_5__d_35__nr_35 | stage=build_topic_model done | elapsed=00:00
2026-04-26 10:03:39,756 - INFO - Run k_5__d_35__nr_35 | stage=fit_transform start (UMAP+HDBSCAN)
2026-04-26 10:03:56,426 - INFO - Run k_5__d_35__nr_35 | stage=fit_transform done | elapsed=00:16
2026-04-26 10:03:56,428 - INFO - Run k_5__d_35__nr_35 | stage=metrics done | elapsed=00:00
2026-04-26 10:03:56,429 - INFO - Run k_5__d_35__nr_35 | stage=save_outputs done | elapsed=00:00
2026-04-26 10:03:56,429 - INFO - Run k_5__d_35__nr_35 | finished | total_elapsed=00:16
2026-04-26 10:03:56,438 - INFO - Run 22/147 | done=21 remain=126 ETA=31:51 | k=15 d=3 nr=none
2026-04-26 10:03:56,438 - INFO - Run k_15__d_3__nr_none | min_cluster_size=33 | min_samples=6
2026-04-26 10:03:56,439 - INFO - Run k_15__d_3__nr_none | stage=build_topic_model done | elapsed=00:00
2026-04-26 10:03:56,439 - INFO - Run k_15__d_3__nr_none | stage=fit_transform start (UMAP+HDBSCAN)
2026-04-26 10:04:12,969 - INFO - Run k_15__d_3__nr_none | stage=fit_transform done | elapsed=00:16
2026-04-26 10:04:12,973 - INFO - Run k_15__d_3__nr_none | stage=metrics done | elapsed=00:00
2026-04-26 10:04:12,974 - INFO - Run k_15__d_3__nr_none | stage=save_outputs done | elapsed=00:00
2026-04-26 10:04:12,974 - INFO - Run k_15__d_3__nr_none | finished | total_elapsed=00:16
2026-04-26 10:04:12,985 - INFO - Run 23/147 | done=22 remain=125 ETA=31:44 | k=15 d=3 nr=25
2026-04-26 10:04:12,985 - INFO - Run k_15__d_3__nr_25 | min_cluster_size=40 | min_samples=8
2026-04-26 10:04:12,986 - INFO - Run k_15__d_3__nr_25 | stage=build_topic_model done | elapsed=00:00
2026-04-26 10:04:12,986 - INFO - Run k_15__d_3__nr_25 | stage=fit_transform start (UMAP+HDBSCAN)
2026-04-26 10:04:28,328 - ERROR - Run failed | k=15 d=3 nr=25
Traceback (most recent call last):
  File "E:\document\PG\studio\content\bertopic_raw_sweep.py", line 422, in run_single_experiment
    topics, _ = topic_model.fit_transform(seg_texts, embeddings=embeddings)
                ^^^^^^^^^^^^^^^^^^^^^^^^^^^^^^^^^^^^^^^^^^^^^^^^^^^^^^^^^^^
  File "D:\an\envs\aigcxhs\Lib\site-packages\bertopic\_bertopic.py", line 520, in fit_transform
    self._extract_topics(
  File "D:\an\envs\aigcxhs\Lib\site-packages\bertopic\_bertopic.py", line 4204, in _extract_topics
    self.c_tf_idf_, words = self._c_tf_idf(documents_per_topic)
                            ^^^^^^^^^^^^^^^^^^^^^^^^^^^^^^^^^^^
  File "D:\an\envs\aigcxhs\Lib\site-packages\bertopic\_bertopic.py", line 4422, in _c_tf_idf
    X = self.vectorizer_model.fit_transform(documents)
        ^^^^^^^^^^^^^^^^^^^^^^^^^^^^^^^^^^^^^^^^^^^^^^
  File "D:\an\envs\aigcxhs\Lib\site-packages\sklearn\base.py", line 1336, in wrapper
    return fit_method(estimator, *args, **kwargs)
           ^^^^^^^^^^^^^^^^^^^^^^^^^^^^^^^^^^^^^^
  File "D:\an\envs\aigcxhs\Lib\site-packages\sklearn\feature_extraction\text.py", line 1396, in fit_transform
    raise ValueError("max_df corresponds to < documents than min_df")
ValueError: max_df corresponds to < documents than min_df
2026-04-26 10:04:28,341 - INFO - Run 24/147 | done=23 remain=124 ETA=31:29 | k=15 d=3 nr=35
2026-04-26 10:04:28,341 - INFO - Run k_15__d_3__nr_35 | min_cluster_size=28 | min_samples=5
2026-04-26 10:04:28,342 - INFO - Run k_15__d_3__nr_35 | stage=build_topic_model done | elapsed=00:00
2026-04-26 10:04:28,342 - INFO - Run k_15__d_3__nr_35 | stage=fit_transform start (UMAP+HDBSCAN)
2026-04-26 10:04:44,920 - INFO - Run k_15__d_3__nr_35 | stage=fit_transform done | elapsed=00:16
2026-04-26 10:04:44,924 - INFO - Run k_15__d_3__nr_35 | stage=metrics done | elapsed=00:00
2026-04-26 10:04:44,924 - INFO - Run k_15__d_3__nr_35 | stage=save_outputs done | elapsed=00:00
2026-04-26 10:04:44,924 - INFO - Run k_15__d_3__nr_35 | finished | total_elapsed=00:16
2026-04-26 10:04:44,933 - INFO - Run 25/147 | done=24 remain=123 ETA=31:21 | k=15 d=5 nr=none
2026-04-26 10:04:44,933 - INFO - Run k_15__d_5__nr_none | min_cluster_size=33 | min_samples=6
2026-04-26 10:04:44,934 - INFO - Run k_15__d_5__nr_none | stage=build_topic_model done | elapsed=00:00
2026-04-26 10:04:44,934 - INFO - Run k_15__d_5__nr_none | stage=fit_transform start (UMAP+HDBSCAN)
2026-04-26 10:05:00,831 - ERROR - Run failed | k=15 d=5 nr=none
Traceback (most recent call last):
  File "E:\document\PG\studio\content\bertopic_raw_sweep.py", line 422, in run_single_experiment
    topics, _ = topic_model.fit_transform(seg_texts, embeddings=embeddings)
                ^^^^^^^^^^^^^^^^^^^^^^^^^^^^^^^^^^^^^^^^^^^^^^^^^^^^^^^^^^^
  File "D:\an\envs\aigcxhs\Lib\site-packages\bertopic\_bertopic.py", line 520, in fit_transform
    self._extract_topics(
  File "D:\an\envs\aigcxhs\Lib\site-packages\bertopic\_bertopic.py", line 4204, in _extract_topics
    self.c_tf_idf_, words = self._c_tf_idf(documents_per_topic)
                            ^^^^^^^^^^^^^^^^^^^^^^^^^^^^^^^^^^^
  File "D:\an\envs\aigcxhs\Lib\site-packages\bertopic\_bertopic.py", line 4422, in _c_tf_idf
    X = self.vectorizer_model.fit_transform(documents)
        ^^^^^^^^^^^^^^^^^^^^^^^^^^^^^^^^^^^^^^^^^^^^^^
  File "D:\an\envs\aigcxhs\Lib\site-packages\sklearn\base.py", line 1336, in wrapper
    return fit_method(estimator, *args, **kwargs)
           ^^^^^^^^^^^^^^^^^^^^^^^^^^^^^^^^^^^^^^
  File "D:\an\envs\aigcxhs\Lib\site-packages\sklearn\feature_extraction\text.py", line 1396, in fit_transform
    raise ValueError("max_df corresponds to < documents than min_df")
ValueError: max_df corresponds to < documents than min_df
2026-04-26 10:05:00,843 - INFO - Current Top3 Leaderboard:
2026-04-26 10:05:00,844 - INFO -   #1 k=5 d=3 nr=35 | score=0.8689 | coverage=0.7368 | diversity=0.9588 | entropy=0.9392 | discovered=34
2026-04-26 10:05:00,844 - INFO -   #2 k=5 d=8 nr=35 | score=0.8656 | coverage=0.7252 | diversity=0.9676 | entropy=0.9298 | discovered=34
2026-04-26 10:05:00,844 - INFO -   #3 k=5 d=8 nr=none | score=0.8629 | coverage=0.6952 | diversity=0.9686 | entropy=0.9617 | discovered=35
2026-04-26 10:05:00,844 - INFO - Run 26/147 | done=25 remain=122 ETA=31:08 | k=15 d=5 nr=25
2026-04-26 10:05:00,845 - INFO - Run k_15__d_5__nr_25 | min_cluster_size=40 | min_samples=8
2026-04-26 10:05:00,845 - INFO - Run k_15__d_5__nr_25 | stage=build_topic_model done | elapsed=00:00
2026-04-26 10:05:00,845 - INFO - Run k_15__d_5__nr_25 | stage=fit_transform start (UMAP+HDBSCAN)
2026-04-26 10:05:16,844 - ERROR - Run failed | k=15 d=5 nr=25
Traceback (most recent call last):
  File "E:\document\PG\studio\content\bertopic_raw_sweep.py", line 422, in run_single_experiment
    topics, _ = topic_model.fit_transform(seg_texts, embeddings=embeddings)
                ^^^^^^^^^^^^^^^^^^^^^^^^^^^^^^^^^^^^^^^^^^^^^^^^^^^^^^^^^^^
  File "D:\an\envs\aigcxhs\Lib\site-packages\bertopic\_bertopic.py", line 520, in fit_transform
    self._extract_topics(
  File "D:\an\envs\aigcxhs\Lib\site-packages\bertopic\_bertopic.py", line 4204, in _extract_topics
    self.c_tf_idf_, words = self._c_tf_idf(documents_per_topic)
                            ^^^^^^^^^^^^^^^^^^^^^^^^^^^^^^^^^^^
  File "D:\an\envs\aigcxhs\Lib\site-packages\bertopic\_bertopic.py", line 4422, in _c_tf_idf
    X = self.vectorizer_model.fit_transform(documents)
        ^^^^^^^^^^^^^^^^^^^^^^^^^^^^^^^^^^^^^^^^^^^^^^
  File "D:\an\envs\aigcxhs\Lib\site-packages\sklearn\base.py", line 1336, in wrapper
    return fit_method(estimator, *args, **kwargs)
           ^^^^^^^^^^^^^^^^^^^^^^^^^^^^^^^^^^^^^^
  File "D:\an\envs\aigcxhs\Lib\site-packages\sklearn\feature_extraction\text.py", line 1396, in fit_transform
    raise ValueError("max_df corresponds to < documents than min_df")
ValueError: max_df corresponds to < documents than min_df
2026-04-26 10:05:16,853 - INFO - Run 27/147 | done=26 remain=121 ETA=30:56 | k=15 d=5 nr=35
2026-04-26 10:05:16,854 - INFO - Run k_15__d_5__nr_35 | min_cluster_size=28 | min_samples=5
2026-04-26 10:05:16,854 - INFO - Run k_15__d_5__nr_35 | stage=build_topic_model done | elapsed=00:00
2026-04-26 10:05:16,854 - INFO - Run k_15__d_5__nr_35 | stage=fit_transform start (UMAP+HDBSCAN)
2026-04-26 10:05:33,577 - INFO - Run k_15__d_5__nr_35 | stage=fit_transform done | elapsed=00:16
2026-04-26 10:05:33,580 - INFO - Run k_15__d_5__nr_35 | stage=metrics done | elapsed=00:00
2026-04-26 10:05:33,580 - INFO - Run k_15__d_5__nr_35 | stage=save_outputs done | elapsed=00:00
2026-04-26 10:05:33,580 - INFO - Run k_15__d_5__nr_35 | finished | total_elapsed=00:16
2026-04-26 10:05:33,588 - INFO - Run 28/147 | done=27 remain=120 ETA=30:47 | k=15 d=8 nr=none
2026-04-26 10:05:33,588 - INFO - Run k_15__d_8__nr_none | min_cluster_size=33 | min_samples=6
2026-04-26 10:05:33,590 - INFO - Run k_15__d_8__nr_none | stage=build_topic_model done | elapsed=00:00
2026-04-26 10:05:33,590 - INFO - Run k_15__d_8__nr_none | stage=fit_transform start (UMAP+HDBSCAN)
2026-04-26 10:05:49,766 - ERROR - Run failed | k=15 d=8 nr=none
Traceback (most recent call last):
  File "E:\document\PG\studio\content\bertopic_raw_sweep.py", line 422, in run_single_experiment
    topics, _ = topic_model.fit_transform(seg_texts, embeddings=embeddings)
                ^^^^^^^^^^^^^^^^^^^^^^^^^^^^^^^^^^^^^^^^^^^^^^^^^^^^^^^^^^^
  File "D:\an\envs\aigcxhs\Lib\site-packages\bertopic\_bertopic.py", line 520, in fit_transform
    self._extract_topics(
  File "D:\an\envs\aigcxhs\Lib\site-packages\bertopic\_bertopic.py", line 4204, in _extract_topics
    self.c_tf_idf_, words = self._c_tf_idf(documents_per_topic)
                            ^^^^^^^^^^^^^^^^^^^^^^^^^^^^^^^^^^^
  File "D:\an\envs\aigcxhs\Lib\site-packages\bertopic\_bertopic.py", line 4422, in _c_tf_idf
    X = self.vectorizer_model.fit_transform(documents)
        ^^^^^^^^^^^^^^^^^^^^^^^^^^^^^^^^^^^^^^^^^^^^^^
  File "D:\an\envs\aigcxhs\Lib\site-packages\sklearn\base.py", line 1336, in wrapper
    return fit_method(estimator, *args, **kwargs)
           ^^^^^^^^^^^^^^^^^^^^^^^^^^^^^^^^^^^^^^
  File "D:\an\envs\aigcxhs\Lib\site-packages\sklearn\feature_extraction\text.py", line 1396, in fit_transform
    raise ValueError("max_df corresponds to < documents than min_df")
ValueError: max_df corresponds to < documents than min_df
2026-04-26 10:05:49,776 - INFO - Run 29/147 | done=28 remain=119 ETA=30:35 | k=15 d=8 nr=25
2026-04-26 10:05:49,776 - INFO - Run k_15__d_8__nr_25 | min_cluster_size=40 | min_samples=8
2026-04-26 10:05:49,776 - INFO - Run k_15__d_8__nr_25 | stage=build_topic_model done | elapsed=00:00
2026-04-26 10:05:49,776 - INFO - Run k_15__d_8__nr_25 | stage=fit_transform start (UMAP+HDBSCAN)
2026-04-26 10:06:05,875 - ERROR - Run failed | k=15 d=8 nr=25
Traceback (most recent call last):
  File "E:\document\PG\studio\content\bertopic_raw_sweep.py", line 422, in run_single_experiment
    topics, _ = topic_model.fit_transform(seg_texts, embeddings=embeddings)
                ^^^^^^^^^^^^^^^^^^^^^^^^^^^^^^^^^^^^^^^^^^^^^^^^^^^^^^^^^^^
  File "D:\an\envs\aigcxhs\Lib\site-packages\bertopic\_bertopic.py", line 520, in fit_transform
    self._extract_topics(
  File "D:\an\envs\aigcxhs\Lib\site-packages\bertopic\_bertopic.py", line 4204, in _extract_topics
    self.c_tf_idf_, words = self._c_tf_idf(documents_per_topic)
                            ^^^^^^^^^^^^^^^^^^^^^^^^^^^^^^^^^^^
  File "D:\an\envs\aigcxhs\Lib\site-packages\bertopic\_bertopic.py", line 4422, in _c_tf_idf
    X = self.vectorizer_model.fit_transform(documents)
        ^^^^^^^^^^^^^^^^^^^^^^^^^^^^^^^^^^^^^^^^^^^^^^
  File "D:\an\envs\aigcxhs\Lib\site-packages\sklearn\base.py", line 1336, in wrapper
    return fit_method(estimator, *args, **kwargs)
           ^^^^^^^^^^^^^^^^^^^^^^^^^^^^^^^^^^^^^^
  File "D:\an\envs\aigcxhs\Lib\site-packages\sklearn\feature_extraction\text.py", line 1396, in fit_transform
    raise ValueError("max_df corresponds to < documents than min_df")
ValueError: max_df corresponds to < documents than min_df
2026-04-26 10:06:05,885 - INFO - Run 30/147 | done=29 remain=118 ETA=30:22 | k=15 d=8 nr=35
2026-04-26 10:06:05,885 - INFO - Run k_15__d_8__nr_35 | min_cluster_size=28 | min_samples=5
2026-04-26 10:06:05,886 - INFO - Run k_15__d_8__nr_35 | stage=build_topic_model done | elapsed=00:00
2026-04-26 10:06:05,886 - INFO - Run k_15__d_8__nr_35 | stage=fit_transform start (UMAP+HDBSCAN)
2026-04-26 10:06:22,818 - INFO - Run k_15__d_8__nr_35 | stage=fit_transform done | elapsed=00:16
2026-04-26 10:06:22,822 - INFO - Run k_15__d_8__nr_35 | stage=metrics done | elapsed=00:00
2026-04-26 10:06:22,822 - INFO - Run k_15__d_8__nr_35 | stage=save_outputs done | elapsed=00:00
2026-04-26 10:06:22,822 - INFO - Run k_15__d_8__nr_35 | finished | total_elapsed=00:16
2026-04-26 10:06:22,830 - INFO - Current Top3 Leaderboard:
2026-04-26 10:06:22,830 - INFO -   #1 k=5 d=3 nr=35 | score=0.8689 | coverage=0.7368 | diversity=0.9588 | entropy=0.9392 | discovered=34
2026-04-26 10:06:22,831 - INFO -   #2 k=5 d=8 nr=35 | score=0.8656 | coverage=0.7252 | diversity=0.9676 | entropy=0.9298 | discovered=34
2026-04-26 10:06:22,831 - INFO -   #3 k=5 d=8 nr=none | score=0.8629 | coverage=0.6952 | diversity=0.9686 | entropy=0.9617 | discovered=35
2026-04-26 10:06:22,831 - INFO - Run 31/147 | done=30 remain=117 ETA=30:13 | k=15 d=12 nr=none
2026-04-26 10:06:22,831 - INFO - Run k_15__d_12__nr_none | min_cluster_size=33 | min_samples=6
2026-04-26 10:06:22,831 - INFO - Run k_15__d_12__nr_none | stage=build_topic_model done | elapsed=00:00
2026-04-26 10:06:22,831 - INFO - Run k_15__d_12__nr_none | stage=fit_transform start (UMAP+HDBSCAN)
2026-04-26 10:06:39,267 - ERROR - Run failed | k=15 d=12 nr=none
Traceback (most recent call last):
  File "E:\document\PG\studio\content\bertopic_raw_sweep.py", line 422, in run_single_experiment
    topics, _ = topic_model.fit_transform(seg_texts, embeddings=embeddings)
                ^^^^^^^^^^^^^^^^^^^^^^^^^^^^^^^^^^^^^^^^^^^^^^^^^^^^^^^^^^^
  File "D:\an\envs\aigcxhs\Lib\site-packages\bertopic\_bertopic.py", line 520, in fit_transform
    self._extract_topics(
  File "D:\an\envs\aigcxhs\Lib\site-packages\bertopic\_bertopic.py", line 4204, in _extract_topics
    self.c_tf_idf_, words = self._c_tf_idf(documents_per_topic)
                            ^^^^^^^^^^^^^^^^^^^^^^^^^^^^^^^^^^^
  File "D:\an\envs\aigcxhs\Lib\site-packages\bertopic\_bertopic.py", line 4422, in _c_tf_idf
    X = self.vectorizer_model.fit_transform(documents)
        ^^^^^^^^^^^^^^^^^^^^^^^^^^^^^^^^^^^^^^^^^^^^^^
  File "D:\an\envs\aigcxhs\Lib\site-packages\sklearn\base.py", line 1336, in wrapper
    return fit_method(estimator, *args, **kwargs)
           ^^^^^^^^^^^^^^^^^^^^^^^^^^^^^^^^^^^^^^
  File "D:\an\envs\aigcxhs\Lib\site-packages\sklearn\feature_extraction\text.py", line 1396, in fit_transform
    raise ValueError("max_df corresponds to < documents than min_df")
ValueError: max_df corresponds to < documents than min_df
2026-04-26 10:06:39,278 - INFO - Run 32/147 | done=31 remain=116 ETA=30:01 | k=15 d=12 nr=25
2026-04-26 10:06:39,278 - INFO - Run k_15__d_12__nr_25 | min_cluster_size=40 | min_samples=8
2026-04-26 10:06:39,278 - INFO - Run k_15__d_12__nr_25 | stage=build_topic_model done | elapsed=00:00
2026-04-26 10:06:39,278 - INFO - Run k_15__d_12__nr_25 | stage=fit_transform start (UMAP+HDBSCAN)
2026-04-26 10:06:55,929 - ERROR - Run failed | k=15 d=12 nr=25
Traceback (most recent call last):
  File "E:\document\PG\studio\content\bertopic_raw_sweep.py", line 422, in run_single_experiment
    topics, _ = topic_model.fit_transform(seg_texts, embeddings=embeddings)
                ^^^^^^^^^^^^^^^^^^^^^^^^^^^^^^^^^^^^^^^^^^^^^^^^^^^^^^^^^^^
  File "D:\an\envs\aigcxhs\Lib\site-packages\bertopic\_bertopic.py", line 520, in fit_transform
    self._extract_topics(
  File "D:\an\envs\aigcxhs\Lib\site-packages\bertopic\_bertopic.py", line 4204, in _extract_topics
    self.c_tf_idf_, words = self._c_tf_idf(documents_per_topic)
                            ^^^^^^^^^^^^^^^^^^^^^^^^^^^^^^^^^^^
  File "D:\an\envs\aigcxhs\Lib\site-packages\bertopic\_bertopic.py", line 4422, in _c_tf_idf
    X = self.vectorizer_model.fit_transform(documents)
        ^^^^^^^^^^^^^^^^^^^^^^^^^^^^^^^^^^^^^^^^^^^^^^
  File "D:\an\envs\aigcxhs\Lib\site-packages\sklearn\base.py", line 1336, in wrapper
    return fit_method(estimator, *args, **kwargs)
           ^^^^^^^^^^^^^^^^^^^^^^^^^^^^^^^^^^^^^^
  File "D:\an\envs\aigcxhs\Lib\site-packages\sklearn\feature_extraction\text.py", line 1396, in fit_transform
    raise ValueError("max_df corresponds to < documents than min_df")
ValueError: max_df corresponds to < documents than min_df
2026-04-26 10:06:55,938 - INFO - Run 33/147 | done=32 remain=115 ETA=29:49 | k=15 d=12 nr=35
2026-04-26 10:06:55,939 - INFO - Run k_15__d_12__nr_35 | min_cluster_size=28 | min_samples=5
2026-04-26 10:06:55,939 - INFO - Run k_15__d_12__nr_35 | stage=build_topic_model done | elapsed=00:00
2026-04-26 10:06:55,939 - INFO - Run k_15__d_12__nr_35 | stage=fit_transform start (UMAP+HDBSCAN)
2026-04-26 10:07:11,835 - INFO - Run k_15__d_12__nr_35 | stage=fit_transform done | elapsed=00:15
2026-04-26 10:07:11,839 - INFO - Run k_15__d_12__nr_35 | stage=metrics done | elapsed=00:00
2026-04-26 10:07:11,839 - INFO - Run k_15__d_12__nr_35 | stage=save_outputs done | elapsed=00:00
2026-04-26 10:07:11,839 - INFO - Run k_15__d_12__nr_35 | finished | total_elapsed=00:15
2026-04-26 10:07:11,846 - INFO - Run 34/147 | done=33 remain=114 ETA=29:35 | k=15 d=18 nr=none
2026-04-26 10:07:11,847 - INFO - Run k_15__d_18__nr_none | min_cluster_size=33 | min_samples=6
2026-04-26 10:07:11,847 - INFO - Run k_15__d_18__nr_none | stage=build_topic_model done | elapsed=00:00
2026-04-26 10:07:11,847 - INFO - Run k_15__d_18__nr_none | stage=fit_transform start (UMAP+HDBSCAN)
2026-04-26 10:07:27,026 - ERROR - Run failed | k=15 d=18 nr=none
Traceback (most recent call last):
  File "E:\document\PG\studio\content\bertopic_raw_sweep.py", line 422, in run_single_experiment
    topics, _ = topic_model.fit_transform(seg_texts, embeddings=embeddings)
                ^^^^^^^^^^^^^^^^^^^^^^^^^^^^^^^^^^^^^^^^^^^^^^^^^^^^^^^^^^^
  File "D:\an\envs\aigcxhs\Lib\site-packages\bertopic\_bertopic.py", line 520, in fit_transform
    self._extract_topics(
  File "D:\an\envs\aigcxhs\Lib\site-packages\bertopic\_bertopic.py", line 4204, in _extract_topics
    self.c_tf_idf_, words = self._c_tf_idf(documents_per_topic)
                            ^^^^^^^^^^^^^^^^^^^^^^^^^^^^^^^^^^^
  File "D:\an\envs\aigcxhs\Lib\site-packages\bertopic\_bertopic.py", line 4422, in _c_tf_idf
    X = self.vectorizer_model.fit_transform(documents)
        ^^^^^^^^^^^^^^^^^^^^^^^^^^^^^^^^^^^^^^^^^^^^^^
  File "D:\an\envs\aigcxhs\Lib\site-packages\sklearn\base.py", line 1336, in wrapper
    return fit_method(estimator, *args, **kwargs)
           ^^^^^^^^^^^^^^^^^^^^^^^^^^^^^^^^^^^^^^
  File "D:\an\envs\aigcxhs\Lib\site-packages\sklearn\feature_extraction\text.py", line 1396, in fit_transform
    raise ValueError("max_df corresponds to < documents than min_df")
ValueError: max_df corresponds to < documents than min_df
2026-04-26 10:07:27,035 - INFO - Run 35/147 | done=34 remain=113 ETA=29:18 | k=15 d=18 nr=25
2026-04-26 10:07:27,035 - INFO - Run k_15__d_18__nr_25 | min_cluster_size=40 | min_samples=8
2026-04-26 10:07:27,036 - INFO - Run k_15__d_18__nr_25 | stage=build_topic_model done | elapsed=00:00
2026-04-26 10:07:27,036 - INFO - Run k_15__d_18__nr_25 | stage=fit_transform start (UMAP+HDBSCAN)
2026-04-26 10:07:42,610 - ERROR - Run failed | k=15 d=18 nr=25
Traceback (most recent call last):
  File "E:\document\PG\studio\content\bertopic_raw_sweep.py", line 422, in run_single_experiment
    topics, _ = topic_model.fit_transform(seg_texts, embeddings=embeddings)
                ^^^^^^^^^^^^^^^^^^^^^^^^^^^^^^^^^^^^^^^^^^^^^^^^^^^^^^^^^^^
  File "D:\an\envs\aigcxhs\Lib\site-packages\bertopic\_bertopic.py", line 520, in fit_transform
    self._extract_topics(
  File "D:\an\envs\aigcxhs\Lib\site-packages\bertopic\_bertopic.py", line 4204, in _extract_topics
    self.c_tf_idf_, words = self._c_tf_idf(documents_per_topic)
                            ^^^^^^^^^^^^^^^^^^^^^^^^^^^^^^^^^^^
  File "D:\an\envs\aigcxhs\Lib\site-packages\bertopic\_bertopic.py", line 4422, in _c_tf_idf
    X = self.vectorizer_model.fit_transform(documents)
        ^^^^^^^^^^^^^^^^^^^^^^^^^^^^^^^^^^^^^^^^^^^^^^
  File "D:\an\envs\aigcxhs\Lib\site-packages\sklearn\base.py", line 1336, in wrapper
    return fit_method(estimator, *args, **kwargs)
           ^^^^^^^^^^^^^^^^^^^^^^^^^^^^^^^^^^^^^^
  File "D:\an\envs\aigcxhs\Lib\site-packages\sklearn\feature_extraction\text.py", line 1396, in fit_transform
    raise ValueError("max_df corresponds to < documents than min_df")
ValueError: max_df corresponds to < documents than min_df
2026-04-26 10:07:42,619 - INFO - Current Top3 Leaderboard:
2026-04-26 10:07:42,619 - INFO -   #1 k=5 d=3 nr=35 | score=0.8689 | coverage=0.7368 | diversity=0.9588 | entropy=0.9392 | discovered=34
2026-04-26 10:07:42,620 - INFO -   #2 k=5 d=8 nr=35 | score=0.8656 | coverage=0.7252 | diversity=0.9676 | entropy=0.9298 | discovered=34
2026-04-26 10:07:42,620 - INFO -   #3 k=5 d=8 nr=none | score=0.8629 | coverage=0.6952 | diversity=0.9686 | entropy=0.9617 | discovered=35
2026-04-26 10:07:42,620 - INFO - Run 36/147 | done=35 remain=112 ETA=29:02 | k=15 d=18 nr=35
2026-04-26 10:07:42,620 - INFO - Run k_15__d_18__nr_35 | min_cluster_size=28 | min_samples=5
2026-04-26 10:07:42,621 - INFO - Run k_15__d_18__nr_35 | stage=build_topic_model done | elapsed=00:00
2026-04-26 10:07:42,621 - INFO - Run k_15__d_18__nr_35 | stage=fit_transform start (UMAP+HDBSCAN)
2026-04-26 10:07:58,129 - ERROR - Run failed | k=15 d=18 nr=35
Traceback (most recent call last):
  File "E:\document\PG\studio\content\bertopic_raw_sweep.py", line 422, in run_single_experiment
    topics, _ = topic_model.fit_transform(seg_texts, embeddings=embeddings)
                ^^^^^^^^^^^^^^^^^^^^^^^^^^^^^^^^^^^^^^^^^^^^^^^^^^^^^^^^^^^
  File "D:\an\envs\aigcxhs\Lib\site-packages\bertopic\_bertopic.py", line 520, in fit_transform
    self._extract_topics(
  File "D:\an\envs\aigcxhs\Lib\site-packages\bertopic\_bertopic.py", line 4204, in _extract_topics
    self.c_tf_idf_, words = self._c_tf_idf(documents_per_topic)
                            ^^^^^^^^^^^^^^^^^^^^^^^^^^^^^^^^^^^
  File "D:\an\envs\aigcxhs\Lib\site-packages\bertopic\_bertopic.py", line 4422, in _c_tf_idf
    X = self.vectorizer_model.fit_transform(documents)
        ^^^^^^^^^^^^^^^^^^^^^^^^^^^^^^^^^^^^^^^^^^^^^^
  File "D:\an\envs\aigcxhs\Lib\site-packages\sklearn\base.py", line 1336, in wrapper
    return fit_method(estimator, *args, **kwargs)
           ^^^^^^^^^^^^^^^^^^^^^^^^^^^^^^^^^^^^^^
  File "D:\an\envs\aigcxhs\Lib\site-packages\sklearn\feature_extraction\text.py", line 1396, in fit_transform
    raise ValueError("max_df corresponds to < documents than min_df")
ValueError: max_df corresponds to < documents than min_df
2026-04-26 10:07:58,139 - INFO - Run 37/147 | done=36 remain=111 ETA=28:47 | k=15 d=25 nr=none
2026-04-26 10:07:58,139 - INFO - Run k_15__d_25__nr_none | min_cluster_size=33 | min_samples=6
2026-04-26 10:07:58,140 - INFO - Run k_15__d_25__nr_none | stage=build_topic_model done | elapsed=00:00
2026-04-26 10:07:58,140 - INFO - Run k_15__d_25__nr_none | stage=fit_transform start (UMAP+HDBSCAN)
2026-04-26 10:08:13,831 - ERROR - Run failed | k=15 d=25 nr=none
Traceback (most recent call last):
  File "E:\document\PG\studio\content\bertopic_raw_sweep.py", line 422, in run_single_experiment
    topics, _ = topic_model.fit_transform(seg_texts, embeddings=embeddings)
                ^^^^^^^^^^^^^^^^^^^^^^^^^^^^^^^^^^^^^^^^^^^^^^^^^^^^^^^^^^^
  File "D:\an\envs\aigcxhs\Lib\site-packages\bertopic\_bertopic.py", line 520, in fit_transform
    self._extract_topics(
  File "D:\an\envs\aigcxhs\Lib\site-packages\bertopic\_bertopic.py", line 4204, in _extract_topics
    self.c_tf_idf_, words = self._c_tf_idf(documents_per_topic)
                            ^^^^^^^^^^^^^^^^^^^^^^^^^^^^^^^^^^^
  File "D:\an\envs\aigcxhs\Lib\site-packages\bertopic\_bertopic.py", line 4422, in _c_tf_idf
    X = self.vectorizer_model.fit_transform(documents)
        ^^^^^^^^^^^^^^^^^^^^^^^^^^^^^^^^^^^^^^^^^^^^^^
  File "D:\an\envs\aigcxhs\Lib\site-packages\sklearn\base.py", line 1336, in wrapper
    return fit_method(estimator, *args, **kwargs)
           ^^^^^^^^^^^^^^^^^^^^^^^^^^^^^^^^^^^^^^
  File "D:\an\envs\aigcxhs\Lib\site-packages\sklearn\feature_extraction\text.py", line 1396, in fit_transform
    raise ValueError("max_df corresponds to < documents than min_df")
ValueError: max_df corresponds to < documents than min_df
2026-04-26 10:08:13,842 - INFO - Run 38/147 | done=37 remain=110 ETA=28:31 | k=15 d=25 nr=25
2026-04-26 10:08:13,842 - INFO - Run k_15__d_25__nr_25 | min_cluster_size=40 | min_samples=8
2026-04-26 10:08:13,842 - INFO - Run k_15__d_25__nr_25 | stage=build_topic_model done | elapsed=00:00
2026-04-26 10:08:13,842 - INFO - Run k_15__d_25__nr_25 | stage=fit_transform start (UMAP+HDBSCAN)
2026-04-26 10:08:29,617 - ERROR - Run failed | k=15 d=25 nr=25
Traceback (most recent call last):
  File "E:\document\PG\studio\content\bertopic_raw_sweep.py", line 422, in run_single_experiment
    topics, _ = topic_model.fit_transform(seg_texts, embeddings=embeddings)
                ^^^^^^^^^^^^^^^^^^^^^^^^^^^^^^^^^^^^^^^^^^^^^^^^^^^^^^^^^^^
  File "D:\an\envs\aigcxhs\Lib\site-packages\bertopic\_bertopic.py", line 520, in fit_transform
    self._extract_topics(
  File "D:\an\envs\aigcxhs\Lib\site-packages\bertopic\_bertopic.py", line 4204, in _extract_topics
    self.c_tf_idf_, words = self._c_tf_idf(documents_per_topic)
                            ^^^^^^^^^^^^^^^^^^^^^^^^^^^^^^^^^^^
  File "D:\an\envs\aigcxhs\Lib\site-packages\bertopic\_bertopic.py", line 4422, in _c_tf_idf
    X = self.vectorizer_model.fit_transform(documents)
        ^^^^^^^^^^^^^^^^^^^^^^^^^^^^^^^^^^^^^^^^^^^^^^
  File "D:\an\envs\aigcxhs\Lib\site-packages\sklearn\base.py", line 1336, in wrapper
    return fit_method(estimator, *args, **kwargs)
           ^^^^^^^^^^^^^^^^^^^^^^^^^^^^^^^^^^^^^^
  File "D:\an\envs\aigcxhs\Lib\site-packages\sklearn\feature_extraction\text.py", line 1396, in fit_transform
    raise ValueError("max_df corresponds to < documents than min_df")
ValueError: max_df corresponds to < documents than min_df
2026-04-26 10:08:29,628 - INFO - Run 39/147 | done=38 remain=109 ETA=28:16 | k=15 d=25 nr=35
2026-04-26 10:08:29,629 - INFO - Run k_15__d_25__nr_35 | min_cluster_size=28 | min_samples=5
2026-04-26 10:08:29,629 - INFO - Run k_15__d_25__nr_35 | stage=build_topic_model done | elapsed=00:00
2026-04-26 10:08:29,629 - INFO - Run k_15__d_25__nr_35 | stage=fit_transform start (UMAP+HDBSCAN)
2026-04-26 10:08:46,192 - INFO - Run k_15__d_25__nr_35 | stage=fit_transform done | elapsed=00:16
2026-04-26 10:08:46,195 - INFO - Run k_15__d_25__nr_35 | stage=metrics done | elapsed=00:00
2026-04-26 10:08:46,195 - INFO - Run k_15__d_25__nr_35 | stage=save_outputs done | elapsed=00:00
2026-04-26 10:08:46,195 - INFO - Run k_15__d_25__nr_35 | finished | total_elapsed=00:16
2026-04-26 10:08:46,207 - INFO - Run 40/147 | done=39 remain=108 ETA=28:04 | k=15 d=35 nr=none
2026-04-26 10:08:46,207 - INFO - Run k_15__d_35__nr_none | min_cluster_size=33 | min_samples=6
2026-04-26 10:08:46,208 - INFO - Run k_15__d_35__nr_none | stage=build_topic_model done | elapsed=00:00
2026-04-26 10:08:46,208 - INFO - Run k_15__d_35__nr_none | stage=fit_transform start (UMAP+HDBSCAN)
2026-04-26 10:09:03,501 - ERROR - Run failed | k=15 d=35 nr=none
Traceback (most recent call last):
  File "E:\document\PG\studio\content\bertopic_raw_sweep.py", line 422, in run_single_experiment
    topics, _ = topic_model.fit_transform(seg_texts, embeddings=embeddings)
                ^^^^^^^^^^^^^^^^^^^^^^^^^^^^^^^^^^^^^^^^^^^^^^^^^^^^^^^^^^^
  File "D:\an\envs\aigcxhs\Lib\site-packages\bertopic\_bertopic.py", line 520, in fit_transform
    self._extract_topics(
  File "D:\an\envs\aigcxhs\Lib\site-packages\bertopic\_bertopic.py", line 4204, in _extract_topics
    self.c_tf_idf_, words = self._c_tf_idf(documents_per_topic)
                            ^^^^^^^^^^^^^^^^^^^^^^^^^^^^^^^^^^^
  File "D:\an\envs\aigcxhs\Lib\site-packages\bertopic\_bertopic.py", line 4422, in _c_tf_idf
    X = self.vectorizer_model.fit_transform(documents)
        ^^^^^^^^^^^^^^^^^^^^^^^^^^^^^^^^^^^^^^^^^^^^^^
  File "D:\an\envs\aigcxhs\Lib\site-packages\sklearn\base.py", line 1336, in wrapper
    return fit_method(estimator, *args, **kwargs)
           ^^^^^^^^^^^^^^^^^^^^^^^^^^^^^^^^^^^^^^
  File "D:\an\envs\aigcxhs\Lib\site-packages\sklearn\feature_extraction\text.py", line 1396, in fit_transform
    raise ValueError("max_df corresponds to < documents than min_df")
ValueError: max_df corresponds to < documents than min_df
2026-04-26 10:09:03,515 - INFO - Current Top3 Leaderboard:
2026-04-26 10:09:03,515 - INFO -   #1 k=5 d=3 nr=35 | score=0.8689 | coverage=0.7368 | diversity=0.9588 | entropy=0.9392 | discovered=34
2026-04-26 10:09:03,515 - INFO -   #2 k=5 d=8 nr=35 | score=0.8656 | coverage=0.7252 | diversity=0.9676 | entropy=0.9298 | discovered=34
2026-04-26 10:09:03,515 - INFO -   #3 k=5 d=8 nr=none | score=0.8629 | coverage=0.6952 | diversity=0.9686 | entropy=0.9617 | discovered=35
2026-04-26 10:09:03,516 - INFO - Run 41/147 | done=40 remain=107 ETA=27:53 | k=15 d=35 nr=25
2026-04-26 10:09:03,516 - INFO - Run k_15__d_35__nr_25 | min_cluster_size=40 | min_samples=8
2026-04-26 10:09:03,516 - INFO - Run k_15__d_35__nr_25 | stage=build_topic_model done | elapsed=00:00
2026-04-26 10:09:03,516 - INFO - Run k_15__d_35__nr_25 | stage=fit_transform start (UMAP+HDBSCAN)
2026-04-26 10:09:20,320 - ERROR - Run failed | k=15 d=35 nr=25
Traceback (most recent call last):
  File "E:\document\PG\studio\content\bertopic_raw_sweep.py", line 422, in run_single_experiment
    topics, _ = topic_model.fit_transform(seg_texts, embeddings=embeddings)
                ^^^^^^^^^^^^^^^^^^^^^^^^^^^^^^^^^^^^^^^^^^^^^^^^^^^^^^^^^^^
  File "D:\an\envs\aigcxhs\Lib\site-packages\bertopic\_bertopic.py", line 520, in fit_transform
    self._extract_topics(
  File "D:\an\envs\aigcxhs\Lib\site-packages\bertopic\_bertopic.py", line 4204, in _extract_topics
    self.c_tf_idf_, words = self._c_tf_idf(documents_per_topic)
                            ^^^^^^^^^^^^^^^^^^^^^^^^^^^^^^^^^^^
  File "D:\an\envs\aigcxhs\Lib\site-packages\bertopic\_bertopic.py", line 4422, in _c_tf_idf
    X = self.vectorizer_model.fit_transform(documents)
        ^^^^^^^^^^^^^^^^^^^^^^^^^^^^^^^^^^^^^^^^^^^^^^
  File "D:\an\envs\aigcxhs\Lib\site-packages\sklearn\base.py", line 1336, in wrapper
    return fit_method(estimator, *args, **kwargs)
           ^^^^^^^^^^^^^^^^^^^^^^^^^^^^^^^^^^^^^^
  File "D:\an\envs\aigcxhs\Lib\site-packages\sklearn\feature_extraction\text.py", line 1396, in fit_transform
    raise ValueError("max_df corresponds to < documents than min_df")
ValueError: max_df corresponds to < documents than min_df
2026-04-26 10:09:20,331 - INFO - Run 42/147 | done=41 remain=106 ETA=27:40 | k=15 d=35 nr=35
2026-04-26 10:09:20,332 - INFO - Run k_15__d_35__nr_35 | min_cluster_size=28 | min_samples=5
2026-04-26 10:09:20,332 - INFO - Run k_15__d_35__nr_35 | stage=build_topic_model done | elapsed=00:00
2026-04-26 10:09:20,332 - INFO - Run k_15__d_35__nr_35 | stage=fit_transform start (UMAP+HDBSCAN)
2026-04-26 10:09:37,556 - INFO - Run k_15__d_35__nr_35 | stage=fit_transform done | elapsed=00:17
2026-04-26 10:09:37,559 - INFO - Run k_15__d_35__nr_35 | stage=metrics done | elapsed=00:00
2026-04-26 10:09:37,559 - INFO - Run k_15__d_35__nr_35 | stage=save_outputs done | elapsed=00:00
2026-04-26 10:09:37,560 - INFO - Run k_15__d_35__nr_35 | finished | total_elapsed=00:17
2026-04-26 10:09:37,567 - INFO - Run 43/147 | done=42 remain=105 ETA=27:28 | k=25 d=3 nr=none
2026-04-26 10:09:37,568 - INFO - Run k_25__d_3__nr_none | min_cluster_size=33 | min_samples=6
2026-04-26 10:09:37,568 - INFO - Run k_25__d_3__nr_none | stage=build_topic_model done | elapsed=00:00
2026-04-26 10:09:37,568 - INFO - Run k_25__d_3__nr_none | stage=fit_transform start (UMAP+HDBSCAN)
2026-04-26 10:09:53,001 - INFO - Run k_25__d_3__nr_none | stage=fit_transform done | elapsed=00:15
2026-04-26 10:09:53,004 - INFO - Run k_25__d_3__nr_none | stage=metrics done | elapsed=00:00
2026-04-26 10:09:53,005 - INFO - Run k_25__d_3__nr_none | stage=save_outputs done | elapsed=00:00
2026-04-26 10:09:53,005 - INFO - Run k_25__d_3__nr_none | finished | total_elapsed=00:15
2026-04-26 10:09:53,012 - INFO - Run 44/147 | done=43 remain=104 ETA=27:12 | k=25 d=3 nr=25
2026-04-26 10:09:53,013 - INFO - Run k_25__d_3__nr_25 | min_cluster_size=40 | min_samples=8
2026-04-26 10:09:53,013 - INFO - Run k_25__d_3__nr_25 | stage=build_topic_model done | elapsed=00:00
2026-04-26 10:09:53,013 - INFO - Run k_25__d_3__nr_25 | stage=fit_transform start (UMAP+HDBSCAN)
2026-04-26 10:10:08,804 - INFO - Run k_25__d_3__nr_25 | stage=fit_transform done | elapsed=00:15
2026-04-26 10:10:08,807 - INFO - Run k_25__d_3__nr_25 | stage=metrics done | elapsed=00:00
2026-04-26 10:10:08,807 - INFO - Run k_25__d_3__nr_25 | stage=save_outputs done | elapsed=00:00
2026-04-26 10:10:08,807 - INFO - Run k_25__d_3__nr_25 | finished | total_elapsed=00:15
2026-04-26 10:10:08,814 - INFO - Run 45/147 | done=44 remain=103 ETA=26:56 | k=25 d=3 nr=35
2026-04-26 10:10:08,815 - INFO - Run k_25__d_3__nr_35 | min_cluster_size=28 | min_samples=5
2026-04-26 10:10:08,815 - INFO - Run k_25__d_3__nr_35 | stage=build_topic_model done | elapsed=00:00
2026-04-26 10:10:08,815 - INFO - Run k_25__d_3__nr_35 | stage=fit_transform start (UMAP+HDBSCAN)
2026-04-26 10:10:24,744 - INFO - Run k_25__d_3__nr_35 | stage=fit_transform done | elapsed=00:15
2026-04-26 10:10:24,748 - INFO - Run k_25__d_3__nr_35 | stage=metrics done | elapsed=00:00
2026-04-26 10:10:24,748 - INFO - Run k_25__d_3__nr_35 | stage=save_outputs done | elapsed=00:00
2026-04-26 10:10:24,749 - INFO - Run k_25__d_3__nr_35 | finished | total_elapsed=00:15
2026-04-26 10:10:24,757 - INFO - Current Top3 Leaderboard:
2026-04-26 10:10:24,757 - INFO -   #1 k=5 d=3 nr=35 | score=0.8689 | coverage=0.7368 | diversity=0.9588 | entropy=0.9392 | discovered=34
2026-04-26 10:10:24,757 - INFO -   #2 k=5 d=8 nr=35 | score=0.8656 | coverage=0.7252 | diversity=0.9676 | entropy=0.9298 | discovered=34
2026-04-26 10:10:24,757 - INFO -   #3 k=5 d=8 nr=none | score=0.8629 | coverage=0.6952 | diversity=0.9686 | entropy=0.9617 | discovered=35
2026-04-26 10:10:24,757 - INFO - Run 46/147 | done=45 remain=102 ETA=26:41 | k=25 d=5 nr=none
2026-04-26 10:10:24,757 - INFO - Run k_25__d_5__nr_none | min_cluster_size=33 | min_samples=6
2026-04-26 10:10:24,758 - INFO - Run k_25__d_5__nr_none | stage=build_topic_model done | elapsed=00:00
2026-04-26 10:10:24,758 - INFO - Run k_25__d_5__nr_none | stage=fit_transform start (UMAP+HDBSCAN)
2026-04-26 10:10:40,394 - ERROR - Run failed | k=25 d=5 nr=none
Traceback (most recent call last):
  File "E:\document\PG\studio\content\bertopic_raw_sweep.py", line 422, in run_single_experiment
    topics, _ = topic_model.fit_transform(seg_texts, embeddings=embeddings)
                ^^^^^^^^^^^^^^^^^^^^^^^^^^^^^^^^^^^^^^^^^^^^^^^^^^^^^^^^^^^
  File "D:\an\envs\aigcxhs\Lib\site-packages\bertopic\_bertopic.py", line 520, in fit_transform
    self._extract_topics(
  File "D:\an\envs\aigcxhs\Lib\site-packages\bertopic\_bertopic.py", line 4204, in _extract_topics
    self.c_tf_idf_, words = self._c_tf_idf(documents_per_topic)
                            ^^^^^^^^^^^^^^^^^^^^^^^^^^^^^^^^^^^
  File "D:\an\envs\aigcxhs\Lib\site-packages\bertopic\_bertopic.py", line 4422, in _c_tf_idf
    X = self.vectorizer_model.fit_transform(documents)
        ^^^^^^^^^^^^^^^^^^^^^^^^^^^^^^^^^^^^^^^^^^^^^^
  File "D:\an\envs\aigcxhs\Lib\site-packages\sklearn\base.py", line 1336, in wrapper
    return fit_method(estimator, *args, **kwargs)
           ^^^^^^^^^^^^^^^^^^^^^^^^^^^^^^^^^^^^^^
  File "D:\an\envs\aigcxhs\Lib\site-packages\sklearn\feature_extraction\text.py", line 1396, in fit_transform
    raise ValueError("max_df corresponds to < documents than min_df")
ValueError: max_df corresponds to < documents than min_df
2026-04-26 10:10:40,404 - INFO - Run 47/147 | done=46 remain=101 ETA=26:25 | k=25 d=5 nr=25
2026-04-26 10:10:40,404 - INFO - Run k_25__d_5__nr_25 | min_cluster_size=40 | min_samples=8
2026-04-26 10:10:40,405 - INFO - Run k_25__d_5__nr_25 | stage=build_topic_model done | elapsed=00:00
2026-04-26 10:10:40,405 - INFO - Run k_25__d_5__nr_25 | stage=fit_transform start (UMAP+HDBSCAN)
2026-04-26 10:10:56,117 - ERROR - Run failed | k=25 d=5 nr=25
Traceback (most recent call last):
  File "E:\document\PG\studio\content\bertopic_raw_sweep.py", line 422, in run_single_experiment
    topics, _ = topic_model.fit_transform(seg_texts, embeddings=embeddings)
                ^^^^^^^^^^^^^^^^^^^^^^^^^^^^^^^^^^^^^^^^^^^^^^^^^^^^^^^^^^^
  File "D:\an\envs\aigcxhs\Lib\site-packages\bertopic\_bertopic.py", line 520, in fit_transform
    self._extract_topics(
  File "D:\an\envs\aigcxhs\Lib\site-packages\bertopic\_bertopic.py", line 4204, in _extract_topics
    self.c_tf_idf_, words = self._c_tf_idf(documents_per_topic)
                            ^^^^^^^^^^^^^^^^^^^^^^^^^^^^^^^^^^^
  File "D:\an\envs\aigcxhs\Lib\site-packages\bertopic\_bertopic.py", line 4422, in _c_tf_idf
    X = self.vectorizer_model.fit_transform(documents)
        ^^^^^^^^^^^^^^^^^^^^^^^^^^^^^^^^^^^^^^^^^^^^^^
  File "D:\an\envs\aigcxhs\Lib\site-packages\sklearn\base.py", line 1336, in wrapper
    return fit_method(estimator, *args, **kwargs)
           ^^^^^^^^^^^^^^^^^^^^^^^^^^^^^^^^^^^^^^
  File "D:\an\envs\aigcxhs\Lib\site-packages\sklearn\feature_extraction\text.py", line 1396, in fit_transform
    raise ValueError("max_df corresponds to < documents than min_df")
ValueError: max_df corresponds to < documents than min_df
2026-04-26 10:10:56,131 - INFO - Run 48/147 | done=47 remain=100 ETA=26:10 | k=25 d=5 nr=35
2026-04-26 10:10:56,131 - INFO - Run k_25__d_5__nr_35 | min_cluster_size=28 | min_samples=5
2026-04-26 10:10:56,131 - INFO - Run k_25__d_5__nr_35 | stage=build_topic_model done | elapsed=00:00
2026-04-26 10:10:56,131 - INFO - Run k_25__d_5__nr_35 | stage=fit_transform start (UMAP+HDBSCAN)
2026-04-26 10:11:13,043 - ERROR - Run failed | k=25 d=5 nr=35
Traceback (most recent call last):
  File "E:\document\PG\studio\content\bertopic_raw_sweep.py", line 422, in run_single_experiment
    topics, _ = topic_model.fit_transform(seg_texts, embeddings=embeddings)
                ^^^^^^^^^^^^^^^^^^^^^^^^^^^^^^^^^^^^^^^^^^^^^^^^^^^^^^^^^^^
  File "D:\an\envs\aigcxhs\Lib\site-packages\bertopic\_bertopic.py", line 520, in fit_transform
    self._extract_topics(
  File "D:\an\envs\aigcxhs\Lib\site-packages\bertopic\_bertopic.py", line 4204, in _extract_topics
    self.c_tf_idf_, words = self._c_tf_idf(documents_per_topic)
                            ^^^^^^^^^^^^^^^^^^^^^^^^^^^^^^^^^^^
  File "D:\an\envs\aigcxhs\Lib\site-packages\bertopic\_bertopic.py", line 4422, in _c_tf_idf
    X = self.vectorizer_model.fit_transform(documents)
        ^^^^^^^^^^^^^^^^^^^^^^^^^^^^^^^^^^^^^^^^^^^^^^
  File "D:\an\envs\aigcxhs\Lib\site-packages\sklearn\base.py", line 1336, in wrapper
    return fit_method(estimator, *args, **kwargs)
           ^^^^^^^^^^^^^^^^^^^^^^^^^^^^^^^^^^^^^^
  File "D:\an\envs\aigcxhs\Lib\site-packages\sklearn\feature_extraction\text.py", line 1396, in fit_transform
    raise ValueError("max_df corresponds to < documents than min_df")
ValueError: max_df corresponds to < documents than min_df
2026-04-26 10:11:13,057 - INFO - Run 49/147 | done=48 remain=99 ETA=25:57 | k=25 d=8 nr=none
2026-04-26 10:11:13,058 - INFO - Run k_25__d_8__nr_none | min_cluster_size=33 | min_samples=6
2026-04-26 10:11:13,058 - INFO - Run k_25__d_8__nr_none | stage=build_topic_model done | elapsed=00:00
2026-04-26 10:11:13,058 - INFO - Run k_25__d_8__nr_none | stage=fit_transform start (UMAP+HDBSCAN)
2026-04-26 10:11:30,049 - ERROR - Run failed | k=25 d=8 nr=none
Traceback (most recent call last):
  File "E:\document\PG\studio\content\bertopic_raw_sweep.py", line 422, in run_single_experiment
    topics, _ = topic_model.fit_transform(seg_texts, embeddings=embeddings)
                ^^^^^^^^^^^^^^^^^^^^^^^^^^^^^^^^^^^^^^^^^^^^^^^^^^^^^^^^^^^
  File "D:\an\envs\aigcxhs\Lib\site-packages\bertopic\_bertopic.py", line 520, in fit_transform
    self._extract_topics(
  File "D:\an\envs\aigcxhs\Lib\site-packages\bertopic\_bertopic.py", line 4204, in _extract_topics
    self.c_tf_idf_, words = self._c_tf_idf(documents_per_topic)
                            ^^^^^^^^^^^^^^^^^^^^^^^^^^^^^^^^^^^
  File "D:\an\envs\aigcxhs\Lib\site-packages\bertopic\_bertopic.py", line 4422, in _c_tf_idf
    X = self.vectorizer_model.fit_transform(documents)
        ^^^^^^^^^^^^^^^^^^^^^^^^^^^^^^^^^^^^^^^^^^^^^^
  File "D:\an\envs\aigcxhs\Lib\site-packages\sklearn\base.py", line 1336, in wrapper
    return fit_method(estimator, *args, **kwargs)
           ^^^^^^^^^^^^^^^^^^^^^^^^^^^^^^^^^^^^^^
  File "D:\an\envs\aigcxhs\Lib\site-packages\sklearn\feature_extraction\text.py", line 1396, in fit_transform
    raise ValueError("max_df corresponds to < documents than min_df")
ValueError: max_df corresponds to < documents than min_df
2026-04-26 10:11:30,064 - INFO - Run 50/147 | done=49 remain=98 ETA=25:43 | k=25 d=8 nr=25
2026-04-26 10:11:30,064 - INFO - Run k_25__d_8__nr_25 | min_cluster_size=40 | min_samples=8
2026-04-26 10:11:30,064 - INFO - Run k_25__d_8__nr_25 | stage=build_topic_model done | elapsed=00:00
2026-04-26 10:11:30,065 - INFO - Run k_25__d_8__nr_25 | stage=fit_transform start (UMAP+HDBSCAN)
2026-04-26 10:11:46,150 - ERROR - Run failed | k=25 d=8 nr=25
Traceback (most recent call last):
  File "E:\document\PG\studio\content\bertopic_raw_sweep.py", line 422, in run_single_experiment
    topics, _ = topic_model.fit_transform(seg_texts, embeddings=embeddings)
                ^^^^^^^^^^^^^^^^^^^^^^^^^^^^^^^^^^^^^^^^^^^^^^^^^^^^^^^^^^^
  File "D:\an\envs\aigcxhs\Lib\site-packages\bertopic\_bertopic.py", line 520, in fit_transform
    self._extract_topics(
  File "D:\an\envs\aigcxhs\Lib\site-packages\bertopic\_bertopic.py", line 4204, in _extract_topics
    self.c_tf_idf_, words = self._c_tf_idf(documents_per_topic)
                            ^^^^^^^^^^^^^^^^^^^^^^^^^^^^^^^^^^^
  File "D:\an\envs\aigcxhs\Lib\site-packages\bertopic\_bertopic.py", line 4422, in _c_tf_idf
    X = self.vectorizer_model.fit_transform(documents)
        ^^^^^^^^^^^^^^^^^^^^^^^^^^^^^^^^^^^^^^^^^^^^^^
  File "D:\an\envs\aigcxhs\Lib\site-packages\sklearn\base.py", line 1336, in wrapper
    return fit_method(estimator, *args, **kwargs)
           ^^^^^^^^^^^^^^^^^^^^^^^^^^^^^^^^^^^^^^
  File "D:\an\envs\aigcxhs\Lib\site-packages\sklearn\feature_extraction\text.py", line 1396, in fit_transform
    raise ValueError("max_df corresponds to < documents than min_df")
ValueError: max_df corresponds to < documents than min_df
2026-04-26 10:11:46,161 - INFO - Current Top3 Leaderboard:
2026-04-26 10:11:46,162 - INFO -   #1 k=5 d=3 nr=35 | score=0.8689 | coverage=0.7368 | diversity=0.9588 | entropy=0.9392 | discovered=34
2026-04-26 10:11:46,162 - INFO -   #2 k=5 d=8 nr=35 | score=0.8656 | coverage=0.7252 | diversity=0.9676 | entropy=0.9298 | discovered=34
2026-04-26 10:11:46,162 - INFO -   #3 k=5 d=8 nr=none | score=0.8629 | coverage=0.6952 | diversity=0.9686 | entropy=0.9617 | discovered=35
2026-04-26 10:11:46,162 - INFO - Run 51/147 | done=50 remain=97 ETA=25:28 | k=25 d=8 nr=35
2026-04-26 10:11:46,162 - INFO - Run k_25__d_8__nr_35 | min_cluster_size=28 | min_samples=5
2026-04-26 10:11:46,163 - INFO - Run k_25__d_8__nr_35 | stage=build_topic_model done | elapsed=00:00
2026-04-26 10:11:46,163 - INFO - Run k_25__d_8__nr_35 | stage=fit_transform start (UMAP+HDBSCAN)
2026-04-26 10:12:01,653 - ERROR - Run failed | k=25 d=8 nr=35
Traceback (most recent call last):
  File "E:\document\PG\studio\content\bertopic_raw_sweep.py", line 422, in run_single_experiment
    topics, _ = topic_model.fit_transform(seg_texts, embeddings=embeddings)
                ^^^^^^^^^^^^^^^^^^^^^^^^^^^^^^^^^^^^^^^^^^^^^^^^^^^^^^^^^^^
  File "D:\an\envs\aigcxhs\Lib\site-packages\bertopic\_bertopic.py", line 520, in fit_transform
    self._extract_topics(
  File "D:\an\envs\aigcxhs\Lib\site-packages\bertopic\_bertopic.py", line 4204, in _extract_topics
    self.c_tf_idf_, words = self._c_tf_idf(documents_per_topic)
                            ^^^^^^^^^^^^^^^^^^^^^^^^^^^^^^^^^^^
  File "D:\an\envs\aigcxhs\Lib\site-packages\bertopic\_bertopic.py", line 4422, in _c_tf_idf
    X = self.vectorizer_model.fit_transform(documents)
        ^^^^^^^^^^^^^^^^^^^^^^^^^^^^^^^^^^^^^^^^^^^^^^
  File "D:\an\envs\aigcxhs\Lib\site-packages\sklearn\base.py", line 1336, in wrapper
    return fit_method(estimator, *args, **kwargs)
           ^^^^^^^^^^^^^^^^^^^^^^^^^^^^^^^^^^^^^^
  File "D:\an\envs\aigcxhs\Lib\site-packages\sklearn\feature_extraction\text.py", line 1396, in fit_transform
    raise ValueError("max_df corresponds to < documents than min_df")
ValueError: max_df corresponds to < documents than min_df
2026-04-26 10:12:01,663 - INFO - Run 52/147 | done=51 remain=96 ETA=25:12 | k=25 d=12 nr=none
2026-04-26 10:12:01,663 - INFO - Run k_25__d_12__nr_none | min_cluster_size=33 | min_samples=6
2026-04-26 10:12:01,664 - INFO - Run k_25__d_12__nr_none | stage=build_topic_model done | elapsed=00:00
2026-04-26 10:12:01,664 - INFO - Run k_25__d_12__nr_none | stage=fit_transform start (UMAP+HDBSCAN)
2026-04-26 10:12:17,679 - ERROR - Run failed | k=25 d=12 nr=none
Traceback (most recent call last):
  File "E:\document\PG\studio\content\bertopic_raw_sweep.py", line 422, in run_single_experiment
    topics, _ = topic_model.fit_transform(seg_texts, embeddings=embeddings)
                ^^^^^^^^^^^^^^^^^^^^^^^^^^^^^^^^^^^^^^^^^^^^^^^^^^^^^^^^^^^
  File "D:\an\envs\aigcxhs\Lib\site-packages\bertopic\_bertopic.py", line 520, in fit_transform
    self._extract_topics(
  File "D:\an\envs\aigcxhs\Lib\site-packages\bertopic\_bertopic.py", line 4204, in _extract_topics
    self.c_tf_idf_, words = self._c_tf_idf(documents_per_topic)
                            ^^^^^^^^^^^^^^^^^^^^^^^^^^^^^^^^^^^
  File "D:\an\envs\aigcxhs\Lib\site-packages\bertopic\_bertopic.py", line 4422, in _c_tf_idf
    X = self.vectorizer_model.fit_transform(documents)
        ^^^^^^^^^^^^^^^^^^^^^^^^^^^^^^^^^^^^^^^^^^^^^^
  File "D:\an\envs\aigcxhs\Lib\site-packages\sklearn\base.py", line 1336, in wrapper
    return fit_method(estimator, *args, **kwargs)
           ^^^^^^^^^^^^^^^^^^^^^^^^^^^^^^^^^^^^^^
  File "D:\an\envs\aigcxhs\Lib\site-packages\sklearn\feature_extraction\text.py", line 1396, in fit_transform
    raise ValueError("max_df corresponds to < documents than min_df")
ValueError: max_df corresponds to < documents than min_df
2026-04-26 10:12:17,689 - INFO - Run 53/147 | done=52 remain=95 ETA=24:57 | k=25 d=12 nr=25
2026-04-26 10:12:17,689 - INFO - Run k_25__d_12__nr_25 | min_cluster_size=40 | min_samples=8
2026-04-26 10:12:17,690 - INFO - Run k_25__d_12__nr_25 | stage=build_topic_model done | elapsed=00:00
2026-04-26 10:12:17,690 - INFO - Run k_25__d_12__nr_25 | stage=fit_transform start (UMAP+HDBSCAN)
2026-04-26 10:12:33,581 - ERROR - Run failed | k=25 d=12 nr=25
Traceback (most recent call last):
  File "E:\document\PG\studio\content\bertopic_raw_sweep.py", line 422, in run_single_experiment
    topics, _ = topic_model.fit_transform(seg_texts, embeddings=embeddings)
                ^^^^^^^^^^^^^^^^^^^^^^^^^^^^^^^^^^^^^^^^^^^^^^^^^^^^^^^^^^^
  File "D:\an\envs\aigcxhs\Lib\site-packages\bertopic\_bertopic.py", line 520, in fit_transform
    self._extract_topics(
  File "D:\an\envs\aigcxhs\Lib\site-packages\bertopic\_bertopic.py", line 4204, in _extract_topics
    self.c_tf_idf_, words = self._c_tf_idf(documents_per_topic)
                            ^^^^^^^^^^^^^^^^^^^^^^^^^^^^^^^^^^^
  File "D:\an\envs\aigcxhs\Lib\site-packages\bertopic\_bertopic.py", line 4422, in _c_tf_idf
    X = self.vectorizer_model.fit_transform(documents)
        ^^^^^^^^^^^^^^^^^^^^^^^^^^^^^^^^^^^^^^^^^^^^^^
  File "D:\an\envs\aigcxhs\Lib\site-packages\sklearn\base.py", line 1336, in wrapper
    return fit_method(estimator, *args, **kwargs)
           ^^^^^^^^^^^^^^^^^^^^^^^^^^^^^^^^^^^^^^
  File "D:\an\envs\aigcxhs\Lib\site-packages\sklearn\feature_extraction\text.py", line 1396, in fit_transform
    raise ValueError("max_df corresponds to < documents than min_df")
ValueError: max_df corresponds to < documents than min_df
2026-04-26 10:12:33,594 - INFO - Run 54/147 | done=53 remain=94 ETA=24:41 | k=25 d=12 nr=35
2026-04-26 10:12:33,594 - INFO - Run k_25__d_12__nr_35 | min_cluster_size=28 | min_samples=5
2026-04-26 10:12:33,594 - INFO - Run k_25__d_12__nr_35 | stage=build_topic_model done | elapsed=00:00
2026-04-26 10:12:33,594 - INFO - Run k_25__d_12__nr_35 | stage=fit_transform start (UMAP+HDBSCAN)
2026-04-26 10:12:49,664 - ERROR - Run failed | k=25 d=12 nr=35
Traceback (most recent call last):
  File "E:\document\PG\studio\content\bertopic_raw_sweep.py", line 422, in run_single_experiment
    topics, _ = topic_model.fit_transform(seg_texts, embeddings=embeddings)
                ^^^^^^^^^^^^^^^^^^^^^^^^^^^^^^^^^^^^^^^^^^^^^^^^^^^^^^^^^^^
  File "D:\an\envs\aigcxhs\Lib\site-packages\bertopic\_bertopic.py", line 520, in fit_transform
    self._extract_topics(
  File "D:\an\envs\aigcxhs\Lib\site-packages\bertopic\_bertopic.py", line 4204, in _extract_topics
    self.c_tf_idf_, words = self._c_tf_idf(documents_per_topic)
                            ^^^^^^^^^^^^^^^^^^^^^^^^^^^^^^^^^^^
  File "D:\an\envs\aigcxhs\Lib\site-packages\bertopic\_bertopic.py", line 4422, in _c_tf_idf
    X = self.vectorizer_model.fit_transform(documents)
        ^^^^^^^^^^^^^^^^^^^^^^^^^^^^^^^^^^^^^^^^^^^^^^
  File "D:\an\envs\aigcxhs\Lib\site-packages\sklearn\base.py", line 1336, in wrapper
    return fit_method(estimator, *args, **kwargs)
           ^^^^^^^^^^^^^^^^^^^^^^^^^^^^^^^^^^^^^^
  File "D:\an\envs\aigcxhs\Lib\site-packages\sklearn\feature_extraction\text.py", line 1396, in fit_transform
    raise ValueError("max_df corresponds to < documents than min_df")
ValueError: max_df corresponds to < documents than min_df
2026-04-26 10:12:49,674 - INFO - Run 55/147 | done=54 remain=93 ETA=24:26 | k=25 d=18 nr=none
2026-04-26 10:12:49,674 - INFO - Run k_25__d_18__nr_none | min_cluster_size=33 | min_samples=6
2026-04-26 10:12:49,675 - INFO - Run k_25__d_18__nr_none | stage=build_topic_model done | elapsed=00:00
2026-04-26 10:12:49,675 - INFO - Run k_25__d_18__nr_none | stage=fit_transform start (UMAP+HDBSCAN)
2026-04-26 10:13:05,782 - ERROR - Run failed | k=25 d=18 nr=none
Traceback (most recent call last):
  File "E:\document\PG\studio\content\bertopic_raw_sweep.py", line 422, in run_single_experiment
    topics, _ = topic_model.fit_transform(seg_texts, embeddings=embeddings)
                ^^^^^^^^^^^^^^^^^^^^^^^^^^^^^^^^^^^^^^^^^^^^^^^^^^^^^^^^^^^
  File "D:\an\envs\aigcxhs\Lib\site-packages\bertopic\_bertopic.py", line 520, in fit_transform
    self._extract_topics(
  File "D:\an\envs\aigcxhs\Lib\site-packages\bertopic\_bertopic.py", line 4204, in _extract_topics
    self.c_tf_idf_, words = self._c_tf_idf(documents_per_topic)
                            ^^^^^^^^^^^^^^^^^^^^^^^^^^^^^^^^^^^
  File "D:\an\envs\aigcxhs\Lib\site-packages\bertopic\_bertopic.py", line 4422, in _c_tf_idf
    X = self.vectorizer_model.fit_transform(documents)
        ^^^^^^^^^^^^^^^^^^^^^^^^^^^^^^^^^^^^^^^^^^^^^^
  File "D:\an\envs\aigcxhs\Lib\site-packages\sklearn\base.py", line 1336, in wrapper
    return fit_method(estimator, *args, **kwargs)
           ^^^^^^^^^^^^^^^^^^^^^^^^^^^^^^^^^^^^^^
  File "D:\an\envs\aigcxhs\Lib\site-packages\sklearn\feature_extraction\text.py", line 1396, in fit_transform
    raise ValueError("max_df corresponds to < documents than min_df")
ValueError: max_df corresponds to < documents than min_df
2026-04-26 10:13:05,793 - INFO - Current Top3 Leaderboard:
2026-04-26 10:13:05,793 - INFO -   #1 k=5 d=3 nr=35 | score=0.8689 | coverage=0.7368 | diversity=0.9588 | entropy=0.9392 | discovered=34
2026-04-26 10:13:05,793 - INFO -   #2 k=5 d=8 nr=35 | score=0.8656 | coverage=0.7252 | diversity=0.9676 | entropy=0.9298 | discovered=34
2026-04-26 10:13:05,793 - INFO -   #3 k=5 d=8 nr=none | score=0.8629 | coverage=0.6952 | diversity=0.9686 | entropy=0.9617 | discovered=35
2026-04-26 10:13:05,794 - INFO - Run 56/147 | done=55 remain=92 ETA=24:11 | k=25 d=18 nr=25
2026-04-26 10:13:05,794 - INFO - Run k_25__d_18__nr_25 | min_cluster_size=40 | min_samples=8
2026-04-26 10:13:05,794 - INFO - Run k_25__d_18__nr_25 | stage=build_topic_model done | elapsed=00:00
2026-04-26 10:13:05,794 - INFO - Run k_25__d_18__nr_25 | stage=fit_transform start (UMAP+HDBSCAN)
2026-04-26 10:13:21,937 - ERROR - Run failed | k=25 d=18 nr=25
Traceback (most recent call last):
  File "E:\document\PG\studio\content\bertopic_raw_sweep.py", line 422, in run_single_experiment
    topics, _ = topic_model.fit_transform(seg_texts, embeddings=embeddings)
                ^^^^^^^^^^^^^^^^^^^^^^^^^^^^^^^^^^^^^^^^^^^^^^^^^^^^^^^^^^^
  File "D:\an\envs\aigcxhs\Lib\site-packages\bertopic\_bertopic.py", line 520, in fit_transform
    self._extract_topics(
  File "D:\an\envs\aigcxhs\Lib\site-packages\bertopic\_bertopic.py", line 4204, in _extract_topics
    self.c_tf_idf_, words = self._c_tf_idf(documents_per_topic)
                            ^^^^^^^^^^^^^^^^^^^^^^^^^^^^^^^^^^^
  File "D:\an\envs\aigcxhs\Lib\site-packages\bertopic\_bertopic.py", line 4422, in _c_tf_idf
    X = self.vectorizer_model.fit_transform(documents)
        ^^^^^^^^^^^^^^^^^^^^^^^^^^^^^^^^^^^^^^^^^^^^^^
  File "D:\an\envs\aigcxhs\Lib\site-packages\sklearn\base.py", line 1336, in wrapper
    return fit_method(estimator, *args, **kwargs)
           ^^^^^^^^^^^^^^^^^^^^^^^^^^^^^^^^^^^^^^
  File "D:\an\envs\aigcxhs\Lib\site-packages\sklearn\feature_extraction\text.py", line 1396, in fit_transform
    raise ValueError("max_df corresponds to < documents than min_df")
ValueError: max_df corresponds to < documents than min_df
2026-04-26 10:13:21,948 - INFO - Run 57/147 | done=56 remain=91 ETA=23:56 | k=25 d=18 nr=35
2026-04-26 10:13:21,948 - INFO - Run k_25__d_18__nr_35 | min_cluster_size=28 | min_samples=5
2026-04-26 10:13:21,948 - INFO - Run k_25__d_18__nr_35 | stage=build_topic_model done | elapsed=00:00
2026-04-26 10:13:21,948 - INFO - Run k_25__d_18__nr_35 | stage=fit_transform start (UMAP+HDBSCAN)
2026-04-26 10:13:38,038 - ERROR - Run failed | k=25 d=18 nr=35
Traceback (most recent call last):
  File "E:\document\PG\studio\content\bertopic_raw_sweep.py", line 422, in run_single_experiment
    topics, _ = topic_model.fit_transform(seg_texts, embeddings=embeddings)
                ^^^^^^^^^^^^^^^^^^^^^^^^^^^^^^^^^^^^^^^^^^^^^^^^^^^^^^^^^^^
  File "D:\an\envs\aigcxhs\Lib\site-packages\bertopic\_bertopic.py", line 520, in fit_transform
    self._extract_topics(
  File "D:\an\envs\aigcxhs\Lib\site-packages\bertopic\_bertopic.py", line 4204, in _extract_topics
    self.c_tf_idf_, words = self._c_tf_idf(documents_per_topic)
                            ^^^^^^^^^^^^^^^^^^^^^^^^^^^^^^^^^^^
  File "D:\an\envs\aigcxhs\Lib\site-packages\bertopic\_bertopic.py", line 4422, in _c_tf_idf
    X = self.vectorizer_model.fit_transform(documents)
        ^^^^^^^^^^^^^^^^^^^^^^^^^^^^^^^^^^^^^^^^^^^^^^
  File "D:\an\envs\aigcxhs\Lib\site-packages\sklearn\base.py", line 1336, in wrapper
    return fit_method(estimator, *args, **kwargs)
           ^^^^^^^^^^^^^^^^^^^^^^^^^^^^^^^^^^^^^^
  File "D:\an\envs\aigcxhs\Lib\site-packages\sklearn\feature_extraction\text.py", line 1396, in fit_transform
    raise ValueError("max_df corresponds to < documents than min_df")
ValueError: max_df corresponds to < documents than min_df
2026-04-26 10:13:38,048 - INFO - Run 58/147 | done=57 remain=90 ETA=23:40 | k=25 d=25 nr=none
2026-04-26 10:13:38,048 - INFO - Run k_25__d_25__nr_none | min_cluster_size=33 | min_samples=6
2026-04-26 10:13:38,049 - INFO - Run k_25__d_25__nr_none | stage=build_topic_model done | elapsed=00:00
2026-04-26 10:13:38,049 - INFO - Run k_25__d_25__nr_none | stage=fit_transform start (UMAP+HDBSCAN)
2026-04-26 10:13:54,593 - INFO - Run k_25__d_25__nr_none | stage=fit_transform done | elapsed=00:16
2026-04-26 10:13:54,596 - INFO - Run k_25__d_25__nr_none | stage=metrics done | elapsed=00:00
2026-04-26 10:13:54,597 - INFO - Run k_25__d_25__nr_none | stage=save_outputs done | elapsed=00:00
2026-04-26 10:13:54,597 - INFO - Run k_25__d_25__nr_none | finished | total_elapsed=00:16
2026-04-26 10:13:54,606 - INFO - Run 59/147 | done=58 remain=89 ETA=23:26 | k=25 d=25 nr=25
2026-04-26 10:13:54,606 - INFO - Run k_25__d_25__nr_25 | min_cluster_size=40 | min_samples=8
2026-04-26 10:13:54,606 - INFO - Run k_25__d_25__nr_25 | stage=build_topic_model done | elapsed=00:00
2026-04-26 10:13:54,606 - INFO - Run k_25__d_25__nr_25 | stage=fit_transform start (UMAP+HDBSCAN)
2026-04-26 10:14:11,320 - ERROR - Run failed | k=25 d=25 nr=25
Traceback (most recent call last):
  File "E:\document\PG\studio\content\bertopic_raw_sweep.py", line 422, in run_single_experiment
    topics, _ = topic_model.fit_transform(seg_texts, embeddings=embeddings)
                ^^^^^^^^^^^^^^^^^^^^^^^^^^^^^^^^^^^^^^^^^^^^^^^^^^^^^^^^^^^
  File "D:\an\envs\aigcxhs\Lib\site-packages\bertopic\_bertopic.py", line 520, in fit_transform
    self._extract_topics(
  File "D:\an\envs\aigcxhs\Lib\site-packages\bertopic\_bertopic.py", line 4204, in _extract_topics
    self.c_tf_idf_, words = self._c_tf_idf(documents_per_topic)
                            ^^^^^^^^^^^^^^^^^^^^^^^^^^^^^^^^^^^
  File "D:\an\envs\aigcxhs\Lib\site-packages\bertopic\_bertopic.py", line 4422, in _c_tf_idf
    X = self.vectorizer_model.fit_transform(documents)
        ^^^^^^^^^^^^^^^^^^^^^^^^^^^^^^^^^^^^^^^^^^^^^^
  File "D:\an\envs\aigcxhs\Lib\site-packages\sklearn\base.py", line 1336, in wrapper
    return fit_method(estimator, *args, **kwargs)
           ^^^^^^^^^^^^^^^^^^^^^^^^^^^^^^^^^^^^^^
  File "D:\an\envs\aigcxhs\Lib\site-packages\sklearn\feature_extraction\text.py", line 1396, in fit_transform
    raise ValueError("max_df corresponds to < documents than min_df")
ValueError: max_df corresponds to < documents than min_df
2026-04-26 10:14:11,331 - INFO - Run 60/147 | done=59 remain=88 ETA=23:11 | k=25 d=25 nr=35
2026-04-26 10:14:11,331 - INFO - Run k_25__d_25__nr_35 | min_cluster_size=28 | min_samples=5
2026-04-26 10:14:11,331 - INFO - Run k_25__d_25__nr_35 | stage=build_topic_model done | elapsed=00:00
2026-04-26 10:14:11,332 - INFO - Run k_25__d_25__nr_35 | stage=fit_transform start (UMAP+HDBSCAN)
2026-04-26 10:14:28,109 - ERROR - Run failed | k=25 d=25 nr=35
Traceback (most recent call last):
  File "E:\document\PG\studio\content\bertopic_raw_sweep.py", line 422, in run_single_experiment
    topics, _ = topic_model.fit_transform(seg_texts, embeddings=embeddings)
                ^^^^^^^^^^^^^^^^^^^^^^^^^^^^^^^^^^^^^^^^^^^^^^^^^^^^^^^^^^^
  File "D:\an\envs\aigcxhs\Lib\site-packages\bertopic\_bertopic.py", line 520, in fit_transform
    self._extract_topics(
  File "D:\an\envs\aigcxhs\Lib\site-packages\bertopic\_bertopic.py", line 4204, in _extract_topics
    self.c_tf_idf_, words = self._c_tf_idf(documents_per_topic)
                            ^^^^^^^^^^^^^^^^^^^^^^^^^^^^^^^^^^^
  File "D:\an\envs\aigcxhs\Lib\site-packages\bertopic\_bertopic.py", line 4422, in _c_tf_idf
    X = self.vectorizer_model.fit_transform(documents)
        ^^^^^^^^^^^^^^^^^^^^^^^^^^^^^^^^^^^^^^^^^^^^^^
  File "D:\an\envs\aigcxhs\Lib\site-packages\sklearn\base.py", line 1336, in wrapper
    return fit_method(estimator, *args, **kwargs)
           ^^^^^^^^^^^^^^^^^^^^^^^^^^^^^^^^^^^^^^
  File "D:\an\envs\aigcxhs\Lib\site-packages\sklearn\feature_extraction\text.py", line 1396, in fit_transform
    raise ValueError("max_df corresponds to < documents than min_df")
ValueError: max_df corresponds to < documents than min_df
2026-04-26 10:14:28,120 - INFO - Current Top3 Leaderboard:
2026-04-26 10:14:28,120 - INFO -   #1 k=5 d=3 nr=35 | score=0.8689 | coverage=0.7368 | diversity=0.9588 | entropy=0.9392 | discovered=34
2026-04-26 10:14:28,120 - INFO -   #2 k=5 d=8 nr=35 | score=0.8656 | coverage=0.7252 | diversity=0.9676 | entropy=0.9298 | discovered=34
2026-04-26 10:14:28,120 - INFO -   #3 k=5 d=8 nr=none | score=0.8629 | coverage=0.6952 | diversity=0.9686 | entropy=0.9617 | discovered=35
2026-04-26 10:14:28,120 - INFO - Run 61/147 | done=60 remain=87 ETA=22:57 | k=25 d=35 nr=none
2026-04-26 10:14:28,120 - INFO - Run k_25__d_35__nr_none | min_cluster_size=33 | min_samples=6
2026-04-26 10:14:28,121 - INFO - Run k_25__d_35__nr_none | stage=build_topic_model done | elapsed=00:00
2026-04-26 10:14:28,121 - INFO - Run k_25__d_35__nr_none | stage=fit_transform start (UMAP+HDBSCAN)
2026-04-26 10:14:45,489 - ERROR - Run failed | k=25 d=35 nr=none
Traceback (most recent call last):
  File "E:\document\PG\studio\content\bertopic_raw_sweep.py", line 422, in run_single_experiment
    topics, _ = topic_model.fit_transform(seg_texts, embeddings=embeddings)
                ^^^^^^^^^^^^^^^^^^^^^^^^^^^^^^^^^^^^^^^^^^^^^^^^^^^^^^^^^^^
  File "D:\an\envs\aigcxhs\Lib\site-packages\bertopic\_bertopic.py", line 520, in fit_transform
    self._extract_topics(
  File "D:\an\envs\aigcxhs\Lib\site-packages\bertopic\_bertopic.py", line 4204, in _extract_topics
    self.c_tf_idf_, words = self._c_tf_idf(documents_per_topic)
                            ^^^^^^^^^^^^^^^^^^^^^^^^^^^^^^^^^^^
  File "D:\an\envs\aigcxhs\Lib\site-packages\bertopic\_bertopic.py", line 4422, in _c_tf_idf
    X = self.vectorizer_model.fit_transform(documents)
        ^^^^^^^^^^^^^^^^^^^^^^^^^^^^^^^^^^^^^^^^^^^^^^
  File "D:\an\envs\aigcxhs\Lib\site-packages\sklearn\base.py", line 1336, in wrapper
    return fit_method(estimator, *args, **kwargs)
           ^^^^^^^^^^^^^^^^^^^^^^^^^^^^^^^^^^^^^^
  File "D:\an\envs\aigcxhs\Lib\site-packages\sklearn\feature_extraction\text.py", line 1396, in fit_transform
    raise ValueError("max_df corresponds to < documents than min_df")
ValueError: max_df corresponds to < documents than min_df
2026-04-26 10:14:45,502 - INFO - Run 62/147 | done=61 remain=86 ETA=22:43 | k=25 d=35 nr=25
2026-04-26 10:14:45,502 - INFO - Run k_25__d_35__nr_25 | min_cluster_size=40 | min_samples=8
2026-04-26 10:14:45,502 - INFO - Run k_25__d_35__nr_25 | stage=build_topic_model done | elapsed=00:00
2026-04-26 10:14:45,502 - INFO - Run k_25__d_35__nr_25 | stage=fit_transform start (UMAP+HDBSCAN)
2026-04-26 10:15:03,181 - ERROR - Run failed | k=25 d=35 nr=25
Traceback (most recent call last):
  File "E:\document\PG\studio\content\bertopic_raw_sweep.py", line 422, in run_single_experiment
    topics, _ = topic_model.fit_transform(seg_texts, embeddings=embeddings)
                ^^^^^^^^^^^^^^^^^^^^^^^^^^^^^^^^^^^^^^^^^^^^^^^^^^^^^^^^^^^
  File "D:\an\envs\aigcxhs\Lib\site-packages\bertopic\_bertopic.py", line 520, in fit_transform
    self._extract_topics(
  File "D:\an\envs\aigcxhs\Lib\site-packages\bertopic\_bertopic.py", line 4204, in _extract_topics
    self.c_tf_idf_, words = self._c_tf_idf(documents_per_topic)
                            ^^^^^^^^^^^^^^^^^^^^^^^^^^^^^^^^^^^
  File "D:\an\envs\aigcxhs\Lib\site-packages\bertopic\_bertopic.py", line 4422, in _c_tf_idf
    X = self.vectorizer_model.fit_transform(documents)
        ^^^^^^^^^^^^^^^^^^^^^^^^^^^^^^^^^^^^^^^^^^^^^^
  File "D:\an\envs\aigcxhs\Lib\site-packages\sklearn\base.py", line 1336, in wrapper
    return fit_method(estimator, *args, **kwargs)
           ^^^^^^^^^^^^^^^^^^^^^^^^^^^^^^^^^^^^^^
  File "D:\an\envs\aigcxhs\Lib\site-packages\sklearn\feature_extraction\text.py", line 1396, in fit_transform
    raise ValueError("max_df corresponds to < documents than min_df")
ValueError: max_df corresponds to < documents than min_df
2026-04-26 10:15:03,194 - INFO - Run 63/147 | done=62 remain=85 ETA=22:30 | k=25 d=35 nr=35
2026-04-26 10:15:03,194 - INFO - Run k_25__d_35__nr_35 | min_cluster_size=28 | min_samples=5
2026-04-26 10:15:03,194 - INFO - Run k_25__d_35__nr_35 | stage=build_topic_model done | elapsed=00:00
2026-04-26 10:15:03,194 - INFO - Run k_25__d_35__nr_35 | stage=fit_transform start (UMAP+HDBSCAN)
2026-04-26 10:15:20,743 - ERROR - Run failed | k=25 d=35 nr=35
Traceback (most recent call last):
  File "E:\document\PG\studio\content\bertopic_raw_sweep.py", line 422, in run_single_experiment
    topics, _ = topic_model.fit_transform(seg_texts, embeddings=embeddings)
                ^^^^^^^^^^^^^^^^^^^^^^^^^^^^^^^^^^^^^^^^^^^^^^^^^^^^^^^^^^^
  File "D:\an\envs\aigcxhs\Lib\site-packages\bertopic\_bertopic.py", line 520, in fit_transform
    self._extract_topics(
  File "D:\an\envs\aigcxhs\Lib\site-packages\bertopic\_bertopic.py", line 4204, in _extract_topics
    self.c_tf_idf_, words = self._c_tf_idf(documents_per_topic)
                            ^^^^^^^^^^^^^^^^^^^^^^^^^^^^^^^^^^^
  File "D:\an\envs\aigcxhs\Lib\site-packages\bertopic\_bertopic.py", line 4422, in _c_tf_idf
    X = self.vectorizer_model.fit_transform(documents)
        ^^^^^^^^^^^^^^^^^^^^^^^^^^^^^^^^^^^^^^^^^^^^^^
  File "D:\an\envs\aigcxhs\Lib\site-packages\sklearn\base.py", line 1336, in wrapper
    return fit_method(estimator, *args, **kwargs)
           ^^^^^^^^^^^^^^^^^^^^^^^^^^^^^^^^^^^^^^
  File "D:\an\envs\aigcxhs\Lib\site-packages\sklearn\feature_extraction\text.py", line 1396, in fit_transform
    raise ValueError("max_df corresponds to < documents than min_df")
ValueError: max_df corresponds to < documents than min_df
2026-04-26 10:15:20,754 - INFO - Run 64/147 | done=63 remain=84 ETA=22:16 | k=35 d=3 nr=none
2026-04-26 10:15:20,754 - INFO - Run k_35__d_3__nr_none | min_cluster_size=33 | min_samples=6
2026-04-26 10:15:20,755 - INFO - Run k_35__d_3__nr_none | stage=build_topic_model done | elapsed=00:00
2026-04-26 10:15:20,755 - INFO - Run k_35__d_3__nr_none | stage=fit_transform start (UMAP+HDBSCAN)
2026-04-26 10:15:36,499 - ERROR - Run failed | k=35 d=3 nr=none
Traceback (most recent call last):
  File "E:\document\PG\studio\content\bertopic_raw_sweep.py", line 422, in run_single_experiment
    topics, _ = topic_model.fit_transform(seg_texts, embeddings=embeddings)
                ^^^^^^^^^^^^^^^^^^^^^^^^^^^^^^^^^^^^^^^^^^^^^^^^^^^^^^^^^^^
  File "D:\an\envs\aigcxhs\Lib\site-packages\bertopic\_bertopic.py", line 520, in fit_transform
    self._extract_topics(
  File "D:\an\envs\aigcxhs\Lib\site-packages\bertopic\_bertopic.py", line 4204, in _extract_topics
    self.c_tf_idf_, words = self._c_tf_idf(documents_per_topic)
                            ^^^^^^^^^^^^^^^^^^^^^^^^^^^^^^^^^^^
  File "D:\an\envs\aigcxhs\Lib\site-packages\bertopic\_bertopic.py", line 4422, in _c_tf_idf
    X = self.vectorizer_model.fit_transform(documents)
        ^^^^^^^^^^^^^^^^^^^^^^^^^^^^^^^^^^^^^^^^^^^^^^
  File "D:\an\envs\aigcxhs\Lib\site-packages\sklearn\base.py", line 1336, in wrapper
    return fit_method(estimator, *args, **kwargs)
           ^^^^^^^^^^^^^^^^^^^^^^^^^^^^^^^^^^^^^^
  File "D:\an\envs\aigcxhs\Lib\site-packages\sklearn\feature_extraction\text.py", line 1396, in fit_transform
    raise ValueError("max_df corresponds to < documents than min_df")
ValueError: max_df corresponds to < documents than min_df
2026-04-26 10:15:36,509 - INFO - Run 65/147 | done=64 remain=83 ETA=22:00 | k=35 d=3 nr=25
2026-04-26 10:15:36,510 - INFO - Run k_35__d_3__nr_25 | min_cluster_size=40 | min_samples=8
2026-04-26 10:15:36,510 - INFO - Run k_35__d_3__nr_25 | stage=build_topic_model done | elapsed=00:00
2026-04-26 10:15:36,510 - INFO - Run k_35__d_3__nr_25 | stage=fit_transform start (UMAP+HDBSCAN)
2026-04-26 10:15:52,412 - ERROR - Run failed | k=35 d=3 nr=25
Traceback (most recent call last):
  File "E:\document\PG\studio\content\bertopic_raw_sweep.py", line 422, in run_single_experiment
    topics, _ = topic_model.fit_transform(seg_texts, embeddings=embeddings)
                ^^^^^^^^^^^^^^^^^^^^^^^^^^^^^^^^^^^^^^^^^^^^^^^^^^^^^^^^^^^
  File "D:\an\envs\aigcxhs\Lib\site-packages\bertopic\_bertopic.py", line 520, in fit_transform
    self._extract_topics(
  File "D:\an\envs\aigcxhs\Lib\site-packages\bertopic\_bertopic.py", line 4204, in _extract_topics
    self.c_tf_idf_, words = self._c_tf_idf(documents_per_topic)
                            ^^^^^^^^^^^^^^^^^^^^^^^^^^^^^^^^^^^
  File "D:\an\envs\aigcxhs\Lib\site-packages\bertopic\_bertopic.py", line 4422, in _c_tf_idf
    X = self.vectorizer_model.fit_transform(documents)
        ^^^^^^^^^^^^^^^^^^^^^^^^^^^^^^^^^^^^^^^^^^^^^^
  File "D:\an\envs\aigcxhs\Lib\site-packages\sklearn\base.py", line 1336, in wrapper
    return fit_method(estimator, *args, **kwargs)
           ^^^^^^^^^^^^^^^^^^^^^^^^^^^^^^^^^^^^^^
  File "D:\an\envs\aigcxhs\Lib\site-packages\sklearn\feature_extraction\text.py", line 1396, in fit_transform
    raise ValueError("max_df corresponds to < documents than min_df")
ValueError: max_df corresponds to < documents than min_df
2026-04-26 10:15:52,425 - INFO - Current Top3 Leaderboard:
2026-04-26 10:15:52,425 - INFO -   #1 k=5 d=3 nr=35 | score=0.8689 | coverage=0.7368 | diversity=0.9588 | entropy=0.9392 | discovered=34
2026-04-26 10:15:52,425 - INFO -   #2 k=5 d=8 nr=35 | score=0.8656 | coverage=0.7252 | diversity=0.9676 | entropy=0.9298 | discovered=34
2026-04-26 10:15:52,425 - INFO -   #3 k=5 d=8 nr=none | score=0.8629 | coverage=0.6952 | diversity=0.9686 | entropy=0.9617 | discovered=35
2026-04-26 10:15:52,426 - INFO - Run 66/147 | done=65 remain=82 ETA=21:44 | k=35 d=3 nr=35
2026-04-26 10:15:52,426 - INFO - Run k_35__d_3__nr_35 | min_cluster_size=28 | min_samples=5
2026-04-26 10:15:52,426 - INFO - Run k_35__d_3__nr_35 | stage=build_topic_model done | elapsed=00:00
2026-04-26 10:15:52,426 - INFO - Run k_35__d_3__nr_35 | stage=fit_transform start (UMAP+HDBSCAN)
2026-04-26 10:16:08,996 - INFO - Run k_35__d_3__nr_35 | stage=fit_transform done | elapsed=00:16
2026-04-26 10:16:09,000 - INFO - Run k_35__d_3__nr_35 | stage=metrics done | elapsed=00:00
2026-04-26 10:16:09,000 - INFO - Run k_35__d_3__nr_35 | stage=save_outputs done | elapsed=00:00
2026-04-26 10:16:09,000 - INFO - Run k_35__d_3__nr_35 | finished | total_elapsed=00:16
2026-04-26 10:16:09,010 - INFO - Run 67/147 | done=66 remain=81 ETA=21:29 | k=35 d=5 nr=none
2026-04-26 10:16:09,010 - INFO - Run k_35__d_5__nr_none | min_cluster_size=33 | min_samples=6
2026-04-26 10:16:09,010 - INFO - Run k_35__d_5__nr_none | stage=build_topic_model done | elapsed=00:00
2026-04-26 10:16:09,010 - INFO - Run k_35__d_5__nr_none | stage=fit_transform start (UMAP+HDBSCAN)
2026-04-26 10:16:25,608 - INFO - Run k_35__d_5__nr_none | stage=fit_transform done | elapsed=00:16
2026-04-26 10:16:25,612 - INFO - Run k_35__d_5__nr_none | stage=metrics done | elapsed=00:00
2026-04-26 10:16:25,612 - INFO - Run k_35__d_5__nr_none | stage=save_outputs done | elapsed=00:00
2026-04-26 10:16:25,612 - INFO - Run k_35__d_5__nr_none | finished | total_elapsed=00:16
2026-04-26 10:16:25,620 - INFO - Run 68/147 | done=67 remain=80 ETA=21:14 | k=35 d=5 nr=25
2026-04-26 10:16:25,621 - INFO - Run k_35__d_5__nr_25 | min_cluster_size=40 | min_samples=8
2026-04-26 10:16:25,621 - INFO - Run k_35__d_5__nr_25 | stage=build_topic_model done | elapsed=00:00
2026-04-26 10:16:25,621 - INFO - Run k_35__d_5__nr_25 | stage=fit_transform start (UMAP+HDBSCAN)
2026-04-26 10:16:42,685 - INFO - Run k_35__d_5__nr_25 | stage=fit_transform done | elapsed=00:17
2026-04-26 10:16:42,687 - INFO - Run k_35__d_5__nr_25 | stage=metrics done | elapsed=00:00
2026-04-26 10:16:42,688 - INFO - Run k_35__d_5__nr_25 | stage=save_outputs done | elapsed=00:00
2026-04-26 10:16:42,688 - INFO - Run k_35__d_5__nr_25 | finished | total_elapsed=00:17
2026-04-26 10:16:42,696 - INFO - Run 69/147 | done=68 remain=79 ETA=20:59 | k=35 d=5 nr=35
2026-04-26 10:16:42,696 - INFO - Run k_35__d_5__nr_35 | min_cluster_size=28 | min_samples=5
2026-04-26 10:16:42,697 - INFO - Run k_35__d_5__nr_35 | stage=build_topic_model done | elapsed=00:00
2026-04-26 10:16:42,697 - INFO - Run k_35__d_5__nr_35 | stage=fit_transform start (UMAP+HDBSCAN)
2026-04-26 10:16:59,836 - INFO - Run k_35__d_5__nr_35 | stage=fit_transform done | elapsed=00:17
2026-04-26 10:16:59,840 - INFO - Run k_35__d_5__nr_35 | stage=metrics done | elapsed=00:00
2026-04-26 10:16:59,841 - INFO - Run k_35__d_5__nr_35 | stage=save_outputs done | elapsed=00:00
2026-04-26 10:16:59,841 - INFO - Run k_35__d_5__nr_35 | finished | total_elapsed=00:17
2026-04-26 10:16:59,855 - INFO - Run 70/147 | done=69 remain=78 ETA=20:45 | k=35 d=8 nr=none
2026-04-26 10:16:59,855 - INFO - Run k_35__d_8__nr_none | min_cluster_size=33 | min_samples=6
2026-04-26 10:16:59,855 - INFO - Run k_35__d_8__nr_none | stage=build_topic_model done | elapsed=00:00
2026-04-26 10:16:59,856 - INFO - Run k_35__d_8__nr_none | stage=fit_transform start (UMAP+HDBSCAN)
2026-04-26 10:17:16,360 - INFO - Run k_35__d_8__nr_none | stage=fit_transform done | elapsed=00:16
2026-04-26 10:17:16,363 - INFO - Run k_35__d_8__nr_none | stage=metrics done | elapsed=00:00
2026-04-26 10:17:16,364 - INFO - Run k_35__d_8__nr_none | stage=save_outputs done | elapsed=00:00
2026-04-26 10:17:16,364 - INFO - Run k_35__d_8__nr_none | finished | total_elapsed=00:16
2026-04-26 10:17:16,373 - INFO - Current Top3 Leaderboard:
2026-04-26 10:17:16,373 - INFO -   #1 k=5 d=3 nr=35 | score=0.8689 | coverage=0.7368 | diversity=0.9588 | entropy=0.9392 | discovered=34
2026-04-26 10:17:16,373 - INFO -   #2 k=5 d=8 nr=35 | score=0.8656 | coverage=0.7252 | diversity=0.9676 | entropy=0.9298 | discovered=34
2026-04-26 10:17:16,373 - INFO -   #3 k=5 d=8 nr=none | score=0.8629 | coverage=0.6952 | diversity=0.9686 | entropy=0.9617 | discovered=35
2026-04-26 10:17:16,373 - INFO - Run 71/147 | done=70 remain=77 ETA=20:29 | k=35 d=8 nr=25
2026-04-26 10:17:16,374 - INFO - Run k_35__d_8__nr_25 | min_cluster_size=40 | min_samples=8
2026-04-26 10:17:16,374 - INFO - Run k_35__d_8__nr_25 | stage=build_topic_model done | elapsed=00:00
2026-04-26 10:17:16,374 - INFO - Run k_35__d_8__nr_25 | stage=fit_transform start (UMAP+HDBSCAN)
2026-04-26 10:17:32,577 - ERROR - Run failed | k=35 d=8 nr=25
Traceback (most recent call last):
  File "E:\document\PG\studio\content\bertopic_raw_sweep.py", line 422, in run_single_experiment
    topics, _ = topic_model.fit_transform(seg_texts, embeddings=embeddings)
                ^^^^^^^^^^^^^^^^^^^^^^^^^^^^^^^^^^^^^^^^^^^^^^^^^^^^^^^^^^^
  File "D:\an\envs\aigcxhs\Lib\site-packages\bertopic\_bertopic.py", line 520, in fit_transform
    self._extract_topics(
  File "D:\an\envs\aigcxhs\Lib\site-packages\bertopic\_bertopic.py", line 4204, in _extract_topics
    self.c_tf_idf_, words = self._c_tf_idf(documents_per_topic)
                            ^^^^^^^^^^^^^^^^^^^^^^^^^^^^^^^^^^^
  File "D:\an\envs\aigcxhs\Lib\site-packages\bertopic\_bertopic.py", line 4422, in _c_tf_idf
    X = self.vectorizer_model.fit_transform(documents)
        ^^^^^^^^^^^^^^^^^^^^^^^^^^^^^^^^^^^^^^^^^^^^^^
  File "D:\an\envs\aigcxhs\Lib\site-packages\sklearn\base.py", line 1336, in wrapper
    return fit_method(estimator, *args, **kwargs)
           ^^^^^^^^^^^^^^^^^^^^^^^^^^^^^^^^^^^^^^
  File "D:\an\envs\aigcxhs\Lib\site-packages\sklearn\feature_extraction\text.py", line 1396, in fit_transform
    raise ValueError("max_df corresponds to < documents than min_df")
ValueError: max_df corresponds to < documents than min_df
2026-04-26 10:17:32,589 - INFO - Run 72/147 | done=71 remain=76 ETA=20:14 | k=35 d=8 nr=35
2026-04-26 10:17:32,589 - INFO - Run k_35__d_8__nr_35 | min_cluster_size=28 | min_samples=5
2026-04-26 10:17:32,589 - INFO - Run k_35__d_8__nr_35 | stage=build_topic_model done | elapsed=00:00
2026-04-26 10:17:32,590 - INFO - Run k_35__d_8__nr_35 | stage=fit_transform start (UMAP+HDBSCAN)
2026-04-26 10:17:49,751 - INFO - Run k_35__d_8__nr_35 | stage=fit_transform done | elapsed=00:17
2026-04-26 10:17:49,755 - INFO - Run k_35__d_8__nr_35 | stage=metrics done | elapsed=00:00
2026-04-26 10:17:49,755 - INFO - Run k_35__d_8__nr_35 | stage=save_outputs done | elapsed=00:00
2026-04-26 10:17:49,755 - INFO - Run k_35__d_8__nr_35 | finished | total_elapsed=00:17
2026-04-26 10:17:49,771 - INFO - Run 73/147 | done=72 remain=75 ETA=19:59 | k=35 d=12 nr=none
2026-04-26 10:17:49,772 - INFO - Run k_35__d_12__nr_none | min_cluster_size=33 | min_samples=6
2026-04-26 10:17:49,772 - INFO - Run k_35__d_12__nr_none | stage=build_topic_model done | elapsed=00:00
2026-04-26 10:17:49,773 - INFO - Run k_35__d_12__nr_none | stage=fit_transform start (UMAP+HDBSCAN)
2026-04-26 10:18:06,550 - INFO - Run k_35__d_12__nr_none | stage=fit_transform done | elapsed=00:16
2026-04-26 10:18:06,553 - INFO - Run k_35__d_12__nr_none | stage=metrics done | elapsed=00:00
2026-04-26 10:18:06,553 - INFO - Run k_35__d_12__nr_none | stage=save_outputs done | elapsed=00:00
2026-04-26 10:18:06,553 - INFO - Run k_35__d_12__nr_none | finished | total_elapsed=00:16
2026-04-26 10:18:06,562 - INFO - Run 74/147 | done=73 remain=74 ETA=19:44 | k=35 d=12 nr=25
2026-04-26 10:18:06,562 - INFO - Run k_35__d_12__nr_25 | min_cluster_size=40 | min_samples=8
2026-04-26 10:18:06,562 - INFO - Run k_35__d_12__nr_25 | stage=build_topic_model done | elapsed=00:00
2026-04-26 10:18:06,562 - INFO - Run k_35__d_12__nr_25 | stage=fit_transform start (UMAP+HDBSCAN)
2026-04-26 10:18:24,497 - INFO - Run k_35__d_12__nr_25 | stage=fit_transform done | elapsed=00:17
2026-04-26 10:18:24,501 - INFO - Run k_35__d_12__nr_25 | stage=metrics done | elapsed=00:00
2026-04-26 10:18:24,501 - INFO - Run k_35__d_12__nr_25 | stage=save_outputs done | elapsed=00:00
2026-04-26 10:18:24,501 - INFO - Run k_35__d_12__nr_25 | finished | total_elapsed=00:17
2026-04-26 10:18:24,514 - INFO - Run 75/147 | done=74 remain=73 ETA=19:30 | k=35 d=12 nr=35
2026-04-26 10:18:24,514 - INFO - Run k_35__d_12__nr_35 | min_cluster_size=28 | min_samples=5
2026-04-26 10:18:24,515 - INFO - Run k_35__d_12__nr_35 | stage=build_topic_model done | elapsed=00:00
2026-04-26 10:18:24,515 - INFO - Run k_35__d_12__nr_35 | stage=fit_transform start (UMAP+HDBSCAN)
2026-04-26 10:18:41,467 - ERROR - Run failed | k=35 d=12 nr=35
Traceback (most recent call last):
  File "E:\document\PG\studio\content\bertopic_raw_sweep.py", line 422, in run_single_experiment
    topics, _ = topic_model.fit_transform(seg_texts, embeddings=embeddings)
                ^^^^^^^^^^^^^^^^^^^^^^^^^^^^^^^^^^^^^^^^^^^^^^^^^^^^^^^^^^^
  File "D:\an\envs\aigcxhs\Lib\site-packages\bertopic\_bertopic.py", line 520, in fit_transform
    self._extract_topics(
  File "D:\an\envs\aigcxhs\Lib\site-packages\bertopic\_bertopic.py", line 4204, in _extract_topics
    self.c_tf_idf_, words = self._c_tf_idf(documents_per_topic)
                            ^^^^^^^^^^^^^^^^^^^^^^^^^^^^^^^^^^^
  File "D:\an\envs\aigcxhs\Lib\site-packages\bertopic\_bertopic.py", line 4422, in _c_tf_idf
    X = self.vectorizer_model.fit_transform(documents)
        ^^^^^^^^^^^^^^^^^^^^^^^^^^^^^^^^^^^^^^^^^^^^^^
  File "D:\an\envs\aigcxhs\Lib\site-packages\sklearn\base.py", line 1336, in wrapper
    return fit_method(estimator, *args, **kwargs)
           ^^^^^^^^^^^^^^^^^^^^^^^^^^^^^^^^^^^^^^
  File "D:\an\envs\aigcxhs\Lib\site-packages\sklearn\feature_extraction\text.py", line 1396, in fit_transform
    raise ValueError("max_df corresponds to < documents than min_df")
ValueError: max_df corresponds to < documents than min_df
2026-04-26 10:18:41,479 - INFO - Current Top3 Leaderboard:
2026-04-26 10:18:41,479 - INFO -   #1 k=5 d=3 nr=35 | score=0.8689 | coverage=0.7368 | diversity=0.9588 | entropy=0.9392 | discovered=34
2026-04-26 10:18:41,479 - INFO -   #2 k=5 d=8 nr=35 | score=0.8656 | coverage=0.7252 | diversity=0.9676 | entropy=0.9298 | discovered=34
2026-04-26 10:18:41,479 - INFO -   #3 k=5 d=8 nr=none | score=0.8629 | coverage=0.6952 | diversity=0.9686 | entropy=0.9617 | discovered=35
2026-04-26 10:18:41,479 - INFO - Run 76/147 | done=75 remain=72 ETA=19:14 | k=35 d=18 nr=none
2026-04-26 10:18:41,480 - INFO - Run k_35__d_18__nr_none | min_cluster_size=33 | min_samples=6
2026-04-26 10:18:41,480 - INFO - Run k_35__d_18__nr_none | stage=build_topic_model done | elapsed=00:00
2026-04-26 10:18:41,480 - INFO - Run k_35__d_18__nr_none | stage=fit_transform start (UMAP+HDBSCAN)
2026-04-26 10:18:59,936 - ERROR - Run failed | k=35 d=18 nr=none
Traceback (most recent call last):
  File "E:\document\PG\studio\content\bertopic_raw_sweep.py", line 422, in run_single_experiment
    topics, _ = topic_model.fit_transform(seg_texts, embeddings=embeddings)
                ^^^^^^^^^^^^^^^^^^^^^^^^^^^^^^^^^^^^^^^^^^^^^^^^^^^^^^^^^^^
  File "D:\an\envs\aigcxhs\Lib\site-packages\bertopic\_bertopic.py", line 520, in fit_transform
    self._extract_topics(
  File "D:\an\envs\aigcxhs\Lib\site-packages\bertopic\_bertopic.py", line 4204, in _extract_topics
    self.c_tf_idf_, words = self._c_tf_idf(documents_per_topic)
                            ^^^^^^^^^^^^^^^^^^^^^^^^^^^^^^^^^^^
  File "D:\an\envs\aigcxhs\Lib\site-packages\bertopic\_bertopic.py", line 4422, in _c_tf_idf
    X = self.vectorizer_model.fit_transform(documents)
        ^^^^^^^^^^^^^^^^^^^^^^^^^^^^^^^^^^^^^^^^^^^^^^
  File "D:\an\envs\aigcxhs\Lib\site-packages\sklearn\base.py", line 1336, in wrapper
    return fit_method(estimator, *args, **kwargs)
           ^^^^^^^^^^^^^^^^^^^^^^^^^^^^^^^^^^^^^^
  File "D:\an\envs\aigcxhs\Lib\site-packages\sklearn\feature_extraction\text.py", line 1396, in fit_transform
    raise ValueError("max_df corresponds to < documents than min_df")
ValueError: max_df corresponds to < documents than min_df
2026-04-26 10:18:59,949 - INFO - Run 77/147 | done=76 remain=71 ETA=19:01 | k=35 d=18 nr=25
2026-04-26 10:18:59,949 - INFO - Run k_35__d_18__nr_25 | min_cluster_size=40 | min_samples=8
2026-04-26 10:18:59,949 - INFO - Run k_35__d_18__nr_25 | stage=build_topic_model done | elapsed=00:00
2026-04-26 10:18:59,950 - INFO - Run k_35__d_18__nr_25 | stage=fit_transform start (UMAP+HDBSCAN)
2026-04-26 10:19:18,759 - ERROR - Run failed | k=35 d=18 nr=25
Traceback (most recent call last):
  File "E:\document\PG\studio\content\bertopic_raw_sweep.py", line 422, in run_single_experiment
    topics, _ = topic_model.fit_transform(seg_texts, embeddings=embeddings)
                ^^^^^^^^^^^^^^^^^^^^^^^^^^^^^^^^^^^^^^^^^^^^^^^^^^^^^^^^^^^
  File "D:\an\envs\aigcxhs\Lib\site-packages\bertopic\_bertopic.py", line 520, in fit_transform
    self._extract_topics(
  File "D:\an\envs\aigcxhs\Lib\site-packages\bertopic\_bertopic.py", line 4204, in _extract_topics
    self.c_tf_idf_, words = self._c_tf_idf(documents_per_topic)
                            ^^^^^^^^^^^^^^^^^^^^^^^^^^^^^^^^^^^
  File "D:\an\envs\aigcxhs\Lib\site-packages\bertopic\_bertopic.py", line 4422, in _c_tf_idf
    X = self.vectorizer_model.fit_transform(documents)
        ^^^^^^^^^^^^^^^^^^^^^^^^^^^^^^^^^^^^^^^^^^^^^^
  File "D:\an\envs\aigcxhs\Lib\site-packages\sklearn\base.py", line 1336, in wrapper
    return fit_method(estimator, *args, **kwargs)
           ^^^^^^^^^^^^^^^^^^^^^^^^^^^^^^^^^^^^^^
  File "D:\an\envs\aigcxhs\Lib\site-packages\sklearn\feature_extraction\text.py", line 1396, in fit_transform
    raise ValueError("max_df corresponds to < documents than min_df")
ValueError: max_df corresponds to < documents than min_df
2026-04-26 10:19:18,773 - INFO - Run 78/147 | done=77 remain=70 ETA=18:47 | k=35 d=18 nr=35
2026-04-26 10:19:18,774 - INFO - Run k_35__d_18__nr_35 | min_cluster_size=28 | min_samples=5
2026-04-26 10:19:18,774 - INFO - Run k_35__d_18__nr_35 | stage=build_topic_model done | elapsed=00:00
2026-04-26 10:19:18,774 - INFO - Run k_35__d_18__nr_35 | stage=fit_transform start (UMAP+HDBSCAN)
2026-04-26 10:19:37,223 - ERROR - Run failed | k=35 d=18 nr=35
Traceback (most recent call last):
  File "E:\document\PG\studio\content\bertopic_raw_sweep.py", line 422, in run_single_experiment
    topics, _ = topic_model.fit_transform(seg_texts, embeddings=embeddings)
                ^^^^^^^^^^^^^^^^^^^^^^^^^^^^^^^^^^^^^^^^^^^^^^^^^^^^^^^^^^^
  File "D:\an\envs\aigcxhs\Lib\site-packages\bertopic\_bertopic.py", line 520, in fit_transform
    self._extract_topics(
  File "D:\an\envs\aigcxhs\Lib\site-packages\bertopic\_bertopic.py", line 4204, in _extract_topics
    self.c_tf_idf_, words = self._c_tf_idf(documents_per_topic)
                            ^^^^^^^^^^^^^^^^^^^^^^^^^^^^^^^^^^^
  File "D:\an\envs\aigcxhs\Lib\site-packages\bertopic\_bertopic.py", line 4422, in _c_tf_idf
    X = self.vectorizer_model.fit_transform(documents)
        ^^^^^^^^^^^^^^^^^^^^^^^^^^^^^^^^^^^^^^^^^^^^^^
  File "D:\an\envs\aigcxhs\Lib\site-packages\sklearn\base.py", line 1336, in wrapper
    return fit_method(estimator, *args, **kwargs)
           ^^^^^^^^^^^^^^^^^^^^^^^^^^^^^^^^^^^^^^
  File "D:\an\envs\aigcxhs\Lib\site-packages\sklearn\feature_extraction\text.py", line 1396, in fit_transform
    raise ValueError("max_df corresponds to < documents than min_df")
ValueError: max_df corresponds to < documents than min_df
2026-04-26 10:19:37,236 - INFO - Run 79/147 | done=78 remain=69 ETA=18:33 | k=35 d=25 nr=none
2026-04-26 10:19:37,237 - INFO - Run k_35__d_25__nr_none | min_cluster_size=33 | min_samples=6
2026-04-26 10:19:37,237 - INFO - Run k_35__d_25__nr_none | stage=build_topic_model done | elapsed=00:00
2026-04-26 10:19:37,237 - INFO - Run k_35__d_25__nr_none | stage=fit_transform start (UMAP+HDBSCAN)
2026-04-26 10:19:57,500 - INFO - Run k_35__d_25__nr_none | stage=fit_transform done | elapsed=00:20
2026-04-26 10:19:57,503 - INFO - Run k_35__d_25__nr_none | stage=metrics done | elapsed=00:00
2026-04-26 10:19:57,503 - INFO - Run k_35__d_25__nr_none | stage=save_outputs done | elapsed=00:00
2026-04-26 10:19:57,503 - INFO - Run k_35__d_25__nr_none | finished | total_elapsed=00:20
2026-04-26 10:19:57,518 - INFO - Run 80/147 | done=79 remain=68 ETA=18:20 | k=35 d=25 nr=25
2026-04-26 10:19:57,518 - INFO - Run k_35__d_25__nr_25 | min_cluster_size=40 | min_samples=8
2026-04-26 10:19:57,518 - INFO - Run k_35__d_25__nr_25 | stage=build_topic_model done | elapsed=00:00
2026-04-26 10:19:57,519 - INFO - Run k_35__d_25__nr_25 | stage=fit_transform start (UMAP+HDBSCAN)
2026-04-26 10:20:17,773 - INFO - Run k_35__d_25__nr_25 | stage=fit_transform done | elapsed=00:20
2026-04-26 10:20:17,776 - INFO - Run k_35__d_25__nr_25 | stage=metrics done | elapsed=00:00
2026-04-26 10:20:17,776 - INFO - Run k_35__d_25__nr_25 | stage=save_outputs done | elapsed=00:00
2026-04-26 10:20:17,776 - INFO - Run k_35__d_25__nr_25 | finished | total_elapsed=00:20
2026-04-26 10:20:17,790 - INFO - Current Top3 Leaderboard:
2026-04-26 10:20:17,790 - INFO -   #1 k=5 d=3 nr=35 | score=0.8689 | coverage=0.7368 | diversity=0.9588 | entropy=0.9392 | discovered=34
2026-04-26 10:20:17,790 - INFO -   #2 k=5 d=8 nr=35 | score=0.8656 | coverage=0.7252 | diversity=0.9676 | entropy=0.9298 | discovered=34
2026-04-26 10:20:17,791 - INFO -   #3 k=5 d=8 nr=none | score=0.8629 | coverage=0.6952 | diversity=0.9686 | entropy=0.9617 | discovered=35
2026-04-26 10:20:17,791 - INFO - Run 81/147 | done=80 remain=67 ETA=18:08 | k=35 d=25 nr=35
2026-04-26 10:20:17,791 - INFO - Run k_35__d_25__nr_35 | min_cluster_size=28 | min_samples=5
2026-04-26 10:20:17,791 - INFO - Run k_35__d_25__nr_35 | stage=build_topic_model done | elapsed=00:00
2026-04-26 10:20:17,792 - INFO - Run k_35__d_25__nr_35 | stage=fit_transform start (UMAP+HDBSCAN)
2026-04-26 10:20:38,588 - INFO - Run k_35__d_25__nr_35 | stage=fit_transform done | elapsed=00:20
2026-04-26 10:20:38,591 - INFO - Run k_35__d_25__nr_35 | stage=metrics done | elapsed=00:00
2026-04-26 10:20:38,591 - INFO - Run k_35__d_25__nr_35 | stage=save_outputs done | elapsed=00:00
2026-04-26 10:20:38,591 - INFO - Run k_35__d_25__nr_35 | finished | total_elapsed=00:20
2026-04-26 10:20:38,603 - INFO - Run 82/147 | done=81 remain=66 ETA=17:55 | k=35 d=35 nr=none
2026-04-26 10:20:38,603 - INFO - Run k_35__d_35__nr_none | min_cluster_size=33 | min_samples=6
2026-04-26 10:20:38,604 - INFO - Run k_35__d_35__nr_none | stage=build_topic_model done | elapsed=00:00
2026-04-26 10:20:38,604 - INFO - Run k_35__d_35__nr_none | stage=fit_transform start (UMAP+HDBSCAN)
2026-04-26 10:20:59,957 - INFO - Run k_35__d_35__nr_none | stage=fit_transform done | elapsed=00:21
2026-04-26 10:20:59,960 - INFO - Run k_35__d_35__nr_none | stage=metrics done | elapsed=00:00
2026-04-26 10:20:59,961 - INFO - Run k_35__d_35__nr_none | stage=save_outputs done | elapsed=00:00
2026-04-26 10:20:59,961 - INFO - Run k_35__d_35__nr_none | finished | total_elapsed=00:21
2026-04-26 10:20:59,979 - INFO - Run 83/147 | done=82 remain=65 ETA=17:43 | k=35 d=35 nr=25
2026-04-26 10:20:59,979 - INFO - Run k_35__d_35__nr_25 | min_cluster_size=40 | min_samples=8
2026-04-26 10:20:59,979 - INFO - Run k_35__d_35__nr_25 | stage=build_topic_model done | elapsed=00:00
2026-04-26 10:20:59,980 - INFO - Run k_35__d_35__nr_25 | stage=fit_transform start (UMAP+HDBSCAN)
2026-04-26 10:21:21,248 - INFO - Run k_35__d_35__nr_25 | stage=fit_transform done | elapsed=00:21
2026-04-26 10:21:21,251 - INFO - Run k_35__d_35__nr_25 | stage=metrics done | elapsed=00:00
2026-04-26 10:21:21,252 - INFO - Run k_35__d_35__nr_25 | stage=save_outputs done | elapsed=00:00
2026-04-26 10:21:21,252 - INFO - Run k_35__d_35__nr_25 | finished | total_elapsed=00:21
2026-04-26 10:21:21,263 - INFO - Run 84/147 | done=83 remain=64 ETA=17:30 | k=35 d=35 nr=35
2026-04-26 10:21:21,263 - INFO - Run k_35__d_35__nr_35 | min_cluster_size=28 | min_samples=5
2026-04-26 10:21:21,264 - INFO - Run k_35__d_35__nr_35 | stage=build_topic_model done | elapsed=00:00
2026-04-26 10:21:21,264 - INFO - Run k_35__d_35__nr_35 | stage=fit_transform start (UMAP+HDBSCAN)
2026-04-26 10:21:43,092 - INFO - Run k_35__d_35__nr_35 | stage=fit_transform done | elapsed=00:21
2026-04-26 10:21:43,117 - INFO - Run k_35__d_35__nr_35 | stage=metrics done | elapsed=00:00
2026-04-26 10:21:43,126 - INFO - Run k_35__d_35__nr_35 | stage=save_outputs done | elapsed=00:00
2026-04-26 10:21:43,128 - INFO - Run k_35__d_35__nr_35 | finished | total_elapsed=00:21
2026-04-26 10:21:43,326 - INFO - Run 85/147 | done=84 remain=63 ETA=17:18 | k=50 d=3 nr=none
2026-04-26 10:21:43,328 - INFO - Run k_50__d_3__nr_none | min_cluster_size=33 | min_samples=6
2026-04-26 10:21:43,329 - INFO - Run k_50__d_3__nr_none | stage=build_topic_model done | elapsed=00:00
2026-04-26 10:21:43,329 - INFO - Run k_50__d_3__nr_none | stage=fit_transform start (UMAP+HDBSCAN)
2026-04-26 10:22:02,126 - INFO - Run k_50__d_3__nr_none | stage=fit_transform done | elapsed=00:18
2026-04-26 10:22:02,128 - INFO - Run k_50__d_3__nr_none | stage=metrics done | elapsed=00:00
2026-04-26 10:22:02,128 - INFO - Run k_50__d_3__nr_none | stage=save_outputs done | elapsed=00:00
2026-04-26 10:22:02,128 - INFO - Run k_50__d_3__nr_none | finished | total_elapsed=00:18
2026-04-26 10:22:02,139 - INFO - Current Top3 Leaderboard:
2026-04-26 10:22:02,139 - INFO -   #1 k=5 d=3 nr=35 | score=0.8689 | coverage=0.7368 | diversity=0.9588 | entropy=0.9392 | discovered=34
2026-04-26 10:22:02,139 - INFO -   #2 k=5 d=8 nr=35 | score=0.8656 | coverage=0.7252 | diversity=0.9676 | entropy=0.9298 | discovered=34
2026-04-26 10:22:02,139 - INFO -   #3 k=5 d=8 nr=none | score=0.8629 | coverage=0.6952 | diversity=0.9686 | entropy=0.9617 | discovered=35
2026-04-26 10:22:02,140 - INFO - Run 86/147 | done=85 remain=62 ETA=17:03 | k=50 d=3 nr=25
2026-04-26 10:22:02,140 - INFO - Run k_50__d_3__nr_25 | min_cluster_size=40 | min_samples=8
2026-04-26 10:22:02,140 - INFO - Run k_50__d_3__nr_25 | stage=build_topic_model done | elapsed=00:00
2026-04-26 10:22:02,140 - INFO - Run k_50__d_3__nr_25 | stage=fit_transform start (UMAP+HDBSCAN)
2026-04-26 10:22:19,629 - INFO - Run k_50__d_3__nr_25 | stage=fit_transform done | elapsed=00:17
2026-04-26 10:22:19,631 - INFO - Run k_50__d_3__nr_25 | stage=metrics done | elapsed=00:00
2026-04-26 10:22:19,631 - INFO - Run k_50__d_3__nr_25 | stage=save_outputs done | elapsed=00:00
2026-04-26 10:22:19,631 - INFO - Run k_50__d_3__nr_25 | finished | total_elapsed=00:17
2026-04-26 10:22:19,642 - INFO - Run 87/147 | done=86 remain=61 ETA=16:47 | k=50 d=3 nr=35
2026-04-26 10:22:19,642 - INFO - Run k_50__d_3__nr_35 | min_cluster_size=28 | min_samples=5
2026-04-26 10:22:19,643 - INFO - Run k_50__d_3__nr_35 | stage=build_topic_model done | elapsed=00:00
2026-04-26 10:22:19,643 - INFO - Run k_50__d_3__nr_35 | stage=fit_transform start (UMAP+HDBSCAN)
2026-04-26 10:22:37,793 - INFO - Run k_50__d_3__nr_35 | stage=fit_transform done | elapsed=00:18
2026-04-26 10:22:37,797 - INFO - Run k_50__d_3__nr_35 | stage=metrics done | elapsed=00:00
2026-04-26 10:22:37,797 - INFO - Run k_50__d_3__nr_35 | stage=save_outputs done | elapsed=00:00
2026-04-26 10:22:37,798 - INFO - Run k_50__d_3__nr_35 | finished | total_elapsed=00:18
2026-04-26 10:22:37,817 - INFO - Run 88/147 | done=87 remain=60 ETA=16:32 | k=50 d=5 nr=none
2026-04-26 10:22:37,817 - INFO - Run k_50__d_5__nr_none | min_cluster_size=33 | min_samples=6
2026-04-26 10:22:37,818 - INFO - Run k_50__d_5__nr_none | stage=build_topic_model done | elapsed=00:00
2026-04-26 10:22:37,818 - INFO - Run k_50__d_5__nr_none | stage=fit_transform start (UMAP+HDBSCAN)
2026-04-26 10:22:55,355 - INFO - Run k_50__d_5__nr_none | stage=fit_transform done | elapsed=00:17
2026-04-26 10:22:55,358 - INFO - Run k_50__d_5__nr_none | stage=metrics done | elapsed=00:00
2026-04-26 10:22:55,358 - INFO - Run k_50__d_5__nr_none | stage=save_outputs done | elapsed=00:00
2026-04-26 10:22:55,358 - INFO - Run k_50__d_5__nr_none | finished | total_elapsed=00:17
2026-04-26 10:22:55,368 - INFO - Run 89/147 | done=88 remain=59 ETA=16:16 | k=50 d=5 nr=25
2026-04-26 10:22:55,368 - INFO - Run k_50__d_5__nr_25 | min_cluster_size=40 | min_samples=8
2026-04-26 10:22:55,368 - INFO - Run k_50__d_5__nr_25 | stage=build_topic_model done | elapsed=00:00
2026-04-26 10:22:55,368 - INFO - Run k_50__d_5__nr_25 | stage=fit_transform start (UMAP+HDBSCAN)
2026-04-26 10:23:14,887 - INFO - Run k_50__d_5__nr_25 | stage=fit_transform done | elapsed=00:19
2026-04-26 10:23:14,892 - INFO - Run k_50__d_5__nr_25 | stage=metrics done | elapsed=00:00
2026-04-26 10:23:14,893 - INFO - Run k_50__d_5__nr_25 | stage=save_outputs done | elapsed=00:00
2026-04-26 10:23:14,893 - INFO - Run k_50__d_5__nr_25 | finished | total_elapsed=00:19
2026-04-26 10:23:14,907 - INFO - Run 90/147 | done=89 remain=58 ETA=16:01 | k=50 d=5 nr=35
2026-04-26 10:23:14,907 - INFO - Run k_50__d_5__nr_35 | min_cluster_size=28 | min_samples=5
2026-04-26 10:23:14,908 - INFO - Run k_50__d_5__nr_35 | stage=build_topic_model done | elapsed=00:00
2026-04-26 10:23:14,908 - INFO - Run k_50__d_5__nr_35 | stage=fit_transform start (UMAP+HDBSCAN)
2026-04-26 10:23:34,828 - INFO - Run k_50__d_5__nr_35 | stage=fit_transform done | elapsed=00:19
2026-04-26 10:23:34,832 - INFO - Run k_50__d_5__nr_35 | stage=metrics done | elapsed=00:00
2026-04-26 10:23:34,833 - INFO - Run k_50__d_5__nr_35 | stage=save_outputs done | elapsed=00:00
2026-04-26 10:23:34,833 - INFO - Run k_50__d_5__nr_35 | finished | total_elapsed=00:19
2026-04-26 10:23:34,845 - INFO - Current Top3 Leaderboard:
2026-04-26 10:23:34,845 - INFO -   #1 k=5 d=3 nr=35 | score=0.8689 | coverage=0.7368 | diversity=0.9588 | entropy=0.9392 | discovered=34
2026-04-26 10:23:34,845 - INFO -   #2 k=5 d=8 nr=35 | score=0.8656 | coverage=0.7252 | diversity=0.9676 | entropy=0.9298 | discovered=34
2026-04-26 10:23:34,845 - INFO -   #3 k=5 d=8 nr=none | score=0.8629 | coverage=0.6952 | diversity=0.9686 | entropy=0.9617 | discovered=35
2026-04-26 10:23:34,846 - INFO - Run 91/147 | done=90 remain=57 ETA=15:47 | k=50 d=8 nr=none
2026-04-26 10:23:34,846 - INFO - Run k_50__d_8__nr_none | min_cluster_size=33 | min_samples=6
2026-04-26 10:23:34,846 - INFO - Run k_50__d_8__nr_none | stage=build_topic_model done | elapsed=00:00
2026-04-26 10:23:34,846 - INFO - Run k_50__d_8__nr_none | stage=fit_transform start (UMAP+HDBSCAN)
2026-04-26 10:23:52,832 - ERROR - Run failed | k=50 d=8 nr=none
Traceback (most recent call last):
  File "E:\document\PG\studio\content\bertopic_raw_sweep.py", line 422, in run_single_experiment
    topics, _ = topic_model.fit_transform(seg_texts, embeddings=embeddings)
                ^^^^^^^^^^^^^^^^^^^^^^^^^^^^^^^^^^^^^^^^^^^^^^^^^^^^^^^^^^^
  File "D:\an\envs\aigcxhs\Lib\site-packages\bertopic\_bertopic.py", line 520, in fit_transform
    self._extract_topics(
  File "D:\an\envs\aigcxhs\Lib\site-packages\bertopic\_bertopic.py", line 4204, in _extract_topics
    self.c_tf_idf_, words = self._c_tf_idf(documents_per_topic)
                            ^^^^^^^^^^^^^^^^^^^^^^^^^^^^^^^^^^^
  File "D:\an\envs\aigcxhs\Lib\site-packages\bertopic\_bertopic.py", line 4422, in _c_tf_idf
    X = self.vectorizer_model.fit_transform(documents)
        ^^^^^^^^^^^^^^^^^^^^^^^^^^^^^^^^^^^^^^^^^^^^^^
  File "D:\an\envs\aigcxhs\Lib\site-packages\sklearn\base.py", line 1336, in wrapper
    return fit_method(estimator, *args, **kwargs)
           ^^^^^^^^^^^^^^^^^^^^^^^^^^^^^^^^^^^^^^
  File "D:\an\envs\aigcxhs\Lib\site-packages\sklearn\feature_extraction\text.py", line 1396, in fit_transform
    raise ValueError("max_df corresponds to < documents than min_df")
ValueError: max_df corresponds to < documents than min_df
2026-04-26 10:23:52,849 - INFO - Run 92/147 | done=91 remain=56 ETA=15:31 | k=50 d=8 nr=25
2026-04-26 10:23:52,850 - INFO - Run k_50__d_8__nr_25 | min_cluster_size=40 | min_samples=8
2026-04-26 10:23:52,850 - INFO - Run k_50__d_8__nr_25 | stage=build_topic_model done | elapsed=00:00
2026-04-26 10:23:52,850 - INFO - Run k_50__d_8__nr_25 | stage=fit_transform start (UMAP+HDBSCAN)
2026-04-26 10:24:11,959 - INFO - Run k_50__d_8__nr_25 | stage=fit_transform done | elapsed=00:19
2026-04-26 10:24:11,962 - INFO - Run k_50__d_8__nr_25 | stage=metrics done | elapsed=00:00
2026-04-26 10:24:11,962 - INFO - Run k_50__d_8__nr_25 | stage=save_outputs done | elapsed=00:00
2026-04-26 10:24:11,962 - INFO - Run k_50__d_8__nr_25 | finished | total_elapsed=00:19
2026-04-26 10:24:11,974 - INFO - Run 93/147 | done=92 remain=55 ETA=15:16 | k=50 d=8 nr=35
2026-04-26 10:24:11,975 - INFO - Run k_50__d_8__nr_35 | min_cluster_size=28 | min_samples=5
2026-04-26 10:24:11,975 - INFO - Run k_50__d_8__nr_35 | stage=build_topic_model done | elapsed=00:00
2026-04-26 10:24:11,975 - INFO - Run k_50__d_8__nr_35 | stage=fit_transform start (UMAP+HDBSCAN)
2026-04-26 10:24:31,132 - INFO - Run k_50__d_8__nr_35 | stage=fit_transform done | elapsed=00:19
2026-04-26 10:24:31,136 - INFO - Run k_50__d_8__nr_35 | stage=metrics done | elapsed=00:00
2026-04-26 10:24:31,136 - INFO - Run k_50__d_8__nr_35 | stage=save_outputs done | elapsed=00:00
2026-04-26 10:24:31,136 - INFO - Run k_50__d_8__nr_35 | finished | total_elapsed=00:19
2026-04-26 10:24:31,148 - INFO - Run 94/147 | done=93 remain=54 ETA=15:01 | k=50 d=12 nr=none
2026-04-26 10:24:31,149 - INFO - Run k_50__d_12__nr_none | min_cluster_size=33 | min_samples=6
2026-04-26 10:24:31,149 - INFO - Run k_50__d_12__nr_none | stage=build_topic_model done | elapsed=00:00
2026-04-26 10:24:31,149 - INFO - Run k_50__d_12__nr_none | stage=fit_transform start (UMAP+HDBSCAN)
2026-04-26 10:24:50,370 - INFO - Run k_50__d_12__nr_none | stage=fit_transform done | elapsed=00:19
2026-04-26 10:24:50,372 - INFO - Run k_50__d_12__nr_none | stage=metrics done | elapsed=00:00
2026-04-26 10:24:50,373 - INFO - Run k_50__d_12__nr_none | stage=save_outputs done | elapsed=00:00
2026-04-26 10:24:50,373 - INFO - Run k_50__d_12__nr_none | finished | total_elapsed=00:19
2026-04-26 10:24:50,383 - INFO - Run 95/147 | done=94 remain=53 ETA=14:46 | k=50 d=12 nr=25
2026-04-26 10:24:50,383 - INFO - Run k_50__d_12__nr_25 | min_cluster_size=40 | min_samples=8
2026-04-26 10:24:50,384 - INFO - Run k_50__d_12__nr_25 | stage=build_topic_model done | elapsed=00:00
2026-04-26 10:24:50,384 - INFO - Run k_50__d_12__nr_25 | stage=fit_transform start (UMAP+HDBSCAN)
2026-04-26 10:25:10,126 - INFO - Run k_50__d_12__nr_25 | stage=fit_transform done | elapsed=00:19
2026-04-26 10:25:10,128 - INFO - Run k_50__d_12__nr_25 | stage=metrics done | elapsed=00:00
2026-04-26 10:25:10,128 - INFO - Run k_50__d_12__nr_25 | stage=save_outputs done | elapsed=00:00
2026-04-26 10:25:10,128 - INFO - Run k_50__d_12__nr_25 | finished | total_elapsed=00:19
2026-04-26 10:25:10,141 - INFO - Current Top3 Leaderboard:
2026-04-26 10:25:10,141 - INFO -   #1 k=5 d=3 nr=35 | score=0.8689 | coverage=0.7368 | diversity=0.9588 | entropy=0.9392 | discovered=34
2026-04-26 10:25:10,142 - INFO -   #2 k=5 d=8 nr=35 | score=0.8656 | coverage=0.7252 | diversity=0.9676 | entropy=0.9298 | discovered=34
2026-04-26 10:25:10,142 - INFO -   #3 k=5 d=8 nr=none | score=0.8629 | coverage=0.6952 | diversity=0.9686 | entropy=0.9617 | discovered=35
2026-04-26 10:25:10,142 - INFO - Run 96/147 | done=95 remain=52 ETA=14:30 | k=50 d=12 nr=35
2026-04-26 10:25:10,142 - INFO - Run k_50__d_12__nr_35 | min_cluster_size=28 | min_samples=5
2026-04-26 10:25:10,142 - INFO - Run k_50__d_12__nr_35 | stage=build_topic_model done | elapsed=00:00
2026-04-26 10:25:10,142 - INFO - Run k_50__d_12__nr_35 | stage=fit_transform start (UMAP+HDBSCAN)
2026-04-26 10:25:29,962 - INFO - Run k_50__d_12__nr_35 | stage=fit_transform done | elapsed=00:19
2026-04-26 10:25:29,965 - INFO - Run k_50__d_12__nr_35 | stage=metrics done | elapsed=00:00
2026-04-26 10:25:29,965 - INFO - Run k_50__d_12__nr_35 | stage=save_outputs done | elapsed=00:00
2026-04-26 10:25:29,966 - INFO - Run k_50__d_12__nr_35 | finished | total_elapsed=00:19
2026-04-26 10:25:29,976 - INFO - Run 97/147 | done=96 remain=51 ETA=14:15 | k=50 d=18 nr=none
2026-04-26 10:25:29,976 - INFO - Run k_50__d_18__nr_none | min_cluster_size=33 | min_samples=6
2026-04-26 10:25:29,976 - INFO - Run k_50__d_18__nr_none | stage=build_topic_model done | elapsed=00:00
2026-04-26 10:25:29,977 - INFO - Run k_50__d_18__nr_none | stage=fit_transform start (UMAP+HDBSCAN)
2026-04-26 10:25:49,671 - INFO - Run k_50__d_18__nr_none | stage=fit_transform done | elapsed=00:19
2026-04-26 10:25:49,674 - INFO - Run k_50__d_18__nr_none | stage=metrics done | elapsed=00:00
2026-04-26 10:25:49,674 - INFO - Run k_50__d_18__nr_none | stage=save_outputs done | elapsed=00:00
2026-04-26 10:25:49,674 - INFO - Run k_50__d_18__nr_none | finished | total_elapsed=00:19
2026-04-26 10:25:49,688 - INFO - Run 98/147 | done=97 remain=50 ETA=14:00 | k=50 d=18 nr=25
2026-04-26 10:25:49,689 - INFO - Run k_50__d_18__nr_25 | min_cluster_size=40 | min_samples=8
2026-04-26 10:25:49,689 - INFO - Run k_50__d_18__nr_25 | stage=build_topic_model done | elapsed=00:00
2026-04-26 10:25:49,689 - INFO - Run k_50__d_18__nr_25 | stage=fit_transform start (UMAP+HDBSCAN)
2026-04-26 10:26:09,693 - INFO - Run k_50__d_18__nr_25 | stage=fit_transform done | elapsed=00:20
2026-04-26 10:26:09,697 - INFO - Run k_50__d_18__nr_25 | stage=metrics done | elapsed=00:00
2026-04-26 10:26:09,698 - INFO - Run k_50__d_18__nr_25 | stage=save_outputs done | elapsed=00:00
2026-04-26 10:26:09,698 - INFO - Run k_50__d_18__nr_25 | finished | total_elapsed=00:20
2026-04-26 10:26:09,712 - INFO - Run 99/147 | done=98 remain=49 ETA=13:45 | k=50 d=18 nr=35
2026-04-26 10:26:09,713 - INFO - Run k_50__d_18__nr_35 | min_cluster_size=28 | min_samples=5
2026-04-26 10:26:09,713 - INFO - Run k_50__d_18__nr_35 | stage=build_topic_model done | elapsed=00:00
2026-04-26 10:26:09,713 - INFO - Run k_50__d_18__nr_35 | stage=fit_transform start (UMAP+HDBSCAN)
2026-04-26 10:26:30,100 - INFO - Run k_50__d_18__nr_35 | stage=fit_transform done | elapsed=00:20
2026-04-26 10:26:30,103 - INFO - Run k_50__d_18__nr_35 | stage=metrics done | elapsed=00:00
2026-04-26 10:26:30,104 - INFO - Run k_50__d_18__nr_35 | stage=save_outputs done | elapsed=00:00
2026-04-26 10:26:30,104 - INFO - Run k_50__d_18__nr_35 | finished | total_elapsed=00:20
2026-04-26 10:26:30,113 - INFO - Run 100/147 | done=99 remain=48 ETA=13:30 | k=50 d=25 nr=none
2026-04-26 10:26:30,113 - INFO - Run k_50__d_25__nr_none | min_cluster_size=33 | min_samples=6
2026-04-26 10:26:30,114 - INFO - Run k_50__d_25__nr_none | stage=build_topic_model done | elapsed=00:00
2026-04-26 10:26:30,114 - INFO - Run k_50__d_25__nr_none | stage=fit_transform start (UMAP+HDBSCAN)
2026-04-26 10:26:48,707 - INFO - Run k_50__d_25__nr_none | stage=fit_transform done | elapsed=00:18
2026-04-26 10:26:48,709 - INFO - Run k_50__d_25__nr_none | stage=metrics done | elapsed=00:00
2026-04-26 10:26:48,710 - INFO - Run k_50__d_25__nr_none | stage=save_outputs done | elapsed=00:00
2026-04-26 10:26:48,710 - INFO - Run k_50__d_25__nr_none | finished | total_elapsed=00:18
2026-04-26 10:26:48,721 - INFO - Current Top3 Leaderboard:
2026-04-26 10:26:48,721 - INFO -   #1 k=5 d=3 nr=35 | score=0.8689 | coverage=0.7368 | diversity=0.9588 | entropy=0.9392 | discovered=34
2026-04-26 10:26:48,721 - INFO -   #2 k=5 d=8 nr=35 | score=0.8656 | coverage=0.7252 | diversity=0.9676 | entropy=0.9298 | discovered=34
2026-04-26 10:26:48,721 - INFO -   #3 k=5 d=8 nr=none | score=0.8629 | coverage=0.6952 | diversity=0.9686 | entropy=0.9617 | discovered=35
2026-04-26 10:26:48,721 - INFO - Run 101/147 | done=100 remain=47 ETA=13:14 | k=50 d=25 nr=25
2026-04-26 10:26:48,722 - INFO - Run k_50__d_25__nr_25 | min_cluster_size=40 | min_samples=8
2026-04-26 10:26:48,722 - INFO - Run k_50__d_25__nr_25 | stage=build_topic_model done | elapsed=00:00
2026-04-26 10:26:48,722 - INFO - Run k_50__d_25__nr_25 | stage=fit_transform start (UMAP+HDBSCAN)
2026-04-26 10:27:08,777 - INFO - Run k_50__d_25__nr_25 | stage=fit_transform done | elapsed=00:20
2026-04-26 10:27:08,780 - INFO - Run k_50__d_25__nr_25 | stage=metrics done | elapsed=00:00
2026-04-26 10:27:08,781 - INFO - Run k_50__d_25__nr_25 | stage=save_outputs done | elapsed=00:00
2026-04-26 10:27:08,781 - INFO - Run k_50__d_25__nr_25 | finished | total_elapsed=00:20
2026-04-26 10:27:08,796 - INFO - Run 102/147 | done=101 remain=46 ETA=12:58 | k=50 d=25 nr=35
2026-04-26 10:27:08,796 - INFO - Run k_50__d_25__nr_35 | min_cluster_size=28 | min_samples=5
2026-04-26 10:27:08,796 - INFO - Run k_50__d_25__nr_35 | stage=build_topic_model done | elapsed=00:00
2026-04-26 10:27:08,797 - INFO - Run k_50__d_25__nr_35 | stage=fit_transform start (UMAP+HDBSCAN)
2026-04-26 10:33:14,994 - INFO - Loading data: E:\document\PG\studio\content\bertopic_ready_data\bertopic_train_data.csv
2026-04-26 10:33:15,288 - INFO - Valid rows before short-text filter: 18146
2026-04-26 10:33:15,297 - WARNING - Coarse sweep: subsampled to 4000 rows (max_docs=4000, seed=13). Scores are indicative only; re-run full data for final pick.
2026-04-26 10:33:15,330 - INFO - CUDA[0] NVIDIA GeForce RTX 5070 Laptop GPU | capability=(12, 0) | total VRAM=8.0 GiB
2026-04-26 10:33:15,330 - INFO - Load embedding model BAAI/bge-large-zh-v1.5 on cuda
2026-04-26 10:33:15,332 - INFO - Load pretrained SentenceTransformer: BAAI/bge-large-zh-v1.5
2026-04-26 10:33:15,859 - INFO - HTTP Request: HEAD https://hf-mirror.com/BAAI/bge-large-zh-v1.5/resolve/main/modules.json "HTTP/1.1 307 Temporary Redirect"
2026-04-26 10:33:15,975 - INFO - HTTP Request: HEAD https://hf-mirror.com/api/resolve-cache/models/BAAI/bge-large-zh-v1.5/79e7739b6ab944e86d6171e44d24c997fc1e0116/modules.json "HTTP/1.1 200 OK"
2026-04-26 10:33:16,295 - INFO - HTTP Request: HEAD https://hf-mirror.com/BAAI/bge-large-zh-v1.5/resolve/main/config_sentence_transformers.json "HTTP/1.1 307 Temporary Redirect"
2026-04-26 10:33:16,464 - INFO - HTTP Request: HEAD https://hf-mirror.com/api/resolve-cache/models/BAAI/bge-large-zh-v1.5/79e7739b6ab944e86d6171e44d24c997fc1e0116/config_sentence_transformers.json "HTTP/1.1 200 OK"
2026-04-26 10:33:16,820 - INFO - HTTP Request: HEAD https://hf-mirror.com/BAAI/bge-large-zh-v1.5/resolve/main/config_sentence_transformers.json "HTTP/1.1 307 Temporary Redirect"
2026-04-26 10:33:17,009 - INFO - HTTP Request: HEAD https://hf-mirror.com/api/resolve-cache/models/BAAI/bge-large-zh-v1.5/79e7739b6ab944e86d6171e44d24c997fc1e0116/config_sentence_transformers.json "HTTP/1.1 200 OK"
2026-04-26 10:33:17,292 - INFO - HTTP Request: HEAD https://hf-mirror.com/BAAI/bge-large-zh-v1.5/resolve/main/README.md "HTTP/1.1 307 Temporary Redirect"
2026-04-26 10:33:17,403 - INFO - HTTP Request: HEAD https://hf-mirror.com/api/resolve-cache/models/BAAI/bge-large-zh-v1.5/79e7739b6ab944e86d6171e44d24c997fc1e0116/README.md "HTTP/1.1 200 OK"
2026-04-26 10:33:17,726 - INFO - HTTP Request: HEAD https://hf-mirror.com/BAAI/bge-large-zh-v1.5/resolve/main/modules.json "HTTP/1.1 307 Temporary Redirect"
2026-04-26 10:33:17,938 - INFO - HTTP Request: HEAD https://hf-mirror.com/api/resolve-cache/models/BAAI/bge-large-zh-v1.5/79e7739b6ab944e86d6171e44d24c997fc1e0116/modules.json "HTTP/1.1 200 OK"
2026-04-26 10:33:18,272 - INFO - HTTP Request: HEAD https://hf-mirror.com/BAAI/bge-large-zh-v1.5/resolve/main/sentence_bert_config.json "HTTP/1.1 307 Temporary Redirect"
2026-04-26 10:33:18,423 - INFO - HTTP Request: HEAD https://hf-mirror.com/api/resolve-cache/models/BAAI/bge-large-zh-v1.5/79e7739b6ab944e86d6171e44d24c997fc1e0116/sentence_bert_config.json "HTTP/1.1 200 OK"
2026-04-26 10:33:18,822 - INFO - HTTP Request: HEAD https://hf-mirror.com/BAAI/bge-large-zh-v1.5/resolve/main/adapter_config.json "HTTP/1.1 404 Not Found"
2026-04-26 10:33:19,109 - INFO - HTTP Request: HEAD https://hf-mirror.com/BAAI/bge-large-zh-v1.5/resolve/main/config.json "HTTP/1.1 307 Temporary Redirect"
2026-04-26 10:33:19,214 - INFO - HTTP Request: HEAD https://hf-mirror.com/api/resolve-cache/models/BAAI/bge-large-zh-v1.5/79e7739b6ab944e86d6171e44d24c997fc1e0116/config.json "HTTP/1.1 200 OK"
2026-04-26 10:33:19,531 - INFO - HTTP Request: HEAD https://hf-mirror.com/BAAI/bge-large-zh-v1.5/resolve/main/config.json "HTTP/1.1 307 Temporary Redirect"
2026-04-26 10:33:19,659 - INFO - HTTP Request: HEAD https://hf-mirror.com/api/resolve-cache/models/BAAI/bge-large-zh-v1.5/79e7739b6ab944e86d6171e44d24c997fc1e0116/config.json "HTTP/1.1 200 OK"
2026-04-26 10:33:19,963 - INFO - HTTP Request: HEAD https://hf-mirror.com/BAAI/bge-large-zh-v1.5/resolve/main/model.safetensors "HTTP/1.1 404 Not Found"
2026-04-26 10:33:20,072 - INFO - HTTP Request: GET https://hf-mirror.com/api/models/BAAI/bge-large-zh-v1.5 "HTTP/1.1 200 OK"
2026-04-26 10:33:20,218 - INFO - HTTP Request: GET https://hf-mirror.com/api/models/BAAI/bge-large-zh-v1.5/commits/main "HTTP/1.1 200 OK"
2026-04-26 10:33:20,360 - INFO - HTTP Request: GET https://hf-mirror.com/api/models/BAAI/bge-large-zh-v1.5/discussions?p=0 "HTTP/1.1 200 OK"
2026-04-26 10:33:20,523 - INFO - HTTP Request: GET https://hf-mirror.com/api/models/BAAI/bge-large-zh-v1.5/commits/refs%2Fpr%2F35 "HTTP/1.1 200 OK"
2026-04-26 10:33:20,666 - INFO - HTTP Request: HEAD https://hf-mirror.com/BAAI/bge-large-zh-v1.5/resolve/main/config.json "HTTP/1.1 307 Temporary Redirect"
2026-04-26 10:33:20,780 - INFO - HTTP Request: HEAD https://hf-mirror.com/api/resolve-cache/models/BAAI/bge-large-zh-v1.5/79e7739b6ab944e86d6171e44d24c997fc1e0116/config.json "HTTP/1.1 200 OK"
2026-04-26 10:33:20,841 - INFO - HTTP Request: HEAD https://hf-mirror.com/BAAI/bge-large-zh-v1.5/resolve/refs%2Fpr%2F35/model.safetensors.index.json "HTTP/1.1 404 Not Found"
2026-04-26 10:33:21,074 - INFO - HTTP Request: HEAD https://hf-mirror.com/BAAI/bge-large-zh-v1.5/resolve/main/tokenizer_config.json "HTTP/1.1 307 Temporary Redirect"
2026-04-26 10:33:21,131 - INFO - HTTP Request: HEAD https://hf-mirror.com/BAAI/bge-large-zh-v1.5/resolve/refs%2Fpr%2F35/model.safetensors "HTTP/1.1 302 Found"
2026-04-26 10:33:21,185 - INFO - HTTP Request: HEAD https://hf-mirror.com/api/resolve-cache/models/BAAI/bge-large-zh-v1.5/79e7739b6ab944e86d6171e44d24c997fc1e0116/tokenizer_config.json "HTTP/1.1 200 OK"
2026-04-26 10:33:21,316 - INFO - HTTP Request: GET https://hf-mirror.com/api/models/BAAI/bge-large-zh-v1.5/tree/main/additional_chat_templates?recursive=false&expand=false "HTTP/1.1 404 Not Found"
2026-04-26 10:33:21,428 - INFO - HTTP Request: GET https://hf-mirror.com/api/models/BAAI/bge-large-zh-v1.5/tree/main?recursive=true&expand=false "HTTP/1.1 200 OK"
2026-04-26 10:33:21,759 - INFO - HTTP Request: HEAD https://hf-mirror.com/BAAI/bge-large-zh-v1.5/resolve/main/1_Pooling/config.json "HTTP/1.1 307 Temporary Redirect"
2026-04-26 10:33:21,912 - INFO - HTTP Request: HEAD https://hf-mirror.com/api/resolve-cache/models/BAAI/bge-large-zh-v1.5/79e7739b6ab944e86d6171e44d24c997fc1e0116/1_Pooling%2Fconfig.json "HTTP/1.1 200 OK"
2026-04-26 10:33:22,089 - INFO - HTTP Request: GET https://hf-mirror.com/api/models/BAAI/bge-large-zh-v1.5 "HTTP/1.1 200 OK"
2026-04-26 10:33:23,841 - INFO - Precompute embeddings once for all runs (stage=start)
2026-04-26 10:34:43,967 - INFO - Precompute embeddings done | elapsed=01:20 | vectors=4000
2026-04-26 10:34:43,967 - INFO - Total runs: 147
2026-04-26 10:34:43,969 - INFO - Run 1/147 | done=0 remain=147 ETA=unknown | k=5 d=3 nr=none
2026-04-26 10:34:43,969 - INFO - Run k_5__d_3__nr_none | min_cluster_size=33 | min_samples=6
2026-04-26 10:34:43,970 - INFO - Run k_5__d_3__nr_none | stage=build_topic_model done | elapsed=00:00
2026-04-26 10:34:43,970 - INFO - Run k_5__d_3__nr_none | stage=fit_transform start (UMAP+HDBSCAN)
2026-04-26 10:35:02,863 - INFO - Run k_5__d_3__nr_none | stage=fit_transform done | elapsed=00:18
2026-04-26 10:35:02,869 - INFO - Run k_5__d_3__nr_none | stage=metrics done | elapsed=00:00
2026-04-26 10:35:02,869 - INFO - Run k_5__d_3__nr_none | stage=save_outputs done | elapsed=00:00
2026-04-26 10:35:02,869 - INFO - Run k_5__d_3__nr_none | finished | total_elapsed=00:18
2026-04-26 10:35:02,878 - INFO - Run 2/147 | done=1 remain=146 ETA=45:59 | k=5 d=3 nr=25
2026-04-26 10:35:02,878 - INFO - Run k_5__d_3__nr_25 | min_cluster_size=40 | min_samples=8
2026-04-26 10:35:02,879 - INFO - Run k_5__d_3__nr_25 | stage=build_topic_model done | elapsed=00:00
2026-04-26 10:35:02,879 - INFO - Run k_5__d_3__nr_25 | stage=fit_transform start (UMAP+HDBSCAN)
2026-04-26 10:35:16,745 - INFO - Run k_5__d_3__nr_25 | stage=fit_transform done | elapsed=00:13
2026-04-26 10:35:16,749 - INFO - Run k_5__d_3__nr_25 | stage=metrics done | elapsed=00:00
2026-04-26 10:35:16,749 - INFO - Run k_5__d_3__nr_25 | stage=save_outputs done | elapsed=00:00
2026-04-26 10:35:16,749 - INFO - Run k_5__d_3__nr_25 | finished | total_elapsed=00:13
2026-04-26 10:35:16,755 - INFO - Run 3/147 | done=2 remain=145 ETA=39:35 | k=5 d=3 nr=35
2026-04-26 10:35:16,755 - INFO - Run k_5__d_3__nr_35 | min_cluster_size=28 | min_samples=5
2026-04-26 10:35:16,756 - INFO - Run k_5__d_3__nr_35 | stage=build_topic_model done | elapsed=00:00
2026-04-26 10:35:16,756 - INFO - Run k_5__d_3__nr_35 | stage=fit_transform start (UMAP+HDBSCAN)
2026-04-26 10:35:30,962 - INFO - Run k_5__d_3__nr_35 | stage=fit_transform done | elapsed=00:14
2026-04-26 10:35:30,964 - INFO - Run k_5__d_3__nr_35 | stage=metrics done | elapsed=00:00
2026-04-26 10:35:30,964 - INFO - Run k_5__d_3__nr_35 | stage=save_outputs done | elapsed=00:00
2026-04-26 10:35:30,965 - INFO - Run k_5__d_3__nr_35 | finished | total_elapsed=00:14
2026-04-26 10:35:30,972 - INFO - Run 4/147 | done=3 remain=144 ETA=37:35 | k=5 d=5 nr=none
2026-04-26 10:35:30,973 - INFO - Run k_5__d_5__nr_none | min_cluster_size=33 | min_samples=6
2026-04-26 10:35:30,973 - INFO - Run k_5__d_5__nr_none | stage=build_topic_model done | elapsed=00:00
2026-04-26 10:35:30,973 - INFO - Run k_5__d_5__nr_none | stage=fit_transform start (UMAP+HDBSCAN)
2026-04-26 10:35:45,885 - INFO - Run k_5__d_5__nr_none | stage=fit_transform done | elapsed=00:14
2026-04-26 10:35:45,888 - INFO - Run k_5__d_5__nr_none | stage=metrics done | elapsed=00:00
2026-04-26 10:35:45,889 - INFO - Run k_5__d_5__nr_none | stage=save_outputs done | elapsed=00:00
2026-04-26 10:35:45,889 - INFO - Run k_5__d_5__nr_none | finished | total_elapsed=00:14
2026-04-26 10:35:45,899 - INFO - Run 5/147 | done=4 remain=143 ETA=36:52 | k=5 d=5 nr=25
2026-04-26 10:35:45,899 - INFO - Run k_5__d_5__nr_25 | min_cluster_size=40 | min_samples=8
2026-04-26 10:35:45,900 - INFO - Run k_5__d_5__nr_25 | stage=build_topic_model done | elapsed=00:00
2026-04-26 10:35:45,900 - INFO - Run k_5__d_5__nr_25 | stage=fit_transform start (UMAP+HDBSCAN)
2026-04-26 10:36:00,494 - INFO - Run k_5__d_5__nr_25 | stage=fit_transform done | elapsed=00:14
2026-04-26 10:36:00,497 - INFO - Run k_5__d_5__nr_25 | stage=metrics done | elapsed=00:00
2026-04-26 10:36:00,498 - INFO - Run k_5__d_5__nr_25 | stage=save_outputs done | elapsed=00:00
2026-04-26 10:36:00,498 - INFO - Run k_5__d_5__nr_25 | finished | total_elapsed=00:14
2026-04-26 10:36:00,506 - INFO - Current Top3 Leaderboard:
2026-04-26 10:36:00,506 - INFO -   #1 k=5 d=3 nr=35 | score=0.8689 | coverage=0.7368 | diversity=0.9588 | entropy=0.9392 | discovered=34
2026-04-26 10:36:00,506 - INFO -   #2 k=5 d=5 nr=none | score=0.8602 | coverage=0.7012 | diversity=0.9750 | entropy=0.9143 | discovered=28
2026-04-26 10:36:00,506 - INFO -   #3 k=5 d=3 nr=none | score=0.8566 | coverage=0.6703 | diversity=0.9722 | entropy=0.9786 | discovered=36
2026-04-26 10:36:00,506 - INFO - Run 6/147 | done=5 remain=142 ETA=36:12 | k=5 d=5 nr=35
2026-04-26 10:36:00,507 - INFO - Run k_5__d_5__nr_35 | min_cluster_size=28 | min_samples=5
2026-04-26 10:36:00,507 - INFO - Run k_5__d_5__nr_35 | stage=build_topic_model done | elapsed=00:00
2026-04-26 10:36:00,507 - INFO - Run k_5__d_5__nr_35 | stage=fit_transform start (UMAP+HDBSCAN)
2026-04-26 10:36:15,010 - INFO - Run k_5__d_5__nr_35 | stage=fit_transform done | elapsed=00:14
2026-04-26 10:36:15,013 - INFO - Run k_5__d_5__nr_35 | stage=metrics done | elapsed=00:00
2026-04-26 10:36:15,013 - INFO - Run k_5__d_5__nr_35 | stage=save_outputs done | elapsed=00:00
2026-04-26 10:36:15,013 - INFO - Run k_5__d_5__nr_35 | finished | total_elapsed=00:14
2026-04-26 10:36:15,021 - INFO - Run 7/147 | done=6 remain=141 ETA=35:38 | k=5 d=8 nr=none
2026-04-26 10:36:15,021 - INFO - Run k_5__d_8__nr_none | min_cluster_size=33 | min_samples=6
2026-04-26 10:36:15,022 - INFO - Run k_5__d_8__nr_none | stage=build_topic_model done | elapsed=00:00
2026-04-26 10:36:15,022 - INFO - Run k_5__d_8__nr_none | stage=fit_transform start (UMAP+HDBSCAN)
2026-04-26 10:36:28,860 - INFO - Run k_5__d_8__nr_none | stage=fit_transform done | elapsed=00:13
2026-04-26 10:36:28,863 - INFO - Run k_5__d_8__nr_none | stage=metrics done | elapsed=00:00
2026-04-26 10:36:28,864 - INFO - Run k_5__d_8__nr_none | stage=save_outputs done | elapsed=00:00
2026-04-26 10:36:28,864 - INFO - Run k_5__d_8__nr_none | finished | total_elapsed=00:13
2026-04-26 10:36:28,871 - INFO - Run 8/147 | done=7 remain=140 ETA=34:56 | k=5 d=8 nr=25
2026-04-26 10:36:28,872 - INFO - Run k_5__d_8__nr_25 | min_cluster_size=40 | min_samples=8
2026-04-26 10:36:28,872 - INFO - Run k_5__d_8__nr_25 | stage=build_topic_model done | elapsed=00:00
2026-04-26 10:36:28,872 - INFO - Run k_5__d_8__nr_25 | stage=fit_transform start (UMAP+HDBSCAN)
2026-04-26 10:36:43,242 - INFO - Run k_5__d_8__nr_25 | stage=fit_transform done | elapsed=00:14
2026-04-26 10:36:43,244 - INFO - Run k_5__d_8__nr_25 | stage=metrics done | elapsed=00:00
2026-04-26 10:36:43,245 - INFO - Run k_5__d_8__nr_25 | stage=save_outputs done | elapsed=00:00
2026-04-26 10:36:43,245 - INFO - Run k_5__d_8__nr_25 | finished | total_elapsed=00:14
2026-04-26 10:36:43,253 - INFO - Run 9/147 | done=8 remain=139 ETA=34:31 | k=5 d=8 nr=35
2026-04-26 10:36:43,253 - INFO - Run k_5__d_8__nr_35 | min_cluster_size=28 | min_samples=5
2026-04-26 10:36:43,253 - INFO - Run k_5__d_8__nr_35 | stage=build_topic_model done | elapsed=00:00
2026-04-26 10:36:43,253 - INFO - Run k_5__d_8__nr_35 | stage=fit_transform start (UMAP+HDBSCAN)
2026-04-26 10:36:57,864 - INFO - Run k_5__d_8__nr_35 | stage=fit_transform done | elapsed=00:14
2026-04-26 10:36:57,867 - INFO - Run k_5__d_8__nr_35 | stage=metrics done | elapsed=00:00
2026-04-26 10:36:57,867 - INFO - Run k_5__d_8__nr_35 | stage=save_outputs done | elapsed=00:00
2026-04-26 10:36:57,867 - INFO - Run k_5__d_8__nr_35 | finished | total_elapsed=00:14
2026-04-26 10:36:57,876 - INFO - Run 10/147 | done=9 remain=138 ETA=34:12 | k=5 d=12 nr=none
2026-04-26 10:36:57,876 - INFO - Run k_5__d_12__nr_none | min_cluster_size=33 | min_samples=6
2026-04-26 10:36:57,876 - INFO - Run k_5__d_12__nr_none | stage=build_topic_model done | elapsed=00:00
2026-04-26 10:36:57,876 - INFO - Run k_5__d_12__nr_none | stage=fit_transform start (UMAP+HDBSCAN)
2026-04-26 10:37:12,713 - INFO - Run k_5__d_12__nr_none | stage=fit_transform done | elapsed=00:14
2026-04-26 10:37:12,716 - INFO - Run k_5__d_12__nr_none | stage=metrics done | elapsed=00:00
2026-04-26 10:37:12,716 - INFO - Run k_5__d_12__nr_none | stage=save_outputs done | elapsed=00:00
2026-04-26 10:37:12,717 - INFO - Run k_5__d_12__nr_none | finished | total_elapsed=00:14
2026-04-26 10:37:12,729 - INFO - Current Top3 Leaderboard:
2026-04-26 10:37:12,729 - INFO -   #1 k=5 d=3 nr=35 | score=0.8689 | coverage=0.7368 | diversity=0.9588 | entropy=0.9392 | discovered=34
2026-04-26 10:37:12,730 - INFO -   #2 k=5 d=8 nr=35 | score=0.8656 | coverage=0.7252 | diversity=0.9676 | entropy=0.9298 | discovered=34
2026-04-26 10:37:12,730 - INFO -   #3 k=5 d=8 nr=none | score=0.8629 | coverage=0.6952 | diversity=0.9686 | entropy=0.9617 | discovered=35
2026-04-26 10:37:12,730 - INFO - Run 11/147 | done=10 remain=137 ETA=33:56 | k=5 d=12 nr=25
2026-04-26 10:37:12,730 - INFO - Run k_5__d_12__nr_25 | min_cluster_size=40 | min_samples=8
2026-04-26 10:37:12,731 - INFO - Run k_5__d_12__nr_25 | stage=build_topic_model done | elapsed=00:00
2026-04-26 10:37:12,731 - INFO - Run k_5__d_12__nr_25 | stage=fit_transform start (UMAP+HDBSCAN)
2026-04-26 10:37:28,038 - INFO - Run k_5__d_12__nr_25 | stage=fit_transform done | elapsed=00:15
2026-04-26 10:37:28,040 - INFO - Run k_5__d_12__nr_25 | stage=metrics done | elapsed=00:00
2026-04-26 10:37:28,040 - INFO - Run k_5__d_12__nr_25 | stage=save_outputs done | elapsed=00:00
2026-04-26 10:37:28,040 - INFO - Run k_5__d_12__nr_25 | finished | total_elapsed=00:15
2026-04-26 10:37:28,050 - INFO - Run 12/147 | done=11 remain=136 ETA=33:47 | k=5 d=12 nr=35
2026-04-26 10:37:28,050 - INFO - Run k_5__d_12__nr_35 | min_cluster_size=28 | min_samples=5
2026-04-26 10:37:28,051 - INFO - Run k_5__d_12__nr_35 | stage=build_topic_model done | elapsed=00:00
2026-04-26 10:37:28,051 - INFO - Run k_5__d_12__nr_35 | stage=fit_transform start (UMAP+HDBSCAN)
2026-04-26 10:37:43,228 - INFO - Run k_5__d_12__nr_35 | stage=fit_transform done | elapsed=00:15
2026-04-26 10:37:43,232 - INFO - Run k_5__d_12__nr_35 | stage=metrics done | elapsed=00:00
2026-04-26 10:37:43,232 - INFO - Run k_5__d_12__nr_35 | stage=save_outputs done | elapsed=00:00
2026-04-26 10:37:43,232 - INFO - Run k_5__d_12__nr_35 | finished | total_elapsed=00:15
2026-04-26 10:37:43,240 - INFO - Run 13/147 | done=12 remain=135 ETA=33:35 | k=5 d=18 nr=none
2026-04-26 10:37:43,240 - INFO - Run k_5__d_18__nr_none | min_cluster_size=33 | min_samples=6
2026-04-26 10:37:43,241 - INFO - Run k_5__d_18__nr_none | stage=build_topic_model done | elapsed=00:00
2026-04-26 10:37:43,241 - INFO - Run k_5__d_18__nr_none | stage=fit_transform start (UMAP+HDBSCAN)
2026-04-26 10:37:57,791 - INFO - Run k_5__d_18__nr_none | stage=fit_transform done | elapsed=00:14
2026-04-26 10:37:57,794 - INFO - Run k_5__d_18__nr_none | stage=metrics done | elapsed=00:00
2026-04-26 10:37:57,794 - INFO - Run k_5__d_18__nr_none | stage=save_outputs done | elapsed=00:00
2026-04-26 10:37:57,794 - INFO - Run k_5__d_18__nr_none | finished | total_elapsed=00:14
2026-04-26 10:37:57,805 - INFO - Run 14/147 | done=13 remain=134 ETA=33:16 | k=5 d=18 nr=25
2026-04-26 10:37:57,805 - INFO - Run k_5__d_18__nr_25 | min_cluster_size=40 | min_samples=8
2026-04-26 10:37:57,805 - INFO - Run k_5__d_18__nr_25 | stage=build_topic_model done | elapsed=00:00
2026-04-26 10:37:57,805 - INFO - Run k_5__d_18__nr_25 | stage=fit_transform start (UMAP+HDBSCAN)
2026-04-26 10:38:12,716 - INFO - Run k_5__d_18__nr_25 | stage=fit_transform done | elapsed=00:14
2026-04-26 10:38:12,719 - INFO - Run k_5__d_18__nr_25 | stage=metrics done | elapsed=00:00
2026-04-26 10:38:12,719 - INFO - Run k_5__d_18__nr_25 | stage=save_outputs done | elapsed=00:00
2026-04-26 10:38:12,719 - INFO - Run k_5__d_18__nr_25 | finished | total_elapsed=00:14
2026-04-26 10:38:12,726 - INFO - Run 15/147 | done=14 remain=133 ETA=33:02 | k=5 d=18 nr=35
2026-04-26 10:38:12,726 - INFO - Run k_5__d_18__nr_35 | min_cluster_size=28 | min_samples=5
2026-04-26 10:38:12,726 - INFO - Run k_5__d_18__nr_35 | stage=build_topic_model done | elapsed=00:00
2026-04-26 10:38:12,726 - INFO - Run k_5__d_18__nr_35 | stage=fit_transform start (UMAP+HDBSCAN)
2026-04-26 10:38:28,169 - INFO - Run k_5__d_18__nr_35 | stage=fit_transform done | elapsed=00:15
2026-04-26 10:38:28,171 - INFO - Run k_5__d_18__nr_35 | stage=metrics done | elapsed=00:00
2026-04-26 10:38:28,171 - INFO - Run k_5__d_18__nr_35 | stage=save_outputs done | elapsed=00:00
2026-04-26 10:38:28,171 - INFO - Run k_5__d_18__nr_35 | finished | total_elapsed=00:15
2026-04-26 10:38:28,183 - INFO - Current Top3 Leaderboard:
2026-04-26 10:38:28,183 - INFO -   #1 k=5 d=3 nr=35 | score=0.8689 | coverage=0.7368 | diversity=0.9588 | entropy=0.9392 | discovered=34
2026-04-26 10:38:28,183 - INFO -   #2 k=5 d=8 nr=35 | score=0.8656 | coverage=0.7252 | diversity=0.9676 | entropy=0.9298 | discovered=34
2026-04-26 10:38:28,183 - INFO -   #3 k=5 d=8 nr=none | score=0.8629 | coverage=0.6952 | diversity=0.9686 | entropy=0.9617 | discovered=35
2026-04-26 10:38:28,183 - INFO - Run 16/147 | done=15 remain=132 ETA=32:51 | k=5 d=25 nr=none
2026-04-26 10:38:28,184 - INFO - Run k_5__d_25__nr_none | min_cluster_size=33 | min_samples=6
2026-04-26 10:38:28,184 - INFO - Run k_5__d_25__nr_none | stage=build_topic_model done | elapsed=00:00
2026-04-26 10:38:28,184 - INFO - Run k_5__d_25__nr_none | stage=fit_transform start (UMAP+HDBSCAN)
2026-04-26 10:38:44,264 - INFO - Run k_5__d_25__nr_none | stage=fit_transform done | elapsed=00:16
2026-04-26 10:38:44,270 - INFO - Run k_5__d_25__nr_none | stage=metrics done | elapsed=00:00
2026-04-26 10:38:44,271 - INFO - Run k_5__d_25__nr_none | stage=save_outputs done | elapsed=00:00
2026-04-26 10:38:44,271 - INFO - Run k_5__d_25__nr_none | finished | total_elapsed=00:16
2026-04-26 10:38:44,284 - INFO - Run 17/147 | done=16 remain=131 ETA=32:46 | k=5 d=25 nr=25
2026-04-26 10:38:44,284 - INFO - Run k_5__d_25__nr_25 | min_cluster_size=40 | min_samples=8
2026-04-26 10:38:44,285 - INFO - Run k_5__d_25__nr_25 | stage=build_topic_model done | elapsed=00:00
2026-04-26 10:38:44,285 - INFO - Run k_5__d_25__nr_25 | stage=fit_transform start (UMAP+HDBSCAN)
2026-04-26 10:39:00,861 - INFO - Run k_5__d_25__nr_25 | stage=fit_transform done | elapsed=00:16
2026-04-26 10:39:00,864 - INFO - Run k_5__d_25__nr_25 | stage=metrics done | elapsed=00:00
2026-04-26 10:39:00,864 - INFO - Run k_5__d_25__nr_25 | stage=save_outputs done | elapsed=00:00
2026-04-26 10:39:00,865 - INFO - Run k_5__d_25__nr_25 | finished | total_elapsed=00:16
2026-04-26 10:39:00,878 - INFO - Run 18/147 | done=17 remain=130 ETA=32:43 | k=5 d=25 nr=35
2026-04-26 10:39:00,879 - INFO - Run k_5__d_25__nr_35 | min_cluster_size=28 | min_samples=5
2026-04-26 10:39:00,879 - INFO - Run k_5__d_25__nr_35 | stage=build_topic_model done | elapsed=00:00
2026-04-26 10:39:00,879 - INFO - Run k_5__d_25__nr_35 | stage=fit_transform start (UMAP+HDBSCAN)
2026-04-26 10:39:16,812 - INFO - Run k_5__d_25__nr_35 | stage=fit_transform done | elapsed=00:15
2026-04-26 10:39:16,814 - INFO - Run k_5__d_25__nr_35 | stage=metrics done | elapsed=00:00
2026-04-26 10:39:16,815 - INFO - Run k_5__d_25__nr_35 | stage=save_outputs done | elapsed=00:00
2026-04-26 10:39:16,815 - INFO - Run k_5__d_25__nr_35 | finished | total_elapsed=00:15
2026-04-26 10:39:16,825 - INFO - Run 19/147 | done=18 remain=129 ETA=32:34 | k=5 d=35 nr=none
2026-04-26 10:39:16,825 - INFO - Run k_5__d_35__nr_none | min_cluster_size=33 | min_samples=6
2026-04-26 10:39:16,826 - INFO - Run k_5__d_35__nr_none | stage=build_topic_model done | elapsed=00:00
2026-04-26 10:39:16,826 - INFO - Run k_5__d_35__nr_none | stage=fit_transform start (UMAP+HDBSCAN)
2026-04-26 10:39:32,801 - INFO - Run k_5__d_35__nr_none | stage=fit_transform done | elapsed=00:15
2026-04-26 10:39:32,804 - INFO - Run k_5__d_35__nr_none | stage=metrics done | elapsed=00:00
2026-04-26 10:39:32,804 - INFO - Run k_5__d_35__nr_none | stage=save_outputs done | elapsed=00:00
2026-04-26 10:39:32,805 - INFO - Run k_5__d_35__nr_none | finished | total_elapsed=00:15
2026-04-26 10:39:32,813 - INFO - Run 20/147 | done=19 remain=128 ETA=32:24 | k=5 d=35 nr=25
2026-04-26 10:39:32,813 - INFO - Run k_5__d_35__nr_25 | min_cluster_size=40 | min_samples=8
2026-04-26 10:39:32,813 - INFO - Run k_5__d_35__nr_25 | stage=build_topic_model done | elapsed=00:00
2026-04-26 10:39:32,813 - INFO - Run k_5__d_35__nr_25 | stage=fit_transform start (UMAP+HDBSCAN)
2026-04-26 10:39:49,230 - INFO - Run k_5__d_35__nr_25 | stage=fit_transform done | elapsed=00:16
2026-04-26 10:39:49,233 - INFO - Run k_5__d_35__nr_25 | stage=metrics done | elapsed=00:00
2026-04-26 10:39:49,233 - INFO - Run k_5__d_35__nr_25 | stage=save_outputs done | elapsed=00:00
2026-04-26 10:39:49,233 - INFO - Run k_5__d_35__nr_25 | finished | total_elapsed=00:16
2026-04-26 10:39:49,241 - INFO - Current Top3 Leaderboard:
2026-04-26 10:39:49,241 - INFO -   #1 k=5 d=3 nr=35 | score=0.8689 | coverage=0.7368 | diversity=0.9588 | entropy=0.9392 | discovered=34
2026-04-26 10:39:49,242 - INFO -   #2 k=5 d=8 nr=35 | score=0.8656 | coverage=0.7252 | diversity=0.9676 | entropy=0.9298 | discovered=34
2026-04-26 10:39:49,242 - INFO -   #3 k=5 d=8 nr=none | score=0.8629 | coverage=0.6952 | diversity=0.9686 | entropy=0.9617 | discovered=35
2026-04-26 10:39:49,242 - INFO - Run 21/147 | done=20 remain=127 ETA=32:17 | k=5 d=35 nr=35
2026-04-26 10:39:49,242 - INFO - Run k_5__d_35__nr_35 | min_cluster_size=28 | min_samples=5
2026-04-26 10:39:49,243 - INFO - Run k_5__d_35__nr_35 | stage=build_topic_model done | elapsed=00:00
2026-04-26 10:39:49,243 - INFO - Run k_5__d_35__nr_35 | stage=fit_transform start (UMAP+HDBSCAN)
2026-04-26 10:40:04,986 - INFO - Run k_5__d_35__nr_35 | stage=fit_transform done | elapsed=00:15
2026-04-26 10:40:04,990 - INFO - Run k_5__d_35__nr_35 | stage=metrics done | elapsed=00:00
2026-04-26 10:40:04,990 - INFO - Run k_5__d_35__nr_35 | stage=save_outputs done | elapsed=00:00
2026-04-26 10:40:04,991 - INFO - Run k_5__d_35__nr_35 | finished | total_elapsed=00:15
2026-04-26 10:40:05,003 - INFO - Run 22/147 | done=21 remain=126 ETA=32:05 | k=15 d=3 nr=none
2026-04-26 10:40:05,003 - INFO - Run k_15__d_3__nr_none | min_cluster_size=33 | min_samples=6
2026-04-26 10:40:05,004 - INFO - Run k_15__d_3__nr_none | stage=build_topic_model done | elapsed=00:00
2026-04-26 10:40:05,004 - INFO - Run k_15__d_3__nr_none | stage=fit_transform start (UMAP+HDBSCAN)
2026-04-26 10:40:20,890 - INFO - Run k_15__d_3__nr_none | stage=fit_transform done | elapsed=00:15
2026-04-26 10:40:20,892 - INFO - Run k_15__d_3__nr_none | stage=metrics done | elapsed=00:00
2026-04-26 10:40:20,893 - INFO - Run k_15__d_3__nr_none | stage=save_outputs done | elapsed=00:00
2026-04-26 10:40:20,893 - INFO - Run k_15__d_3__nr_none | finished | total_elapsed=00:15
2026-04-26 10:40:20,901 - INFO - Run 23/147 | done=22 remain=125 ETA=31:53 | k=15 d=3 nr=25
2026-04-26 10:40:20,901 - INFO - Run k_15__d_3__nr_25 | min_cluster_size=40 | min_samples=8
2026-04-26 10:40:20,902 - INFO - Run k_15__d_3__nr_25 | stage=build_topic_model done | elapsed=00:00
2026-04-26 10:40:20,902 - INFO - Run k_15__d_3__nr_25 | stage=fit_transform start (UMAP+HDBSCAN)
2026-04-26 10:40:35,975 - ERROR - Run failed | k=15 d=3 nr=25
Traceback (most recent call last):
  File "E:\document\PG\studio\content\bertopic_raw_sweep.py", line 422, in run_single_experiment
    topics, _ = topic_model.fit_transform(seg_texts, embeddings=embeddings)
                ^^^^^^^^^^^^^^^^^^^^^^^^^^^^^^^^^^^^^^^^^^^^^^^^^^^^^^^^^^^
  File "D:\an\envs\aigcxhs\Lib\site-packages\bertopic\_bertopic.py", line 520, in fit_transform
    self._extract_topics(
  File "D:\an\envs\aigcxhs\Lib\site-packages\bertopic\_bertopic.py", line 4204, in _extract_topics
    self.c_tf_idf_, words = self._c_tf_idf(documents_per_topic)
                            ^^^^^^^^^^^^^^^^^^^^^^^^^^^^^^^^^^^
  File "D:\an\envs\aigcxhs\Lib\site-packages\bertopic\_bertopic.py", line 4422, in _c_tf_idf
    X = self.vectorizer_model.fit_transform(documents)
        ^^^^^^^^^^^^^^^^^^^^^^^^^^^^^^^^^^^^^^^^^^^^^^
  File "D:\an\envs\aigcxhs\Lib\site-packages\sklearn\base.py", line 1336, in wrapper
    return fit_method(estimator, *args, **kwargs)
           ^^^^^^^^^^^^^^^^^^^^^^^^^^^^^^^^^^^^^^
  File "D:\an\envs\aigcxhs\Lib\site-packages\sklearn\feature_extraction\text.py", line 1396, in fit_transform
    raise ValueError("max_df corresponds to < documents than min_df")
ValueError: max_df corresponds to < documents than min_df
2026-04-26 10:40:36,021 - INFO - Run 24/147 | done=23 remain=124 ETA=31:36 | k=15 d=3 nr=35
2026-04-26 10:40:36,021 - INFO - Run k_15__d_3__nr_35 | min_cluster_size=28 | min_samples=5
2026-04-26 10:40:36,022 - INFO - Run k_15__d_3__nr_35 | stage=build_topic_model done | elapsed=00:00
2026-04-26 10:40:36,022 - INFO - Run k_15__d_3__nr_35 | stage=fit_transform start (UMAP+HDBSCAN)
2026-04-26 10:40:51,855 - INFO - Run k_15__d_3__nr_35 | stage=fit_transform done | elapsed=00:15
2026-04-26 10:40:51,857 - INFO - Run k_15__d_3__nr_35 | stage=metrics done | elapsed=00:00
2026-04-26 10:40:51,858 - INFO - Run k_15__d_3__nr_35 | stage=save_outputs done | elapsed=00:00
2026-04-26 10:40:51,858 - INFO - Run k_15__d_3__nr_35 | finished | total_elapsed=00:15
2026-04-26 10:40:51,865 - INFO - Run 25/147 | done=24 remain=123 ETA=31:24 | k=15 d=5 nr=none
2026-04-26 10:40:51,865 - INFO - Run k_15__d_5__nr_none | min_cluster_size=33 | min_samples=6
2026-04-26 10:40:51,866 - INFO - Run k_15__d_5__nr_none | stage=build_topic_model done | elapsed=00:00
2026-04-26 10:40:51,866 - INFO - Run k_15__d_5__nr_none | stage=fit_transform start (UMAP+HDBSCAN)
2026-04-26 10:41:07,424 - ERROR - Run failed | k=15 d=5 nr=none
Traceback (most recent call last):
  File "E:\document\PG\studio\content\bertopic_raw_sweep.py", line 422, in run_single_experiment
    topics, _ = topic_model.fit_transform(seg_texts, embeddings=embeddings)
                ^^^^^^^^^^^^^^^^^^^^^^^^^^^^^^^^^^^^^^^^^^^^^^^^^^^^^^^^^^^
  File "D:\an\envs\aigcxhs\Lib\site-packages\bertopic\_bertopic.py", line 520, in fit_transform
    self._extract_topics(
  File "D:\an\envs\aigcxhs\Lib\site-packages\bertopic\_bertopic.py", line 4204, in _extract_topics
    self.c_tf_idf_, words = self._c_tf_idf(documents_per_topic)
                            ^^^^^^^^^^^^^^^^^^^^^^^^^^^^^^^^^^^
  File "D:\an\envs\aigcxhs\Lib\site-packages\bertopic\_bertopic.py", line 4422, in _c_tf_idf
    X = self.vectorizer_model.fit_transform(documents)
        ^^^^^^^^^^^^^^^^^^^^^^^^^^^^^^^^^^^^^^^^^^^^^^
  File "D:\an\envs\aigcxhs\Lib\site-packages\sklearn\base.py", line 1336, in wrapper
    return fit_method(estimator, *args, **kwargs)
           ^^^^^^^^^^^^^^^^^^^^^^^^^^^^^^^^^^^^^^
  File "D:\an\envs\aigcxhs\Lib\site-packages\sklearn\feature_extraction\text.py", line 1396, in fit_transform
    raise ValueError("max_df corresponds to < documents than min_df")
ValueError: max_df corresponds to < documents than min_df
2026-04-26 10:41:07,434 - INFO - Current Top3 Leaderboard:
2026-04-26 10:41:07,435 - INFO -   #1 k=5 d=3 nr=35 | score=0.8689 | coverage=0.7368 | diversity=0.9588 | entropy=0.9392 | discovered=34
2026-04-26 10:41:07,435 - INFO -   #2 k=5 d=8 nr=35 | score=0.8656 | coverage=0.7252 | diversity=0.9676 | entropy=0.9298 | discovered=34
2026-04-26 10:41:07,435 - INFO -   #3 k=5 d=8 nr=none | score=0.8629 | coverage=0.6952 | diversity=0.9686 | entropy=0.9617 | discovered=35
2026-04-26 10:41:07,435 - INFO - Run 26/147 | done=25 remain=122 ETA=31:09 | k=15 d=5 nr=25
2026-04-26 10:41:07,435 - INFO - Run k_15__d_5__nr_25 | min_cluster_size=40 | min_samples=8
2026-04-26 10:41:07,435 - INFO - Run k_15__d_5__nr_25 | stage=build_topic_model done | elapsed=00:00
2026-04-26 10:41:07,435 - INFO - Run k_15__d_5__nr_25 | stage=fit_transform start (UMAP+HDBSCAN)
2026-04-26 10:41:23,717 - ERROR - Run failed | k=15 d=5 nr=25
Traceback (most recent call last):
  File "E:\document\PG\studio\content\bertopic_raw_sweep.py", line 422, in run_single_experiment
    topics, _ = topic_model.fit_transform(seg_texts, embeddings=embeddings)
                ^^^^^^^^^^^^^^^^^^^^^^^^^^^^^^^^^^^^^^^^^^^^^^^^^^^^^^^^^^^
  File "D:\an\envs\aigcxhs\Lib\site-packages\bertopic\_bertopic.py", line 520, in fit_transform
    self._extract_topics(
  File "D:\an\envs\aigcxhs\Lib\site-packages\bertopic\_bertopic.py", line 4204, in _extract_topics
    self.c_tf_idf_, words = self._c_tf_idf(documents_per_topic)
                            ^^^^^^^^^^^^^^^^^^^^^^^^^^^^^^^^^^^
  File "D:\an\envs\aigcxhs\Lib\site-packages\bertopic\_bertopic.py", line 4422, in _c_tf_idf
    X = self.vectorizer_model.fit_transform(documents)
        ^^^^^^^^^^^^^^^^^^^^^^^^^^^^^^^^^^^^^^^^^^^^^^
  File "D:\an\envs\aigcxhs\Lib\site-packages\sklearn\base.py", line 1336, in wrapper
    return fit_method(estimator, *args, **kwargs)
           ^^^^^^^^^^^^^^^^^^^^^^^^^^^^^^^^^^^^^^
  File "D:\an\envs\aigcxhs\Lib\site-packages\sklearn\feature_extraction\text.py", line 1396, in fit_transform
    raise ValueError("max_df corresponds to < documents than min_df")
ValueError: max_df corresponds to < documents than min_df
2026-04-26 10:41:23,727 - INFO - Run 27/147 | done=26 remain=121 ETA=30:59 | k=15 d=5 nr=35
2026-04-26 10:41:23,727 - INFO - Run k_15__d_5__nr_35 | min_cluster_size=28 | min_samples=5
2026-04-26 10:41:23,727 - INFO - Run k_15__d_5__nr_35 | stage=build_topic_model done | elapsed=00:00
2026-04-26 10:41:23,727 - INFO - Run k_15__d_5__nr_35 | stage=fit_transform start (UMAP+HDBSCAN)
2026-04-26 10:41:40,571 - INFO - Run k_15__d_5__nr_35 | stage=fit_transform done | elapsed=00:16
2026-04-26 10:41:40,577 - INFO - Run k_15__d_5__nr_35 | stage=metrics done | elapsed=00:00
2026-04-26 10:41:40,577 - INFO - Run k_15__d_5__nr_35 | stage=save_outputs done | elapsed=00:00
2026-04-26 10:41:40,577 - INFO - Run k_15__d_5__nr_35 | finished | total_elapsed=00:16
2026-04-26 10:41:40,593 - INFO - Run 28/147 | done=27 remain=120 ETA=30:50 | k=15 d=8 nr=none
2026-04-26 10:41:40,593 - INFO - Run k_15__d_8__nr_none | min_cluster_size=33 | min_samples=6
2026-04-26 10:41:40,594 - INFO - Run k_15__d_8__nr_none | stage=build_topic_model done | elapsed=00:00
2026-04-26 10:41:40,594 - INFO - Run k_15__d_8__nr_none | stage=fit_transform start (UMAP+HDBSCAN)
2026-04-26 10:41:57,041 - ERROR - Run failed | k=15 d=8 nr=none
Traceback (most recent call last):
  File "E:\document\PG\studio\content\bertopic_raw_sweep.py", line 422, in run_single_experiment
    topics, _ = topic_model.fit_transform(seg_texts, embeddings=embeddings)
                ^^^^^^^^^^^^^^^^^^^^^^^^^^^^^^^^^^^^^^^^^^^^^^^^^^^^^^^^^^^
  File "D:\an\envs\aigcxhs\Lib\site-packages\bertopic\_bertopic.py", line 520, in fit_transform
    self._extract_topics(
  File "D:\an\envs\aigcxhs\Lib\site-packages\bertopic\_bertopic.py", line 4204, in _extract_topics
    self.c_tf_idf_, words = self._c_tf_idf(documents_per_topic)
                            ^^^^^^^^^^^^^^^^^^^^^^^^^^^^^^^^^^^
  File "D:\an\envs\aigcxhs\Lib\site-packages\bertopic\_bertopic.py", line 4422, in _c_tf_idf
    X = self.vectorizer_model.fit_transform(documents)
        ^^^^^^^^^^^^^^^^^^^^^^^^^^^^^^^^^^^^^^^^^^^^^^
  File "D:\an\envs\aigcxhs\Lib\site-packages\sklearn\base.py", line 1336, in wrapper
    return fit_method(estimator, *args, **kwargs)
           ^^^^^^^^^^^^^^^^^^^^^^^^^^^^^^^^^^^^^^
  File "D:\an\envs\aigcxhs\Lib\site-packages\sklearn\feature_extraction\text.py", line 1396, in fit_transform
    raise ValueError("max_df corresponds to < documents than min_df")
ValueError: max_df corresponds to < documents than min_df
2026-04-26 10:41:57,052 - INFO - Run 29/147 | done=28 remain=119 ETA=30:39 | k=15 d=8 nr=25
2026-04-26 10:41:57,053 - INFO - Run k_15__d_8__nr_25 | min_cluster_size=40 | min_samples=8
2026-04-26 10:41:57,053 - INFO - Run k_15__d_8__nr_25 | stage=build_topic_model done | elapsed=00:00
2026-04-26 10:41:57,053 - INFO - Run k_15__d_8__nr_25 | stage=fit_transform start (UMAP+HDBSCAN)
2026-04-26 10:42:13,233 - ERROR - Run failed | k=15 d=8 nr=25
Traceback (most recent call last):
  File "E:\document\PG\studio\content\bertopic_raw_sweep.py", line 422, in run_single_experiment
    topics, _ = topic_model.fit_transform(seg_texts, embeddings=embeddings)
                ^^^^^^^^^^^^^^^^^^^^^^^^^^^^^^^^^^^^^^^^^^^^^^^^^^^^^^^^^^^
  File "D:\an\envs\aigcxhs\Lib\site-packages\bertopic\_bertopic.py", line 520, in fit_transform
    self._extract_topics(
  File "D:\an\envs\aigcxhs\Lib\site-packages\bertopic\_bertopic.py", line 4204, in _extract_topics
    self.c_tf_idf_, words = self._c_tf_idf(documents_per_topic)
                            ^^^^^^^^^^^^^^^^^^^^^^^^^^^^^^^^^^^
  File "D:\an\envs\aigcxhs\Lib\site-packages\bertopic\_bertopic.py", line 4422, in _c_tf_idf
    X = self.vectorizer_model.fit_transform(documents)
        ^^^^^^^^^^^^^^^^^^^^^^^^^^^^^^^^^^^^^^^^^^^^^^
  File "D:\an\envs\aigcxhs\Lib\site-packages\sklearn\base.py", line 1336, in wrapper
    return fit_method(estimator, *args, **kwargs)
           ^^^^^^^^^^^^^^^^^^^^^^^^^^^^^^^^^^^^^^
  File "D:\an\envs\aigcxhs\Lib\site-packages\sklearn\feature_extraction\text.py", line 1396, in fit_transform
    raise ValueError("max_df corresponds to < documents than min_df")
ValueError: max_df corresponds to < documents than min_df
2026-04-26 10:42:13,243 - INFO - Run 30/147 | done=29 remain=118 ETA=30:26 | k=15 d=8 nr=35
2026-04-26 10:42:13,243 - INFO - Run k_15__d_8__nr_35 | min_cluster_size=28 | min_samples=5
2026-04-26 10:42:13,244 - INFO - Run k_15__d_8__nr_35 | stage=build_topic_model done | elapsed=00:00
2026-04-26 10:42:13,244 - INFO - Run k_15__d_8__nr_35 | stage=fit_transform start (UMAP+HDBSCAN)
2026-04-26 10:42:30,648 - INFO - Run k_15__d_8__nr_35 | stage=fit_transform done | elapsed=00:17
2026-04-26 10:42:30,652 - INFO - Run k_15__d_8__nr_35 | stage=metrics done | elapsed=00:00
2026-04-26 10:42:30,653 - INFO - Run k_15__d_8__nr_35 | stage=save_outputs done | elapsed=00:00
2026-04-26 10:42:30,653 - INFO - Run k_15__d_8__nr_35 | finished | total_elapsed=00:17
2026-04-26 10:42:30,665 - INFO - Current Top3 Leaderboard:
2026-04-26 10:42:30,665 - INFO -   #1 k=5 d=3 nr=35 | score=0.8689 | coverage=0.7368 | diversity=0.9588 | entropy=0.9392 | discovered=34
2026-04-26 10:42:30,666 - INFO -   #2 k=5 d=8 nr=35 | score=0.8656 | coverage=0.7252 | diversity=0.9676 | entropy=0.9298 | discovered=34
2026-04-26 10:42:30,666 - INFO -   #3 k=5 d=8 nr=none | score=0.8629 | coverage=0.6952 | diversity=0.9686 | entropy=0.9617 | discovered=35
2026-04-26 10:42:30,666 - INFO - Run 31/147 | done=30 remain=117 ETA=30:18 | k=15 d=12 nr=none
2026-04-26 10:42:30,666 - INFO - Run k_15__d_12__nr_none | min_cluster_size=33 | min_samples=6
2026-04-26 10:42:30,667 - INFO - Run k_15__d_12__nr_none | stage=build_topic_model done | elapsed=00:00
2026-04-26 10:42:30,667 - INFO - Run k_15__d_12__nr_none | stage=fit_transform start (UMAP+HDBSCAN)
2026-04-26 10:42:46,957 - ERROR - Run failed | k=15 d=12 nr=none
Traceback (most recent call last):
  File "E:\document\PG\studio\content\bertopic_raw_sweep.py", line 422, in run_single_experiment
    topics, _ = topic_model.fit_transform(seg_texts, embeddings=embeddings)
                ^^^^^^^^^^^^^^^^^^^^^^^^^^^^^^^^^^^^^^^^^^^^^^^^^^^^^^^^^^^
  File "D:\an\envs\aigcxhs\Lib\site-packages\bertopic\_bertopic.py", line 520, in fit_transform
    self._extract_topics(
  File "D:\an\envs\aigcxhs\Lib\site-packages\bertopic\_bertopic.py", line 4204, in _extract_topics
    self.c_tf_idf_, words = self._c_tf_idf(documents_per_topic)
                            ^^^^^^^^^^^^^^^^^^^^^^^^^^^^^^^^^^^
  File "D:\an\envs\aigcxhs\Lib\site-packages\bertopic\_bertopic.py", line 4422, in _c_tf_idf
    X = self.vectorizer_model.fit_transform(documents)
        ^^^^^^^^^^^^^^^^^^^^^^^^^^^^^^^^^^^^^^^^^^^^^^
  File "D:\an\envs\aigcxhs\Lib\site-packages\sklearn\base.py", line 1336, in wrapper
    return fit_method(estimator, *args, **kwargs)
           ^^^^^^^^^^^^^^^^^^^^^^^^^^^^^^^^^^^^^^
  File "D:\an\envs\aigcxhs\Lib\site-packages\sklearn\feature_extraction\text.py", line 1396, in fit_transform
    raise ValueError("max_df corresponds to < documents than min_df")
ValueError: max_df corresponds to < documents than min_df
2026-04-26 10:42:46,971 - INFO - Run 32/147 | done=31 remain=116 ETA=30:06 | k=15 d=12 nr=25
2026-04-26 10:42:46,971 - INFO - Run k_15__d_12__nr_25 | min_cluster_size=40 | min_samples=8
2026-04-26 10:42:46,972 - INFO - Run k_15__d_12__nr_25 | stage=build_topic_model done | elapsed=00:00
2026-04-26 10:42:46,972 - INFO - Run k_15__d_12__nr_25 | stage=fit_transform start (UMAP+HDBSCAN)
2026-04-26 10:43:03,085 - ERROR - Run failed | k=15 d=12 nr=25
Traceback (most recent call last):
  File "E:\document\PG\studio\content\bertopic_raw_sweep.py", line 422, in run_single_experiment
    topics, _ = topic_model.fit_transform(seg_texts, embeddings=embeddings)
                ^^^^^^^^^^^^^^^^^^^^^^^^^^^^^^^^^^^^^^^^^^^^^^^^^^^^^^^^^^^
  File "D:\an\envs\aigcxhs\Lib\site-packages\bertopic\_bertopic.py", line 520, in fit_transform
    self._extract_topics(
  File "D:\an\envs\aigcxhs\Lib\site-packages\bertopic\_bertopic.py", line 4204, in _extract_topics
    self.c_tf_idf_, words = self._c_tf_idf(documents_per_topic)
                            ^^^^^^^^^^^^^^^^^^^^^^^^^^^^^^^^^^^
  File "D:\an\envs\aigcxhs\Lib\site-packages\bertopic\_bertopic.py", line 4422, in _c_tf_idf
    X = self.vectorizer_model.fit_transform(documents)
        ^^^^^^^^^^^^^^^^^^^^^^^^^^^^^^^^^^^^^^^^^^^^^^
  File "D:\an\envs\aigcxhs\Lib\site-packages\sklearn\base.py", line 1336, in wrapper
    return fit_method(estimator, *args, **kwargs)
           ^^^^^^^^^^^^^^^^^^^^^^^^^^^^^^^^^^^^^^
  File "D:\an\envs\aigcxhs\Lib\site-packages\sklearn\feature_extraction\text.py", line 1396, in fit_transform
    raise ValueError("max_df corresponds to < documents than min_df")
ValueError: max_df corresponds to < documents than min_df
2026-04-26 10:43:03,095 - INFO - Run 33/147 | done=32 remain=115 ETA=29:52 | k=15 d=12 nr=35
2026-04-26 10:43:03,095 - INFO - Run k_15__d_12__nr_35 | min_cluster_size=28 | min_samples=5
2026-04-26 10:43:03,095 - INFO - Run k_15__d_12__nr_35 | stage=build_topic_model done | elapsed=00:00
2026-04-26 10:43:03,095 - INFO - Run k_15__d_12__nr_35 | stage=fit_transform start (UMAP+HDBSCAN)
2026-04-26 10:43:20,036 - INFO - Run k_15__d_12__nr_35 | stage=fit_transform done | elapsed=00:16
2026-04-26 10:43:20,040 - INFO - Run k_15__d_12__nr_35 | stage=metrics done | elapsed=00:00
2026-04-26 10:43:20,040 - INFO - Run k_15__d_12__nr_35 | stage=save_outputs done | elapsed=00:00
2026-04-26 10:43:20,040 - INFO - Run k_15__d_12__nr_35 | finished | total_elapsed=00:16
2026-04-26 10:43:20,052 - INFO - Run 34/147 | done=33 remain=114 ETA=29:41 | k=15 d=18 nr=none
2026-04-26 10:43:20,052 - INFO - Run k_15__d_18__nr_none | min_cluster_size=33 | min_samples=6
2026-04-26 10:43:20,052 - INFO - Run k_15__d_18__nr_none | stage=build_topic_model done | elapsed=00:00
2026-04-26 10:43:20,052 - INFO - Run k_15__d_18__nr_none | stage=fit_transform start (UMAP+HDBSCAN)
2026-04-26 10:43:36,164 - ERROR - Run failed | k=15 d=18 nr=none
Traceback (most recent call last):
  File "E:\document\PG\studio\content\bertopic_raw_sweep.py", line 422, in run_single_experiment
    topics, _ = topic_model.fit_transform(seg_texts, embeddings=embeddings)
                ^^^^^^^^^^^^^^^^^^^^^^^^^^^^^^^^^^^^^^^^^^^^^^^^^^^^^^^^^^^
  File "D:\an\envs\aigcxhs\Lib\site-packages\bertopic\_bertopic.py", line 520, in fit_transform
    self._extract_topics(
  File "D:\an\envs\aigcxhs\Lib\site-packages\bertopic\_bertopic.py", line 4204, in _extract_topics
    self.c_tf_idf_, words = self._c_tf_idf(documents_per_topic)
                            ^^^^^^^^^^^^^^^^^^^^^^^^^^^^^^^^^^^
  File "D:\an\envs\aigcxhs\Lib\site-packages\bertopic\_bertopic.py", line 4422, in _c_tf_idf
    X = self.vectorizer_model.fit_transform(documents)
        ^^^^^^^^^^^^^^^^^^^^^^^^^^^^^^^^^^^^^^^^^^^^^^
  File "D:\an\envs\aigcxhs\Lib\site-packages\sklearn\base.py", line 1336, in wrapper
    return fit_method(estimator, *args, **kwargs)
           ^^^^^^^^^^^^^^^^^^^^^^^^^^^^^^^^^^^^^^
  File "D:\an\envs\aigcxhs\Lib\site-packages\sklearn\feature_extraction\text.py", line 1396, in fit_transform
    raise ValueError("max_df corresponds to < documents than min_df")
ValueError: max_df corresponds to < documents than min_df
2026-04-26 10:43:36,175 - INFO - Run 35/147 | done=34 remain=113 ETA=29:27 | k=15 d=18 nr=25
2026-04-26 10:43:36,175 - INFO - Run k_15__d_18__nr_25 | min_cluster_size=40 | min_samples=8
2026-04-26 10:43:36,176 - INFO - Run k_15__d_18__nr_25 | stage=build_topic_model done | elapsed=00:00
2026-04-26 10:43:36,176 - INFO - Run k_15__d_18__nr_25 | stage=fit_transform start (UMAP+HDBSCAN)
2026-04-26 10:43:52,460 - ERROR - Run failed | k=15 d=18 nr=25
Traceback (most recent call last):
  File "E:\document\PG\studio\content\bertopic_raw_sweep.py", line 422, in run_single_experiment
    topics, _ = topic_model.fit_transform(seg_texts, embeddings=embeddings)
                ^^^^^^^^^^^^^^^^^^^^^^^^^^^^^^^^^^^^^^^^^^^^^^^^^^^^^^^^^^^
  File "D:\an\envs\aigcxhs\Lib\site-packages\bertopic\_bertopic.py", line 520, in fit_transform
    self._extract_topics(
  File "D:\an\envs\aigcxhs\Lib\site-packages\bertopic\_bertopic.py", line 4204, in _extract_topics
    self.c_tf_idf_, words = self._c_tf_idf(documents_per_topic)
                            ^^^^^^^^^^^^^^^^^^^^^^^^^^^^^^^^^^^
  File "D:\an\envs\aigcxhs\Lib\site-packages\bertopic\_bertopic.py", line 4422, in _c_tf_idf
    X = self.vectorizer_model.fit_transform(documents)
        ^^^^^^^^^^^^^^^^^^^^^^^^^^^^^^^^^^^^^^^^^^^^^^
  File "D:\an\envs\aigcxhs\Lib\site-packages\sklearn\base.py", line 1336, in wrapper
    return fit_method(estimator, *args, **kwargs)
           ^^^^^^^^^^^^^^^^^^^^^^^^^^^^^^^^^^^^^^
  File "D:\an\envs\aigcxhs\Lib\site-packages\sklearn\feature_extraction\text.py", line 1396, in fit_transform
    raise ValueError("max_df corresponds to < documents than min_df")
ValueError: max_df corresponds to < documents than min_df
2026-04-26 10:43:52,473 - INFO - Current Top3 Leaderboard:
2026-04-26 10:43:52,473 - INFO -   #1 k=5 d=3 nr=35 | score=0.8689 | coverage=0.7368 | diversity=0.9588 | entropy=0.9392 | discovered=34
2026-04-26 10:43:52,473 - INFO -   #2 k=5 d=8 nr=35 | score=0.8656 | coverage=0.7252 | diversity=0.9676 | entropy=0.9298 | discovered=34
2026-04-26 10:43:52,474 - INFO -   #3 k=5 d=8 nr=none | score=0.8629 | coverage=0.6952 | diversity=0.9686 | entropy=0.9617 | discovered=35
2026-04-26 10:43:52,474 - INFO - Run 36/147 | done=35 remain=112 ETA=29:13 | k=15 d=18 nr=35
2026-04-26 10:43:52,474 - INFO - Run k_15__d_18__nr_35 | min_cluster_size=28 | min_samples=5
2026-04-26 10:43:52,474 - INFO - Run k_15__d_18__nr_35 | stage=build_topic_model done | elapsed=00:00
2026-04-26 10:43:52,474 - INFO - Run k_15__d_18__nr_35 | stage=fit_transform start (UMAP+HDBSCAN)
2026-04-26 10:44:08,939 - ERROR - Run failed | k=15 d=18 nr=35
Traceback (most recent call last):
  File "E:\document\PG\studio\content\bertopic_raw_sweep.py", line 422, in run_single_experiment
    topics, _ = topic_model.fit_transform(seg_texts, embeddings=embeddings)
                ^^^^^^^^^^^^^^^^^^^^^^^^^^^^^^^^^^^^^^^^^^^^^^^^^^^^^^^^^^^
  File "D:\an\envs\aigcxhs\Lib\site-packages\bertopic\_bertopic.py", line 520, in fit_transform
    self._extract_topics(
  File "D:\an\envs\aigcxhs\Lib\site-packages\bertopic\_bertopic.py", line 4204, in _extract_topics
    self.c_tf_idf_, words = self._c_tf_idf(documents_per_topic)
                            ^^^^^^^^^^^^^^^^^^^^^^^^^^^^^^^^^^^
  File "D:\an\envs\aigcxhs\Lib\site-packages\bertopic\_bertopic.py", line 4422, in _c_tf_idf
    X = self.vectorizer_model.fit_transform(documents)
        ^^^^^^^^^^^^^^^^^^^^^^^^^^^^^^^^^^^^^^^^^^^^^^
  File "D:\an\envs\aigcxhs\Lib\site-packages\sklearn\base.py", line 1336, in wrapper
    return fit_method(estimator, *args, **kwargs)
           ^^^^^^^^^^^^^^^^^^^^^^^^^^^^^^^^^^^^^^
  File "D:\an\envs\aigcxhs\Lib\site-packages\sklearn\feature_extraction\text.py", line 1396, in fit_transform
    raise ValueError("max_df corresponds to < documents than min_df")
ValueError: max_df corresponds to < documents than min_df
2026-04-26 10:44:08,950 - INFO - Run 37/147 | done=36 remain=111 ETA=29:00 | k=15 d=25 nr=none
2026-04-26 10:44:08,951 - INFO - Run k_15__d_25__nr_none | min_cluster_size=33 | min_samples=6
2026-04-26 10:44:08,951 - INFO - Run k_15__d_25__nr_none | stage=build_topic_model done | elapsed=00:00
2026-04-26 10:44:08,951 - INFO - Run k_15__d_25__nr_none | stage=fit_transform start (UMAP+HDBSCAN)
2026-04-26 10:44:25,862 - ERROR - Run failed | k=15 d=25 nr=none
Traceback (most recent call last):
  File "E:\document\PG\studio\content\bertopic_raw_sweep.py", line 422, in run_single_experiment
    topics, _ = topic_model.fit_transform(seg_texts, embeddings=embeddings)
                ^^^^^^^^^^^^^^^^^^^^^^^^^^^^^^^^^^^^^^^^^^^^^^^^^^^^^^^^^^^
  File "D:\an\envs\aigcxhs\Lib\site-packages\bertopic\_bertopic.py", line 520, in fit_transform
    self._extract_topics(
  File "D:\an\envs\aigcxhs\Lib\site-packages\bertopic\_bertopic.py", line 4204, in _extract_topics
    self.c_tf_idf_, words = self._c_tf_idf(documents_per_topic)
                            ^^^^^^^^^^^^^^^^^^^^^^^^^^^^^^^^^^^
  File "D:\an\envs\aigcxhs\Lib\site-packages\bertopic\_bertopic.py", line 4422, in _c_tf_idf
    X = self.vectorizer_model.fit_transform(documents)
        ^^^^^^^^^^^^^^^^^^^^^^^^^^^^^^^^^^^^^^^^^^^^^^
  File "D:\an\envs\aigcxhs\Lib\site-packages\sklearn\base.py", line 1336, in wrapper
    return fit_method(estimator, *args, **kwargs)
           ^^^^^^^^^^^^^^^^^^^^^^^^^^^^^^^^^^^^^^
  File "D:\an\envs\aigcxhs\Lib\site-packages\sklearn\feature_extraction\text.py", line 1396, in fit_transform
    raise ValueError("max_df corresponds to < documents than min_df")
ValueError: max_df corresponds to < documents than min_df
2026-04-26 10:44:25,875 - INFO - Run 38/147 | done=37 remain=110 ETA=28:48 | k=15 d=25 nr=25
2026-04-26 10:44:25,875 - INFO - Run k_15__d_25__nr_25 | min_cluster_size=40 | min_samples=8
2026-04-26 10:44:25,876 - INFO - Run k_15__d_25__nr_25 | stage=build_topic_model done | elapsed=00:00
2026-04-26 10:44:25,876 - INFO - Run k_15__d_25__nr_25 | stage=fit_transform start (UMAP+HDBSCAN)
2026-04-26 10:44:42,781 - ERROR - Run failed | k=15 d=25 nr=25
Traceback (most recent call last):
  File "E:\document\PG\studio\content\bertopic_raw_sweep.py", line 422, in run_single_experiment
    topics, _ = topic_model.fit_transform(seg_texts, embeddings=embeddings)
                ^^^^^^^^^^^^^^^^^^^^^^^^^^^^^^^^^^^^^^^^^^^^^^^^^^^^^^^^^^^
  File "D:\an\envs\aigcxhs\Lib\site-packages\bertopic\_bertopic.py", line 520, in fit_transform
    self._extract_topics(
  File "D:\an\envs\aigcxhs\Lib\site-packages\bertopic\_bertopic.py", line 4204, in _extract_topics
    self.c_tf_idf_, words = self._c_tf_idf(documents_per_topic)
                            ^^^^^^^^^^^^^^^^^^^^^^^^^^^^^^^^^^^
  File "D:\an\envs\aigcxhs\Lib\site-packages\bertopic\_bertopic.py", line 4422, in _c_tf_idf
    X = self.vectorizer_model.fit_transform(documents)
        ^^^^^^^^^^^^^^^^^^^^^^^^^^^^^^^^^^^^^^^^^^^^^^
  File "D:\an\envs\aigcxhs\Lib\site-packages\sklearn\base.py", line 1336, in wrapper
    return fit_method(estimator, *args, **kwargs)
           ^^^^^^^^^^^^^^^^^^^^^^^^^^^^^^^^^^^^^^
  File "D:\an\envs\aigcxhs\Lib\site-packages\sklearn\feature_extraction\text.py", line 1396, in fit_transform
    raise ValueError("max_df corresponds to < documents than min_df")
ValueError: max_df corresponds to < documents than min_df
2026-04-26 10:44:42,797 - INFO - Run 39/147 | done=38 remain=109 ETA=28:36 | k=15 d=25 nr=35
2026-04-26 10:44:42,797 - INFO - Run k_15__d_25__nr_35 | min_cluster_size=28 | min_samples=5
2026-04-26 10:44:42,797 - INFO - Run k_15__d_25__nr_35 | stage=build_topic_model done | elapsed=00:00
2026-04-26 10:44:42,797 - INFO - Run k_15__d_25__nr_35 | stage=fit_transform start (UMAP+HDBSCAN)
2026-04-26 10:45:01,048 - INFO - Run k_15__d_25__nr_35 | stage=fit_transform done | elapsed=00:18
2026-04-26 10:45:01,051 - INFO - Run k_15__d_25__nr_35 | stage=metrics done | elapsed=00:00
2026-04-26 10:45:01,051 - INFO - Run k_15__d_25__nr_35 | stage=save_outputs done | elapsed=00:00
2026-04-26 10:45:01,052 - INFO - Run k_15__d_25__nr_35 | finished | total_elapsed=00:18
2026-04-26 10:45:01,062 - INFO - Run 40/147 | done=39 remain=108 ETA=28:27 | k=15 d=35 nr=none
2026-04-26 10:45:01,062 - INFO - Run k_15__d_35__nr_none | min_cluster_size=33 | min_samples=6
2026-04-26 10:45:01,063 - INFO - Run k_15__d_35__nr_none | stage=build_topic_model done | elapsed=00:00
2026-04-26 10:45:01,063 - INFO - Run k_15__d_35__nr_none | stage=fit_transform start (UMAP+HDBSCAN)
2026-04-26 10:45:19,006 - ERROR - Run failed | k=15 d=35 nr=none
Traceback (most recent call last):
  File "E:\document\PG\studio\content\bertopic_raw_sweep.py", line 422, in run_single_experiment
    topics, _ = topic_model.fit_transform(seg_texts, embeddings=embeddings)
                ^^^^^^^^^^^^^^^^^^^^^^^^^^^^^^^^^^^^^^^^^^^^^^^^^^^^^^^^^^^
  File "D:\an\envs\aigcxhs\Lib\site-packages\bertopic\_bertopic.py", line 520, in fit_transform
    self._extract_topics(
  File "D:\an\envs\aigcxhs\Lib\site-packages\bertopic\_bertopic.py", line 4204, in _extract_topics
    self.c_tf_idf_, words = self._c_tf_idf(documents_per_topic)
                            ^^^^^^^^^^^^^^^^^^^^^^^^^^^^^^^^^^^
  File "D:\an\envs\aigcxhs\Lib\site-packages\bertopic\_bertopic.py", line 4422, in _c_tf_idf
    X = self.vectorizer_model.fit_transform(documents)
        ^^^^^^^^^^^^^^^^^^^^^^^^^^^^^^^^^^^^^^^^^^^^^^
  File "D:\an\envs\aigcxhs\Lib\site-packages\sklearn\base.py", line 1336, in wrapper
    return fit_method(estimator, *args, **kwargs)
           ^^^^^^^^^^^^^^^^^^^^^^^^^^^^^^^^^^^^^^
  File "D:\an\envs\aigcxhs\Lib\site-packages\sklearn\feature_extraction\text.py", line 1396, in fit_transform
    raise ValueError("max_df corresponds to < documents than min_df")
ValueError: max_df corresponds to < documents than min_df
2026-04-26 10:45:19,020 - INFO - Current Top3 Leaderboard:
2026-04-26 10:45:19,020 - INFO -   #1 k=5 d=3 nr=35 | score=0.8689 | coverage=0.7368 | diversity=0.9588 | entropy=0.9392 | discovered=34
2026-04-26 10:45:19,020 - INFO -   #2 k=5 d=8 nr=35 | score=0.8656 | coverage=0.7252 | diversity=0.9676 | entropy=0.9298 | discovered=34
2026-04-26 10:45:19,020 - INFO -   #3 k=5 d=8 nr=none | score=0.8629 | coverage=0.6952 | diversity=0.9686 | entropy=0.9617 | discovered=35
2026-04-26 10:45:19,021 - INFO - Run 41/147 | done=40 remain=107 ETA=28:17 | k=15 d=35 nr=25
2026-04-26 10:45:19,021 - INFO - Run k_15__d_35__nr_25 | min_cluster_size=40 | min_samples=8
2026-04-26 10:45:19,021 - INFO - Run k_15__d_35__nr_25 | stage=build_topic_model done | elapsed=00:00
2026-04-26 10:45:19,021 - INFO - Run k_15__d_35__nr_25 | stage=fit_transform start (UMAP+HDBSCAN)
2026-04-26 10:45:36,282 - ERROR - Run failed | k=15 d=35 nr=25
Traceback (most recent call last):
  File "E:\document\PG\studio\content\bertopic_raw_sweep.py", line 422, in run_single_experiment
    topics, _ = topic_model.fit_transform(seg_texts, embeddings=embeddings)
                ^^^^^^^^^^^^^^^^^^^^^^^^^^^^^^^^^^^^^^^^^^^^^^^^^^^^^^^^^^^
  File "D:\an\envs\aigcxhs\Lib\site-packages\bertopic\_bertopic.py", line 520, in fit_transform
    self._extract_topics(
  File "D:\an\envs\aigcxhs\Lib\site-packages\bertopic\_bertopic.py", line 4204, in _extract_topics
    self.c_tf_idf_, words = self._c_tf_idf(documents_per_topic)
                            ^^^^^^^^^^^^^^^^^^^^^^^^^^^^^^^^^^^
  File "D:\an\envs\aigcxhs\Lib\site-packages\bertopic\_bertopic.py", line 4422, in _c_tf_idf
    X = self.vectorizer_model.fit_transform(documents)
        ^^^^^^^^^^^^^^^^^^^^^^^^^^^^^^^^^^^^^^^^^^^^^^
  File "D:\an\envs\aigcxhs\Lib\site-packages\sklearn\base.py", line 1336, in wrapper
    return fit_method(estimator, *args, **kwargs)
           ^^^^^^^^^^^^^^^^^^^^^^^^^^^^^^^^^^^^^^
  File "D:\an\envs\aigcxhs\Lib\site-packages\sklearn\feature_extraction\text.py", line 1396, in fit_transform
    raise ValueError("max_df corresponds to < documents than min_df")
ValueError: max_df corresponds to < documents than min_df
2026-04-26 10:45:36,296 - INFO - Run 42/147 | done=41 remain=106 ETA=28:05 | k=15 d=35 nr=35
2026-04-26 10:45:36,296 - INFO - Run k_15__d_35__nr_35 | min_cluster_size=28 | min_samples=5
2026-04-26 10:45:36,296 - INFO - Run k_15__d_35__nr_35 | stage=build_topic_model done | elapsed=00:00
2026-04-26 10:45:36,296 - INFO - Run k_15__d_35__nr_35 | stage=fit_transform start (UMAP+HDBSCAN)
2026-04-26 10:45:54,659 - INFO - Run k_15__d_35__nr_35 | stage=fit_transform done | elapsed=00:18
2026-04-26 10:45:54,663 - INFO - Run k_15__d_35__nr_35 | stage=metrics done | elapsed=00:00
2026-04-26 10:45:54,663 - INFO - Run k_15__d_35__nr_35 | stage=save_outputs done | elapsed=00:00
2026-04-26 10:45:54,663 - INFO - Run k_15__d_35__nr_35 | finished | total_elapsed=00:18
2026-04-26 10:45:54,677 - INFO - Run 43/147 | done=42 remain=105 ETA=27:55 | k=25 d=3 nr=none
2026-04-26 10:45:54,677 - INFO - Run k_25__d_3__nr_none | min_cluster_size=33 | min_samples=6
2026-04-26 10:45:54,678 - INFO - Run k_25__d_3__nr_none | stage=build_topic_model done | elapsed=00:00
2026-04-26 10:45:54,678 - INFO - Run k_25__d_3__nr_none | stage=fit_transform start (UMAP+HDBSCAN)
2026-04-26 10:46:11,092 - INFO - Run k_25__d_3__nr_none | stage=fit_transform done | elapsed=00:16
2026-04-26 10:46:11,094 - INFO - Run k_25__d_3__nr_none | stage=metrics done | elapsed=00:00
2026-04-26 10:46:11,094 - INFO - Run k_25__d_3__nr_none | stage=save_outputs done | elapsed=00:00
2026-04-26 10:46:11,094 - INFO - Run k_25__d_3__nr_none | finished | total_elapsed=00:16
2026-04-26 10:46:11,104 - INFO - Run 44/147 | done=43 remain=104 ETA=27:40 | k=25 d=3 nr=25
2026-04-26 10:46:11,105 - INFO - Run k_25__d_3__nr_25 | min_cluster_size=40 | min_samples=8
2026-04-26 10:46:11,105 - INFO - Run k_25__d_3__nr_25 | stage=build_topic_model done | elapsed=00:00
2026-04-26 10:46:11,105 - INFO - Run k_25__d_3__nr_25 | stage=fit_transform start (UMAP+HDBSCAN)
2026-04-26 10:46:28,329 - INFO - Run k_25__d_3__nr_25 | stage=fit_transform done | elapsed=00:17
2026-04-26 10:46:28,332 - INFO - Run k_25__d_3__nr_25 | stage=metrics done | elapsed=00:00
2026-04-26 10:46:28,333 - INFO - Run k_25__d_3__nr_25 | stage=save_outputs done | elapsed=00:00
2026-04-26 10:46:28,333 - INFO - Run k_25__d_3__nr_25 | finished | total_elapsed=00:17
2026-04-26 10:46:28,343 - INFO - Run 45/147 | done=44 remain=103 ETA=27:27 | k=25 d=3 nr=35
2026-04-26 10:46:28,344 - INFO - Run k_25__d_3__nr_35 | min_cluster_size=28 | min_samples=5
2026-04-26 10:46:28,344 - INFO - Run k_25__d_3__nr_35 | stage=build_topic_model done | elapsed=00:00
2026-04-26 10:46:28,344 - INFO - Run k_25__d_3__nr_35 | stage=fit_transform start (UMAP+HDBSCAN)
2026-04-26 10:46:49,280 - INFO - Run k_25__d_3__nr_35 | stage=fit_transform done | elapsed=00:20
2026-04-26 10:46:49,284 - INFO - Run k_25__d_3__nr_35 | stage=metrics done | elapsed=00:00
2026-04-26 10:46:49,284 - INFO - Run k_25__d_3__nr_35 | stage=save_outputs done | elapsed=00:00
2026-04-26 10:46:49,284 - INFO - Run k_25__d_3__nr_35 | finished | total_elapsed=00:20
2026-04-26 10:46:49,298 - INFO - Current Top3 Leaderboard:
2026-04-26 10:46:49,298 - INFO -   #1 k=5 d=3 nr=35 | score=0.8689 | coverage=0.7368 | diversity=0.9588 | entropy=0.9392 | discovered=34
2026-04-26 10:46:49,299 - INFO -   #2 k=5 d=8 nr=35 | score=0.8656 | coverage=0.7252 | diversity=0.9676 | entropy=0.9298 | discovered=34
2026-04-26 10:46:49,299 - INFO -   #3 k=5 d=8 nr=none | score=0.8629 | coverage=0.6952 | diversity=0.9686 | entropy=0.9617 | discovered=35
2026-04-26 10:46:49,299 - INFO - Run 46/147 | done=45 remain=102 ETA=27:22 | k=25 d=5 nr=none
2026-04-26 10:46:49,299 - INFO - Run k_25__d_5__nr_none | min_cluster_size=33 | min_samples=6
2026-04-26 10:46:49,300 - INFO - Run k_25__d_5__nr_none | stage=build_topic_model done | elapsed=00:00
2026-04-26 10:46:49,300 - INFO - Run k_25__d_5__nr_none | stage=fit_transform start (UMAP+HDBSCAN)
2026-04-26 10:47:06,671 - ERROR - Run failed | k=25 d=5 nr=none
Traceback (most recent call last):
  File "E:\document\PG\studio\content\bertopic_raw_sweep.py", line 422, in run_single_experiment
    topics, _ = topic_model.fit_transform(seg_texts, embeddings=embeddings)
                ^^^^^^^^^^^^^^^^^^^^^^^^^^^^^^^^^^^^^^^^^^^^^^^^^^^^^^^^^^^
  File "D:\an\envs\aigcxhs\Lib\site-packages\bertopic\_bertopic.py", line 520, in fit_transform
    self._extract_topics(
  File "D:\an\envs\aigcxhs\Lib\site-packages\bertopic\_bertopic.py", line 4204, in _extract_topics
    self.c_tf_idf_, words = self._c_tf_idf(documents_per_topic)
                            ^^^^^^^^^^^^^^^^^^^^^^^^^^^^^^^^^^^
  File "D:\an\envs\aigcxhs\Lib\site-packages\bertopic\_bertopic.py", line 4422, in _c_tf_idf
    X = self.vectorizer_model.fit_transform(documents)
        ^^^^^^^^^^^^^^^^^^^^^^^^^^^^^^^^^^^^^^^^^^^^^^
  File "D:\an\envs\aigcxhs\Lib\site-packages\sklearn\base.py", line 1336, in wrapper
    return fit_method(estimator, *args, **kwargs)
           ^^^^^^^^^^^^^^^^^^^^^^^^^^^^^^^^^^^^^^
  File "D:\an\envs\aigcxhs\Lib\site-packages\sklearn\feature_extraction\text.py", line 1396, in fit_transform
    raise ValueError("max_df corresponds to < documents than min_df")
ValueError: max_df corresponds to < documents than min_df
2026-04-26 10:47:06,685 - INFO - Run 47/147 | done=46 remain=101 ETA=27:09 | k=25 d=5 nr=25
2026-04-26 10:47:06,685 - INFO - Run k_25__d_5__nr_25 | min_cluster_size=40 | min_samples=8
2026-04-26 10:47:06,685 - INFO - Run k_25__d_5__nr_25 | stage=build_topic_model done | elapsed=00:00
2026-04-26 10:47:06,685 - INFO - Run k_25__d_5__nr_25 | stage=fit_transform start (UMAP+HDBSCAN)
2026-04-26 10:47:24,366 - ERROR - Run failed | k=25 d=5 nr=25
Traceback (most recent call last):
  File "E:\document\PG\studio\content\bertopic_raw_sweep.py", line 422, in run_single_experiment
    topics, _ = topic_model.fit_transform(seg_texts, embeddings=embeddings)
                ^^^^^^^^^^^^^^^^^^^^^^^^^^^^^^^^^^^^^^^^^^^^^^^^^^^^^^^^^^^
  File "D:\an\envs\aigcxhs\Lib\site-packages\bertopic\_bertopic.py", line 520, in fit_transform
    self._extract_topics(
  File "D:\an\envs\aigcxhs\Lib\site-packages\bertopic\_bertopic.py", line 4204, in _extract_topics
    self.c_tf_idf_, words = self._c_tf_idf(documents_per_topic)
                            ^^^^^^^^^^^^^^^^^^^^^^^^^^^^^^^^^^^
  File "D:\an\envs\aigcxhs\Lib\site-packages\bertopic\_bertopic.py", line 4422, in _c_tf_idf
    X = self.vectorizer_model.fit_transform(documents)
        ^^^^^^^^^^^^^^^^^^^^^^^^^^^^^^^^^^^^^^^^^^^^^^
  File "D:\an\envs\aigcxhs\Lib\site-packages\sklearn\base.py", line 1336, in wrapper
    return fit_method(estimator, *args, **kwargs)
           ^^^^^^^^^^^^^^^^^^^^^^^^^^^^^^^^^^^^^^
  File "D:\an\envs\aigcxhs\Lib\site-packages\sklearn\feature_extraction\text.py", line 1396, in fit_transform
    raise ValueError("max_df corresponds to < documents than min_df")
ValueError: max_df corresponds to < documents than min_df
2026-04-26 10:47:24,379 - INFO - Run 48/147 | done=47 remain=100 ETA=26:56 | k=25 d=5 nr=35
2026-04-26 10:47:24,379 - INFO - Run k_25__d_5__nr_35 | min_cluster_size=28 | min_samples=5
2026-04-26 10:47:24,381 - INFO - Run k_25__d_5__nr_35 | stage=build_topic_model done | elapsed=00:00
2026-04-26 10:47:24,381 - INFO - Run k_25__d_5__nr_35 | stage=fit_transform start (UMAP+HDBSCAN)
2026-04-26 10:47:41,790 - ERROR - Run failed | k=25 d=5 nr=35
Traceback (most recent call last):
  File "E:\document\PG\studio\content\bertopic_raw_sweep.py", line 422, in run_single_experiment
    topics, _ = topic_model.fit_transform(seg_texts, embeddings=embeddings)
                ^^^^^^^^^^^^^^^^^^^^^^^^^^^^^^^^^^^^^^^^^^^^^^^^^^^^^^^^^^^
  File "D:\an\envs\aigcxhs\Lib\site-packages\bertopic\_bertopic.py", line 520, in fit_transform
    self._extract_topics(
  File "D:\an\envs\aigcxhs\Lib\site-packages\bertopic\_bertopic.py", line 4204, in _extract_topics
    self.c_tf_idf_, words = self._c_tf_idf(documents_per_topic)
                            ^^^^^^^^^^^^^^^^^^^^^^^^^^^^^^^^^^^
  File "D:\an\envs\aigcxhs\Lib\site-packages\bertopic\_bertopic.py", line 4422, in _c_tf_idf
    X = self.vectorizer_model.fit_transform(documents)
        ^^^^^^^^^^^^^^^^^^^^^^^^^^^^^^^^^^^^^^^^^^^^^^
  File "D:\an\envs\aigcxhs\Lib\site-packages\sklearn\base.py", line 1336, in wrapper
    return fit_method(estimator, *args, **kwargs)
           ^^^^^^^^^^^^^^^^^^^^^^^^^^^^^^^^^^^^^^
  File "D:\an\envs\aigcxhs\Lib\site-packages\sklearn\feature_extraction\text.py", line 1396, in fit_transform
    raise ValueError("max_df corresponds to < documents than min_df")
ValueError: max_df corresponds to < documents than min_df
2026-04-26 10:47:41,804 - INFO - Run 49/147 | done=48 remain=99 ETA=26:43 | k=25 d=8 nr=none
2026-04-26 10:47:41,804 - INFO - Run k_25__d_8__nr_none | min_cluster_size=33 | min_samples=6
2026-04-26 10:47:41,805 - INFO - Run k_25__d_8__nr_none | stage=build_topic_model done | elapsed=00:00
2026-04-26 10:47:41,805 - INFO - Run k_25__d_8__nr_none | stage=fit_transform start (UMAP+HDBSCAN)
2026-04-26 10:47:59,133 - ERROR - Run failed | k=25 d=8 nr=none
Traceback (most recent call last):
  File "E:\document\PG\studio\content\bertopic_raw_sweep.py", line 422, in run_single_experiment
    topics, _ = topic_model.fit_transform(seg_texts, embeddings=embeddings)
                ^^^^^^^^^^^^^^^^^^^^^^^^^^^^^^^^^^^^^^^^^^^^^^^^^^^^^^^^^^^
  File "D:\an\envs\aigcxhs\Lib\site-packages\bertopic\_bertopic.py", line 520, in fit_transform
    self._extract_topics(
  File "D:\an\envs\aigcxhs\Lib\site-packages\bertopic\_bertopic.py", line 4204, in _extract_topics
    self.c_tf_idf_, words = self._c_tf_idf(documents_per_topic)
                            ^^^^^^^^^^^^^^^^^^^^^^^^^^^^^^^^^^^
  File "D:\an\envs\aigcxhs\Lib\site-packages\bertopic\_bertopic.py", line 4422, in _c_tf_idf
    X = self.vectorizer_model.fit_transform(documents)
        ^^^^^^^^^^^^^^^^^^^^^^^^^^^^^^^^^^^^^^^^^^^^^^
  File "D:\an\envs\aigcxhs\Lib\site-packages\sklearn\base.py", line 1336, in wrapper
    return fit_method(estimator, *args, **kwargs)
           ^^^^^^^^^^^^^^^^^^^^^^^^^^^^^^^^^^^^^^
  File "D:\an\envs\aigcxhs\Lib\site-packages\sklearn\feature_extraction\text.py", line 1396, in fit_transform
    raise ValueError("max_df corresponds to < documents than min_df")
ValueError: max_df corresponds to < documents than min_df
2026-04-26 10:47:59,150 - INFO - Run 50/147 | done=49 remain=98 ETA=26:29 | k=25 d=8 nr=25
2026-04-26 10:47:59,150 - INFO - Run k_25__d_8__nr_25 | min_cluster_size=40 | min_samples=8
2026-04-26 10:47:59,151 - INFO - Run k_25__d_8__nr_25 | stage=build_topic_model done | elapsed=00:00
2026-04-26 10:47:59,151 - INFO - Run k_25__d_8__nr_25 | stage=fit_transform start (UMAP+HDBSCAN)
2026-04-26 10:48:17,467 - ERROR - Run failed | k=25 d=8 nr=25
Traceback (most recent call last):
  File "E:\document\PG\studio\content\bertopic_raw_sweep.py", line 422, in run_single_experiment
    topics, _ = topic_model.fit_transform(seg_texts, embeddings=embeddings)
                ^^^^^^^^^^^^^^^^^^^^^^^^^^^^^^^^^^^^^^^^^^^^^^^^^^^^^^^^^^^
  File "D:\an\envs\aigcxhs\Lib\site-packages\bertopic\_bertopic.py", line 520, in fit_transform
    self._extract_topics(
  File "D:\an\envs\aigcxhs\Lib\site-packages\bertopic\_bertopic.py", line 4204, in _extract_topics
    self.c_tf_idf_, words = self._c_tf_idf(documents_per_topic)
                            ^^^^^^^^^^^^^^^^^^^^^^^^^^^^^^^^^^^
  File "D:\an\envs\aigcxhs\Lib\site-packages\bertopic\_bertopic.py", line 4422, in _c_tf_idf
    X = self.vectorizer_model.fit_transform(documents)
        ^^^^^^^^^^^^^^^^^^^^^^^^^^^^^^^^^^^^^^^^^^^^^^
  File "D:\an\envs\aigcxhs\Lib\site-packages\sklearn\base.py", line 1336, in wrapper
    return fit_method(estimator, *args, **kwargs)
           ^^^^^^^^^^^^^^^^^^^^^^^^^^^^^^^^^^^^^^
  File "D:\an\envs\aigcxhs\Lib\site-packages\sklearn\feature_extraction\text.py", line 1396, in fit_transform
    raise ValueError("max_df corresponds to < documents than min_df")
ValueError: max_df corresponds to < documents than min_df
2026-04-26 10:48:17,485 - INFO - Current Top3 Leaderboard:
2026-04-26 10:48:17,486 - INFO -   #1 k=5 d=3 nr=35 | score=0.8689 | coverage=0.7368 | diversity=0.9588 | entropy=0.9392 | discovered=34
2026-04-26 10:48:17,486 - INFO -   #2 k=5 d=8 nr=35 | score=0.8656 | coverage=0.7252 | diversity=0.9676 | entropy=0.9298 | discovered=34
2026-04-26 10:48:17,486 - INFO -   #3 k=5 d=8 nr=none | score=0.8629 | coverage=0.6952 | diversity=0.9686 | entropy=0.9617 | discovered=35
2026-04-26 10:48:17,486 - INFO - Run 51/147 | done=50 remain=97 ETA=26:17 | k=25 d=8 nr=35
2026-04-26 10:48:17,486 - INFO - Run k_25__d_8__nr_35 | min_cluster_size=28 | min_samples=5
2026-04-26 10:48:17,487 - INFO - Run k_25__d_8__nr_35 | stage=build_topic_model done | elapsed=00:00
2026-04-26 10:48:17,488 - INFO - Run k_25__d_8__nr_35 | stage=fit_transform start (UMAP+HDBSCAN)
2026-04-26 10:48:35,266 - ERROR - Run failed | k=25 d=8 nr=35
Traceback (most recent call last):
  File "E:\document\PG\studio\content\bertopic_raw_sweep.py", line 422, in run_single_experiment
    topics, _ = topic_model.fit_transform(seg_texts, embeddings=embeddings)
                ^^^^^^^^^^^^^^^^^^^^^^^^^^^^^^^^^^^^^^^^^^^^^^^^^^^^^^^^^^^
  File "D:\an\envs\aigcxhs\Lib\site-packages\bertopic\_bertopic.py", line 520, in fit_transform
    self._extract_topics(
  File "D:\an\envs\aigcxhs\Lib\site-packages\bertopic\_bertopic.py", line 4204, in _extract_topics
    self.c_tf_idf_, words = self._c_tf_idf(documents_per_topic)
                            ^^^^^^^^^^^^^^^^^^^^^^^^^^^^^^^^^^^
  File "D:\an\envs\aigcxhs\Lib\site-packages\bertopic\_bertopic.py", line 4422, in _c_tf_idf
    X = self.vectorizer_model.fit_transform(documents)
        ^^^^^^^^^^^^^^^^^^^^^^^^^^^^^^^^^^^^^^^^^^^^^^
  File "D:\an\envs\aigcxhs\Lib\site-packages\sklearn\base.py", line 1336, in wrapper
    return fit_method(estimator, *args, **kwargs)
           ^^^^^^^^^^^^^^^^^^^^^^^^^^^^^^^^^^^^^^
  File "D:\an\envs\aigcxhs\Lib\site-packages\sklearn\feature_extraction\text.py", line 1396, in fit_transform
    raise ValueError("max_df corresponds to < documents than min_df")
ValueError: max_df corresponds to < documents than min_df
2026-04-26 10:48:35,281 - INFO - Run 52/147 | done=51 remain=96 ETA=26:03 | k=25 d=12 nr=none
2026-04-26 10:48:35,281 - INFO - Run k_25__d_12__nr_none | min_cluster_size=33 | min_samples=6
2026-04-26 10:48:35,281 - INFO - Run k_25__d_12__nr_none | stage=build_topic_model done | elapsed=00:00
2026-04-26 10:48:35,281 - INFO - Run k_25__d_12__nr_none | stage=fit_transform start (UMAP+HDBSCAN)
2026-04-26 10:48:52,225 - ERROR - Run failed | k=25 d=12 nr=none
Traceback (most recent call last):
  File "E:\document\PG\studio\content\bertopic_raw_sweep.py", line 422, in run_single_experiment
    topics, _ = topic_model.fit_transform(seg_texts, embeddings=embeddings)
                ^^^^^^^^^^^^^^^^^^^^^^^^^^^^^^^^^^^^^^^^^^^^^^^^^^^^^^^^^^^
  File "D:\an\envs\aigcxhs\Lib\site-packages\bertopic\_bertopic.py", line 520, in fit_transform
    self._extract_topics(
  File "D:\an\envs\aigcxhs\Lib\site-packages\bertopic\_bertopic.py", line 4204, in _extract_topics
    self.c_tf_idf_, words = self._c_tf_idf(documents_per_topic)
                            ^^^^^^^^^^^^^^^^^^^^^^^^^^^^^^^^^^^
  File "D:\an\envs\aigcxhs\Lib\site-packages\bertopic\_bertopic.py", line 4422, in _c_tf_idf
    X = self.vectorizer_model.fit_transform(documents)
        ^^^^^^^^^^^^^^^^^^^^^^^^^^^^^^^^^^^^^^^^^^^^^^
  File "D:\an\envs\aigcxhs\Lib\site-packages\sklearn\base.py", line 1336, in wrapper
    return fit_method(estimator, *args, **kwargs)
           ^^^^^^^^^^^^^^^^^^^^^^^^^^^^^^^^^^^^^^
  File "D:\an\envs\aigcxhs\Lib\site-packages\sklearn\feature_extraction\text.py", line 1396, in fit_transform
    raise ValueError("max_df corresponds to < documents than min_df")
ValueError: max_df corresponds to < documents than min_df
2026-04-26 10:48:52,236 - INFO - Run 53/147 | done=52 remain=95 ETA=25:48 | k=25 d=12 nr=25
2026-04-26 10:48:52,236 - INFO - Run k_25__d_12__nr_25 | min_cluster_size=40 | min_samples=8
2026-04-26 10:48:52,237 - INFO - Run k_25__d_12__nr_25 | stage=build_topic_model done | elapsed=00:00
2026-04-26 10:48:52,237 - INFO - Run k_25__d_12__nr_25 | stage=fit_transform start (UMAP+HDBSCAN)
2026-04-26 10:49:09,174 - ERROR - Run failed | k=25 d=12 nr=25
Traceback (most recent call last):
  File "E:\document\PG\studio\content\bertopic_raw_sweep.py", line 422, in run_single_experiment
    topics, _ = topic_model.fit_transform(seg_texts, embeddings=embeddings)
                ^^^^^^^^^^^^^^^^^^^^^^^^^^^^^^^^^^^^^^^^^^^^^^^^^^^^^^^^^^^
  File "D:\an\envs\aigcxhs\Lib\site-packages\bertopic\_bertopic.py", line 520, in fit_transform
    self._extract_topics(
  File "D:\an\envs\aigcxhs\Lib\site-packages\bertopic\_bertopic.py", line 4204, in _extract_topics
    self.c_tf_idf_, words = self._c_tf_idf(documents_per_topic)
                            ^^^^^^^^^^^^^^^^^^^^^^^^^^^^^^^^^^^
  File "D:\an\envs\aigcxhs\Lib\site-packages\bertopic\_bertopic.py", line 4422, in _c_tf_idf
    X = self.vectorizer_model.fit_transform(documents)
        ^^^^^^^^^^^^^^^^^^^^^^^^^^^^^^^^^^^^^^^^^^^^^^
  File "D:\an\envs\aigcxhs\Lib\site-packages\sklearn\base.py", line 1336, in wrapper
    return fit_method(estimator, *args, **kwargs)
           ^^^^^^^^^^^^^^^^^^^^^^^^^^^^^^^^^^^^^^
  File "D:\an\envs\aigcxhs\Lib\site-packages\sklearn\feature_extraction\text.py", line 1396, in fit_transform
    raise ValueError("max_df corresponds to < documents than min_df")
ValueError: max_df corresponds to < documents than min_df
2026-04-26 10:49:09,186 - INFO - Run 54/147 | done=53 remain=94 ETA=25:33 | k=25 d=12 nr=35
2026-04-26 10:49:09,186 - INFO - Run k_25__d_12__nr_35 | min_cluster_size=28 | min_samples=5
2026-04-26 10:49:09,186 - INFO - Run k_25__d_12__nr_35 | stage=build_topic_model done | elapsed=00:00
2026-04-26 10:49:09,187 - INFO - Run k_25__d_12__nr_35 | stage=fit_transform start (UMAP+HDBSCAN)
2026-04-26 10:49:25,827 - ERROR - Run failed | k=25 d=12 nr=35
Traceback (most recent call last):
  File "E:\document\PG\studio\content\bertopic_raw_sweep.py", line 422, in run_single_experiment
    topics, _ = topic_model.fit_transform(seg_texts, embeddings=embeddings)
                ^^^^^^^^^^^^^^^^^^^^^^^^^^^^^^^^^^^^^^^^^^^^^^^^^^^^^^^^^^^
  File "D:\an\envs\aigcxhs\Lib\site-packages\bertopic\_bertopic.py", line 520, in fit_transform
    self._extract_topics(
  File "D:\an\envs\aigcxhs\Lib\site-packages\bertopic\_bertopic.py", line 4204, in _extract_topics
    self.c_tf_idf_, words = self._c_tf_idf(documents_per_topic)
                            ^^^^^^^^^^^^^^^^^^^^^^^^^^^^^^^^^^^
  File "D:\an\envs\aigcxhs\Lib\site-packages\bertopic\_bertopic.py", line 4422, in _c_tf_idf
    X = self.vectorizer_model.fit_transform(documents)
        ^^^^^^^^^^^^^^^^^^^^^^^^^^^^^^^^^^^^^^^^^^^^^^
  File "D:\an\envs\aigcxhs\Lib\site-packages\sklearn\base.py", line 1336, in wrapper
    return fit_method(estimator, *args, **kwargs)
           ^^^^^^^^^^^^^^^^^^^^^^^^^^^^^^^^^^^^^^
  File "D:\an\envs\aigcxhs\Lib\site-packages\sklearn\feature_extraction\text.py", line 1396, in fit_transform
    raise ValueError("max_df corresponds to < documents than min_df")
ValueError: max_df corresponds to < documents than min_df
2026-04-26 10:49:25,838 - INFO - Run 55/147 | done=54 remain=93 ETA=25:17 | k=25 d=18 nr=none
2026-04-26 10:49:25,838 - INFO - Run k_25__d_18__nr_none | min_cluster_size=33 | min_samples=6
2026-04-26 10:49:25,838 - INFO - Run k_25__d_18__nr_none | stage=build_topic_model done | elapsed=00:00
2026-04-26 10:49:25,838 - INFO - Run k_25__d_18__nr_none | stage=fit_transform start (UMAP+HDBSCAN)
2026-04-26 10:49:43,870 - ERROR - Run failed | k=25 d=18 nr=none
Traceback (most recent call last):
  File "E:\document\PG\studio\content\bertopic_raw_sweep.py", line 422, in run_single_experiment
    topics, _ = topic_model.fit_transform(seg_texts, embeddings=embeddings)
                ^^^^^^^^^^^^^^^^^^^^^^^^^^^^^^^^^^^^^^^^^^^^^^^^^^^^^^^^^^^
  File "D:\an\envs\aigcxhs\Lib\site-packages\bertopic\_bertopic.py", line 520, in fit_transform
    self._extract_topics(
  File "D:\an\envs\aigcxhs\Lib\site-packages\bertopic\_bertopic.py", line 4204, in _extract_topics
    self.c_tf_idf_, words = self._c_tf_idf(documents_per_topic)
                            ^^^^^^^^^^^^^^^^^^^^^^^^^^^^^^^^^^^
  File "D:\an\envs\aigcxhs\Lib\site-packages\bertopic\_bertopic.py", line 4422, in _c_tf_idf
    X = self.vectorizer_model.fit_transform(documents)
        ^^^^^^^^^^^^^^^^^^^^^^^^^^^^^^^^^^^^^^^^^^^^^^
  File "D:\an\envs\aigcxhs\Lib\site-packages\sklearn\base.py", line 1336, in wrapper
    return fit_method(estimator, *args, **kwargs)
           ^^^^^^^^^^^^^^^^^^^^^^^^^^^^^^^^^^^^^^
  File "D:\an\envs\aigcxhs\Lib\site-packages\sklearn\feature_extraction\text.py", line 1396, in fit_transform
    raise ValueError("max_df corresponds to < documents than min_df")
ValueError: max_df corresponds to < documents than min_df
2026-04-26 10:49:43,880 - INFO - Current Top3 Leaderboard:
2026-04-26 10:49:43,882 - INFO -   #1 k=5 d=3 nr=35 | score=0.8689 | coverage=0.7368 | diversity=0.9588 | entropy=0.9392 | discovered=34
2026-04-26 10:49:43,882 - INFO -   #2 k=5 d=8 nr=35 | score=0.8656 | coverage=0.7252 | diversity=0.9676 | entropy=0.9298 | discovered=34
2026-04-26 10:49:43,882 - INFO -   #3 k=5 d=8 nr=none | score=0.8629 | coverage=0.6952 | diversity=0.9686 | entropy=0.9617 | discovered=35
2026-04-26 10:49:43,883 - INFO - Run 56/147 | done=55 remain=92 ETA=25:04 | k=25 d=18 nr=25
2026-04-26 10:49:43,883 - INFO - Run k_25__d_18__nr_25 | min_cluster_size=40 | min_samples=8
2026-04-26 10:49:43,884 - INFO - Run k_25__d_18__nr_25 | stage=build_topic_model done | elapsed=00:00
2026-04-26 10:49:43,884 - INFO - Run k_25__d_18__nr_25 | stage=fit_transform start (UMAP+HDBSCAN)
2026-04-26 10:50:01,443 - ERROR - Run failed | k=25 d=18 nr=25
Traceback (most recent call last):
  File "E:\document\PG\studio\content\bertopic_raw_sweep.py", line 422, in run_single_experiment
    topics, _ = topic_model.fit_transform(seg_texts, embeddings=embeddings)
                ^^^^^^^^^^^^^^^^^^^^^^^^^^^^^^^^^^^^^^^^^^^^^^^^^^^^^^^^^^^
  File "D:\an\envs\aigcxhs\Lib\site-packages\bertopic\_bertopic.py", line 520, in fit_transform
    self._extract_topics(
  File "D:\an\envs\aigcxhs\Lib\site-packages\bertopic\_bertopic.py", line 4204, in _extract_topics
    self.c_tf_idf_, words = self._c_tf_idf(documents_per_topic)
                            ^^^^^^^^^^^^^^^^^^^^^^^^^^^^^^^^^^^
  File "D:\an\envs\aigcxhs\Lib\site-packages\bertopic\_bertopic.py", line 4422, in _c_tf_idf
    X = self.vectorizer_model.fit_transform(documents)
        ^^^^^^^^^^^^^^^^^^^^^^^^^^^^^^^^^^^^^^^^^^^^^^
  File "D:\an\envs\aigcxhs\Lib\site-packages\sklearn\base.py", line 1336, in wrapper
    return fit_method(estimator, *args, **kwargs)
           ^^^^^^^^^^^^^^^^^^^^^^^^^^^^^^^^^^^^^^
  File "D:\an\envs\aigcxhs\Lib\site-packages\sklearn\feature_extraction\text.py", line 1396, in fit_transform
    raise ValueError("max_df corresponds to < documents than min_df")
ValueError: max_df corresponds to < documents than min_df
2026-04-26 10:50:01,455 - INFO - Run 57/147 | done=56 remain=91 ETA=24:49 | k=25 d=18 nr=35
2026-04-26 10:50:01,456 - INFO - Run k_25__d_18__nr_35 | min_cluster_size=28 | min_samples=5
2026-04-26 10:50:01,457 - INFO - Run k_25__d_18__nr_35 | stage=build_topic_model done | elapsed=00:00
2026-04-26 10:50:01,457 - INFO - Run k_25__d_18__nr_35 | stage=fit_transform start (UMAP+HDBSCAN)
2026-04-26 10:50:19,853 - ERROR - Run failed | k=25 d=18 nr=35
Traceback (most recent call last):
  File "E:\document\PG\studio\content\bertopic_raw_sweep.py", line 422, in run_single_experiment
    topics, _ = topic_model.fit_transform(seg_texts, embeddings=embeddings)
                ^^^^^^^^^^^^^^^^^^^^^^^^^^^^^^^^^^^^^^^^^^^^^^^^^^^^^^^^^^^
  File "D:\an\envs\aigcxhs\Lib\site-packages\bertopic\_bertopic.py", line 520, in fit_transform
    self._extract_topics(
  File "D:\an\envs\aigcxhs\Lib\site-packages\bertopic\_bertopic.py", line 4204, in _extract_topics
    self.c_tf_idf_, words = self._c_tf_idf(documents_per_topic)
                            ^^^^^^^^^^^^^^^^^^^^^^^^^^^^^^^^^^^
  File "D:\an\envs\aigcxhs\Lib\site-packages\bertopic\_bertopic.py", line 4422, in _c_tf_idf
    X = self.vectorizer_model.fit_transform(documents)
        ^^^^^^^^^^^^^^^^^^^^^^^^^^^^^^^^^^^^^^^^^^^^^^
  File "D:\an\envs\aigcxhs\Lib\site-packages\sklearn\base.py", line 1336, in wrapper
    return fit_method(estimator, *args, **kwargs)
           ^^^^^^^^^^^^^^^^^^^^^^^^^^^^^^^^^^^^^^
  File "D:\an\envs\aigcxhs\Lib\site-packages\sklearn\feature_extraction\text.py", line 1396, in fit_transform
    raise ValueError("max_df corresponds to < documents than min_df")
ValueError: max_df corresponds to < documents than min_df
2026-04-26 10:50:19,868 - INFO - Run 58/147 | done=57 remain=90 ETA=24:36 | k=25 d=25 nr=none
2026-04-26 10:50:19,868 - INFO - Run k_25__d_25__nr_none | min_cluster_size=33 | min_samples=6
2026-04-26 10:50:19,869 - INFO - Run k_25__d_25__nr_none | stage=build_topic_model done | elapsed=00:00
2026-04-26 10:50:19,869 - INFO - Run k_25__d_25__nr_none | stage=fit_transform start (UMAP+HDBSCAN)
2026-04-26 10:50:39,517 - INFO - Run k_25__d_25__nr_none | stage=fit_transform done | elapsed=00:19
2026-04-26 10:50:39,519 - INFO - Run k_25__d_25__nr_none | stage=metrics done | elapsed=00:00
2026-04-26 10:50:39,520 - INFO - Run k_25__d_25__nr_none | stage=save_outputs done | elapsed=00:00
2026-04-26 10:50:39,520 - INFO - Run k_25__d_25__nr_none | finished | total_elapsed=00:19
2026-04-26 10:50:39,533 - INFO - Run 59/147 | done=58 remain=89 ETA=24:25 | k=25 d=25 nr=25
2026-04-26 10:50:39,533 - INFO - Run k_25__d_25__nr_25 | min_cluster_size=40 | min_samples=8
2026-04-26 10:50:39,533 - INFO - Run k_25__d_25__nr_25 | stage=build_topic_model done | elapsed=00:00
2026-04-26 10:50:39,533 - INFO - Run k_25__d_25__nr_25 | stage=fit_transform start (UMAP+HDBSCAN)
2026-04-26 10:50:57,961 - ERROR - Run failed | k=25 d=25 nr=25
Traceback (most recent call last):
  File "E:\document\PG\studio\content\bertopic_raw_sweep.py", line 422, in run_single_experiment
    topics, _ = topic_model.fit_transform(seg_texts, embeddings=embeddings)
                ^^^^^^^^^^^^^^^^^^^^^^^^^^^^^^^^^^^^^^^^^^^^^^^^^^^^^^^^^^^
  File "D:\an\envs\aigcxhs\Lib\site-packages\bertopic\_bertopic.py", line 520, in fit_transform
    self._extract_topics(
  File "D:\an\envs\aigcxhs\Lib\site-packages\bertopic\_bertopic.py", line 4204, in _extract_topics
    self.c_tf_idf_, words = self._c_tf_idf(documents_per_topic)
                            ^^^^^^^^^^^^^^^^^^^^^^^^^^^^^^^^^^^
  File "D:\an\envs\aigcxhs\Lib\site-packages\bertopic\_bertopic.py", line 4422, in _c_tf_idf
    X = self.vectorizer_model.fit_transform(documents)
        ^^^^^^^^^^^^^^^^^^^^^^^^^^^^^^^^^^^^^^^^^^^^^^
  File "D:\an\envs\aigcxhs\Lib\site-packages\sklearn\base.py", line 1336, in wrapper
    return fit_method(estimator, *args, **kwargs)
           ^^^^^^^^^^^^^^^^^^^^^^^^^^^^^^^^^^^^^^
  File "D:\an\envs\aigcxhs\Lib\site-packages\sklearn\feature_extraction\text.py", line 1396, in fit_transform
    raise ValueError("max_df corresponds to < documents than min_df")
ValueError: max_df corresponds to < documents than min_df
2026-04-26 10:50:57,979 - INFO - Run 60/147 | done=59 remain=88 ETA=24:11 | k=25 d=25 nr=35
2026-04-26 10:50:57,979 - INFO - Run k_25__d_25__nr_35 | min_cluster_size=28 | min_samples=5
2026-04-26 10:50:57,980 - INFO - Run k_25__d_25__nr_35 | stage=build_topic_model done | elapsed=00:00
2026-04-26 10:50:57,980 - INFO - Run k_25__d_25__nr_35 | stage=fit_transform start (UMAP+HDBSCAN)
2026-04-26 10:51:15,570 - ERROR - Run failed | k=25 d=25 nr=35
Traceback (most recent call last):
  File "E:\document\PG\studio\content\bertopic_raw_sweep.py", line 422, in run_single_experiment
    topics, _ = topic_model.fit_transform(seg_texts, embeddings=embeddings)
                ^^^^^^^^^^^^^^^^^^^^^^^^^^^^^^^^^^^^^^^^^^^^^^^^^^^^^^^^^^^
  File "D:\an\envs\aigcxhs\Lib\site-packages\bertopic\_bertopic.py", line 520, in fit_transform
    self._extract_topics(
  File "D:\an\envs\aigcxhs\Lib\site-packages\bertopic\_bertopic.py", line 4204, in _extract_topics
    self.c_tf_idf_, words = self._c_tf_idf(documents_per_topic)
                            ^^^^^^^^^^^^^^^^^^^^^^^^^^^^^^^^^^^
  File "D:\an\envs\aigcxhs\Lib\site-packages\bertopic\_bertopic.py", line 4422, in _c_tf_idf
    X = self.vectorizer_model.fit_transform(documents)
        ^^^^^^^^^^^^^^^^^^^^^^^^^^^^^^^^^^^^^^^^^^^^^^
  File "D:\an\envs\aigcxhs\Lib\site-packages\sklearn\base.py", line 1336, in wrapper
    return fit_method(estimator, *args, **kwargs)
           ^^^^^^^^^^^^^^^^^^^^^^^^^^^^^^^^^^^^^^
  File "D:\an\envs\aigcxhs\Lib\site-packages\sklearn\feature_extraction\text.py", line 1396, in fit_transform
    raise ValueError("max_df corresponds to < documents than min_df")
ValueError: max_df corresponds to < documents than min_df
2026-04-26 10:51:15,585 - INFO - Current Top3 Leaderboard:
2026-04-26 10:51:15,585 - INFO -   #1 k=5 d=3 nr=35 | score=0.8689 | coverage=0.7368 | diversity=0.9588 | entropy=0.9392 | discovered=34
2026-04-26 10:51:15,585 - INFO -   #2 k=5 d=8 nr=35 | score=0.8656 | coverage=0.7252 | diversity=0.9676 | entropy=0.9298 | discovered=34
2026-04-26 10:51:15,585 - INFO -   #3 k=5 d=8 nr=none | score=0.8629 | coverage=0.6952 | diversity=0.9686 | entropy=0.9617 | discovered=35
2026-04-26 10:51:15,586 - INFO - Run 61/147 | done=60 remain=87 ETA=23:56 | k=25 d=35 nr=none
2026-04-26 10:51:15,586 - INFO - Run k_25__d_35__nr_none | min_cluster_size=33 | min_samples=6
2026-04-26 10:51:15,586 - INFO - Run k_25__d_35__nr_none | stage=build_topic_model done | elapsed=00:00
2026-04-26 10:51:15,586 - INFO - Run k_25__d_35__nr_none | stage=fit_transform start (UMAP+HDBSCAN)
2026-04-26 10:51:34,269 - ERROR - Run failed | k=25 d=35 nr=none
Traceback (most recent call last):
  File "E:\document\PG\studio\content\bertopic_raw_sweep.py", line 422, in run_single_experiment
    topics, _ = topic_model.fit_transform(seg_texts, embeddings=embeddings)
                ^^^^^^^^^^^^^^^^^^^^^^^^^^^^^^^^^^^^^^^^^^^^^^^^^^^^^^^^^^^
  File "D:\an\envs\aigcxhs\Lib\site-packages\bertopic\_bertopic.py", line 520, in fit_transform
    self._extract_topics(
  File "D:\an\envs\aigcxhs\Lib\site-packages\bertopic\_bertopic.py", line 4204, in _extract_topics
    self.c_tf_idf_, words = self._c_tf_idf(documents_per_topic)
                            ^^^^^^^^^^^^^^^^^^^^^^^^^^^^^^^^^^^
  File "D:\an\envs\aigcxhs\Lib\site-packages\bertopic\_bertopic.py", line 4422, in _c_tf_idf
    X = self.vectorizer_model.fit_transform(documents)
        ^^^^^^^^^^^^^^^^^^^^^^^^^^^^^^^^^^^^^^^^^^^^^^
  File "D:\an\envs\aigcxhs\Lib\site-packages\sklearn\base.py", line 1336, in wrapper
    return fit_method(estimator, *args, **kwargs)
           ^^^^^^^^^^^^^^^^^^^^^^^^^^^^^^^^^^^^^^
  File "D:\an\envs\aigcxhs\Lib\site-packages\sklearn\feature_extraction\text.py", line 1396, in fit_transform
    raise ValueError("max_df corresponds to < documents than min_df")
ValueError: max_df corresponds to < documents than min_df
2026-04-26 10:51:34,283 - INFO - Run 62/147 | done=61 remain=86 ETA=23:43 | k=25 d=35 nr=25
2026-04-26 10:51:34,283 - INFO - Run k_25__d_35__nr_25 | min_cluster_size=40 | min_samples=8
2026-04-26 10:51:34,284 - INFO - Run k_25__d_35__nr_25 | stage=build_topic_model done | elapsed=00:00
2026-04-26 10:51:34,284 - INFO - Run k_25__d_35__nr_25 | stage=fit_transform start (UMAP+HDBSCAN)
2026-04-26 10:51:52,699 - ERROR - Run failed | k=25 d=35 nr=25
Traceback (most recent call last):
  File "E:\document\PG\studio\content\bertopic_raw_sweep.py", line 422, in run_single_experiment
    topics, _ = topic_model.fit_transform(seg_texts, embeddings=embeddings)
                ^^^^^^^^^^^^^^^^^^^^^^^^^^^^^^^^^^^^^^^^^^^^^^^^^^^^^^^^^^^
  File "D:\an\envs\aigcxhs\Lib\site-packages\bertopic\_bertopic.py", line 520, in fit_transform
    self._extract_topics(
  File "D:\an\envs\aigcxhs\Lib\site-packages\bertopic\_bertopic.py", line 4204, in _extract_topics
    self.c_tf_idf_, words = self._c_tf_idf(documents_per_topic)
                            ^^^^^^^^^^^^^^^^^^^^^^^^^^^^^^^^^^^
  File "D:\an\envs\aigcxhs\Lib\site-packages\bertopic\_bertopic.py", line 4422, in _c_tf_idf
    X = self.vectorizer_model.fit_transform(documents)
        ^^^^^^^^^^^^^^^^^^^^^^^^^^^^^^^^^^^^^^^^^^^^^^
  File "D:\an\envs\aigcxhs\Lib\site-packages\sklearn\base.py", line 1336, in wrapper
    return fit_method(estimator, *args, **kwargs)
           ^^^^^^^^^^^^^^^^^^^^^^^^^^^^^^^^^^^^^^
  File "D:\an\envs\aigcxhs\Lib\site-packages\sklearn\feature_extraction\text.py", line 1396, in fit_transform
    raise ValueError("max_df corresponds to < documents than min_df")
ValueError: max_df corresponds to < documents than min_df
2026-04-26 10:51:52,713 - INFO - Run 63/147 | done=62 remain=85 ETA=23:29 | k=25 d=35 nr=35
2026-04-26 10:51:52,713 - INFO - Run k_25__d_35__nr_35 | min_cluster_size=28 | min_samples=5
2026-04-26 10:51:52,714 - INFO - Run k_25__d_35__nr_35 | stage=build_topic_model done | elapsed=00:00
2026-04-26 10:51:52,714 - INFO - Run k_25__d_35__nr_35 | stage=fit_transform start (UMAP+HDBSCAN)
2026-04-26 10:52:10,998 - ERROR - Run failed | k=25 d=35 nr=35
Traceback (most recent call last):
  File "E:\document\PG\studio\content\bertopic_raw_sweep.py", line 422, in run_single_experiment
    topics, _ = topic_model.fit_transform(seg_texts, embeddings=embeddings)
                ^^^^^^^^^^^^^^^^^^^^^^^^^^^^^^^^^^^^^^^^^^^^^^^^^^^^^^^^^^^
  File "D:\an\envs\aigcxhs\Lib\site-packages\bertopic\_bertopic.py", line 520, in fit_transform
    self._extract_topics(
  File "D:\an\envs\aigcxhs\Lib\site-packages\bertopic\_bertopic.py", line 4204, in _extract_topics
    self.c_tf_idf_, words = self._c_tf_idf(documents_per_topic)
                            ^^^^^^^^^^^^^^^^^^^^^^^^^^^^^^^^^^^
  File "D:\an\envs\aigcxhs\Lib\site-packages\bertopic\_bertopic.py", line 4422, in _c_tf_idf
    X = self.vectorizer_model.fit_transform(documents)
        ^^^^^^^^^^^^^^^^^^^^^^^^^^^^^^^^^^^^^^^^^^^^^^
  File "D:\an\envs\aigcxhs\Lib\site-packages\sklearn\base.py", line 1336, in wrapper
    return fit_method(estimator, *args, **kwargs)
           ^^^^^^^^^^^^^^^^^^^^^^^^^^^^^^^^^^^^^^
  File "D:\an\envs\aigcxhs\Lib\site-packages\sklearn\feature_extraction\text.py", line 1396, in fit_transform
    raise ValueError("max_df corresponds to < documents than min_df")
ValueError: max_df corresponds to < documents than min_df
2026-04-26 10:52:11,009 - INFO - Run 64/147 | done=63 remain=84 ETA=23:15 | k=35 d=3 nr=none
2026-04-26 10:52:11,009 - INFO - Run k_35__d_3__nr_none | min_cluster_size=33 | min_samples=6
2026-04-26 10:52:11,009 - INFO - Run k_35__d_3__nr_none | stage=build_topic_model done | elapsed=00:00
2026-04-26 10:52:11,009 - INFO - Run k_35__d_3__nr_none | stage=fit_transform start (UMAP+HDBSCAN)
2026-04-26 10:52:27,252 - ERROR - Run failed | k=35 d=3 nr=none
Traceback (most recent call last):
  File "E:\document\PG\studio\content\bertopic_raw_sweep.py", line 422, in run_single_experiment
    topics, _ = topic_model.fit_transform(seg_texts, embeddings=embeddings)
                ^^^^^^^^^^^^^^^^^^^^^^^^^^^^^^^^^^^^^^^^^^^^^^^^^^^^^^^^^^^
  File "D:\an\envs\aigcxhs\Lib\site-packages\bertopic\_bertopic.py", line 520, in fit_transform
    self._extract_topics(
  File "D:\an\envs\aigcxhs\Lib\site-packages\bertopic\_bertopic.py", line 4204, in _extract_topics
    self.c_tf_idf_, words = self._c_tf_idf(documents_per_topic)
                            ^^^^^^^^^^^^^^^^^^^^^^^^^^^^^^^^^^^
  File "D:\an\envs\aigcxhs\Lib\site-packages\bertopic\_bertopic.py", line 4422, in _c_tf_idf
    X = self.vectorizer_model.fit_transform(documents)
        ^^^^^^^^^^^^^^^^^^^^^^^^^^^^^^^^^^^^^^^^^^^^^^
  File "D:\an\envs\aigcxhs\Lib\site-packages\sklearn\base.py", line 1336, in wrapper
    return fit_method(estimator, *args, **kwargs)
           ^^^^^^^^^^^^^^^^^^^^^^^^^^^^^^^^^^^^^^
  File "D:\an\envs\aigcxhs\Lib\site-packages\sklearn\feature_extraction\text.py", line 1396, in fit_transform
    raise ValueError("max_df corresponds to < documents than min_df")
ValueError: max_df corresponds to < documents than min_df
2026-04-26 10:52:27,265 - INFO - Run 65/147 | done=64 remain=83 ETA=22:57 | k=35 d=3 nr=25
2026-04-26 10:52:27,265 - INFO - Run k_35__d_3__nr_25 | min_cluster_size=40 | min_samples=8
2026-04-26 10:52:27,266 - INFO - Run k_35__d_3__nr_25 | stage=build_topic_model done | elapsed=00:00
2026-04-26 10:52:27,266 - INFO - Run k_35__d_3__nr_25 | stage=fit_transform start (UMAP+HDBSCAN)
2026-04-26 10:52:43,716 - ERROR - Run failed | k=35 d=3 nr=25
Traceback (most recent call last):
  File "E:\document\PG\studio\content\bertopic_raw_sweep.py", line 422, in run_single_experiment
    topics, _ = topic_model.fit_transform(seg_texts, embeddings=embeddings)
                ^^^^^^^^^^^^^^^^^^^^^^^^^^^^^^^^^^^^^^^^^^^^^^^^^^^^^^^^^^^
  File "D:\an\envs\aigcxhs\Lib\site-packages\bertopic\_bertopic.py", line 520, in fit_transform
    self._extract_topics(
  File "D:\an\envs\aigcxhs\Lib\site-packages\bertopic\_bertopic.py", line 4204, in _extract_topics
    self.c_tf_idf_, words = self._c_tf_idf(documents_per_topic)
                            ^^^^^^^^^^^^^^^^^^^^^^^^^^^^^^^^^^^
  File "D:\an\envs\aigcxhs\Lib\site-packages\bertopic\_bertopic.py", line 4422, in _c_tf_idf
    X = self.vectorizer_model.fit_transform(documents)
        ^^^^^^^^^^^^^^^^^^^^^^^^^^^^^^^^^^^^^^^^^^^^^^
  File "D:\an\envs\aigcxhs\Lib\site-packages\sklearn\base.py", line 1336, in wrapper
    return fit_method(estimator, *args, **kwargs)
           ^^^^^^^^^^^^^^^^^^^^^^^^^^^^^^^^^^^^^^
  File "D:\an\envs\aigcxhs\Lib\site-packages\sklearn\feature_extraction\text.py", line 1396, in fit_transform
    raise ValueError("max_df corresponds to < documents than min_df")
ValueError: max_df corresponds to < documents than min_df
2026-04-26 10:52:43,729 - INFO - Current Top3 Leaderboard:
2026-04-26 10:52:43,729 - INFO -   #1 k=5 d=3 nr=35 | score=0.8689 | coverage=0.7368 | diversity=0.9588 | entropy=0.9392 | discovered=34
2026-04-26 10:52:43,729 - INFO -   #2 k=5 d=8 nr=35 | score=0.8656 | coverage=0.7252 | diversity=0.9676 | entropy=0.9298 | discovered=34
2026-04-26 10:52:43,729 - INFO -   #3 k=5 d=8 nr=none | score=0.8629 | coverage=0.6952 | diversity=0.9686 | entropy=0.9617 | discovered=35
2026-04-26 10:52:43,729 - INFO - Run 66/147 | done=65 remain=82 ETA=22:41 | k=35 d=3 nr=35
2026-04-26 10:52:43,729 - INFO - Run k_35__d_3__nr_35 | min_cluster_size=28 | min_samples=5
2026-04-26 10:52:43,731 - INFO - Run k_35__d_3__nr_35 | stage=build_topic_model done | elapsed=00:00
2026-04-26 10:52:43,731 - INFO - Run k_35__d_3__nr_35 | stage=fit_transform start (UMAP+HDBSCAN)
2026-04-26 10:53:01,419 - INFO - Run k_35__d_3__nr_35 | stage=fit_transform done | elapsed=00:17
2026-04-26 10:53:01,421 - INFO - Run k_35__d_3__nr_35 | stage=metrics done | elapsed=00:00
2026-04-26 10:53:01,423 - INFO - Run k_35__d_3__nr_35 | stage=save_outputs done | elapsed=00:00
2026-04-26 10:53:01,423 - INFO - Run k_35__d_3__nr_35 | finished | total_elapsed=00:17
2026-04-26 10:53:01,434 - INFO - Run 67/147 | done=66 remain=81 ETA=22:25 | k=35 d=5 nr=none
2026-04-26 10:53:01,434 - INFO - Run k_35__d_5__nr_none | min_cluster_size=33 | min_samples=6
2026-04-26 10:53:01,435 - INFO - Run k_35__d_5__nr_none | stage=build_topic_model done | elapsed=00:00
2026-04-26 10:53:01,435 - INFO - Run k_35__d_5__nr_none | stage=fit_transform start (UMAP+HDBSCAN)
2026-04-26 10:53:18,729 - INFO - Run k_35__d_5__nr_none | stage=fit_transform done | elapsed=00:17
2026-04-26 10:53:18,733 - INFO - Run k_35__d_5__nr_none | stage=metrics done | elapsed=00:00
2026-04-26 10:53:18,733 - INFO - Run k_35__d_5__nr_none | stage=save_outputs done | elapsed=00:00
2026-04-26 10:53:18,733 - INFO - Run k_35__d_5__nr_none | finished | total_elapsed=00:17
2026-04-26 10:53:18,741 - INFO - Run 68/147 | done=67 remain=80 ETA=22:10 | k=35 d=5 nr=25
2026-04-26 10:53:18,741 - INFO - Run k_35__d_5__nr_25 | min_cluster_size=40 | min_samples=8
2026-04-26 10:53:18,742 - INFO - Run k_35__d_5__nr_25 | stage=build_topic_model done | elapsed=00:00
2026-04-26 10:53:18,742 - INFO - Run k_35__d_5__nr_25 | stage=fit_transform start (UMAP+HDBSCAN)
2026-04-26 10:53:36,853 - INFO - Run k_35__d_5__nr_25 | stage=fit_transform done | elapsed=00:18
2026-04-26 10:53:36,858 - INFO - Run k_35__d_5__nr_25 | stage=metrics done | elapsed=00:00
2026-04-26 10:53:36,858 - INFO - Run k_35__d_5__nr_25 | stage=save_outputs done | elapsed=00:00
2026-04-26 10:53:36,858 - INFO - Run k_35__d_5__nr_25 | finished | total_elapsed=00:18
2026-04-26 10:53:36,871 - INFO - Run 69/147 | done=68 remain=79 ETA=21:55 | k=35 d=5 nr=35
2026-04-26 10:53:36,871 - INFO - Run k_35__d_5__nr_35 | min_cluster_size=28 | min_samples=5
2026-04-26 10:53:36,871 - INFO - Run k_35__d_5__nr_35 | stage=build_topic_model done | elapsed=00:00
2026-04-26 10:53:36,873 - INFO - Run k_35__d_5__nr_35 | stage=fit_transform start (UMAP+HDBSCAN)
2026-04-26 10:53:55,323 - INFO - Run k_35__d_5__nr_35 | stage=fit_transform done | elapsed=00:18
2026-04-26 10:53:55,326 - INFO - Run k_35__d_5__nr_35 | stage=metrics done | elapsed=00:00
2026-04-26 10:53:55,326 - INFO - Run k_35__d_5__nr_35 | stage=save_outputs done | elapsed=00:00
2026-04-26 10:53:55,326 - INFO - Run k_35__d_5__nr_35 | finished | total_elapsed=00:18
2026-04-26 10:53:55,337 - INFO - Run 70/147 | done=69 remain=78 ETA=21:40 | k=35 d=8 nr=none
2026-04-26 10:53:55,339 - INFO - Run k_35__d_8__nr_none | min_cluster_size=33 | min_samples=6
2026-04-26 10:53:55,339 - INFO - Run k_35__d_8__nr_none | stage=build_topic_model done | elapsed=00:00
2026-04-26 10:53:55,339 - INFO - Run k_35__d_8__nr_none | stage=fit_transform start (UMAP+HDBSCAN)
2026-04-26 10:54:12,871 - INFO - Run k_35__d_8__nr_none | stage=fit_transform done | elapsed=00:17
2026-04-26 10:54:12,874 - INFO - Run k_35__d_8__nr_none | stage=metrics done | elapsed=00:00
2026-04-26 10:54:12,874 - INFO - Run k_35__d_8__nr_none | stage=save_outputs done | elapsed=00:00
2026-04-26 10:54:12,874 - INFO - Run k_35__d_8__nr_none | finished | total_elapsed=00:17
2026-04-26 10:54:12,885 - INFO - Current Top3 Leaderboard:
2026-04-26 10:54:12,886 - INFO -   #1 k=5 d=3 nr=35 | score=0.8689 | coverage=0.7368 | diversity=0.9588 | entropy=0.9392 | discovered=34
2026-04-26 10:54:12,886 - INFO -   #2 k=5 d=8 nr=35 | score=0.8656 | coverage=0.7252 | diversity=0.9676 | entropy=0.9298 | discovered=34
2026-04-26 10:54:12,886 - INFO -   #3 k=5 d=8 nr=none | score=0.8629 | coverage=0.6952 | diversity=0.9686 | entropy=0.9617 | discovered=35
2026-04-26 10:54:12,886 - INFO - Run 71/147 | done=70 remain=77 ETA=21:24 | k=35 d=8 nr=25
2026-04-26 10:54:12,886 - INFO - Run k_35__d_8__nr_25 | min_cluster_size=40 | min_samples=8
2026-04-26 10:54:12,886 - INFO - Run k_35__d_8__nr_25 | stage=build_topic_model done | elapsed=00:00
2026-04-26 10:54:12,887 - INFO - Run k_35__d_8__nr_25 | stage=fit_transform start (UMAP+HDBSCAN)
2026-04-26 10:54:29,560 - ERROR - Run failed | k=35 d=8 nr=25
Traceback (most recent call last):
  File "E:\document\PG\studio\content\bertopic_raw_sweep.py", line 422, in run_single_experiment
    topics, _ = topic_model.fit_transform(seg_texts, embeddings=embeddings)
                ^^^^^^^^^^^^^^^^^^^^^^^^^^^^^^^^^^^^^^^^^^^^^^^^^^^^^^^^^^^
  File "D:\an\envs\aigcxhs\Lib\site-packages\bertopic\_bertopic.py", line 520, in fit_transform
    self._extract_topics(
  File "D:\an\envs\aigcxhs\Lib\site-packages\bertopic\_bertopic.py", line 4204, in _extract_topics
    self.c_tf_idf_, words = self._c_tf_idf(documents_per_topic)
                            ^^^^^^^^^^^^^^^^^^^^^^^^^^^^^^^^^^^
  File "D:\an\envs\aigcxhs\Lib\site-packages\bertopic\_bertopic.py", line 4422, in _c_tf_idf
    X = self.vectorizer_model.fit_transform(documents)
        ^^^^^^^^^^^^^^^^^^^^^^^^^^^^^^^^^^^^^^^^^^^^^^
  File "D:\an\envs\aigcxhs\Lib\site-packages\sklearn\base.py", line 1336, in wrapper
    return fit_method(estimator, *args, **kwargs)
           ^^^^^^^^^^^^^^^^^^^^^^^^^^^^^^^^^^^^^^
  File "D:\an\envs\aigcxhs\Lib\site-packages\sklearn\feature_extraction\text.py", line 1396, in fit_transform
    raise ValueError("max_df corresponds to < documents than min_df")
ValueError: max_df corresponds to < documents than min_df
2026-04-26 10:54:29,574 - INFO - Run 72/147 | done=71 remain=76 ETA=21:08 | k=35 d=8 nr=35
2026-04-26 10:54:29,574 - INFO - Run k_35__d_8__nr_35 | min_cluster_size=28 | min_samples=5
2026-04-26 10:54:29,574 - INFO - Run k_35__d_8__nr_35 | stage=build_topic_model done | elapsed=00:00
2026-04-26 10:54:29,574 - INFO - Run k_35__d_8__nr_35 | stage=fit_transform start (UMAP+HDBSCAN)
2026-04-26 10:54:47,556 - INFO - Run k_35__d_8__nr_35 | stage=fit_transform done | elapsed=00:17
2026-04-26 10:54:47,559 - INFO - Run k_35__d_8__nr_35 | stage=metrics done | elapsed=00:00
2026-04-26 10:54:47,559 - INFO - Run k_35__d_8__nr_35 | stage=save_outputs done | elapsed=00:00
2026-04-26 10:54:47,559 - INFO - Run k_35__d_8__nr_35 | finished | total_elapsed=00:17
2026-04-26 10:54:47,569 - INFO - Run 73/147 | done=72 remain=75 ETA=20:52 | k=35 d=12 nr=none
2026-04-26 10:54:47,569 - INFO - Run k_35__d_12__nr_none | min_cluster_size=33 | min_samples=6
2026-04-26 10:54:47,570 - INFO - Run k_35__d_12__nr_none | stage=build_topic_model done | elapsed=00:00
2026-04-26 10:54:47,570 - INFO - Run k_35__d_12__nr_none | stage=fit_transform start (UMAP+HDBSCAN)
2026-04-26 10:55:05,260 - INFO - Run k_35__d_12__nr_none | stage=fit_transform done | elapsed=00:17
2026-04-26 10:55:05,263 - INFO - Run k_35__d_12__nr_none | stage=metrics done | elapsed=00:00
2026-04-26 10:55:05,263 - INFO - Run k_35__d_12__nr_none | stage=save_outputs done | elapsed=00:00
2026-04-26 10:55:05,263 - INFO - Run k_35__d_12__nr_none | finished | total_elapsed=00:17
2026-04-26 10:55:05,276 - INFO - Run 74/147 | done=73 remain=74 ETA=20:37 | k=35 d=12 nr=25
2026-04-26 10:55:05,276 - INFO - Run k_35__d_12__nr_25 | min_cluster_size=40 | min_samples=8
2026-04-26 10:55:05,277 - INFO - Run k_35__d_12__nr_25 | stage=build_topic_model done | elapsed=00:00
2026-04-26 10:55:05,277 - INFO - Run k_35__d_12__nr_25 | stage=fit_transform start (UMAP+HDBSCAN)
2026-04-26 10:55:23,807 - INFO - Run k_35__d_12__nr_25 | stage=fit_transform done | elapsed=00:18
2026-04-26 10:55:23,812 - INFO - Run k_35__d_12__nr_25 | stage=metrics done | elapsed=00:00
2026-04-26 10:55:23,812 - INFO - Run k_35__d_12__nr_25 | stage=save_outputs done | elapsed=00:00
2026-04-26 10:55:23,812 - INFO - Run k_35__d_12__nr_25 | finished | total_elapsed=00:18
2026-04-26 10:55:23,821 - INFO - Run 75/147 | done=74 remain=73 ETA=20:22 | k=35 d=12 nr=35
2026-04-26 10:55:23,822 - INFO - Run k_35__d_12__nr_35 | min_cluster_size=28 | min_samples=5
2026-04-26 10:55:23,822 - INFO - Run k_35__d_12__nr_35 | stage=build_topic_model done | elapsed=00:00
2026-04-26 10:55:23,822 - INFO - Run k_35__d_12__nr_35 | stage=fit_transform start (UMAP+HDBSCAN)
2026-04-26 10:55:41,253 - ERROR - Run failed | k=35 d=12 nr=35
Traceback (most recent call last):
  File "E:\document\PG\studio\content\bertopic_raw_sweep.py", line 422, in run_single_experiment
    topics, _ = topic_model.fit_transform(seg_texts, embeddings=embeddings)
                ^^^^^^^^^^^^^^^^^^^^^^^^^^^^^^^^^^^^^^^^^^^^^^^^^^^^^^^^^^^
  File "D:\an\envs\aigcxhs\Lib\site-packages\bertopic\_bertopic.py", line 520, in fit_transform
    self._extract_topics(
  File "D:\an\envs\aigcxhs\Lib\site-packages\bertopic\_bertopic.py", line 4204, in _extract_topics
    self.c_tf_idf_, words = self._c_tf_idf(documents_per_topic)
                            ^^^^^^^^^^^^^^^^^^^^^^^^^^^^^^^^^^^
  File "D:\an\envs\aigcxhs\Lib\site-packages\bertopic\_bertopic.py", line 4422, in _c_tf_idf
    X = self.vectorizer_model.fit_transform(documents)
        ^^^^^^^^^^^^^^^^^^^^^^^^^^^^^^^^^^^^^^^^^^^^^^
  File "D:\an\envs\aigcxhs\Lib\site-packages\sklearn\base.py", line 1336, in wrapper
    return fit_method(estimator, *args, **kwargs)
           ^^^^^^^^^^^^^^^^^^^^^^^^^^^^^^^^^^^^^^
  File "D:\an\envs\aigcxhs\Lib\site-packages\sklearn\feature_extraction\text.py", line 1396, in fit_transform
    raise ValueError("max_df corresponds to < documents than min_df")
ValueError: max_df corresponds to < documents than min_df
2026-04-26 10:55:41,266 - INFO - Current Top3 Leaderboard:
2026-04-26 10:55:41,266 - INFO -   #1 k=5 d=3 nr=35 | score=0.8689 | coverage=0.7368 | diversity=0.9588 | entropy=0.9392 | discovered=34
2026-04-26 10:55:41,266 - INFO -   #2 k=5 d=8 nr=35 | score=0.8656 | coverage=0.7252 | diversity=0.9676 | entropy=0.9298 | discovered=34
2026-04-26 10:55:41,266 - INFO -   #3 k=5 d=8 nr=none | score=0.8629 | coverage=0.6952 | diversity=0.9686 | entropy=0.9617 | discovered=35
2026-04-26 10:55:41,267 - INFO - Run 76/147 | done=75 remain=72 ETA=20:06 | k=35 d=18 nr=none
2026-04-26 10:55:41,267 - INFO - Run k_35__d_18__nr_none | min_cluster_size=33 | min_samples=6
2026-04-26 10:55:41,267 - INFO - Run k_35__d_18__nr_none | stage=build_topic_model done | elapsed=00:00
2026-04-26 10:55:41,267 - INFO - Run k_35__d_18__nr_none | stage=fit_transform start (UMAP+HDBSCAN)
2026-04-26 10:55:58,888 - ERROR - Run failed | k=35 d=18 nr=none
Traceback (most recent call last):
  File "E:\document\PG\studio\content\bertopic_raw_sweep.py", line 422, in run_single_experiment
    topics, _ = topic_model.fit_transform(seg_texts, embeddings=embeddings)
                ^^^^^^^^^^^^^^^^^^^^^^^^^^^^^^^^^^^^^^^^^^^^^^^^^^^^^^^^^^^
  File "D:\an\envs\aigcxhs\Lib\site-packages\bertopic\_bertopic.py", line 520, in fit_transform
    self._extract_topics(
  File "D:\an\envs\aigcxhs\Lib\site-packages\bertopic\_bertopic.py", line 4204, in _extract_topics
    self.c_tf_idf_, words = self._c_tf_idf(documents_per_topic)
                            ^^^^^^^^^^^^^^^^^^^^^^^^^^^^^^^^^^^
  File "D:\an\envs\aigcxhs\Lib\site-packages\bertopic\_bertopic.py", line 4422, in _c_tf_idf
    X = self.vectorizer_model.fit_transform(documents)
        ^^^^^^^^^^^^^^^^^^^^^^^^^^^^^^^^^^^^^^^^^^^^^^
  File "D:\an\envs\aigcxhs\Lib\site-packages\sklearn\base.py", line 1336, in wrapper
    return fit_method(estimator, *args, **kwargs)
           ^^^^^^^^^^^^^^^^^^^^^^^^^^^^^^^^^^^^^^
  File "D:\an\envs\aigcxhs\Lib\site-packages\sklearn\feature_extraction\text.py", line 1396, in fit_transform
    raise ValueError("max_df corresponds to < documents than min_df")
ValueError: max_df corresponds to < documents than min_df
2026-04-26 10:55:58,903 - INFO - Run 77/147 | done=76 remain=71 ETA=19:50 | k=35 d=18 nr=25
2026-04-26 10:55:58,903 - INFO - Run k_35__d_18__nr_25 | min_cluster_size=40 | min_samples=8
2026-04-26 10:55:58,903 - INFO - Run k_35__d_18__nr_25 | stage=build_topic_model done | elapsed=00:00
2026-04-26 10:55:58,903 - INFO - Run k_35__d_18__nr_25 | stage=fit_transform start (UMAP+HDBSCAN)
2026-04-26 10:56:16,329 - ERROR - Run failed | k=35 d=18 nr=25
Traceback (most recent call last):
  File "E:\document\PG\studio\content\bertopic_raw_sweep.py", line 422, in run_single_experiment
    topics, _ = topic_model.fit_transform(seg_texts, embeddings=embeddings)
                ^^^^^^^^^^^^^^^^^^^^^^^^^^^^^^^^^^^^^^^^^^^^^^^^^^^^^^^^^^^
  File "D:\an\envs\aigcxhs\Lib\site-packages\bertopic\_bertopic.py", line 520, in fit_transform
    self._extract_topics(
  File "D:\an\envs\aigcxhs\Lib\site-packages\bertopic\_bertopic.py", line 4204, in _extract_topics
    self.c_tf_idf_, words = self._c_tf_idf(documents_per_topic)
                            ^^^^^^^^^^^^^^^^^^^^^^^^^^^^^^^^^^^
  File "D:\an\envs\aigcxhs\Lib\site-packages\bertopic\_bertopic.py", line 4422, in _c_tf_idf
    X = self.vectorizer_model.fit_transform(documents)
        ^^^^^^^^^^^^^^^^^^^^^^^^^^^^^^^^^^^^^^^^^^^^^^
  File "D:\an\envs\aigcxhs\Lib\site-packages\sklearn\base.py", line 1336, in wrapper
    return fit_method(estimator, *args, **kwargs)
           ^^^^^^^^^^^^^^^^^^^^^^^^^^^^^^^^^^^^^^
  File "D:\an\envs\aigcxhs\Lib\site-packages\sklearn\feature_extraction\text.py", line 1396, in fit_transform
    raise ValueError("max_df corresponds to < documents than min_df")
ValueError: max_df corresponds to < documents than min_df
2026-04-26 10:56:16,340 - INFO - Run 78/147 | done=77 remain=70 ETA=19:34 | k=35 d=18 nr=35
2026-04-26 10:56:16,340 - INFO - Run k_35__d_18__nr_35 | min_cluster_size=28 | min_samples=5
2026-04-26 10:56:16,340 - INFO - Run k_35__d_18__nr_35 | stage=build_topic_model done | elapsed=00:00
2026-04-26 10:56:16,340 - INFO - Run k_35__d_18__nr_35 | stage=fit_transform start (UMAP+HDBSCAN)
2026-04-26 10:56:34,043 - ERROR - Run failed | k=35 d=18 nr=35
Traceback (most recent call last):
  File "E:\document\PG\studio\content\bertopic_raw_sweep.py", line 422, in run_single_experiment
    topics, _ = topic_model.fit_transform(seg_texts, embeddings=embeddings)
                ^^^^^^^^^^^^^^^^^^^^^^^^^^^^^^^^^^^^^^^^^^^^^^^^^^^^^^^^^^^
  File "D:\an\envs\aigcxhs\Lib\site-packages\bertopic\_bertopic.py", line 520, in fit_transform
    self._extract_topics(
  File "D:\an\envs\aigcxhs\Lib\site-packages\bertopic\_bertopic.py", line 4204, in _extract_topics
    self.c_tf_idf_, words = self._c_tf_idf(documents_per_topic)
                            ^^^^^^^^^^^^^^^^^^^^^^^^^^^^^^^^^^^
  File "D:\an\envs\aigcxhs\Lib\site-packages\bertopic\_bertopic.py", line 4422, in _c_tf_idf
    X = self.vectorizer_model.fit_transform(documents)
        ^^^^^^^^^^^^^^^^^^^^^^^^^^^^^^^^^^^^^^^^^^^^^^
  File "D:\an\envs\aigcxhs\Lib\site-packages\sklearn\base.py", line 1336, in wrapper
    return fit_method(estimator, *args, **kwargs)
           ^^^^^^^^^^^^^^^^^^^^^^^^^^^^^^^^^^^^^^
  File "D:\an\envs\aigcxhs\Lib\site-packages\sklearn\feature_extraction\text.py", line 1396, in fit_transform
    raise ValueError("max_df corresponds to < documents than min_df")
ValueError: max_df corresponds to < documents than min_df
2026-04-26 10:56:34,055 - INFO - Run 79/147 | done=78 remain=69 ETA=19:18 | k=35 d=25 nr=none
2026-04-26 10:56:34,055 - INFO - Run k_35__d_25__nr_none | min_cluster_size=33 | min_samples=6
2026-04-26 10:56:34,055 - INFO - Run k_35__d_25__nr_none | stage=build_topic_model done | elapsed=00:00
2026-04-26 10:56:34,056 - INFO - Run k_35__d_25__nr_none | stage=fit_transform start (UMAP+HDBSCAN)
2026-04-26 10:56:52,013 - INFO - Run k_35__d_25__nr_none | stage=fit_transform done | elapsed=00:17
2026-04-26 10:56:52,016 - INFO - Run k_35__d_25__nr_none | stage=metrics done | elapsed=00:00
2026-04-26 10:56:52,016 - INFO - Run k_35__d_25__nr_none | stage=save_outputs done | elapsed=00:00
2026-04-26 10:56:52,016 - INFO - Run k_35__d_25__nr_none | finished | total_elapsed=00:17
2026-04-26 10:56:52,027 - INFO - Run 80/147 | done=79 remain=68 ETA=19:02 | k=35 d=25 nr=25
2026-04-26 10:56:52,027 - INFO - Run k_35__d_25__nr_25 | min_cluster_size=40 | min_samples=8
2026-04-26 10:56:52,027 - INFO - Run k_35__d_25__nr_25 | stage=build_topic_model done | elapsed=00:00
2026-04-26 10:56:52,028 - INFO - Run k_35__d_25__nr_25 | stage=fit_transform start (UMAP+HDBSCAN)
2026-04-26 10:57:11,294 - INFO - Run k_35__d_25__nr_25 | stage=fit_transform done | elapsed=00:19
2026-04-26 10:57:11,296 - INFO - Run k_35__d_25__nr_25 | stage=metrics done | elapsed=00:00
2026-04-26 10:57:11,297 - INFO - Run k_35__d_25__nr_25 | stage=save_outputs done | elapsed=00:00
2026-04-26 10:57:11,297 - INFO - Run k_35__d_25__nr_25 | finished | total_elapsed=00:19
2026-04-26 10:57:11,310 - INFO - Current Top3 Leaderboard:
2026-04-26 10:57:11,311 - INFO -   #1 k=5 d=3 nr=35 | score=0.8689 | coverage=0.7368 | diversity=0.9588 | entropy=0.9392 | discovered=34
2026-04-26 10:57:11,311 - INFO -   #2 k=5 d=8 nr=35 | score=0.8656 | coverage=0.7252 | diversity=0.9676 | entropy=0.9298 | discovered=34
2026-04-26 10:57:11,311 - INFO -   #3 k=5 d=8 nr=none | score=0.8629 | coverage=0.6952 | diversity=0.9686 | entropy=0.9617 | discovered=35
2026-04-26 10:57:11,311 - INFO - Run 81/147 | done=80 remain=67 ETA=18:47 | k=35 d=25 nr=35
2026-04-26 10:57:11,311 - INFO - Run k_35__d_25__nr_35 | min_cluster_size=28 | min_samples=5
2026-04-26 10:57:11,312 - INFO - Run k_35__d_25__nr_35 | stage=build_topic_model done | elapsed=00:00
2026-04-26 10:57:11,312 - INFO - Run k_35__d_25__nr_35 | stage=fit_transform start (UMAP+HDBSCAN)
2026-04-26 10:57:30,324 - INFO - Run k_35__d_25__nr_35 | stage=fit_transform done | elapsed=00:19
2026-04-26 10:57:30,327 - INFO - Run k_35__d_25__nr_35 | stage=metrics done | elapsed=00:00
2026-04-26 10:57:30,328 - INFO - Run k_35__d_25__nr_35 | stage=save_outputs done | elapsed=00:00
2026-04-26 10:57:30,328 - INFO - Run k_35__d_25__nr_35 | finished | total_elapsed=00:19
2026-04-26 10:57:30,338 - INFO - Run 82/147 | done=81 remain=66 ETA=18:32 | k=35 d=35 nr=none
2026-04-26 10:57:30,338 - INFO - Run k_35__d_35__nr_none | min_cluster_size=33 | min_samples=6
2026-04-26 10:57:30,338 - INFO - Run k_35__d_35__nr_none | stage=build_topic_model done | elapsed=00:00
2026-04-26 10:57:30,338 - INFO - Run k_35__d_35__nr_none | stage=fit_transform start (UMAP+HDBSCAN)
2026-04-26 10:57:49,488 - INFO - Run k_35__d_35__nr_none | stage=fit_transform done | elapsed=00:19
2026-04-26 10:57:49,490 - INFO - Run k_35__d_35__nr_none | stage=metrics done | elapsed=00:00
2026-04-26 10:57:49,491 - INFO - Run k_35__d_35__nr_none | stage=save_outputs done | elapsed=00:00
2026-04-26 10:57:49,491 - INFO - Run k_35__d_35__nr_none | finished | total_elapsed=00:19
2026-04-26 10:57:49,502 - INFO - Run 83/147 | done=82 remain=65 ETA=18:17 | k=35 d=35 nr=25
2026-04-26 10:57:49,503 - INFO - Run k_35__d_35__nr_25 | min_cluster_size=40 | min_samples=8
2026-04-26 10:57:49,503 - INFO - Run k_35__d_35__nr_25 | stage=build_topic_model done | elapsed=00:00
2026-04-26 10:57:49,503 - INFO - Run k_35__d_35__nr_25 | stage=fit_transform start (UMAP+HDBSCAN)
2026-04-26 10:58:09,264 - INFO - Run k_35__d_35__nr_25 | stage=fit_transform done | elapsed=00:19
2026-04-26 10:58:09,266 - INFO - Run k_35__d_35__nr_25 | stage=metrics done | elapsed=00:00
2026-04-26 10:58:09,266 - INFO - Run k_35__d_35__nr_25 | stage=save_outputs done | elapsed=00:00
2026-04-26 10:58:09,266 - INFO - Run k_35__d_35__nr_25 | finished | total_elapsed=00:19
2026-04-26 10:58:09,279 - INFO - Run 84/147 | done=83 remain=64 ETA=18:02 | k=35 d=35 nr=35
2026-04-26 10:58:09,279 - INFO - Run k_35__d_35__nr_35 | min_cluster_size=28 | min_samples=5
2026-04-26 10:58:09,279 - INFO - Run k_35__d_35__nr_35 | stage=build_topic_model done | elapsed=00:00
2026-04-26 10:58:09,279 - INFO - Run k_35__d_35__nr_35 | stage=fit_transform start (UMAP+HDBSCAN)
2026-04-26 10:58:29,749 - INFO - Run k_35__d_35__nr_35 | stage=fit_transform done | elapsed=00:20
2026-04-26 10:58:29,752 - INFO - Run k_35__d_35__nr_35 | stage=metrics done | elapsed=00:00
2026-04-26 10:58:29,752 - INFO - Run k_35__d_35__nr_35 | stage=save_outputs done | elapsed=00:00
2026-04-26 10:58:29,752 - INFO - Run k_35__d_35__nr_35 | finished | total_elapsed=00:20
2026-04-26 10:58:29,763 - INFO - Run 85/147 | done=84 remain=63 ETA=17:48 | k=50 d=3 nr=none
2026-04-26 10:58:29,764 - INFO - Run k_50__d_3__nr_none | min_cluster_size=33 | min_samples=6
2026-04-26 10:58:29,765 - INFO - Run k_50__d_3__nr_none | stage=build_topic_model done | elapsed=00:00
2026-04-26 10:58:29,765 - INFO - Run k_50__d_3__nr_none | stage=fit_transform start (UMAP+HDBSCAN)
2026-04-26 10:58:47,295 - INFO - Run k_50__d_3__nr_none | stage=fit_transform done | elapsed=00:17
2026-04-26 10:58:47,298 - INFO - Run k_50__d_3__nr_none | stage=metrics done | elapsed=00:00
2026-04-26 10:58:47,299 - INFO - Run k_50__d_3__nr_none | stage=save_outputs done | elapsed=00:00
2026-04-26 10:58:47,299 - INFO - Run k_50__d_3__nr_none | finished | total_elapsed=00:17
2026-04-26 10:58:47,308 - INFO - Current Top3 Leaderboard:
2026-04-26 10:58:47,308 - INFO -   #1 k=5 d=3 nr=35 | score=0.8689 | coverage=0.7368 | diversity=0.9588 | entropy=0.9392 | discovered=34
2026-04-26 10:58:47,308 - INFO -   #2 k=5 d=8 nr=35 | score=0.8656 | coverage=0.7252 | diversity=0.9676 | entropy=0.9298 | discovered=34
2026-04-26 10:58:47,308 - INFO -   #3 k=5 d=8 nr=none | score=0.8629 | coverage=0.6952 | diversity=0.9686 | entropy=0.9617 | discovered=35
2026-04-26 10:58:47,308 - INFO - Run 86/147 | done=85 remain=62 ETA=17:32 | k=50 d=3 nr=25
2026-04-26 10:58:47,309 - INFO - Run k_50__d_3__nr_25 | min_cluster_size=40 | min_samples=8
2026-04-26 10:58:47,309 - INFO - Run k_50__d_3__nr_25 | stage=build_topic_model done | elapsed=00:00
2026-04-26 10:58:47,309 - INFO - Run k_50__d_3__nr_25 | stage=fit_transform start (UMAP+HDBSCAN)
2026-04-26 10:59:05,393 - INFO - Run k_50__d_3__nr_25 | stage=fit_transform done | elapsed=00:18
2026-04-26 10:59:05,395 - INFO - Run k_50__d_3__nr_25 | stage=metrics done | elapsed=00:00
2026-04-26 10:59:05,396 - INFO - Run k_50__d_3__nr_25 | stage=save_outputs done | elapsed=00:00
2026-04-26 10:59:05,396 - INFO - Run k_50__d_3__nr_25 | finished | total_elapsed=00:18
2026-04-26 10:59:05,406 - INFO - Run 87/147 | done=86 remain=61 ETA=17:15 | k=50 d=3 nr=35
2026-04-26 10:59:05,406 - INFO - Run k_50__d_3__nr_35 | min_cluster_size=28 | min_samples=5
2026-04-26 10:59:05,406 - INFO - Run k_50__d_3__nr_35 | stage=build_topic_model done | elapsed=00:00
2026-04-26 10:59:05,406 - INFO - Run k_50__d_3__nr_35 | stage=fit_transform start (UMAP+HDBSCAN)
2026-04-26 10:59:24,179 - INFO - Run k_50__d_3__nr_35 | stage=fit_transform done | elapsed=00:18
2026-04-26 10:59:24,181 - INFO - Run k_50__d_3__nr_35 | stage=metrics done | elapsed=00:00
2026-04-26 10:59:24,181 - INFO - Run k_50__d_3__nr_35 | stage=save_outputs done | elapsed=00:00
2026-04-26 10:59:24,182 - INFO - Run k_50__d_3__nr_35 | finished | total_elapsed=00:18
2026-04-26 10:59:24,193 - INFO - Run 88/147 | done=87 remain=60 ETA=17:00 | k=50 d=5 nr=none
2026-04-26 10:59:24,193 - INFO - Run k_50__d_5__nr_none | min_cluster_size=33 | min_samples=6
2026-04-26 10:59:24,194 - INFO - Run k_50__d_5__nr_none | stage=build_topic_model done | elapsed=00:00
2026-04-26 10:59:24,194 - INFO - Run k_50__d_5__nr_none | stage=fit_transform start (UMAP+HDBSCAN)
2026-04-26 10:59:42,145 - INFO - Run k_50__d_5__nr_none | stage=fit_transform done | elapsed=00:17
2026-04-26 10:59:42,148 - INFO - Run k_50__d_5__nr_none | stage=metrics done | elapsed=00:00
2026-04-26 10:59:42,148 - INFO - Run k_50__d_5__nr_none | stage=save_outputs done | elapsed=00:00
2026-04-26 10:59:42,148 - INFO - Run k_50__d_5__nr_none | finished | total_elapsed=00:17
2026-04-26 10:59:42,157 - INFO - Run 89/147 | done=88 remain=59 ETA=16:43 | k=50 d=5 nr=25
2026-04-26 10:59:42,158 - INFO - Run k_50__d_5__nr_25 | min_cluster_size=40 | min_samples=8
2026-04-26 10:59:42,158 - INFO - Run k_50__d_5__nr_25 | stage=build_topic_model done | elapsed=00:00
2026-04-26 10:59:42,158 - INFO - Run k_50__d_5__nr_25 | stage=fit_transform start (UMAP+HDBSCAN)
2026-04-26 11:00:00,997 - INFO - Run k_50__d_5__nr_25 | stage=fit_transform done | elapsed=00:18
2026-04-26 11:00:01,000 - INFO - Run k_50__d_5__nr_25 | stage=metrics done | elapsed=00:00
2026-04-26 11:00:01,000 - INFO - Run k_50__d_5__nr_25 | stage=save_outputs done | elapsed=00:00
2026-04-26 11:00:01,001 - INFO - Run k_50__d_5__nr_25 | finished | total_elapsed=00:18
2026-04-26 11:00:01,009 - INFO - Run 90/147 | done=89 remain=58 ETA=16:27 | k=50 d=5 nr=35
2026-04-26 11:00:01,010 - INFO - Run k_50__d_5__nr_35 | min_cluster_size=28 | min_samples=5
2026-04-26 11:00:01,010 - INFO - Run k_50__d_5__nr_35 | stage=build_topic_model done | elapsed=00:00
2026-04-26 11:00:01,010 - INFO - Run k_50__d_5__nr_35 | stage=fit_transform start (UMAP+HDBSCAN)
2026-04-26 11:00:20,233 - INFO - Run k_50__d_5__nr_35 | stage=fit_transform done | elapsed=00:19
2026-04-26 11:00:20,236 - INFO - Run k_50__d_5__nr_35 | stage=metrics done | elapsed=00:00
2026-04-26 11:00:20,236 - INFO - Run k_50__d_5__nr_35 | stage=save_outputs done | elapsed=00:00
2026-04-26 11:00:20,236 - INFO - Run k_50__d_5__nr_35 | finished | total_elapsed=00:19
2026-04-26 11:00:20,247 - INFO - Current Top3 Leaderboard:
2026-04-26 11:00:20,247 - INFO -   #1 k=5 d=3 nr=35 | score=0.8689 | coverage=0.7368 | diversity=0.9588 | entropy=0.9392 | discovered=34
2026-04-26 11:00:20,248 - INFO -   #2 k=5 d=8 nr=35 | score=0.8656 | coverage=0.7252 | diversity=0.9676 | entropy=0.9298 | discovered=34
2026-04-26 11:00:20,248 - INFO -   #3 k=5 d=8 nr=none | score=0.8629 | coverage=0.6952 | diversity=0.9686 | entropy=0.9617 | discovered=35
2026-04-26 11:00:20,248 - INFO - Run 91/147 | done=90 remain=57 ETA=16:12 | k=50 d=8 nr=none
2026-04-26 11:00:20,248 - INFO - Run k_50__d_8__nr_none | min_cluster_size=33 | min_samples=6
2026-04-26 11:00:20,248 - INFO - Run k_50__d_8__nr_none | stage=build_topic_model done | elapsed=00:00
2026-04-26 11:00:20,248 - INFO - Run k_50__d_8__nr_none | stage=fit_transform start (UMAP+HDBSCAN)
2026-04-26 11:00:37,499 - ERROR - Run failed | k=50 d=8 nr=none
Traceback (most recent call last):
  File "E:\document\PG\studio\content\bertopic_raw_sweep.py", line 422, in run_single_experiment
    topics, _ = topic_model.fit_transform(seg_texts, embeddings=embeddings)
                ^^^^^^^^^^^^^^^^^^^^^^^^^^^^^^^^^^^^^^^^^^^^^^^^^^^^^^^^^^^
  File "D:\an\envs\aigcxhs\Lib\site-packages\bertopic\_bertopic.py", line 520, in fit_transform
    self._extract_topics(
  File "D:\an\envs\aigcxhs\Lib\site-packages\bertopic\_bertopic.py", line 4204, in _extract_topics
    self.c_tf_idf_, words = self._c_tf_idf(documents_per_topic)
                            ^^^^^^^^^^^^^^^^^^^^^^^^^^^^^^^^^^^
  File "D:\an\envs\aigcxhs\Lib\site-packages\bertopic\_bertopic.py", line 4422, in _c_tf_idf
    X = self.vectorizer_model.fit_transform(documents)
        ^^^^^^^^^^^^^^^^^^^^^^^^^^^^^^^^^^^^^^^^^^^^^^
  File "D:\an\envs\aigcxhs\Lib\site-packages\sklearn\base.py", line 1336, in wrapper
    return fit_method(estimator, *args, **kwargs)
           ^^^^^^^^^^^^^^^^^^^^^^^^^^^^^^^^^^^^^^
  File "D:\an\envs\aigcxhs\Lib\site-packages\sklearn\feature_extraction\text.py", line 1396, in fit_transform
    raise ValueError("max_df corresponds to < documents than min_df")
ValueError: max_df corresponds to < documents than min_df
2026-04-26 11:00:37,512 - INFO - Run 92/147 | done=91 remain=56 ETA=15:55 | k=50 d=8 nr=25
2026-04-26 11:00:37,512 - INFO - Run k_50__d_8__nr_25 | min_cluster_size=40 | min_samples=8
2026-04-26 11:00:37,512 - INFO - Run k_50__d_8__nr_25 | stage=build_topic_model done | elapsed=00:00
2026-04-26 11:00:37,512 - INFO - Run k_50__d_8__nr_25 | stage=fit_transform start (UMAP+HDBSCAN)
2026-04-26 11:00:56,044 - INFO - Run k_50__d_8__nr_25 | stage=fit_transform done | elapsed=00:18
2026-04-26 11:00:56,046 - INFO - Run k_50__d_8__nr_25 | stage=metrics done | elapsed=00:00
2026-04-26 11:00:56,047 - INFO - Run k_50__d_8__nr_25 | stage=save_outputs done | elapsed=00:00
2026-04-26 11:00:56,047 - INFO - Run k_50__d_8__nr_25 | finished | total_elapsed=00:18
2026-04-26 11:00:56,057 - INFO - Run 93/147 | done=92 remain=55 ETA=15:39 | k=50 d=8 nr=35
2026-04-26 11:00:56,057 - INFO - Run k_50__d_8__nr_35 | min_cluster_size=28 | min_samples=5
2026-04-26 11:00:56,058 - INFO - Run k_50__d_8__nr_35 | stage=build_topic_model done | elapsed=00:00
2026-04-26 11:00:56,058 - INFO - Run k_50__d_8__nr_35 | stage=fit_transform start (UMAP+HDBSCAN)
2026-04-26 11:01:14,932 - INFO - Run k_50__d_8__nr_35 | stage=fit_transform done | elapsed=00:18
2026-04-26 11:01:14,935 - INFO - Run k_50__d_8__nr_35 | stage=metrics done | elapsed=00:00
2026-04-26 11:01:14,936 - INFO - Run k_50__d_8__nr_35 | stage=save_outputs done | elapsed=00:00
2026-04-26 11:01:14,936 - INFO - Run k_50__d_8__nr_35 | finished | total_elapsed=00:18
2026-04-26 11:01:14,948 - INFO - Run 94/147 | done=93 remain=54 ETA=15:23 | k=50 d=12 nr=none
2026-04-26 11:01:14,948 - INFO - Run k_50__d_12__nr_none | min_cluster_size=33 | min_samples=6
2026-04-26 11:01:14,948 - INFO - Run k_50__d_12__nr_none | stage=build_topic_model done | elapsed=00:00
2026-04-26 11:01:14,949 - INFO - Run k_50__d_12__nr_none | stage=fit_transform start (UMAP+HDBSCAN)
2026-04-26 11:01:33,175 - INFO - Run k_50__d_12__nr_none | stage=fit_transform done | elapsed=00:18
2026-04-26 11:01:33,179 - INFO - Run k_50__d_12__nr_none | stage=metrics done | elapsed=00:00
2026-04-26 11:01:33,179 - INFO - Run k_50__d_12__nr_none | stage=save_outputs done | elapsed=00:00
2026-04-26 11:01:33,179 - INFO - Run k_50__d_12__nr_none | finished | total_elapsed=00:18
2026-04-26 11:01:33,189 - INFO - Run 95/147 | done=94 remain=53 ETA=15:06 | k=50 d=12 nr=25
2026-04-26 11:01:33,189 - INFO - Run k_50__d_12__nr_25 | min_cluster_size=40 | min_samples=8
2026-04-26 11:01:33,190 - INFO - Run k_50__d_12__nr_25 | stage=build_topic_model done | elapsed=00:00
2026-04-26 11:01:33,190 - INFO - Run k_50__d_12__nr_25 | stage=fit_transform start (UMAP+HDBSCAN)
2026-04-26 11:01:52,001 - INFO - Run k_50__d_12__nr_25 | stage=fit_transform done | elapsed=00:18
2026-04-26 11:01:52,005 - INFO - Run k_50__d_12__nr_25 | stage=metrics done | elapsed=00:00
2026-04-26 11:01:52,005 - INFO - Run k_50__d_12__nr_25 | stage=save_outputs done | elapsed=00:00
2026-04-26 11:01:52,005 - INFO - Run k_50__d_12__nr_25 | finished | total_elapsed=00:18
2026-04-26 11:01:52,018 - INFO - Current Top3 Leaderboard:
2026-04-26 11:01:52,018 - INFO -   #1 k=5 d=3 nr=35 | score=0.8689 | coverage=0.7368 | diversity=0.9588 | entropy=0.9392 | discovered=34
2026-04-26 11:01:52,019 - INFO -   #2 k=5 d=8 nr=35 | score=0.8656 | coverage=0.7252 | diversity=0.9676 | entropy=0.9298 | discovered=34
2026-04-26 11:01:52,019 - INFO -   #3 k=5 d=8 nr=none | score=0.8629 | coverage=0.6952 | diversity=0.9686 | entropy=0.9617 | discovered=35
2026-04-26 11:01:52,019 - INFO - Run 96/147 | done=95 remain=52 ETA=14:50 | k=50 d=12 nr=35
2026-04-26 11:01:52,019 - INFO - Run k_50__d_12__nr_35 | min_cluster_size=28 | min_samples=5
2026-04-26 11:01:52,019 - INFO - Run k_50__d_12__nr_35 | stage=build_topic_model done | elapsed=00:00
2026-04-26 11:01:52,019 - INFO - Run k_50__d_12__nr_35 | stage=fit_transform start (UMAP+HDBSCAN)
2026-04-26 11:02:11,188 - INFO - Run k_50__d_12__nr_35 | stage=fit_transform done | elapsed=00:19
2026-04-26 11:02:11,193 - INFO - Run k_50__d_12__nr_35 | stage=metrics done | elapsed=00:00
2026-04-26 11:02:11,193 - INFO - Run k_50__d_12__nr_35 | stage=save_outputs done | elapsed=00:00
2026-04-26 11:02:11,194 - INFO - Run k_50__d_12__nr_35 | finished | total_elapsed=00:19
2026-04-26 11:02:11,205 - INFO - Run 97/147 | done=96 remain=51 ETA=14:34 | k=50 d=18 nr=none
2026-04-26 11:02:11,205 - INFO - Run k_50__d_18__nr_none | min_cluster_size=33 | min_samples=6
2026-04-26 11:02:11,205 - INFO - Run k_50__d_18__nr_none | stage=build_topic_model done | elapsed=00:00
2026-04-26 11:02:11,206 - INFO - Run k_50__d_18__nr_none | stage=fit_transform start (UMAP+HDBSCAN)
2026-04-26 11:02:29,894 - INFO - Run k_50__d_18__nr_none | stage=fit_transform done | elapsed=00:18
2026-04-26 11:02:29,896 - INFO - Run k_50__d_18__nr_none | stage=metrics done | elapsed=00:00
2026-04-26 11:02:29,897 - INFO - Run k_50__d_18__nr_none | stage=save_outputs done | elapsed=00:00
2026-04-26 11:02:29,897 - INFO - Run k_50__d_18__nr_none | finished | total_elapsed=00:18
2026-04-26 11:02:29,908 - INFO - Run 98/147 | done=97 remain=50 ETA=14:18 | k=50 d=18 nr=25
2026-04-26 11:02:29,908 - INFO - Run k_50__d_18__nr_25 | min_cluster_size=40 | min_samples=8
2026-04-26 11:02:29,908 - INFO - Run k_50__d_18__nr_25 | stage=build_topic_model done | elapsed=00:00
2026-04-26 11:02:29,908 - INFO - Run k_50__d_18__nr_25 | stage=fit_transform start (UMAP+HDBSCAN)
2026-04-26 11:02:49,246 - INFO - Run k_50__d_18__nr_25 | stage=fit_transform done | elapsed=00:19
2026-04-26 11:02:49,249 - INFO - Run k_50__d_18__nr_25 | stage=metrics done | elapsed=00:00
2026-04-26 11:02:49,249 - INFO - Run k_50__d_18__nr_25 | stage=save_outputs done | elapsed=00:00
2026-04-26 11:02:49,249 - INFO - Run k_50__d_18__nr_25 | finished | total_elapsed=00:19
2026-04-26 11:02:49,262 - INFO - Run 99/147 | done=98 remain=49 ETA=14:02 | k=50 d=18 nr=35
2026-04-26 11:02:49,263 - INFO - Run k_50__d_18__nr_35 | min_cluster_size=28 | min_samples=5
2026-04-26 11:02:49,263 - INFO - Run k_50__d_18__nr_35 | stage=build_topic_model done | elapsed=00:00
2026-04-26 11:02:49,263 - INFO - Run k_50__d_18__nr_35 | stage=fit_transform start (UMAP+HDBSCAN)
2026-04-26 11:03:08,738 - INFO - Run k_50__d_18__nr_35 | stage=fit_transform done | elapsed=00:19
2026-04-26 11:03:08,740 - INFO - Run k_50__d_18__nr_35 | stage=metrics done | elapsed=00:00
2026-04-26 11:03:08,741 - INFO - Run k_50__d_18__nr_35 | stage=save_outputs done | elapsed=00:00
2026-04-26 11:03:08,741 - INFO - Run k_50__d_18__nr_35 | finished | total_elapsed=00:19
2026-04-26 11:03:08,753 - INFO - Run 100/147 | done=99 remain=48 ETA=13:45 | k=50 d=25 nr=none
2026-04-26 11:03:08,754 - INFO - Run k_50__d_25__nr_none | min_cluster_size=33 | min_samples=6
2026-04-26 11:03:08,754 - INFO - Run k_50__d_25__nr_none | stage=build_topic_model done | elapsed=00:00
2026-04-26 11:03:08,754 - INFO - Run k_50__d_25__nr_none | stage=fit_transform start (UMAP+HDBSCAN)
2026-04-26 11:03:27,570 - INFO - Run k_50__d_25__nr_none | stage=fit_transform done | elapsed=00:18
2026-04-26 11:03:27,573 - INFO - Run k_50__d_25__nr_none | stage=metrics done | elapsed=00:00
2026-04-26 11:03:27,574 - INFO - Run k_50__d_25__nr_none | stage=save_outputs done | elapsed=00:00
2026-04-26 11:03:27,574 - INFO - Run k_50__d_25__nr_none | finished | total_elapsed=00:18
2026-04-26 11:03:27,587 - INFO - Current Top3 Leaderboard:
2026-04-26 11:03:27,587 - INFO -   #1 k=5 d=3 nr=35 | score=0.8689 | coverage=0.7368 | diversity=0.9588 | entropy=0.9392 | discovered=34
2026-04-26 11:03:27,587 - INFO -   #2 k=5 d=8 nr=35 | score=0.8656 | coverage=0.7252 | diversity=0.9676 | entropy=0.9298 | discovered=34
2026-04-26 11:03:27,587 - INFO -   #3 k=5 d=8 nr=none | score=0.8629 | coverage=0.6952 | diversity=0.9686 | entropy=0.9617 | discovered=35
2026-04-26 11:03:27,587 - INFO - Run 101/147 | done=100 remain=47 ETA=13:29 | k=50 d=25 nr=25
2026-04-26 11:03:27,588 - INFO - Run k_50__d_25__nr_25 | min_cluster_size=40 | min_samples=8
2026-04-26 11:03:27,588 - INFO - Run k_50__d_25__nr_25 | stage=build_topic_model done | elapsed=00:00
2026-04-26 11:03:27,588 - INFO - Run k_50__d_25__nr_25 | stage=fit_transform start (UMAP+HDBSCAN)
2026-04-26 11:03:46,857 - INFO - Run k_50__d_25__nr_25 | stage=fit_transform done | elapsed=00:19
2026-04-26 11:03:46,860 - INFO - Run k_50__d_25__nr_25 | stage=metrics done | elapsed=00:00
2026-04-26 11:03:46,860 - INFO - Run k_50__d_25__nr_25 | stage=save_outputs done | elapsed=00:00
2026-04-26 11:03:46,860 - INFO - Run k_50__d_25__nr_25 | finished | total_elapsed=00:19
2026-04-26 11:03:46,872 - INFO - Run 102/147 | done=101 remain=46 ETA=13:13 | k=50 d=25 nr=35
2026-04-26 11:03:46,872 - INFO - Run k_50__d_25__nr_35 | min_cluster_size=28 | min_samples=5
2026-04-26 11:03:46,872 - INFO - Run k_50__d_25__nr_35 | stage=build_topic_model done | elapsed=00:00
2026-04-26 11:03:46,872 - INFO - Run k_50__d_25__nr_35 | stage=fit_transform start (UMAP+HDBSCAN)
2026-04-26 11:04:05,520 - ERROR - Run failed | k=50 d=25 nr=35
Traceback (most recent call last):
  File "E:\document\PG\studio\content\bertopic_raw_sweep.py", line 422, in run_single_experiment
    topics, _ = topic_model.fit_transform(seg_texts, embeddings=embeddings)
                ^^^^^^^^^^^^^^^^^^^^^^^^^^^^^^^^^^^^^^^^^^^^^^^^^^^^^^^^^^^
  File "D:\an\envs\aigcxhs\Lib\site-packages\bertopic\_bertopic.py", line 520, in fit_transform
    self._extract_topics(
  File "D:\an\envs\aigcxhs\Lib\site-packages\bertopic\_bertopic.py", line 4204, in _extract_topics
    self.c_tf_idf_, words = self._c_tf_idf(documents_per_topic)
                            ^^^^^^^^^^^^^^^^^^^^^^^^^^^^^^^^^^^
  File "D:\an\envs\aigcxhs\Lib\site-packages\bertopic\_bertopic.py", line 4422, in _c_tf_idf
    X = self.vectorizer_model.fit_transform(documents)
        ^^^^^^^^^^^^^^^^^^^^^^^^^^^^^^^^^^^^^^^^^^^^^^
  File "D:\an\envs\aigcxhs\Lib\site-packages\sklearn\base.py", line 1336, in wrapper
    return fit_method(estimator, *args, **kwargs)
           ^^^^^^^^^^^^^^^^^^^^^^^^^^^^^^^^^^^^^^
  File "D:\an\envs\aigcxhs\Lib\site-packages\sklearn\feature_extraction\text.py", line 1396, in fit_transform
    raise ValueError("max_df corresponds to < documents than min_df")
ValueError: max_df corresponds to < documents than min_df
2026-04-26 11:04:05,534 - INFO - Run 103/147 | done=102 remain=45 ETA=12:56 | k=50 d=35 nr=none
2026-04-26 11:04:05,535 - INFO - Run k_50__d_35__nr_none | min_cluster_size=33 | min_samples=6
2026-04-26 11:04:05,535 - INFO - Run k_50__d_35__nr_none | stage=build_topic_model done | elapsed=00:00
2026-04-26 11:04:05,535 - INFO - Run k_50__d_35__nr_none | stage=fit_transform start (UMAP+HDBSCAN)
2026-04-26 11:04:25,527 - INFO - Run k_50__d_35__nr_none | stage=fit_transform done | elapsed=00:19
2026-04-26 11:04:25,530 - INFO - Run k_50__d_35__nr_none | stage=metrics done | elapsed=00:00
2026-04-26 11:04:25,530 - INFO - Run k_50__d_35__nr_none | stage=save_outputs done | elapsed=00:00
2026-04-26 11:04:25,530 - INFO - Run k_50__d_35__nr_none | finished | total_elapsed=00:19
2026-04-26 11:04:25,540 - INFO - Run 104/147 | done=103 remain=44 ETA=12:40 | k=50 d=35 nr=25
2026-04-26 11:04:25,541 - INFO - Run k_50__d_35__nr_25 | min_cluster_size=40 | min_samples=8
2026-04-26 11:04:25,541 - INFO - Run k_50__d_35__nr_25 | stage=build_topic_model done | elapsed=00:00
2026-04-26 11:04:25,541 - INFO - Run k_50__d_35__nr_25 | stage=fit_transform start (UMAP+HDBSCAN)
2026-04-26 11:04:46,072 - INFO - Run k_50__d_35__nr_25 | stage=fit_transform done | elapsed=00:20
2026-04-26 11:04:46,074 - INFO - Run k_50__d_35__nr_25 | stage=metrics done | elapsed=00:00
2026-04-26 11:04:46,074 - INFO - Run k_50__d_35__nr_25 | stage=save_outputs done | elapsed=00:00
2026-04-26 11:04:46,074 - INFO - Run k_50__d_35__nr_25 | finished | total_elapsed=00:20
2026-04-26 11:04:46,085 - INFO - Run 105/147 | done=104 remain=43 ETA=12:24 | k=50 d=35 nr=35
2026-04-26 11:04:46,085 - INFO - Run k_50__d_35__nr_35 | min_cluster_size=28 | min_samples=5
2026-04-26 11:04:46,086 - INFO - Run k_50__d_35__nr_35 | stage=build_topic_model done | elapsed=00:00
2026-04-26 11:04:46,086 - INFO - Run k_50__d_35__nr_35 | stage=fit_transform start (UMAP+HDBSCAN)
2026-04-26 11:05:07,166 - INFO - Run k_50__d_35__nr_35 | stage=fit_transform done | elapsed=00:21
2026-04-26 11:05:07,169 - INFO - Run k_50__d_35__nr_35 | stage=metrics done | elapsed=00:00
2026-04-26 11:05:07,169 - INFO - Run k_50__d_35__nr_35 | stage=save_outputs done | elapsed=00:00
2026-04-26 11:05:07,169 - INFO - Run k_50__d_35__nr_35 | finished | total_elapsed=00:21
2026-04-26 11:05:07,179 - INFO - Current Top3 Leaderboard:
2026-04-26 11:05:07,179 - INFO -   #1 k=5 d=3 nr=35 | score=0.8689 | coverage=0.7368 | diversity=0.9588 | entropy=0.9392 | discovered=34
2026-04-26 11:05:07,180 - INFO -   #2 k=5 d=8 nr=35 | score=0.8656 | coverage=0.7252 | diversity=0.9676 | entropy=0.9298 | discovered=34
2026-04-26 11:05:07,180 - INFO -   #3 k=5 d=8 nr=none | score=0.8629 | coverage=0.6952 | diversity=0.9686 | entropy=0.9617 | discovered=35
2026-04-26 11:05:07,180 - INFO - Run 106/147 | done=105 remain=42 ETA=12:08 | k=70 d=3 nr=none
2026-04-26 11:05:07,180 - INFO - Run k_70__d_3__nr_none | min_cluster_size=33 | min_samples=6
2026-04-26 11:05:07,180 - INFO - Run k_70__d_3__nr_none | stage=build_topic_model done | elapsed=00:00
2026-04-26 11:05:07,181 - INFO - Run k_70__d_3__nr_none | stage=fit_transform start (UMAP+HDBSCAN)
2026-04-26 11:05:24,866 - INFO - Run k_70__d_3__nr_none | stage=fit_transform done | elapsed=00:17
2026-04-26 11:05:24,869 - INFO - Run k_70__d_3__nr_none | stage=metrics done | elapsed=00:00
2026-04-26 11:05:24,870 - INFO - Run k_70__d_3__nr_none | stage=save_outputs done | elapsed=00:00
2026-04-26 11:05:24,870 - INFO - Run k_70__d_3__nr_none | finished | total_elapsed=00:17
2026-04-26 11:05:24,884 - INFO - Run 107/147 | done=106 remain=41 ETA=11:51 | k=70 d=3 nr=25
2026-04-26 11:05:24,885 - INFO - Run k_70__d_3__nr_25 | min_cluster_size=40 | min_samples=8
2026-04-26 11:05:24,885 - INFO - Run k_70__d_3__nr_25 | stage=build_topic_model done | elapsed=00:00
2026-04-26 11:05:24,885 - INFO - Run k_70__d_3__nr_25 | stage=fit_transform start (UMAP+HDBSCAN)
2026-04-26 11:05:43,241 - INFO - Run k_70__d_3__nr_25 | stage=fit_transform done | elapsed=00:18
2026-04-26 11:05:43,244 - INFO - Run k_70__d_3__nr_25 | stage=metrics done | elapsed=00:00
2026-04-26 11:05:43,244 - INFO - Run k_70__d_3__nr_25 | stage=save_outputs done | elapsed=00:00
2026-04-26 11:05:43,244 - INFO - Run k_70__d_3__nr_25 | finished | total_elapsed=00:18
2026-04-26 11:05:43,255 - INFO - Run 108/147 | done=107 remain=40 ETA=11:34 | k=70 d=3 nr=35
2026-04-26 11:05:43,255 - INFO - Run k_70__d_3__nr_35 | min_cluster_size=28 | min_samples=5
2026-04-26 11:05:43,256 - INFO - Run k_70__d_3__nr_35 | stage=build_topic_model done | elapsed=00:00
2026-04-26 11:05:43,257 - INFO - Run k_70__d_3__nr_35 | stage=fit_transform start (UMAP+HDBSCAN)
2026-04-26 11:06:02,383 - INFO - Run k_70__d_3__nr_35 | stage=fit_transform done | elapsed=00:19
2026-04-26 11:06:02,387 - INFO - Run k_70__d_3__nr_35 | stage=metrics done | elapsed=00:00
2026-04-26 11:06:02,388 - INFO - Run k_70__d_3__nr_35 | stage=save_outputs done | elapsed=00:00
2026-04-26 11:06:02,388 - INFO - Run k_70__d_3__nr_35 | finished | total_elapsed=00:19
2026-04-26 11:06:02,399 - INFO - Run 109/147 | done=108 remain=39 ETA=11:17 | k=70 d=5 nr=none
2026-04-26 11:06:02,399 - INFO - Run k_70__d_5__nr_none | min_cluster_size=33 | min_samples=6
2026-04-26 11:06:02,399 - INFO - Run k_70__d_5__nr_none | stage=build_topic_model done | elapsed=00:00
2026-04-26 11:06:02,399 - INFO - Run k_70__d_5__nr_none | stage=fit_transform start (UMAP+HDBSCAN)
2026-04-26 11:06:20,996 - ERROR - Run failed | k=70 d=5 nr=none
Traceback (most recent call last):
  File "E:\document\PG\studio\content\bertopic_raw_sweep.py", line 422, in run_single_experiment
    topics, _ = topic_model.fit_transform(seg_texts, embeddings=embeddings)
                ^^^^^^^^^^^^^^^^^^^^^^^^^^^^^^^^^^^^^^^^^^^^^^^^^^^^^^^^^^^
  File "D:\an\envs\aigcxhs\Lib\site-packages\bertopic\_bertopic.py", line 520, in fit_transform
    self._extract_topics(
  File "D:\an\envs\aigcxhs\Lib\site-packages\bertopic\_bertopic.py", line 4204, in _extract_topics
    self.c_tf_idf_, words = self._c_tf_idf(documents_per_topic)
                            ^^^^^^^^^^^^^^^^^^^^^^^^^^^^^^^^^^^
  File "D:\an\envs\aigcxhs\Lib\site-packages\bertopic\_bertopic.py", line 4422, in _c_tf_idf
    X = self.vectorizer_model.fit_transform(documents)
        ^^^^^^^^^^^^^^^^^^^^^^^^^^^^^^^^^^^^^^^^^^^^^^
  File "D:\an\envs\aigcxhs\Lib\site-packages\sklearn\base.py", line 1336, in wrapper
    return fit_method(estimator, *args, **kwargs)
           ^^^^^^^^^^^^^^^^^^^^^^^^^^^^^^^^^^^^^^
  File "D:\an\envs\aigcxhs\Lib\site-packages\sklearn\feature_extraction\text.py", line 1396, in fit_transform
    raise ValueError("max_df corresponds to < documents than min_df")
ValueError: max_df corresponds to < documents than min_df
2026-04-26 11:06:21,010 - INFO - Run 110/147 | done=109 remain=38 ETA=11:00 | k=70 d=5 nr=25
2026-04-26 11:06:21,010 - INFO - Run k_70__d_5__nr_25 | min_cluster_size=40 | min_samples=8
2026-04-26 11:06:21,010 - INFO - Run k_70__d_5__nr_25 | stage=build_topic_model done | elapsed=00:00
2026-04-26 11:06:21,011 - INFO - Run k_70__d_5__nr_25 | stage=fit_transform start (UMAP+HDBSCAN)
2026-04-26 11:06:39,686 - ERROR - Run failed | k=70 d=5 nr=25
Traceback (most recent call last):
  File "E:\document\PG\studio\content\bertopic_raw_sweep.py", line 422, in run_single_experiment
    topics, _ = topic_model.fit_transform(seg_texts, embeddings=embeddings)
                ^^^^^^^^^^^^^^^^^^^^^^^^^^^^^^^^^^^^^^^^^^^^^^^^^^^^^^^^^^^
  File "D:\an\envs\aigcxhs\Lib\site-packages\bertopic\_bertopic.py", line 520, in fit_transform
    self._extract_topics(
  File "D:\an\envs\aigcxhs\Lib\site-packages\bertopic\_bertopic.py", line 4204, in _extract_topics
    self.c_tf_idf_, words = self._c_tf_idf(documents_per_topic)
                            ^^^^^^^^^^^^^^^^^^^^^^^^^^^^^^^^^^^
  File "D:\an\envs\aigcxhs\Lib\site-packages\bertopic\_bertopic.py", line 4422, in _c_tf_idf
    X = self.vectorizer_model.fit_transform(documents)
        ^^^^^^^^^^^^^^^^^^^^^^^^^^^^^^^^^^^^^^^^^^^^^^
  File "D:\an\envs\aigcxhs\Lib\site-packages\sklearn\base.py", line 1336, in wrapper
    return fit_method(estimator, *args, **kwargs)
           ^^^^^^^^^^^^^^^^^^^^^^^^^^^^^^^^^^^^^^
  File "D:\an\envs\aigcxhs\Lib\site-packages\sklearn\feature_extraction\text.py", line 1396, in fit_transform
    raise ValueError("max_df corresponds to < documents than min_df")
ValueError: max_df corresponds to < documents than min_df
2026-04-26 11:06:39,703 - INFO - Current Top3 Leaderboard:
2026-04-26 11:06:39,703 - INFO -   #1 k=5 d=3 nr=35 | score=0.8689 | coverage=0.7368 | diversity=0.9588 | entropy=0.9392 | discovered=34
2026-04-26 11:06:39,703 - INFO -   #2 k=5 d=8 nr=35 | score=0.8656 | coverage=0.7252 | diversity=0.9676 | entropy=0.9298 | discovered=34
2026-04-26 11:06:39,703 - INFO -   #3 k=5 d=8 nr=none | score=0.8629 | coverage=0.6952 | diversity=0.9686 | entropy=0.9617 | discovered=35
2026-04-26 11:06:39,703 - INFO - Run 111/147 | done=110 remain=37 ETA=10:43 | k=70 d=5 nr=35
2026-04-26 11:06:39,704 - INFO - Run k_70__d_5__nr_35 | min_cluster_size=28 | min_samples=5
2026-04-26 11:06:39,704 - INFO - Run k_70__d_5__nr_35 | stage=build_topic_model done | elapsed=00:00
2026-04-26 11:06:39,704 - INFO - Run k_70__d_5__nr_35 | stage=fit_transform start (UMAP+HDBSCAN)
2026-04-26 11:06:57,979 - ERROR - Run failed | k=70 d=5 nr=35
Traceback (most recent call last):
  File "E:\document\PG\studio\content\bertopic_raw_sweep.py", line 422, in run_single_experiment
    topics, _ = topic_model.fit_transform(seg_texts, embeddings=embeddings)
                ^^^^^^^^^^^^^^^^^^^^^^^^^^^^^^^^^^^^^^^^^^^^^^^^^^^^^^^^^^^
  File "D:\an\envs\aigcxhs\Lib\site-packages\bertopic\_bertopic.py", line 520, in fit_transform
    self._extract_topics(
  File "D:\an\envs\aigcxhs\Lib\site-packages\bertopic\_bertopic.py", line 4204, in _extract_topics
    self.c_tf_idf_, words = self._c_tf_idf(documents_per_topic)
                            ^^^^^^^^^^^^^^^^^^^^^^^^^^^^^^^^^^^
  File "D:\an\envs\aigcxhs\Lib\site-packages\bertopic\_bertopic.py", line 4422, in _c_tf_idf
    X = self.vectorizer_model.fit_transform(documents)
        ^^^^^^^^^^^^^^^^^^^^^^^^^^^^^^^^^^^^^^^^^^^^^^
  File "D:\an\envs\aigcxhs\Lib\site-packages\sklearn\base.py", line 1336, in wrapper
    return fit_method(estimator, *args, **kwargs)
           ^^^^^^^^^^^^^^^^^^^^^^^^^^^^^^^^^^^^^^
  File "D:\an\envs\aigcxhs\Lib\site-packages\sklearn\feature_extraction\text.py", line 1396, in fit_transform
    raise ValueError("max_df corresponds to < documents than min_df")
ValueError: max_df corresponds to < documents than min_df
2026-04-26 11:06:57,995 - INFO - Run 112/147 | done=111 remain=36 ETA=10:26 | k=70 d=8 nr=none
2026-04-26 11:06:57,995 - INFO - Run k_70__d_8__nr_none | min_cluster_size=33 | min_samples=6
2026-04-26 11:06:57,996 - INFO - Run k_70__d_8__nr_none | stage=build_topic_model done | elapsed=00:00
2026-04-26 11:06:57,996 - INFO - Run k_70__d_8__nr_none | stage=fit_transform start (UMAP+HDBSCAN)
2026-04-26 11:07:16,863 - INFO - Run k_70__d_8__nr_none | stage=fit_transform done | elapsed=00:18
2026-04-26 11:07:16,866 - INFO - Run k_70__d_8__nr_none | stage=metrics done | elapsed=00:00
2026-04-26 11:07:16,867 - INFO - Run k_70__d_8__nr_none | stage=save_outputs done | elapsed=00:00
2026-04-26 11:07:16,867 - INFO - Run k_70__d_8__nr_none | finished | total_elapsed=00:18
2026-04-26 11:07:16,878 - INFO - Run 113/147 | done=112 remain=35 ETA=10:09 | k=70 d=8 nr=25
2026-04-26 11:07:16,878 - INFO - Run k_70__d_8__nr_25 | min_cluster_size=40 | min_samples=8
2026-04-26 11:07:16,879 - INFO - Run k_70__d_8__nr_25 | stage=build_topic_model done | elapsed=00:00
2026-04-26 11:07:16,879 - INFO - Run k_70__d_8__nr_25 | stage=fit_transform start (UMAP+HDBSCAN)
2026-04-26 11:07:36,457 - INFO - Run k_70__d_8__nr_25 | stage=fit_transform done | elapsed=00:19
2026-04-26 11:07:36,459 - INFO - Run k_70__d_8__nr_25 | stage=metrics done | elapsed=00:00
2026-04-26 11:07:36,459 - INFO - Run k_70__d_8__nr_25 | stage=save_outputs done | elapsed=00:00
2026-04-26 11:07:36,459 - INFO - Run k_70__d_8__nr_25 | finished | total_elapsed=00:19
2026-04-26 11:07:36,473 - INFO - Run 114/147 | done=113 remain=34 ETA=09:53 | k=70 d=8 nr=35
2026-04-26 11:07:36,473 - INFO - Run k_70__d_8__nr_35 | min_cluster_size=28 | min_samples=5
2026-04-26 11:07:36,474 - INFO - Run k_70__d_8__nr_35 | stage=build_topic_model done | elapsed=00:00
2026-04-26 11:07:36,474 - INFO - Run k_70__d_8__nr_35 | stage=fit_transform start (UMAP+HDBSCAN)
2026-04-26 11:07:55,535 - INFO - Run k_70__d_8__nr_35 | stage=fit_transform done | elapsed=00:19
2026-04-26 11:07:55,538 - INFO - Run k_70__d_8__nr_35 | stage=metrics done | elapsed=00:00
2026-04-26 11:07:55,538 - INFO - Run k_70__d_8__nr_35 | stage=save_outputs done | elapsed=00:00
2026-04-26 11:07:55,538 - INFO - Run k_70__d_8__nr_35 | finished | total_elapsed=00:19
2026-04-26 11:07:55,551 - INFO - Run 115/147 | done=114 remain=33 ETA=09:36 | k=70 d=12 nr=none
2026-04-26 11:07:55,552 - INFO - Run k_70__d_12__nr_none | min_cluster_size=33 | min_samples=6
2026-04-26 11:07:55,552 - INFO - Run k_70__d_12__nr_none | stage=build_topic_model done | elapsed=00:00
2026-04-26 11:07:55,552 - INFO - Run k_70__d_12__nr_none | stage=fit_transform start (UMAP+HDBSCAN)
2026-04-26 11:08:14,366 - INFO - Run k_70__d_12__nr_none | stage=fit_transform done | elapsed=00:18
2026-04-26 11:08:14,369 - INFO - Run k_70__d_12__nr_none | stage=metrics done | elapsed=00:00
2026-04-26 11:08:14,370 - INFO - Run k_70__d_12__nr_none | stage=save_outputs done | elapsed=00:00
2026-04-26 11:08:14,370 - INFO - Run k_70__d_12__nr_none | finished | total_elapsed=00:18
2026-04-26 11:08:14,383 - INFO - Current Top3 Leaderboard:
2026-04-26 11:08:14,383 - INFO -   #1 k=5 d=3 nr=35 | score=0.8689 | coverage=0.7368 | diversity=0.9588 | entropy=0.9392 | discovered=34
2026-04-26 11:08:14,383 - INFO -   #2 k=5 d=8 nr=35 | score=0.8656 | coverage=0.7252 | diversity=0.9676 | entropy=0.9298 | discovered=34
2026-04-26 11:08:14,383 - INFO -   #3 k=5 d=8 nr=none | score=0.8629 | coverage=0.6952 | diversity=0.9686 | entropy=0.9617 | discovered=35
2026-04-26 11:08:14,383 - INFO - Run 116/147 | done=115 remain=32 ETA=09:19 | k=70 d=12 nr=25
2026-04-26 11:08:14,383 - INFO - Run k_70__d_12__nr_25 | min_cluster_size=40 | min_samples=8
2026-04-26 11:08:14,384 - INFO - Run k_70__d_12__nr_25 | stage=build_topic_model done | elapsed=00:00
2026-04-26 11:08:14,384 - INFO - Run k_70__d_12__nr_25 | stage=fit_transform start (UMAP+HDBSCAN)
2026-04-26 11:08:33,677 - INFO - Run k_70__d_12__nr_25 | stage=fit_transform done | elapsed=00:19
2026-04-26 11:08:33,679 - INFO - Run k_70__d_12__nr_25 | stage=metrics done | elapsed=00:00
2026-04-26 11:08:33,680 - INFO - Run k_70__d_12__nr_25 | stage=save_outputs done | elapsed=00:00
2026-04-26 11:08:33,680 - INFO - Run k_70__d_12__nr_25 | finished | total_elapsed=00:19
2026-04-26 11:08:33,692 - INFO - Run 117/147 | done=116 remain=31 ETA=09:02 | k=70 d=12 nr=35
2026-04-26 11:08:33,692 - INFO - Run k_70__d_12__nr_35 | min_cluster_size=28 | min_samples=5
2026-04-26 11:08:33,692 - INFO - Run k_70__d_12__nr_35 | stage=build_topic_model done | elapsed=00:00
2026-04-26 11:08:33,692 - INFO - Run k_70__d_12__nr_35 | stage=fit_transform start (UMAP+HDBSCAN)
2026-04-26 11:08:53,186 - INFO - Run k_70__d_12__nr_35 | stage=fit_transform done | elapsed=00:19
2026-04-26 11:08:53,189 - INFO - Run k_70__d_12__nr_35 | stage=metrics done | elapsed=00:00
2026-04-26 11:08:53,189 - INFO - Run k_70__d_12__nr_35 | stage=save_outputs done | elapsed=00:00
2026-04-26 11:08:53,189 - INFO - Run k_70__d_12__nr_35 | finished | total_elapsed=00:19
2026-04-26 11:08:53,203 - INFO - Run 118/147 | done=117 remain=30 ETA=08:45 | k=70 d=18 nr=none
2026-04-26 11:08:53,203 - INFO - Run k_70__d_18__nr_none | min_cluster_size=33 | min_samples=6
2026-04-26 11:08:53,203 - INFO - Run k_70__d_18__nr_none | stage=build_topic_model done | elapsed=00:00
2026-04-26 11:08:53,203 - INFO - Run k_70__d_18__nr_none | stage=fit_transform start (UMAP+HDBSCAN)
2026-04-26 11:09:12,042 - INFO - Run k_70__d_18__nr_none | stage=fit_transform done | elapsed=00:18
2026-04-26 11:09:12,045 - INFO - Run k_70__d_18__nr_none | stage=metrics done | elapsed=00:00
2026-04-26 11:09:12,045 - INFO - Run k_70__d_18__nr_none | stage=save_outputs done | elapsed=00:00
2026-04-26 11:09:12,045 - INFO - Run k_70__d_18__nr_none | finished | total_elapsed=00:18
2026-04-26 11:09:12,057 - INFO - Run 119/147 | done=118 remain=29 ETA=08:27 | k=70 d=18 nr=25
2026-04-26 11:09:12,057 - INFO - Run k_70__d_18__nr_25 | min_cluster_size=40 | min_samples=8
2026-04-26 11:09:12,057 - INFO - Run k_70__d_18__nr_25 | stage=build_topic_model done | elapsed=00:00
2026-04-26 11:09:12,057 - INFO - Run k_70__d_18__nr_25 | stage=fit_transform start (UMAP+HDBSCAN)
2026-04-26 11:09:31,748 - ERROR - Run failed | k=70 d=18 nr=25
Traceback (most recent call last):
  File "E:\document\PG\studio\content\bertopic_raw_sweep.py", line 422, in run_single_experiment
    topics, _ = topic_model.fit_transform(seg_texts, embeddings=embeddings)
                ^^^^^^^^^^^^^^^^^^^^^^^^^^^^^^^^^^^^^^^^^^^^^^^^^^^^^^^^^^^
  File "D:\an\envs\aigcxhs\Lib\site-packages\bertopic\_bertopic.py", line 520, in fit_transform
    self._extract_topics(
  File "D:\an\envs\aigcxhs\Lib\site-packages\bertopic\_bertopic.py", line 4204, in _extract_topics
    self.c_tf_idf_, words = self._c_tf_idf(documents_per_topic)
                            ^^^^^^^^^^^^^^^^^^^^^^^^^^^^^^^^^^^
  File "D:\an\envs\aigcxhs\Lib\site-packages\bertopic\_bertopic.py", line 4422, in _c_tf_idf
    X = self.vectorizer_model.fit_transform(documents)
        ^^^^^^^^^^^^^^^^^^^^^^^^^^^^^^^^^^^^^^^^^^^^^^
  File "D:\an\envs\aigcxhs\Lib\site-packages\sklearn\base.py", line 1336, in wrapper
    return fit_method(estimator, *args, **kwargs)
           ^^^^^^^^^^^^^^^^^^^^^^^^^^^^^^^^^^^^^^
  File "D:\an\envs\aigcxhs\Lib\site-packages\sklearn\feature_extraction\text.py", line 1396, in fit_transform
    raise ValueError("max_df corresponds to < documents than min_df")
ValueError: max_df corresponds to < documents than min_df
2026-04-26 11:09:31,762 - INFO - Run 120/147 | done=119 remain=28 ETA=08:10 | k=70 d=18 nr=35
2026-04-26 11:09:31,762 - INFO - Run k_70__d_18__nr_35 | min_cluster_size=28 | min_samples=5
2026-04-26 11:09:31,763 - INFO - Run k_70__d_18__nr_35 | stage=build_topic_model done | elapsed=00:00
2026-04-26 11:09:31,763 - INFO - Run k_70__d_18__nr_35 | stage=fit_transform start (UMAP+HDBSCAN)
2026-04-26 11:09:52,019 - INFO - Run k_70__d_18__nr_35 | stage=fit_transform done | elapsed=00:20
2026-04-26 11:09:52,023 - INFO - Run k_70__d_18__nr_35 | stage=metrics done | elapsed=00:00
2026-04-26 11:09:52,024 - INFO - Run k_70__d_18__nr_35 | stage=save_outputs done | elapsed=00:00
2026-04-26 11:09:52,024 - INFO - Run k_70__d_18__nr_35 | finished | total_elapsed=00:20
2026-04-26 11:09:52,040 - INFO - Current Top3 Leaderboard:
2026-04-26 11:09:52,040 - INFO -   #1 k=5 d=3 nr=35 | score=0.8689 | coverage=0.7368 | diversity=0.9588 | entropy=0.9392 | discovered=34
2026-04-26 11:09:52,040 - INFO -   #2 k=5 d=8 nr=35 | score=0.8656 | coverage=0.7252 | diversity=0.9676 | entropy=0.9298 | discovered=34
2026-04-26 11:09:52,041 - INFO -   #3 k=5 d=8 nr=none | score=0.8629 | coverage=0.6952 | diversity=0.9686 | entropy=0.9617 | discovered=35
2026-04-26 11:09:52,041 - INFO - Run 121/147 | done=120 remain=27 ETA=07:53 | k=70 d=25 nr=none
2026-04-26 11:09:52,041 - INFO - Run k_70__d_25__nr_none | min_cluster_size=33 | min_samples=6
2026-04-26 11:09:52,041 - INFO - Run k_70__d_25__nr_none | stage=build_topic_model done | elapsed=00:00
2026-04-26 11:09:52,041 - INFO - Run k_70__d_25__nr_none | stage=fit_transform start (UMAP+HDBSCAN)
2026-04-26 11:10:11,799 - INFO - Run k_70__d_25__nr_none | stage=fit_transform done | elapsed=00:19
2026-04-26 11:10:11,801 - INFO - Run k_70__d_25__nr_none | stage=metrics done | elapsed=00:00
2026-04-26 11:10:11,801 - INFO - Run k_70__d_25__nr_none | stage=save_outputs done | elapsed=00:00
2026-04-26 11:10:11,801 - INFO - Run k_70__d_25__nr_none | finished | total_elapsed=00:19
2026-04-26 11:10:11,812 - INFO - Run 122/147 | done=121 remain=26 ETA=07:36 | k=70 d=25 nr=25
2026-04-26 11:10:11,814 - INFO - Run k_70__d_25__nr_25 | min_cluster_size=40 | min_samples=8
2026-04-26 11:10:11,814 - INFO - Run k_70__d_25__nr_25 | stage=build_topic_model done | elapsed=00:00
2026-04-26 11:10:11,814 - INFO - Run k_70__d_25__nr_25 | stage=fit_transform start (UMAP+HDBSCAN)
2026-04-26 11:10:32,267 - INFO - Run k_70__d_25__nr_25 | stage=fit_transform done | elapsed=00:20
2026-04-26 11:10:32,270 - INFO - Run k_70__d_25__nr_25 | stage=metrics done | elapsed=00:00
2026-04-26 11:10:32,270 - INFO - Run k_70__d_25__nr_25 | stage=save_outputs done | elapsed=00:00
2026-04-26 11:10:32,270 - INFO - Run k_70__d_25__nr_25 | finished | total_elapsed=00:20
2026-04-26 11:10:32,284 - INFO - Run 123/147 | done=122 remain=25 ETA=07:19 | k=70 d=25 nr=35
2026-04-26 11:10:32,284 - INFO - Run k_70__d_25__nr_35 | min_cluster_size=28 | min_samples=5
2026-04-26 11:10:32,285 - INFO - Run k_70__d_25__nr_35 | stage=build_topic_model done | elapsed=00:00
2026-04-26 11:10:32,285 - INFO - Run k_70__d_25__nr_35 | stage=fit_transform start (UMAP+HDBSCAN)
2026-04-26 11:10:52,532 - INFO - Run k_70__d_25__nr_35 | stage=fit_transform done | elapsed=00:20
2026-04-26 11:10:52,536 - INFO - Run k_70__d_25__nr_35 | stage=metrics done | elapsed=00:00
2026-04-26 11:10:52,536 - INFO - Run k_70__d_25__nr_35 | stage=save_outputs done | elapsed=00:00
2026-04-26 11:10:52,536 - INFO - Run k_70__d_25__nr_35 | finished | total_elapsed=00:20
2026-04-26 11:10:52,549 - INFO - Run 124/147 | done=123 remain=24 ETA=07:02 | k=70 d=35 nr=none
2026-04-26 11:10:52,549 - INFO - Run k_70__d_35__nr_none | min_cluster_size=33 | min_samples=6
2026-04-26 11:10:52,549 - INFO - Run k_70__d_35__nr_none | stage=build_topic_model done | elapsed=00:00
2026-04-26 11:10:52,549 - INFO - Run k_70__d_35__nr_none | stage=fit_transform start (UMAP+HDBSCAN)
2026-04-26 11:11:13,452 - INFO - Run k_70__d_35__nr_none | stage=fit_transform done | elapsed=00:20
2026-04-26 11:11:13,456 - INFO - Run k_70__d_35__nr_none | stage=metrics done | elapsed=00:00
2026-04-26 11:11:13,456 - INFO - Run k_70__d_35__nr_none | stage=save_outputs done | elapsed=00:00
2026-04-26 11:11:13,456 - INFO - Run k_70__d_35__nr_none | finished | total_elapsed=00:20
2026-04-26 11:11:13,471 - INFO - Run 125/147 | done=124 remain=23 ETA=06:45 | k=70 d=35 nr=25
2026-04-26 11:11:13,471 - INFO - Run k_70__d_35__nr_25 | min_cluster_size=40 | min_samples=8
2026-04-26 11:11:13,471 - INFO - Run k_70__d_35__nr_25 | stage=build_topic_model done | elapsed=00:00
2026-04-26 11:11:13,472 - INFO - Run k_70__d_35__nr_25 | stage=fit_transform start (UMAP+HDBSCAN)
2026-04-26 11:11:35,104 - INFO - Run k_70__d_35__nr_25 | stage=fit_transform done | elapsed=00:21
2026-04-26 11:11:35,108 - INFO - Run k_70__d_35__nr_25 | stage=metrics done | elapsed=00:00
2026-04-26 11:11:35,108 - INFO - Run k_70__d_35__nr_25 | stage=save_outputs done | elapsed=00:00
2026-04-26 11:11:35,109 - INFO - Run k_70__d_35__nr_25 | finished | total_elapsed=00:21
2026-04-26 11:11:35,120 - INFO - Current Top3 Leaderboard:
2026-04-26 11:11:35,120 - INFO -   #1 k=5 d=3 nr=35 | score=0.8689 | coverage=0.7368 | diversity=0.9588 | entropy=0.9392 | discovered=34
2026-04-26 11:11:35,120 - INFO -   #2 k=5 d=8 nr=35 | score=0.8656 | coverage=0.7252 | diversity=0.9676 | entropy=0.9298 | discovered=34
2026-04-26 11:11:35,120 - INFO -   #3 k=5 d=8 nr=none | score=0.8629 | coverage=0.6952 | diversity=0.9686 | entropy=0.9617 | discovered=35
2026-04-26 11:11:35,120 - INFO - Run 126/147 | done=125 remain=22 ETA=06:28 | k=70 d=35 nr=35
2026-04-26 11:11:35,120 - INFO - Run k_70__d_35__nr_35 | min_cluster_size=28 | min_samples=5
2026-04-26 11:11:35,121 - INFO - Run k_70__d_35__nr_35 | stage=build_topic_model done | elapsed=00:00
2026-04-26 11:11:35,121 - INFO - Run k_70__d_35__nr_35 | stage=fit_transform start (UMAP+HDBSCAN)
2026-04-26 11:11:56,709 - INFO - Run k_70__d_35__nr_35 | stage=fit_transform done | elapsed=00:21
2026-04-26 11:11:56,712 - INFO - Run k_70__d_35__nr_35 | stage=metrics done | elapsed=00:00
2026-04-26 11:11:56,712 - INFO - Run k_70__d_35__nr_35 | stage=save_outputs done | elapsed=00:00
2026-04-26 11:11:56,714 - INFO - Run k_70__d_35__nr_35 | finished | total_elapsed=00:21
2026-04-26 11:11:56,726 - INFO - Run 127/147 | done=126 remain=21 ETA=06:11 | k=90 d=3 nr=none
2026-04-26 11:11:56,726 - INFO - Run k_90__d_3__nr_none | min_cluster_size=33 | min_samples=6
2026-04-26 11:11:56,726 - INFO - Run k_90__d_3__nr_none | stage=build_topic_model done | elapsed=00:00
2026-04-26 11:11:56,726 - INFO - Run k_90__d_3__nr_none | stage=fit_transform start (UMAP+HDBSCAN)
2026-04-26 11:12:15,331 - INFO - Run k_90__d_3__nr_none | stage=fit_transform done | elapsed=00:18
2026-04-26 11:12:15,334 - INFO - Run k_90__d_3__nr_none | stage=metrics done | elapsed=00:00
2026-04-26 11:12:15,334 - INFO - Run k_90__d_3__nr_none | stage=save_outputs done | elapsed=00:00
2026-04-26 11:12:15,334 - INFO - Run k_90__d_3__nr_none | finished | total_elapsed=00:18
2026-04-26 11:12:15,347 - INFO - Run 128/147 | done=127 remain=20 ETA=05:54 | k=90 d=3 nr=25
2026-04-26 11:12:15,348 - INFO - Run k_90__d_3__nr_25 | min_cluster_size=40 | min_samples=8
2026-04-26 11:12:15,348 - INFO - Run k_90__d_3__nr_25 | stage=build_topic_model done | elapsed=00:00
2026-04-26 11:12:15,348 - INFO - Run k_90__d_3__nr_25 | stage=fit_transform start (UMAP+HDBSCAN)
2026-04-26 11:12:34,473 - INFO - Run k_90__d_3__nr_25 | stage=fit_transform done | elapsed=00:19
2026-04-26 11:12:34,477 - INFO - Run k_90__d_3__nr_25 | stage=metrics done | elapsed=00:00
2026-04-26 11:12:34,477 - INFO - Run k_90__d_3__nr_25 | stage=save_outputs done | elapsed=00:00
2026-04-26 11:12:34,477 - INFO - Run k_90__d_3__nr_25 | finished | total_elapsed=00:19
2026-04-26 11:12:34,488 - INFO - Run 129/147 | done=128 remain=19 ETA=05:36 | k=90 d=3 nr=35
2026-04-26 11:12:34,488 - INFO - Run k_90__d_3__nr_35 | min_cluster_size=28 | min_samples=5
2026-04-26 11:12:34,489 - INFO - Run k_90__d_3__nr_35 | stage=build_topic_model done | elapsed=00:00
2026-04-26 11:12:34,489 - INFO - Run k_90__d_3__nr_35 | stage=fit_transform start (UMAP+HDBSCAN)
2026-04-26 11:12:53,865 - INFO - Run k_90__d_3__nr_35 | stage=fit_transform done | elapsed=00:19
2026-04-26 11:12:53,868 - INFO - Run k_90__d_3__nr_35 | stage=metrics done | elapsed=00:00
2026-04-26 11:12:53,869 - INFO - Run k_90__d_3__nr_35 | stage=save_outputs done | elapsed=00:00
2026-04-26 11:12:53,869 - INFO - Run k_90__d_3__nr_35 | finished | total_elapsed=00:19
2026-04-26 11:12:53,883 - INFO - Run 130/147 | done=129 remain=18 ETA=05:19 | k=90 d=5 nr=none
2026-04-26 11:12:53,884 - INFO - Run k_90__d_5__nr_none | min_cluster_size=33 | min_samples=6
2026-04-26 11:12:53,884 - INFO - Run k_90__d_5__nr_none | stage=build_topic_model done | elapsed=00:00
2026-04-26 11:12:53,884 - INFO - Run k_90__d_5__nr_none | stage=fit_transform start (UMAP+HDBSCAN)
2026-04-26 11:13:13,249 - INFO - Run k_90__d_5__nr_none | stage=fit_transform done | elapsed=00:19
2026-04-26 11:13:13,251 - INFO - Run k_90__d_5__nr_none | stage=metrics done | elapsed=00:00
2026-04-26 11:13:13,251 - INFO - Run k_90__d_5__nr_none | stage=save_outputs done | elapsed=00:00
2026-04-26 11:13:13,251 - INFO - Run k_90__d_5__nr_none | finished | total_elapsed=00:19
2026-04-26 11:13:13,266 - INFO - Current Top3 Leaderboard:
2026-04-26 11:13:13,266 - INFO -   #1 k=5 d=3 nr=35 | score=0.8689 | coverage=0.7368 | diversity=0.9588 | entropy=0.9392 | discovered=34
2026-04-26 11:13:13,266 - INFO -   #2 k=5 d=8 nr=35 | score=0.8656 | coverage=0.7252 | diversity=0.9676 | entropy=0.9298 | discovered=34
2026-04-26 11:13:13,266 - INFO -   #3 k=5 d=8 nr=none | score=0.8629 | coverage=0.6952 | diversity=0.9686 | entropy=0.9617 | discovered=35
2026-04-26 11:13:13,266 - INFO - Run 131/147 | done=130 remain=17 ETA=05:01 | k=90 d=5 nr=25
2026-04-26 11:13:13,266 - INFO - Run k_90__d_5__nr_25 | min_cluster_size=40 | min_samples=8
2026-04-26 11:13:13,267 - INFO - Run k_90__d_5__nr_25 | stage=build_topic_model done | elapsed=00:00
2026-04-26 11:13:13,267 - INFO - Run k_90__d_5__nr_25 | stage=fit_transform start (UMAP+HDBSCAN)
2026-04-26 11:13:33,706 - INFO - Run k_90__d_5__nr_25 | stage=fit_transform done | elapsed=00:20
2026-04-26 11:13:33,710 - INFO - Run k_90__d_5__nr_25 | stage=metrics done | elapsed=00:00
2026-04-26 11:13:33,710 - INFO - Run k_90__d_5__nr_25 | stage=save_outputs done | elapsed=00:00
2026-04-26 11:13:33,710 - INFO - Run k_90__d_5__nr_25 | finished | total_elapsed=00:20
2026-04-26 11:13:33,727 - INFO - Run 132/147 | done=131 remain=16 ETA=04:44 | k=90 d=5 nr=35
2026-04-26 11:13:33,728 - INFO - Run k_90__d_5__nr_35 | min_cluster_size=28 | min_samples=5
2026-04-26 11:13:33,728 - INFO - Run k_90__d_5__nr_35 | stage=build_topic_model done | elapsed=00:00
2026-04-26 11:13:33,728 - INFO - Run k_90__d_5__nr_35 | stage=fit_transform start (UMAP+HDBSCAN)
2026-04-26 11:13:54,391 - INFO - Run k_90__d_5__nr_35 | stage=fit_transform done | elapsed=00:20
2026-04-26 11:13:54,394 - INFO - Run k_90__d_5__nr_35 | stage=metrics done | elapsed=00:00
2026-04-26 11:13:54,395 - INFO - Run k_90__d_5__nr_35 | stage=save_outputs done | elapsed=00:00
2026-04-26 11:13:54,395 - INFO - Run k_90__d_5__nr_35 | finished | total_elapsed=00:20
2026-04-26 11:13:54,410 - INFO - Run 133/147 | done=132 remain=15 ETA=04:26 | k=90 d=8 nr=none
2026-04-26 11:13:54,411 - INFO - Run k_90__d_8__nr_none | min_cluster_size=33 | min_samples=6
2026-04-26 11:13:54,411 - INFO - Run k_90__d_8__nr_none | stage=build_topic_model done | elapsed=00:00
2026-04-26 11:13:54,411 - INFO - Run k_90__d_8__nr_none | stage=fit_transform start (UMAP+HDBSCAN)
2026-04-26 11:14:13,671 - INFO - Run k_90__d_8__nr_none | stage=fit_transform done | elapsed=00:19
2026-04-26 11:14:13,675 - INFO - Run k_90__d_8__nr_none | stage=metrics done | elapsed=00:00
2026-04-26 11:14:13,675 - INFO - Run k_90__d_8__nr_none | stage=save_outputs done | elapsed=00:00
2026-04-26 11:14:13,675 - INFO - Run k_90__d_8__nr_none | finished | total_elapsed=00:19
2026-04-26 11:14:13,688 - INFO - Run 134/147 | done=133 remain=14 ETA=04:09 | k=90 d=8 nr=25
2026-04-26 11:14:13,688 - INFO - Run k_90__d_8__nr_25 | min_cluster_size=40 | min_samples=8
2026-04-26 11:14:13,688 - INFO - Run k_90__d_8__nr_25 | stage=build_topic_model done | elapsed=00:00
2026-04-26 11:14:13,688 - INFO - Run k_90__d_8__nr_25 | stage=fit_transform start (UMAP+HDBSCAN)
2026-04-26 11:14:33,464 - INFO - Run k_90__d_8__nr_25 | stage=fit_transform done | elapsed=00:19
2026-04-26 11:14:33,467 - INFO - Run k_90__d_8__nr_25 | stage=metrics done | elapsed=00:00
2026-04-26 11:14:33,467 - INFO - Run k_90__d_8__nr_25 | stage=save_outputs done | elapsed=00:00
2026-04-26 11:14:33,467 - INFO - Run k_90__d_8__nr_25 | finished | total_elapsed=00:19
2026-04-26 11:14:33,480 - INFO - Run 135/147 | done=134 remain=13 ETA=03:51 | k=90 d=8 nr=35
2026-04-26 11:14:33,480 - INFO - Run k_90__d_8__nr_35 | min_cluster_size=28 | min_samples=5
2026-04-26 11:14:33,480 - INFO - Run k_90__d_8__nr_35 | stage=build_topic_model done | elapsed=00:00
2026-04-26 11:14:33,481 - INFO - Run k_90__d_8__nr_35 | stage=fit_transform start (UMAP+HDBSCAN)
2026-04-26 11:14:53,631 - INFO - Run k_90__d_8__nr_35 | stage=fit_transform done | elapsed=00:20
2026-04-26 11:14:53,635 - INFO - Run k_90__d_8__nr_35 | stage=metrics done | elapsed=00:00
2026-04-26 11:14:53,635 - INFO - Run k_90__d_8__nr_35 | stage=save_outputs done | elapsed=00:00
2026-04-26 11:14:53,636 - INFO - Run k_90__d_8__nr_35 | finished | total_elapsed=00:20
2026-04-26 11:14:53,654 - INFO - Current Top3 Leaderboard:
2026-04-26 11:14:53,654 - INFO -   #1 k=5 d=3 nr=35 | score=0.8689 | coverage=0.7368 | diversity=0.9588 | entropy=0.9392 | discovered=34
2026-04-26 11:14:53,654 - INFO -   #2 k=5 d=8 nr=35 | score=0.8656 | coverage=0.7252 | diversity=0.9676 | entropy=0.9298 | discovered=34
2026-04-26 11:14:53,654 - INFO -   #3 k=5 d=8 nr=none | score=0.8629 | coverage=0.6952 | diversity=0.9686 | entropy=0.9617 | discovered=35
2026-04-26 11:14:53,655 - INFO - Run 136/147 | done=135 remain=12 ETA=03:34 | k=90 d=12 nr=none
2026-04-26 11:14:53,655 - INFO - Run k_90__d_12__nr_none | min_cluster_size=33 | min_samples=6
2026-04-26 11:14:53,655 - INFO - Run k_90__d_12__nr_none | stage=build_topic_model done | elapsed=00:00
2026-04-26 11:14:53,655 - INFO - Run k_90__d_12__nr_none | stage=fit_transform start (UMAP+HDBSCAN)
2026-04-26 11:15:13,704 - INFO - Run k_90__d_12__nr_none | stage=fit_transform done | elapsed=00:20
2026-04-26 11:15:13,707 - INFO - Run k_90__d_12__nr_none | stage=metrics done | elapsed=00:00
2026-04-26 11:15:13,707 - INFO - Run k_90__d_12__nr_none | stage=save_outputs done | elapsed=00:00
2026-04-26 11:15:13,707 - INFO - Run k_90__d_12__nr_none | finished | total_elapsed=00:20
2026-04-26 11:15:13,719 - INFO - Run 137/147 | done=136 remain=11 ETA=03:16 | k=90 d=12 nr=25
2026-04-26 11:15:13,719 - INFO - Run k_90__d_12__nr_25 | min_cluster_size=40 | min_samples=8
2026-04-26 11:15:13,719 - INFO - Run k_90__d_12__nr_25 | stage=build_topic_model done | elapsed=00:00
2026-04-26 11:15:13,719 - INFO - Run k_90__d_12__nr_25 | stage=fit_transform start (UMAP+HDBSCAN)
2026-04-26 11:15:34,487 - INFO - Run k_90__d_12__nr_25 | stage=fit_transform done | elapsed=00:20
2026-04-26 11:15:34,489 - INFO - Run k_90__d_12__nr_25 | stage=metrics done | elapsed=00:00
2026-04-26 11:15:34,491 - INFO - Run k_90__d_12__nr_25 | stage=save_outputs done | elapsed=00:00
2026-04-26 11:15:34,491 - INFO - Run k_90__d_12__nr_25 | finished | total_elapsed=00:20
2026-04-26 11:15:34,502 - INFO - Run 138/147 | done=137 remain=10 ETA=02:58 | k=90 d=12 nr=35
2026-04-26 11:15:34,502 - INFO - Run k_90__d_12__nr_35 | min_cluster_size=28 | min_samples=5
2026-04-26 11:15:34,503 - INFO - Run k_90__d_12__nr_35 | stage=build_topic_model done | elapsed=00:00
2026-04-26 11:15:34,503 - INFO - Run k_90__d_12__nr_35 | stage=fit_transform start (UMAP+HDBSCAN)
2026-04-26 11:15:54,573 - INFO - Run k_90__d_12__nr_35 | stage=fit_transform done | elapsed=00:20
2026-04-26 11:15:54,576 - INFO - Run k_90__d_12__nr_35 | stage=metrics done | elapsed=00:00
2026-04-26 11:15:54,576 - INFO - Run k_90__d_12__nr_35 | stage=save_outputs done | elapsed=00:00
2026-04-26 11:15:54,577 - INFO - Run k_90__d_12__nr_35 | finished | total_elapsed=00:20
2026-04-26 11:15:54,588 - INFO - Run 139/147 | done=138 remain=9 ETA=02:41 | k=90 d=18 nr=none
2026-04-26 11:15:54,588 - INFO - Run k_90__d_18__nr_none | min_cluster_size=33 | min_samples=6
2026-04-26 11:15:54,588 - INFO - Run k_90__d_18__nr_none | stage=build_topic_model done | elapsed=00:00
2026-04-26 11:15:54,589 - INFO - Run k_90__d_18__nr_none | stage=fit_transform start (UMAP+HDBSCAN)
2026-04-26 11:16:14,415 - INFO - Run k_90__d_18__nr_none | stage=fit_transform done | elapsed=00:19
2026-04-26 11:16:14,417 - INFO - Run k_90__d_18__nr_none | stage=metrics done | elapsed=00:00
2026-04-26 11:16:14,418 - INFO - Run k_90__d_18__nr_none | stage=save_outputs done | elapsed=00:00
2026-04-26 11:16:14,418 - INFO - Run k_90__d_18__nr_none | finished | total_elapsed=00:19
2026-04-26 11:16:14,432 - INFO - Run 140/147 | done=139 remain=8 ETA=02:23 | k=90 d=18 nr=25
2026-04-26 11:16:14,432 - INFO - Run k_90__d_18__nr_25 | min_cluster_size=40 | min_samples=8
2026-04-26 11:16:14,432 - INFO - Run k_90__d_18__nr_25 | stage=build_topic_model done | elapsed=00:00
2026-04-26 11:16:14,432 - INFO - Run k_90__d_18__nr_25 | stage=fit_transform start (UMAP+HDBSCAN)
2026-04-26 11:16:34,277 - INFO - Run k_90__d_18__nr_25 | stage=fit_transform done | elapsed=00:19
2026-04-26 11:16:34,280 - INFO - Run k_90__d_18__nr_25 | stage=metrics done | elapsed=00:00
2026-04-26 11:16:34,281 - INFO - Run k_90__d_18__nr_25 | stage=save_outputs done | elapsed=00:00
2026-04-26 11:16:34,281 - INFO - Run k_90__d_18__nr_25 | finished | total_elapsed=00:19
2026-04-26 11:16:34,293 - INFO - Current Top3 Leaderboard:
2026-04-26 11:16:34,293 - INFO -   #1 k=5 d=3 nr=35 | score=0.8689 | coverage=0.7368 | diversity=0.9588 | entropy=0.9392 | discovered=34
2026-04-26 11:16:34,293 - INFO -   #2 k=5 d=8 nr=35 | score=0.8656 | coverage=0.7252 | diversity=0.9676 | entropy=0.9298 | discovered=34
2026-04-26 11:16:34,293 - INFO -   #3 k=5 d=8 nr=none | score=0.8629 | coverage=0.6952 | diversity=0.9686 | entropy=0.9617 | discovered=35
2026-04-26 11:16:34,293 - INFO - Run 141/147 | done=140 remain=7 ETA=02:05 | k=90 d=18 nr=35
2026-04-26 11:16:34,293 - INFO - Run k_90__d_18__nr_35 | min_cluster_size=28 | min_samples=5
2026-04-26 11:16:34,294 - INFO - Run k_90__d_18__nr_35 | stage=build_topic_model done | elapsed=00:00
2026-04-26 11:16:34,294 - INFO - Run k_90__d_18__nr_35 | stage=fit_transform start (UMAP+HDBSCAN)
2026-04-26 11:16:54,775 - INFO - Run k_90__d_18__nr_35 | stage=fit_transform done | elapsed=00:20
2026-04-26 11:16:54,778 - INFO - Run k_90__d_18__nr_35 | stage=metrics done | elapsed=00:00
2026-04-26 11:16:54,778 - INFO - Run k_90__d_18__nr_35 | stage=save_outputs done | elapsed=00:00
2026-04-26 11:16:54,779 - INFO - Run k_90__d_18__nr_35 | finished | total_elapsed=00:20
2026-04-26 11:16:54,791 - INFO - Run 142/147 | done=141 remain=6 ETA=01:47 | k=90 d=25 nr=none
2026-04-26 11:16:54,792 - INFO - Run k_90__d_25__nr_none | min_cluster_size=33 | min_samples=6
2026-04-26 11:16:54,792 - INFO - Run k_90__d_25__nr_none | stage=build_topic_model done | elapsed=00:00
2026-04-26 11:16:54,792 - INFO - Run k_90__d_25__nr_none | stage=fit_transform start (UMAP+HDBSCAN)
2026-04-26 11:17:15,057 - INFO - Run k_90__d_25__nr_none | stage=fit_transform done | elapsed=00:20
2026-04-26 11:17:15,059 - INFO - Run k_90__d_25__nr_none | stage=metrics done | elapsed=00:00
2026-04-26 11:17:15,060 - INFO - Run k_90__d_25__nr_none | stage=save_outputs done | elapsed=00:00
2026-04-26 11:17:15,060 - INFO - Run k_90__d_25__nr_none | finished | total_elapsed=00:20
2026-04-26 11:17:15,071 - INFO - Run 143/147 | done=142 remain=5 ETA=01:29 | k=90 d=25 nr=25
2026-04-26 11:17:15,071 - INFO - Run k_90__d_25__nr_25 | min_cluster_size=40 | min_samples=8
2026-04-26 11:17:15,072 - INFO - Run k_90__d_25__nr_25 | stage=build_topic_model done | elapsed=00:00
2026-04-26 11:17:15,072 - INFO - Run k_90__d_25__nr_25 | stage=fit_transform start (UMAP+HDBSCAN)
2026-04-26 11:17:35,454 - INFO - Run k_90__d_25__nr_25 | stage=fit_transform done | elapsed=00:20
2026-04-26 11:17:35,457 - INFO - Run k_90__d_25__nr_25 | stage=metrics done | elapsed=00:00
2026-04-26 11:17:35,458 - INFO - Run k_90__d_25__nr_25 | stage=save_outputs done | elapsed=00:00
2026-04-26 11:17:35,458 - INFO - Run k_90__d_25__nr_25 | finished | total_elapsed=00:20
2026-04-26 11:17:35,470 - INFO - Run 144/147 | done=143 remain=4 ETA=01:11 | k=90 d=25 nr=35
2026-04-26 11:17:35,470 - INFO - Run k_90__d_25__nr_35 | min_cluster_size=28 | min_samples=5
2026-04-26 11:17:35,471 - INFO - Run k_90__d_25__nr_35 | stage=build_topic_model done | elapsed=00:00
2026-04-26 11:17:35,471 - INFO - Run k_90__d_25__nr_35 | stage=fit_transform start (UMAP+HDBSCAN)
2026-04-26 11:17:56,166 - INFO - Run k_90__d_25__nr_35 | stage=fit_transform done | elapsed=00:20
2026-04-26 11:17:56,169 - INFO - Run k_90__d_25__nr_35 | stage=metrics done | elapsed=00:00
2026-04-26 11:17:56,169 - INFO - Run k_90__d_25__nr_35 | stage=save_outputs done | elapsed=00:00
2026-04-26 11:17:56,169 - INFO - Run k_90__d_25__nr_35 | finished | total_elapsed=00:20
2026-04-26 11:17:56,182 - INFO - Run 145/147 | done=144 remain=3 ETA=00:53 | k=90 d=35 nr=none
2026-04-26 11:17:56,182 - INFO - Run k_90__d_35__nr_none | min_cluster_size=33 | min_samples=6
2026-04-26 11:17:56,182 - INFO - Run k_90__d_35__nr_none | stage=build_topic_model done | elapsed=00:00
2026-04-26 11:17:56,182 - INFO - Run k_90__d_35__nr_none | stage=fit_transform start (UMAP+HDBSCAN)
2026-04-26 11:18:19,133 - INFO - Run k_90__d_35__nr_none | stage=fit_transform done | elapsed=00:22
2026-04-26 11:18:19,136 - INFO - Run k_90__d_35__nr_none | stage=metrics done | elapsed=00:00
2026-04-26 11:18:19,137 - INFO - Run k_90__d_35__nr_none | stage=save_outputs done | elapsed=00:00
2026-04-26 11:18:19,137 - INFO - Run k_90__d_35__nr_none | finished | total_elapsed=00:22
2026-04-26 11:18:19,152 - INFO - Current Top3 Leaderboard:
2026-04-26 11:18:19,152 - INFO -   #1 k=5 d=3 nr=35 | score=0.8689 | coverage=0.7368 | diversity=0.9588 | entropy=0.9392 | discovered=34
2026-04-26 11:18:19,152 - INFO -   #2 k=5 d=8 nr=35 | score=0.8656 | coverage=0.7252 | diversity=0.9676 | entropy=0.9298 | discovered=34
2026-04-26 11:18:19,152 - INFO -   #3 k=5 d=8 nr=none | score=0.8629 | coverage=0.6952 | diversity=0.9686 | entropy=0.9617 | discovered=35
2026-04-26 11:18:19,152 - INFO - Run 146/147 | done=145 remain=2 ETA=00:36 | k=90 d=35 nr=25
2026-04-26 11:18:19,153 - INFO - Run k_90__d_35__nr_25 | min_cluster_size=40 | min_samples=8
2026-04-26 11:18:19,153 - INFO - Run k_90__d_35__nr_25 | stage=build_topic_model done | elapsed=00:00
2026-04-26 11:18:19,153 - INFO - Run k_90__d_35__nr_25 | stage=fit_transform start (UMAP+HDBSCAN)
2026-04-26 11:18:41,982 - INFO - Run k_90__d_35__nr_25 | stage=fit_transform done | elapsed=00:22
2026-04-26 11:18:41,984 - INFO - Run k_90__d_35__nr_25 | stage=metrics done | elapsed=00:00
2026-04-26 11:18:41,985 - INFO - Run k_90__d_35__nr_25 | stage=save_outputs done | elapsed=00:00
2026-04-26 11:18:41,985 - INFO - Run k_90__d_35__nr_25 | finished | total_elapsed=00:22
2026-04-26 11:18:42,000 - INFO - Run 147/147 | done=146 remain=1 ETA=00:18 | k=90 d=35 nr=35
2026-04-26 11:18:42,000 - INFO - Run k_90__d_35__nr_35 | min_cluster_size=28 | min_samples=5
2026-04-26 11:18:42,001 - INFO - Run k_90__d_35__nr_35 | stage=build_topic_model done | elapsed=00:00
2026-04-26 11:18:42,001 - INFO - Run k_90__d_35__nr_35 | stage=fit_transform start (UMAP+HDBSCAN)
2026-04-26 11:19:04,953 - INFO - Run k_90__d_35__nr_35 | stage=fit_transform done | elapsed=00:22
2026-04-26 11:19:04,957 - INFO - Run k_90__d_35__nr_35 | stage=metrics done | elapsed=00:00
2026-04-26 11:19:04,957 - INFO - Run k_90__d_35__nr_35 | stage=save_outputs done | elapsed=00:00
2026-04-26 11:19:04,957 - INFO - Run k_90__d_35__nr_35 | finished | total_elapsed=00:22
